:020000040000FA
:10000000F8780010CD010000D1010000D3010000FC
:10001000D5010000D7010000D90100000000000058
:10002000000000000000000000000000DB010000F4
:10003000DD01000000000000DF01000037200200A9
:10004000E3010000BB550200E7550200E301000098
:10005000E301000021800200E3010000E301000051
:10006000E3010000E3010000E3010000E301000000
:10007000E3010000E3010000E3010000E3010000F0
:10008000E3010000E3010000E3010000E3010000E0
:10009000E3010000E3010000EF600000E301000065
:1000A000E3010000577C0200E3010000E3010000CF
:1000B00061940200E3010000E3010000E30100009D
:1000C000E3010000E3010000E301000000F002F89A
:1000D00000F06DF80AA090E8000C82448344AAF175
:1000E0000107DA4501D100F062F8AFF2090EBAE873
:1000F0000F0013F0010F18BFFB1A43F0010318475C
:1001000048F6020088F602000A444FF0000C10F88E
:10011000013B13F0070408BF10F8014B1D1108BF85
:1001200010F8015B641E05D010F8016B641E01F825
:10013000016BF9D113F0080F1EBF10F8014BAD1C75
:100140000C1B09D16D1E58BF01F801CBFAD505E093
:1001500014F8016B01F8016B6D1EF9D59142D6D3ED
:10016000704700000023002400250026103A28BF15
:1001700078C1FBD8520728BF30C148BF0B60704719
:10018000642929F04182732929F0A5840020704751
:100190001FB52DF0E9FA29F05BFD040000200021D5
:1001A0002DF0CCFA401C60601FBD10B510BD29F0C9
:1001B0002AFD1146FFF7ECFF21F0F8FF29F05CFD66
:1001C00003B4FFF7F2FF03BC29F060FD08480047C5
:1001D000FEE7FEE7FEE7FEE7FEE7FEE7FEE7FEE7F7
:1001E000FEE7FEE703480449044A054B7047000058
:1001F000CD000000F8680010F8780010F8700010CA
:10020000F8700010FEE710B52BF08AF92BF016FA03
:100210002BF008FA2BF096F9AFF30080BDE8104000
:100220002BF0D2B910B52BF0E3FF2CF053FE2CF0DD
:1002300037F8BDE810402CF0AFB92BF0F7BE2BF02B
:10024000BFBC09B1002070472AF014BA00207047E3
:100250001E4BDA601870597070471C48C16800293D
:100260000DD0491EC1600AD1194902780A7042783E
:100270004A700A710021C17001714171817170472A
:10028000124A1161907070471048016900290BD023
:10029000491E016108D10E4A817811700021517008
:1002A000C1700171417181717047084908817047BF
:1002B0000648B0F90810002907D0491E09B201818B
:1002C000002902D1084601F074BB704764C00720C2
:1002D00010C2072070B5064600F00CF80468054609
:1002E00030460A22002129F0FAFB2C6070BD7047CD
:1002F00070477047004870479C380820FFFFFFFF99
:10030000002801DA404200B270470020F94A20215B
:100310001154401CC0B2C828FAD370470146F54AB0
:100320000020401CC0B2135C8B4201D0C828F8D317
:10033000704710B50021F04C0A2200BFB0FBF2F369
:1003400002FB13006054491CC9B218460529F5D3B5
:1003500010BDF0B5E94B0121202719700521E64AAF
:10036000002601E01C7844B1541814F8015C25B94A
:10037000814202D904F8017C05E0541814F8015DAB
:10038000303525701E70491E11F0FF01EAD1F0BD15
:1003900070B50D461446002802DAC043401C00B276
:1003A000FFF7C7FF601CC0B2FFF7D3FF2846FFF777
:1003B000B5FFFF2819D0D04ACE4B0021A14201D26F
:1003C000555C13E004D14FF02E051D54555C03E03D
:1003D000555C202D03D04CB11E1806F8015C401E60
:1003E000491CC9B2C0B20529E8D370BD1D54F6E757
:1003F000F0B50D461446002801DA404200B2FFF77E
:1004000098FF601CC0B2FFF7A4FF2846FFF786FFE5
:10041000B94AB84B002164B9555C202D09D0561853
:100420007678202E03D12D261F1807F8016C1D5455
:100430000FE0A14201D2555CF9E704D14FF02E053F
:100440001D54555C02E0555C202D02D01E1806F8A4
:10045000015C401E491CC9B2C0B20529DBD3F0BD06
:10046000FEB52B23002802DA404200B22D230025DE
:100470000A266C4690FBF6F706FB170060556D1CCC
:100480006DB238B20A2DF5DB0126002509202027A0
:1004900000E046B114F800C0BCF1000F03D1904257
:1004A00001DD275405E0265C3036265400266D1CFD
:1004B000EDB2401E40B20028EBDA2D2B02D163557D
:1004C0006D1CEDB26AB168B205E0231813F8013C67
:1004D0002354401E40B29042F7DC2E206D1CA054E5
:1004E000EDB20846FFF71AFF0021824A04E0635C80
:1004F000461A491C935549B2A942F8DBFEBDFEB528
:100500002B23002801DA40422D2300250A266C46C1
:10051000074690FBF6F006FB107767556D1C6DB231
:100520000A2DF5DB012600250920202700E046B131
:1005300014F800C0BCF1000F03D1904201DD275434
:1005400005E0265C3036265400266D1CEDB2401EB8
:1005500040B20028EBDA2D2B02D163556D1CEDB2B1
:100560006AB168B205E0231813F8013C2354401E19
:1005700040B29042F7DC2E206D1CA054EDB208462C
:10058000FFF7CCFE00215B4A04E0635C461A491C7D
:10059000935549B2A942F8DBFEBDFEB52B260028D3
:1005A00001DA40422D2600240A276D46844690FB3E
:1005B000F7F007FB10CC05F804C0641C64B20A2CE9
:1005C000F4DB0127002009244FF0200C00E04FB19C
:1005D00015F804E0BEF1000F04D19C4202DD05F8DD
:1005E00004C005E02F5D30372F550027401CC0B2F6
:1005F000641E64B2002CEADA2D2E02D12E54401C67
:10060000C0B26BB144B205E02E1916F8016C2E553C
:10061000641E64B29C42F7DC2E24401CEC54C0B231
:1006200001EB810102EB8101CAB20021314B04E0F0
:100630006C5C561A491C9C5549B28142F8DBFEBDE0
:1006400070B50D4616461C46FFF773FE601CC0B21F
:10065000FFF77FFE05EB850006EB8000C1B2264A5E
:10066000244B0020A04201D2155C5D5406D3155CDA
:10067000202D03D04CB15E1806F8015C491E401CC9
:10068000C0B2C9B20528EDD370BD5D54F6E710B510
:100690000C46FFF743FE17490CB1032200E0042289
:1006A0000A5410BD30B5044608461546FFF736FE1D
:1006B000FF2809D00F4A2178002905D04319641C6E
:1006C000401CD154C0B2F6E730BD70B50D4614469B
:1006D000FFF72FFE601CC0B2FFF73BFE2846FFF776
:1006E0001DFE054B034A002154B95D5C202D07D047
:1006F000155415E08EC20720880000108D000010F0
:10070000A14201D25D5CF3E704D14FF02E051554F0
:100710005D5C02E05D5C202D02D0161806F8015CDD
:10072000401E491CC9B2C0B20529DDD370BD801876
:1007300001D5084402E0884200DB401AC0B270478D
:100740002DE9FE4F04460D464FF4606025F03EFA59
:1007500062424021FFF7EBFF400100F58060044654
:1007600002A925F00CFB694604F1080025F007FBFF
:1007700001A904F10C0025F002FB2846FFF7CEFD8D
:100780009DF80860402430232125DFF8F0A3FC49C0
:1007900020224FF0C20C4FF04F094FF0230B552E83
:1007A00025D04FF0D1084FF0410E572E72D0542E65
:1007B00071D0502E70D0E227492E6ED04FF04209F2
:1007C000422E6BD04F2E6AD0442E69D0532E5FD16B
:1007D000BAF80060002E75D0C1260E54401CC0B27D
:1007E000CF260E54401CC0B201F80080FEE39DF8F5
:1007F0000A60522E18D1BAF8006056B101F800C054
:10080000401CC0B2EA260E54401CC0B2EB260E5467
:1008100008E001F80090401CC0B26E260E54401C47
:10082000C0B20A54401CC0B20A54401CC0B20A54A0
:10083000401CC0B20A54401CC0B2E8E30B54401C38
:10084000C0B23A220D54401CC0B20A54401CC0B27F
:100850000B54401CC0B20C54401CC0B20A54401C83
:10086000C0B200220B54401CC0B201F800B09DF889
:1008700004002121FFF729FF9DF8050000224021F7
:10088000FFF723FF9DF8060000222321FFF71DFF3D
:10089000BDE8FE8F0DE09EE076E1F9E188E2F7E346
:1008A000F7E300BF00EB810000224021FFF7FAFED2
:1008B000EEE79DF80A604FF02D094E2E03D0492E29
:1008C0004AD01FE1E7E3BAF800600EB3C8260E5421
:1008D000401CC0B2CD260E54401CC0B23E2601F8CA
:1008E00000C0401CC0B201F80090401CC0B20E54C1
:1008F000401CC0B2C52601F80080401CC0B20E5496
:10090000401CC0B2D2260E54401CC0B2DC2660E0AF
:100910004FF0490C01F800C0401CC0B24E270F54E4
:10092000401CC0B256260E54401CC0B23E2601F8F0
:100930000090401CC0B20E54401CC0B24D260E5454
:10094000401CC0B201F800E0401CC0B201F800C079
:10095000401CC0B20F54D3E0BAF80060CEB101F829
:100960000080401CC0B2C5260E54401CC0B2D22626
:100970000E54401CC0B2DC260E54401CC0B23E26B1
:1009800001F80090401CC0B20E54401CC0B2C826F2
:100990008EE04D260E54401CC0B24FF0490C01F8B9
:1009A00000E0401CC0B24E2701F800C0401CC0B29D
:1009B0003E260F54401CC0B201F80090401CC0B24B
:1009C0000E54401CC0B201F800C0401CC0B20F540D
:1009D00092E00E5494E09DF80A6052274E2E02D009
:1009E000492E4AD091E0BAF800601EB3CF260E54CB
:1009F000401CC0B2D0260E54401CC0B2C8270F54B1
:100A0000401CC0B2CE270F54401CC0B20E54401C34
:100A1000C0B2C5260A54401CC0B201F80080401C78
:100A2000C0B20E54401CC0B2D2260E54401CC0B2FC
:100A3000DC2620E050260E54401CC0B249260F543C
:100A4000401CC0B20E54401CC0B201F80090401CC3
:100A5000C0B20F54401CC0B24D270A54401CC0B253
:100A60000F54401CC0B201F800E0401CC0B20E544C
:100A7000401CC0B24E260E5445E0BAF800600EB3DA
:100A8000CF260E54401CC0B2D0270F54401CC0B219
:100A9000C8260E54401CC0B24FF0CE0801F80080AA
:100AA000401CC0B20F54401CC0B20A54401CC0B21B
:100AB0000E54401CC0B2CD260E54401CC0B201F8EA
:100AC00000C01DE050260E54401CC0B249260F54F1
:100AD000401CC0B20E54401CC0B201F80090401C33
:100AE000C0B20F54401CC0B20A54401CC0B20E54D5
:100AF000401CC0B24E260E54401CC0B2562668E7B9
:100B0000401CC0B20A54401CC0B2DFF878C00A547E
:100B1000401C9DF80060BCF83C70C0B2BE427ED064
:100B20000A54401CC0B20B54401CC0B20D54401CAF
:100B3000C0B20C54401CC0B20A54401CC0B20A548B
:100B4000401CC0B200220B54401CC0B201F800B0DF
:100B50009DF802002121FFF7B8FD9DF8000000225A
:100B60002321FFF7B2FD9DF80100401E0C2802D39F
:100B700001208DF80100BAF8000083E0BCC1072015
:100B80008EC2072000400240BAF80060D1467EB114
:100B9000CF260E54401CC0B201F80080401CC0B2E9
:100BA0000A54401CC0B20A54401CC0B20A5411E09E
:100BB0004D260E54401CC0B2492601F800E0401CEE
:100BC000C0B20E54401CC0B24E260E54401CC0B2DF
:100BD00053260E54401CC0B2DFF8ACC40A54401C6B
:100BE000C0B20A54401CC0B20A54401CC0B20A54DD
:100BF000401CC0B20A54401CC0B20A54401C9DF8AC
:100C00000060BCF83C70C0B2BE420ED19DF80160DD
:100C10009CF83870BE4208D19DF8026000E0E3E322
:100C20009CF82C70BE423FF409AE0A54401CC0B27E
:100C30000B54401CC0B20D54401CC0B20C54401C9C
:100C4000C0B20A54401CC0B20A54401CC0B20022B8
:100C50000B54401CC0B201F800B09DF802002121E5
:100C6000FFF733FD9DF8000000222321FFF72DFD43
:100C70009DF80100401E0C2802D301208DF80100D0
:100C8000B9F800009DF8011000287ED0FF4809E661
:100C9000BAF80060F6B3C8260E54401CC0B2ED2668
:100CA0000E54401CC0B2B9460F54401C00F0FF0C5B
:100CB0009DF8090009280DD2313001F80C000CF123
:100CC000010C0CF0FF00C0260E54401CC0B201F80D
:100CD00000903EE0A0F109065A2E62D2401C0A277D
:100CE000B0FBF7F606F1300801F80C800CF1010CAE
:100CF00007FB16000CF0FF0C303001F80C000CF173
:100D0000010C0CF0FF00C0260E54401CC0B201F8CC
:100D1000009043E0FFE749260E54401CC0B26E2607
:100D20000E54401CC0B276260E54401C00F0FF0C3E
:100D30009DF80900092810D2313001F80C000CF19F
:100D4000010C0CF0FF0001F800E0401CC0B26C2662
:100D50000E54401CC0B20A5420E0A0F109065A2EDD
:100D60001FD2401C0A27B0FBF7F606F1300801F845
:100D70000C800CF1010C07FB16000CF0FF0C30305E
:100D800001F80C000CF1010C00E0F3E30CF0FF00A3
:100D900001F800E0401CC0B26C260E54401C00F06C
:100DA000FF0C01F80C200CF1010C0CF0FF00B2E27A
:100DB0009DF80A604E2E32D0432E7ED04F2E7DD02D
:100DC000492E7CD0462E7BD0662E7AD0542E79D0F8
:100DD0004FF0D3094D2E76D06D2E7FF469ADBAF861
:100DE0000060002E70D0C8260E54401CC0B2CD2624
:100DF0000E54401CC0B2D02701F800C0401CC0B245
:100E00000A54401CC0B20F54401CC0B2D72701F88E
:100E10000090401CC0B20F54401CC0B278E2BAF837
:100E20000060D0467EB3C0260E54401CC0B255268A
:100E30000F54401CC0B20E54401CC0B2F1260E54D8
:100E4000401CC0B2E5260E54401CC0B2F2260E541F
:100E5000401CC6B2FC208855761CF0B29DF8096093
:100E6000012E04D0022E05D0032E06D095E101F804
:100E700000E004E001F8009001E043260E54401C1D
:100E8000C0B20A5437E0FFE701F800E0401CC0B2EE
:100E90006C270F54401CC0B255270F54401CC0B2E1
:100EA0006D270F54401CC0B261270F54401CC0B2C4
:100EB00069270F547646401C07E02DE04EE0B4E26F
:100EC000CBE00AE135E2BAE107E2C0B26E270F5487
:100ED000401CC7B27320C8557F1CF8B29DF809703A
:100EE000012F04D0022F04D0032FCAD143260E5461
:100EF00001E001F80090401CC0B2DFF88CC10A5438
:100F0000401CC0B20A54401C9DF80060BCF83C7004
:100F1000C0B2BE426BD064E1BAF80060D0462EB1D8
:100F2000C0260E54401CC0B20F5405E001F800E08A
:100F3000401CC0B26C260E54401CC0B2792601F889
:100F40000090401CC0B20E54401CC0B270260E541B
:100F5000401CC0B20A54401CC0B240E1BAF8006064
:100F6000D0469EB1C0260E54401CC0B255260F5428
:100F7000401CC0B20E54401CC0B2FB260F54401C93
:100F8000C0B20E54401CC6B2F520F7E001F800E0F4
:100F9000401CC0B26C270F54401CC0B255270F54E0
:100FA000401CC0B26F270F54401CC0B275270F54AD
:100FB000401CC7B27420C8557F1CF8B29DF8097058
:100FC0007646012F66D0022F66D006E1C0260E5469
:100FD000401CC0B255260F54401CC0B20E54401CD9
:100FE000C0B2E8260E54401CC0B201E0E0E28DE23F
:100FF000ED260E54401CC0B20F54401CC0B2CCE1D0
:1010000001F800E025E0022E21D0032E7ED01CE066
:1010100001F800E0401CC0B26C270F54401CC0B265
:1010200055270F54401CC0B269270F54401CC0B252
:101030006E270F54401CC7B276467620CBE10E5483
:1010400007E0022F03D0032FE0D00A5401E001F89B
:101050000090401CC0B20A545BE1BAF80060D04670
:10106000F6B1C0260E54401CC0B2D4260F54401C0A
:10107000C0B20E54401CC0B2E8260E54401CC0B290
:10108000ED260E54401C08E00040024078DE0200CD
:1010900044E149E238E281E2F0E0C0B20F5415E0E9
:1010A00001F800E0401CC0B26C260E54401CC0B2D7
:1010B000D4260E54401CC0B269260E54401CC0B247
:1010C0006E260E54401CC0B276260E54401CC0B290
:1010D0000A54401CC0B20A543DE0BAF80060D04641
:1010E000DEB1C0260E54401CC0B2D4260F54401CA2
:1010F000C0B20E54401CC0B2F1260E54401CC0B207
:10110000E5260E54401CC0B2F22600E04BE10E541E
:10111000401CC0B2FC260E54DBE701F800E0401C86
:10112000C0B26C260E54401CC0B2D4260E54401CD3
:10113000C0B26D260E54401CC0B261260E54401C35
:10114000C0B269260E54401CC0B26E260E54401C1C
:10115000C0B273260E54401CC0B20A54401CC0B228
:101160000A54401CC0B20A54401C9DF80070C0B222
:10117000FF4EB6F83CC067457ED032E08855761CFD
:10118000F0B29DF80960012E77D0022E76D0032EA2
:1011900025D14326B8E1401CC0B20A546FE601F8DD
:1011A0000090401CC0B279270F54401CC0B2702779
:1011B0000F54401CC0B261270F54401CC0B27327AB
:1011C0000F54401CC0B24E460F54401C9DF809708D
:1011D000C0B2012FD8D0022FDCD0032FD9D00A54AF
:1011E000D9E70A54401CC0B20B54401CC0B20D5485
:1011F000401CC0B20C54401CC0B20A54401CC0B2C7
:101200000A54401CC0B200220B54401CC0B201F86A
:1012100000B09DF802002121FFF757FA9DF8000069
:1012200000222321FFF751FA9DF80100401E0C28EF
:1012300002D301208DF80100B8F8000022E5BAF8C9
:10124000006026B301F80080401CC0B2C5260E54D1
:10125000401CC0B2D2260E54401CC0B2DC260E5434
:10126000401CC0B2D0260A54401CC0B20E54401CD0
:10127000C0B201F8009002E083E142E13EE1401C8F
:10128000C0B2D7260E54401CC0B2CD2637E44D263E
:101290000E54401CC0B2492601F800E0401CC0B208
:1012A0004E270E54401CC0B253260F54401CC0B2EF
:1012B000F4460E54401CC0B248260A54401CC0B22A
:1012C0000E54401CC0B201F800C0401CC0B20F5404
:1012D000401CC0B24426FFF7CEBB49260E54401C2A
:1012E000C0B24E270F54401CC0B256260E54401CAC
:1012F000C0B248260A54401CC0B20E54401CC0B2B2
:1013000001F800E0401CC0B20F54401CC0B244269B
:101310000E54401CC0B20A54FFF7F2BB9DF80A609D
:10132000552E21D04F2E6ED0492E7ED0542E7FF4D4
:10133000AFAABAF80060D046002E3FF430AFC12605
:101340000E54401CC0B2E0260E54401CC0B2E92727
:101350000F54401CC0B2EF270F54401CC0B20E54B3
:10136000401CC6B2F12009E7BAF80060EEB1C02611
:101370000E54401CC0B255260F54401CC0B20E542F
:10138000401CC0B2FB260F54401CC0B20E54401C7F
:10139000C6B2F5208855761CF0B29DF80960012E82
:1013A0007FF431AE2CE6432649E601F800E0401C0C
:1013B000C0B26C270F54401CC0B255270F54401CBC
:1013C000C0B26F270F54401CC0B275270F54401C89
:1013D000C7B276467420C8557F1CF8B29DF80970D4
:1013E000012F7FF42EAE2AE69DF801609CF838703C
:1013F000BE427FF495AB9DF802609CF82C70BE4213
:10140000F7D1FFF71BBABAF80060EEB3C0260E544E
:10141000401CC0B255260F54401CC0B20E54401C94
:10142000C0B20F54401CC0B200E061E0FB260E5475
:10143000401CC6B2F5208855761CF0B29DF80960B4
:10144000012E04D0022E50D0032E03D049E001F823
:1014500000E001E0432646E0401CC0B2444E0A547E
:10146000401CC0B20A54401CC0B20A54401CC0B256
:101470000A54401C9DF80070B6F83CC0C0B26745E5
:10148000B7D19DF8017000E00AE096F838C06745D2
:10149000AFD19DF8027096F82C60B742A9D1B0E7A1
:1014A00001F800E0401CC0B26C270F54401CC0B2D1
:1014B00055270F54401CC0B26F270F54401CC0B2B8
:1014C00075270F54401CC7B27420C8557F1CF8B252
:1014D0009DF809707646012F05D0022F05D0032F05
:1014E000B8D00A54B8E70E54B6E701F80090B3E755
:1014F000BAF80060002E3FF48BAD67E501F800906C
:1015000049E601F800E046E60E5444E69DF8016025
:101510009CF83870BE427FF4FEAC9DF802609CF8E7
:101520002C70BE42F7D16CE79DF80A60552E7FF40F
:10153000AFA9BAF80060D0464FF0640C4FF06309D1
:101540002EB1C0260E54401CC0B20F5405E001F865
:1015500000E0401CC0B26C260E54401CC0B25526A0
:101560000E54401CC0B201F800C0401CC0B202E0E2
:10157000004002404EE001F80090401CC0B20A5406
:10158000A4E59DF8017096F838C06745C3D19DF871
:10159000027096F82C60B742BDD132E750260E5447
:1015A000401CC0B253260E54401CC0B255260E54E7
:1015B000401C00F0FF0C9DF80900092803D23130CF
:1015C00001F80C001BE0A0F109065A2E15D2401CB0
:1015D0000A27B0FBF7F6B046303601F80C600CF184
:1015E000010C07FB18000CF0FF0C303001F80C0068
:1015F0000CF1010C0CF0FF0008E001F80C200CF1DC
:10160000010C0CF0FF000A54401CC0B20A54401CEC
:10161000C0B266E7FA48FFF745B970B50446084618
:1016200015461E46FEF77AFEF64B0146FF2804D10A
:1016300006E01A54641C401CC0B22278002AF8D17B
:10164000F1480078002804D0002E02D029445F2001
:10165000585470BDF0B5074614460E460846FEF7CE
:101660005DFE0546002231463846FEF748FF002C55
:1016700008D0E5480078002804D05F20E14A291B03
:1016800011444870F0BD2DE9FF4F8146DDE90D049E
:101690008A469346FEF742FE2022DFF86C83D94942
:1016A0000A234FF0640C012C09D198F8005035B191
:1016B0000D18A5F10E05AA706A702A7020E099FB3A
:1016C000F3F603FB16970D183037A5F10E05022C23
:1016D000AF7096FBF3F703FB176606F130066E70EA
:1016E00099FBFCF606F1300605F80E6B08D198F868
:1016F00000602EB1A5F10A05AA706A702A7021E077
:101700009AFBF3F603FB16A70D183037A5F10A056F
:10171000032CAF7096FBF3F703FB176606F1300658
:101720006E709AFBFCF606F13006674605F80A6B08
:1017300008D198F800602EB1A5F10605AA706A706C
:101740002A7022E09BFBF3F603FB16B70D18303727
:10175000A5F10605042CAF7096FBF3F703FB1766A3
:1017600006F130066E709BFBFCF606F1300667460C
:1017700005F8066B09D198F8004034B1A5F10205CF
:101780000A546A702A70BDE8FF8F039C94FBF3F241
:1017900003FB124430340C5492FBF3F403FB142289
:1017A0000844A0F1020030324270039991FBF7F136
:1017B00001F130010170E6E717B501EB810002EBA2
:1017C0008000C2B29DF80030904803F00F0100EB9A
:1017D0001313445C8B498C54521ED2B21B788B5429
:1017E0009DF80130521E03F00F04D2B2045D8C54F8
:1017F000521E00EB1313D2B21B788B549DF80230AB
:10180000521E03F00F04D2B2045D8C54521E00EB42
:101810001313D2B21B788B549DF80330521E03F081
:101820000F04D2B2045D8C54521E00EB1310D2B2DE
:10183000007888541EBD10B504460846FEF76EFDBC
:10184000724904F00F028B5C6E4A01EB14111354C1
:10185000401EC0B20978115410BD01EB810102EBAA
:1018600081016A4A10B500F00F03C9B2D45C654B20
:1018700002EB10105C54491EC9B20078585410BDD8
:1018800001EB810102EB8101CBB2604910B500F0A0
:101890000F028C5C5B4AD45404095B1E04F00F00F9
:1018A000DBB2085CD0545B1ED8B2230903F00F04EE
:1018B0000C5D1454401E1B09C0B2C95C115410BD0C
:1018C00001EB810102EB8101CBB2504910B500F070
:1018D00001028C5C4B4AD45444085B1E04F00100A6
:1018E000DBB2085CD0545B1ED8B2630803F001047D
:1018F0005B080C5D1454401E03F00104C0B20C5D83
:1019000014545B08401E03F00104C0B20C5D145473
:101910005B08401E03F00104C0B20C5D14545B0868
:10192000401E03F00104C0B20C5D1454401EC4B24A
:101930005808085C105510BD30B535490123314DAC
:1019400091F9012091F9041000EB80048A4202D140
:1019500005F8243030BD2B4D4C1C00EB800005EB0E
:101960008000A24201D1037530BD8C1CA24202D17D
:1019700080F8283030BDCC1CA24202D180F83C3027
:1019800030BD0C1DA24202D180F8503030BD4C1D3C
:10199000A24202D180F8643030BD8C1DA24202D137
:1019A00080F8783030BDC91D8A42FBD180F88C3078
:1019B00030BD184B1A88521E104400B21880164AC7
:1019C00000EB800002441248136803601279027130
:1019D0004278114441707047F0B50E4D0E4FB5F985
:1019E000004004EB8406641C2C80094C3E442568AE
:1019F000356025793571207061702271A370F0BD5A
:101A0000EBDE02008EC2072095C0072098DF02009F
:101A100010C20720BEC0072030580010F0B50546A0
:101A20000E461746FEF771FC5A4C0020401C15F874
:101A3000011BC0B204F8011B1428F7D35FF00000AB
:101A4000401C16F8011BC0B204F8011B1428F7D380
:101A50005FF00000401C17F8011BC0B204F8011B26
:101A60001428F7D35FF00000401C13F8011BC0B22C
:101A700004F8011B1428F7D3C1E710B5029CFFF747
:101A8000CDFF4548C378827841787A20FFF7A4FFDC
:101A9000642094FBF0F0BDE81040C0B2FEF705BC36
:101AA0002DE9FE4340010D4600F58060044602A981
:101AB00024F065F9694604F1080024F060F901A9F1
:101AC00004F10C0024F05BF92846FEF727FC314CAA
:101AD000202530262554401CC0B24FF02108265442
:101AE000401CC0B24FF0400C04F80080401CC0B253
:101AF000232104F800C0401CC0B200222554401C21
:101B0000C0B22554401CC0B22654401CC0B221545F
:101B1000401CC7B29DF802002121FEF7D6FD9DF8BA
:101B2000000000222321FEF7D0FD9DF80100401E99
:101B30000C2802D301208DF801009DF801001749FF
:101B4000002201EB80004021FEF7ACFDE5557F1C33
:101B5000F8B23A212654401CC0B2002204F800809A
:101B6000401CC0B22154401CC0B221212654401C4C
:101B7000C0B204F800C0401CC6B29DF80400FEF7D5
:101B8000A4FD9DF8050000224021FEF79EFDA5550D
:101B9000BDE8FE838EC2072010C2072078DE020057
:101BA0002DE9FF4105460027FF4C01216776A07D06
:101BB000022805D0FD4A525D552A04D065200EE06A
:101BC0006176BDE8FF8105EB450202EB0513F84A9B
:101BD00002EB830696F83D20D30702D0662060769C
:101BE000EFE796F83F309B0701D56720F7E79207AC
:101BF00001D56820F3E7EF4AB6F90830B2F90020C2
:101C0000934201DD6920EAE75242934201DA6A20F9
:101C1000E5E7012804D1E07D00287ED001287DD0B1
:101C200064206076A17521864FF4F87023F078FF68
:101C3000E575294665864FF4FA7023F071FFDE489A
:101C4000B761002130F9150023F06AFF2776A786D7
:101C500039464FF4FB7023F063FFD848D84D008815
:101C6000401C00F0070006EB4000008CADF80000BF
:101C7000A88B8DF804004FF063024FF0010101A81A
:101C800003F095F8C84C9DF804004C342070287E71
:101C90008DF804000C22012101A803F088F89DF8BA
:101CA00004006070287B8DF804001F22012101A828
:101CB00003F07DF89DF80400A0709DF80000E0702E
:101CC0004FF4FC70216824F015F9287A8DF804008F
:101CD0001722002101A803F06AF89DF80400207182
:101CE00028798DF804003B22002101A803F05FF859
:101CF0009DF80400607128788DF804003B220021D3
:101D000001A803F054F89DF80400A0719DF80100AB
:101D1000E0714FF4FE70616801E003E004E024F03C
:101D2000E9F84EE76B205AE76C2058E77047704798
:101D300070B5A34C203C94F83800A24D2978084493
:101D40000C2803D9A08F401C01B201E0B4F93C106B
:101D5000B82023F0E5FE94F83810287801440C29C7
:101D600094F8381000D90C380144B62023F0D8FE7E
:101D700094F82C001C2801D91C2101E094F82C10A7
:101D8000B42023F0CDFE04F12004217A4FF0AE0000
:101D900023F0C6FE2179B02023F0C2FE2178BDE8F1
:101DA0007040B22023F0BCBE87486FF03B01008832
:101DB000C0EB001001EB80007B49488570477A49F1
:101DC00040F2F9600885704770B5774C208D401C53
:101DD00000B22085B0F5E16F02DB0020208570BDE8
:101DE000B0F5DF6F11D90F2301226421D22002F058
:101DF0007BFF0F230022D821D72002F075FF0F238D
:101E00000022D821DC2002F06FFFB4F92800A0F5F1
:101E1000E0610739E3D16D4E6D4C6E4D30882188FD
:101E2000884205D0B4F90010B5F9000023F078FE1F
:101E3000708861888842D2D0B4F90210B5F90200E6
:101E4000BDE8704023F06CBE10B55C4C0822002148
:101E50002088401C2080204602F0BFFF5448B4F97F
:101E6000001000EB410142880A84B0F84E00A1F84E
:101E70006C0010BD2DE9F04F5748584995B00278D5
:101E8000087800242AB1322801D2401C03E0322015
:101E900001E008B1401E0870554DDFF844B1514BC8
:101EA000B5F90060BBF900004F4A5049514D10B1DF
:101EB000012E0FD018E0012E16D14F4E36881E800D
:101EC0004E4BB3F900300B80002B00DA0C804C49EC
:101ED000096808E06E881E80B5F900300B80002B81
:101EE00000DA0C80696811604649B1F90060002E83
:101EF00059D0DFF814A100218946AAF800400A460B
:101F0000DFF808E1E6E000BF02EBC20101EB410CA3
:101F10000EEB8C01CF7D052F7AD20F7991F80580D9
:101F200007EB08270C971EF82C3091F801C0BFB2C0
:101F300003EB0C2313939BB298468B790293019386
:101F40008B7A91F80BC003EB0C2307939BB2119390
:101F50000B7B91F80DC003EB0C2308939BB20D9300
:101F60000B7A91F809C003EB0C2309939BB20F93F2
:101F7000CB790E9391F80EC0CDF828C003EB0C235B
:101F80001FFA83FC40F6B8339F4276D2B8F57A7FC9
:101F900073D2019F782F70D2119F9F426DD20D9BFB
:101FA000B3F57A6F35E09DE008C007201EC1072019
:101FB000A8F307205800001000D8020088C10720AD
:101FC000204002409BC007205E0000103E00001031
:101FD00066C4072020D8020048C40720BC000010B7
:101FE00016C107208AC10720FCC107208CC1072029
:101FF00018C10720F80508208200001014C407202B
:10200000840000100CC107203EC4072040F40720C4
:102010004FE05DD20F9BB3F52F6F59D223B1FF4B29
:102020001B88012B54D140BBBCF5907F50D00D9B39
:10203000323B6F2B4CD3139BCB618F78CB7807EB64
:1020400003231BB20B86002B00DA0C860C9B8B61E2
:10205000029B0B620E9F81F83A70099B8B62079B73
:102060004B62089BCB620A9B81F83B3017F01A0F3A
:1020700004D0012381F83C3002E012E081F83C40BA
:102080007B060AD5CB7B7F2B0CD0802B0DD091F912
:102090000F1001F5FA71AAF80010B90618D5012140
:1020A000894615E040F2EE2300E0FA23AAF800305A
:1020B000F3E7CC610C868C610C6281F83A404C628B
:1020C0008C62CC6281F83C4081F84C4081F83B4006
:1020D000521CD2B2B242FFF617AFB9F1000F01D1D4
:1020E000AAF80040CE49DFF83C83DFF83CB391F812
:1020F000281000288A467DD085F82A40697F0691FD
:1021000085F82910C9494FF0800E097809B185F882
:102110002AE0C74A12782AB195F82A3043F04003E2
:1021200085F82A3098F800302BB195F82A3043F022
:10213000020385F82A309BF80030DC462BB195F875
:102140002A3043F0040385F82A30BA4B1B785FEA43
:10215000030905D095F82A3043F0080385F82A30A2
:10216000B54B1B782BB195F82A3043F0100385F856
:102170002A30B24B1F782FB195F82A3043F0200354
:1021800085F82A30BAF1000F05D195F82A3043F0CE
:10219000010385F82A3005F149056C732B7803F0AB
:1021A0003F06069B03F0C00346EA030606932E7320
:1021B000A5F1490509B185F856E02AB195F85630E0
:1021C00043F0400385F8563098F801302BB195F86C
:1021D000563043F0020385F856309CF801302BB19D
:1021E00095F8563043F0040385F85630B9F1000FE6
:1021F00007D000E070E095F8563043F0080385F80A
:1022000056308D4B5B782BB195F8563043F0100368
:1022100085F856302FB195F8563043F0200385F8F5
:10222000563095F854302BB995F8563043F00103E9
:1022300085F8563005F175056C732B78069E03F012
:102240003F0343EA06032B73A5F1750509B185F831
:1022500082E02AB195F8821041F0400185F88210A1
:1022600098F8021029B195F8821041F0020185F822
:1022700082109BF8021029B195F8821041F00401F8
:1022800085F88210B9F1000F05D095F8821041F061
:10229000080185F882106849897829B195F882107B
:1022A00041F0100185F882102FB195F8821041F0AD
:1022B000200185F8821095F8801029B995F88210D0
:1022C00041F0010185F88210012804DB95F8260011
:1022D0000A2801D232E088BBBAF1010F05D10122F0
:1022E00000234321104603F08AFD2C806C606C8033
:1022F0002C776C772C8152486C8185F828400480BB
:10230000504804704A4804704848047088F80040F7
:1023100088F8014088F802408BF8004046488BF866
:1023200001408BF80240047044708470414804708E
:10233000447084704148047044708470424EB6F911
:102340000000022804DB95F852000A2809D200E0B8
:1023500038B195F826000A2836D33C48008803286F
:1023600032D195F85400012805D1002301224321E0
:10237000022003F044FDAC852C63EC8585F84840D1
:1023800085F84940AC862F48EC8685F854400470A7
:10239000274804702548047088F8004088F80140F8
:1023A00088F802408BF8004023488BF801408BF8F6
:1023B00002400470447084701E480470447084703D
:1023C0001E48047044708470B6F90000032804DBD2
:1023D00095F87E000A2809D200E038B195F8260069
:1023E0000A2850D31948008803284CD195F880005A
:1023F000012805D1002301224321032003F0FFFC23
:1024000025F8584F0F486C606C802C776C772C81C6
:102410006C8185F828400470054819E01AC107202E
:10242000F8050820B2000010B5000010B8C0072061
:10243000B7C00720B800001042C4072045C40720D9
:10244000B0000010BB00001016C1072018C1072003
:102450000470FF48047088F8004088F8014088F84C
:1024600002408BF80040FB488BF801408BF802409B
:10247000047044708470F848047044708470F748A5
:10248000047044708470F648F64A40F6B733B0F9E9
:102490000410B2F9002051434FF4FA7291FBF2F1AB
:1024A000F14A1180B0F90A00F049A0F221329A42B3
:1024B00001D20C6001E001220A60ED49B1F900107F
:1024C000414344F6206091FBF0F0EA49A0F211107C
:1024D00008803188E84851B1E849098829B1E849BC
:1024E0000988018015B0BDE8F08F0480FAE7E5495E
:1024F000F6E7E54AE5481178042901D0012905D11C
:10250000517819B9E2490978552902D0E149098879
:1025100003E00178002901D0491E01707047DE48B0
:10252000416821F4402141F480214160416821F457
:10253000403141F480314160416821F4404141F42F
:1025400080414160416C21F4402141F4002141640B
:10255000416C21F4403141F400314164416C21F47B
:10256000404141F400414164CC48016821F0E06100
:102570000160016841F400110160016821F48031BB
:102580000160016821F47F4141F48071016081158F
:10259000C160C3488903016070472DE9F041C14C17
:1025A00060882188401A00B203F05DFDA51D2880D7
:1025B000A0886188401A00B203F055FD6880A088A9
:1025C0002188401A00B203F04EFD4FF49672A880A5
:1025D000A4F13E01904201DAA0880AE0B5F90200B8
:1025E000904201DA608804E0B5F90000904201DA17
:1025F0002088888391F802C00023BCF1000F23D00B
:102600009748B1F91C2020300468144404604468E1
:1026100014444460846814448460C4682244C260E2
:102620008A8C521C12B28A84B2F5805F00DB8B84E4
:10263000B1F9242094052ED1921250F82240241290
:102640004C8340F8223026E0974FC8780C7907EB8E
:102650008015B1F91C2045F82420A2070FD10025D0
:102660002A4607EB801600BF56F82270521CD2B2E1
:102670003D44102AF8D32A11794D25F81020401C2A
:10268000C0B2C870102806D3641CE0B2CB700871C9
:10269000102800D30B710CF1010C4B701CF00100E1
:1026A0007E4A887005D0106820F0FF00001D106081
:1026B00034E0C97808070028106820F0FF0002DB2A
:1026C00000F1010001E000F10200106077480368AA
:1026D00043F080530360036A43F080430362036E58
:1026E00043F080630366CB07436908D043F080530F
:1026F00043618B07436B05D423F0804304E023F050
:102700008053F5E743F0804343634907416F02D4A8
:1027100021F0806101E041F080614167106840F084
:1027200080701060BDE8F0812DE9F0415D4C60885B
:102730002188401A00B203F096FCA51D2880A088CD
:102740006188401A00B203F08EFC6880A08821885E
:10275000401A00B203F087FC4FF49672A880A4F1EF
:102760003E01904201DAA0880AE0B5F902009042E9
:1027700001DA608804E0B5F90000904201DA2088AF
:1027800088838E780020F6B3354A4C7920328CB19C
:10279000B1F91C30156805EBA3051560556805EB0C
:1027A000A3055560956805EBA3059560D56805EB15
:1027B000A303D360B1F91C30642B0EDA0B8C4FF4F9
:1027C000FA655B1C1BB20B84AB4208DB0D84106006
:1027D00050609060D060488383E0088481E0052BDE
:1027E0007FD1A4B1CB8B5B1C1BB2CB83B3F5007F35
:1027F00000DBC883B1F91E305D0608D1DB1152F849
:1028000023502D1200E010E04D8342F82300B1F96F
:102810002220962A01DD04B148711F3A272A60D28E
:102820004A79A2B901224A715BE01F4FCA7891F838
:1028300004C007EB8214B1F91C3044F82C305FEA75
:102840008C7340D10024234607EB821530E048E02A
:10285000B8C0072042C40720B800001045C40720B4
:1028600068F30720500000108EC10720D80A082006
:102870004600001056C20720B4C1072040C40720FC
:10288000B00000103EC4072010C207207AC0072005
:102890007C00001030C1072000C00240004003400F
:1028A00000E100E046C0072068EF072000C00920D3
:1028B00055F823705B1CDBB23C44102BC6D32311AC
:1028C000FF4C24F81230521CD2B2CA70102A08D31E
:1028D0000CF1010C0CF0FF02C8700A71102A00D331
:1028E00008714870761C16F00100F64A887005D011
:1028F000106820F0FF00001D106032E0C978080762
:102900000028106820F0FF0001DB401C00E0801C64
:102910001060ED48036843F080530360036A43F09E
:1029200080430362036E43F080630366CB07436911
:1029300008D043F0805343618B07436B05D423F0E9
:10294000804304E023F08053F5E743F08043436382
:102950004907416F02D421F0806101E041F08061BC
:102960004167106840F080701060DBE62DE9F04FA1
:10297000D6480168D64A11400160D349086840F43E
:102980007C700860D44B0020D24AB3F9003001E0DB
:10299000401CC0B29842FBDBD04A0020DFF84C83D9
:1029A0001478CF4AD34B06461578CE4A4FF0010B28
:1029B00092F800C0CC4A12789146CD4A12789246DD
:1029C000CD4A16542CB133F81070FF0701D002F82D
:1029D00000B02DB133F81070BF0701D502F800B078
:1029E000BCF1000F05D033F810707F0701D502F855
:1029F00000B0B9F1000F0ED198F819705FB998F8CE
:102A0000457047B998F871702FB9BC4F3F7817B926
:102A1000BB4F3F782FB133F810703F0701D502F854
:102A200000B0BAF1000F05D033F81070FF0601D5E1
:102A300002F800B0401CC0B20228C2D3AD481378DF
:102A4000B0F9000013B1012B03D009E0000402D457
:102A500006E0000404D4C86940F02000C86103E027
:102A6000886940F020008861A2485278B0F90200DD
:102A700012B1012A03D009E0000402D406E00004E8
:102A800004D4C86940F01000C8612CE5886940F0A2
:102A90001000886127E52DE9FF5F9A4E0027B07A84
:102AA0000A2807D2401CC0B2B0720A2802D3B772FB
:102AB0000120F072B785F785CD2002F04CF9D8B12E
:102AC00091484FF6FF720168CE2908D0CF2908D06F
:102AD000D12908D0D22909D0D02909D00CE0F2851B
:102AE0000AE0406807E04068B08505E0B28503E091
:102AF0004068B085C043F0850020824960F30F0430
:102B00008246C87200900190029048723631834626
:102B1000087048708870704960F31F4460F30F05B7
:102B2000814686460023B1F9002079E003EBC3011A
:102B300001EB4106674901EB8601CE7D0396052E28
:102B400059D291F83A60B60655D59A4253DD6D4E8A
:102B5000777A7F1C7772D1F81C8008EB0A0636B2B0
:102B6000B246B1F9306006EB0B07BB460327B3FB57
:102B7000F7FC07FB1C3727B1012F15D0022F27D0F8
:102B800039E0604F3044363797F800C00CF1010C43
:102B900087F800C0009FD1F824C06744009704EB79
:102BA000080767F30F0426E0564F4E443637B14608
:102BB00097F801C00CF1010C87F801C0019FD1F812
:102BC00024C06744019708EB244767F31F4412E0D1
:102BD0004C4F76443637B64697F802C00CF1010CDC
:102BE00087F802C0029FD1F824C06744029705EB22
:102BF000080767F30F0591F83A6016F0BF0F19D177
:102C000091F83B60F60715D1039E052E12D291F87C
:102C10006A60642E02D2761C81F86A605B1CDBB2AB
:102C2000934283DB0021DFF8DCC088460B468CF83A
:102C300009101AE00026EFE703EBC30606EB460790
:102C4000244E06EB8707FE7D052E0CD297F83A60DE
:102C5000B60608D59A4206DD7E6AB0449CF8096043
:102C6000761C8CF809605B1CDBB29342E4DB9CF8B9
:102C70000930264E98FBF3F33380BAF1000F01DAE6
:102C800000239A46224EBBF1000FA6F800A001DAFD
:102C900000239B461F4EC6F800B01A4E009B3636E6
:102CA000377893FBF7F31C4F3B8023B2002B01DAFC
:102CB00061F30F04194B00281C8000DA08462FE04E
:102CC00068F307200040034000C0092000C0024014
:102CD000FF00F0FF40F407200CC10720AC000010FB
:102CE000ADC00720AEC00720AFC00720F805082000
:102CF0003AC40720D8C10720AA000010B1C007209D
:102D0000B2C0072008C00720180000108200001081
:102D100014C40720840000104AC2072050C20720B4
:102D20008446FF48C0F800C096F80180DDF804C072
:102D30009CFBF8FCA7F802C05FEA244C01D561F3C4
:102D40001F4424145C80B9F1000F00DA8946C0F8F2
:102D50000490B678029C94FBF6F4BC802CB2002C54
:102D600001DA61F30F059D80BEF1000F00DA8E4697
:102D7000EC49C0F808E00988022964D1EA490988C9
:102D8000002960D1E949B1F93040B1F99C502C4497
:102D90000460B1F90841B1F97451B1F94C622C44A5
:102DA000B1F9E05135442C444460D1F88840C869F9
:102DB00020441880D1F86041D1F8F400D1F838529D
:102DC0002044D1F8CC412C44204458804FF00004DA
:102DD0002346204600EBC00505EB450501EB8505C4
:102DE00095F83A60B60609D5EE7D052E06D28242E8
:102DF00004DD6D6A5B1C2C4424B2DBB2401CC0B203
:102E00000228E7D394FBF3F0002438802346022005
:102E100000EBC00505EB450501EB850595F83A602B
:102E2000B60609D5EE7D052E06D2824204DD6D6A16
:102E30005B1C2C4424B2DBB2401CC0B20628E7D392
:102E400094FBF3F07880BDE8FF9F2DE9F047B84E82
:102E5000308800287DD000254FF00109A846B34FE7
:102E60005AE100BF05EBC50000EB400007EB800412
:102E700094F83A0010F0BF0F94F83B004FEAC0708E
:102E800001D0D0B134E080BB94F84C0068B3B4F901
:102E9000580096280DDA401C00B2A4F85800962875
:102EA00026DB94F85A0000BB002384F85A900122D4
:102EB00017E09620A4F858001AE094F84C00A0B14E
:102EC000B4F95800002811DDC01E00B2A4F8580063
:102ED00000280DDC94F85A0038B1002384F85A8099
:102EE0001A465321284602F03DFC01E0A4F8588020
:102EF00094F83A00000794F84C0012D528B394F9DE
:102F00005000322821DA401C40B284F850003228A8
:102F10001BDB94F85100C0B984F851900122A369D9
:102F20000FE090B194F9500078B1401E40B284F89F
:102F3000500050B994F8510038B1002384F8518002
:102F40001A464F21284602F00DFC94F83A00C006BC
:102F500000E0F1E094F84C0012D528B394F94F004A
:102F6000322821DA401C40B284F84F0032281BDBA3
:102F700094F85100C0B984F851900122A3690FE080
:102F800090B194F94F0078B1401E40B284F84F00E0
:102F900050B994F8510038B1002384F851801A4692
:102FA0006F21284602F0DEFB94F83A00810714D521
:102FB00094F84C1089B194F95200322826DA401C5A
:102FC00040B284F85200322820DB94F85300E8B96C
:102FD00084F853900122236A14E010F0060F15D1F3
:102FE00094F84C0090B194F9520078B1401E40B270
:102FF00084F8520050B994F8530038B1002384F893
:1030000053801A465421284602F0ACFB94F83A004B
:10301000C00794F84C0012D088B394F954003228B9
:1030200024DA401C40B284F8540032281EDB94F8A5
:103030005500D8B9002384F8559001220FE0F0B173
:1030400094F9540090B1401E40B284F8540068B91D
:1030500094F8550050B1002384F855801A464C214D
:10306000284602F07FFB94F84C0040B194F95600DA
:1030700018B3401E40B284F8560098B11DE0FFE737
:1030800094F95600322818DA401C40B284F85600F1
:10309000322812DB94F8570078B9002384F857904F
:1030A000012206E094F8570038B1002384F85780D5
:1030B0001A464321284602F055FB94F83B00C0070E
:1030C00094F84C0012D028B394F94D00322821DA3C
:1030D000401C40B284F84D0032281BDB94F84E00AF
:1030E000C0B9002384F84E9001220FE090B194F90A
:1030F0004D0078B1401E40B284F84D0050B994F8AC
:103100004E0038B1002384F84E801A4649212846E3
:1031100002F028FB6D1CEDB2B6F90000854209E013
:10312000CC06082018C1072016C1072040F407204C
:103130000CC10720FFF696AEBDE8F0872DE9F047F9
:10314000FC48002213461146DFF8E493B0F9006012
:1031500023E000BF01EBC10000EB400409EB840059
:1031600090F8514074B990F853405CB990F85740CA
:1031700044B990F85A402CB990F8554014B990F8D9
:103180004E4004B10122C47D052C04D290F83A00CF
:10319000800600D50123491CC9B2B142DADBE648FA
:1031A000E6490270E648B0F9000083B900220CE05D
:1031B00002EB420404EBC20401EB840494F82640C1
:1031C000052C00D20123521CD2B28242F0DBDD4A30
:1031D000DFF874C3DFF87CA31370DC4B9CF80D2080
:1031E0001A70DD4ADA4BB2F90040002210B1944661
:1031F000654628E04FF00108012C08D0D24FFD7C35
:103200003F7D3D43022C0AD0032C0BD020E09CF8DC
:10321000125004E083F800801AE01A7018E0002DC4
:10322000FBD0F7E79CF815703D43F8E705EB450741
:1032300007EBC50701EB8707FF7B17B14FF0010CC8
:1032400003E06D1CEDB2A542F0DB83F800C0D0B9FD
:10325000C24B1B88BBB1002423464D460EE000BF85
:1032600003EBC30707EB470705EB870797F83B70AE
:10327000BF0701D4012403E05B1CDBB2B342EFDBE8
:103280008AF8004012E000252B460BE003EB4306D2
:1032900006EBC30601EB8606767B0EB1012503E043
:1032A0005B1CDBB2A342F1DB8AF80050AC4DAD4EA3
:1032B000DFF8B4C2DFF8B48210B1002423460DE079
:1032C0002A7012E003EB430707EBC30701EB870704
:1032D000FF7D0FB1012403E05B1CDBB28342F1DB15
:1032E0002C7010B1002423460EE0327013E000BFB2
:1032F00003EB430505EBC30501EB85056D7C0DB1C3
:10330000012403E05B1CDBB28342F1DB347010B1BB
:1033100000231A4611E08CF8002088F800200BE703
:1033200002EB420404EBC20401EB8404647F240634
:1033300001D4012303E0521CD2B28242F0DB8CF8AC
:10334000003000231A460CE002EB420404EBC204F6
:1033500001EB8404647F640601D4012303E0521C62
:10336000D2B28242F0DB88F80030E5E62DE9F04188
:103370007D487F4C012503787E4822780526017818
:1033800000276BB1052909D2491CC9B20170052972
:1033900011D10AB901F057FE25700CE006700AE061
:1033A00049B1491E11F0FF01017004D1012A01D178
:1033B00001F0D7FE27706D48704C01786E480029E7
:1033C00001780FD005290BD2491CC9B2017005291B
:1033D00004D1207808B901F066FF2570BDE8F081BE
:1033E0000670FBE70029F9D0491E11F0FF010170BA
:1033F000F4D12078012801D101F0E3FF2770EDE737
:103400005F4830B4B0F900100A2091FBF0F15D483C
:10341000B0F900404C48A142437B90F90C2004DAFB
:10342000594CB4F90040A1420CDC322A18DA521C83
:1034300052B20273322A13DB002B11D101224273E4
:1034400010460AE0002A0BD0521E51B20173002927
:1034500006D1002B04D04173084630BC02F0A4BA58
:1034600030BC70472DE9F05F3548008800285DD1F9
:10347000DFF8E4800125DFF814B1B8F80000444E0D
:103480000027314C4FF00A0901282BD14148BBF9E4
:103490000030B0F90010204691FBF9F1827C90F9E0
:1034A0000E00994203DCB6F9003099420BDA32285B
:1034B0003CDA401C40B2A073322837DB002A35D1F9
:1034C000A57401200CE0002830D0401E40B2A0734B
:1034D00000282BD1002A29D00022A77411461046BB
:1034E00002F07FFB1C48B0F90000022801D003283D
:1034F0001CD1DFF8A480BBF90000B8F9001091FBE3
:10350000F9F1814203DCB6F90000814246DA94F910
:103510000F00322851DA401C40B2E07332284CDBF5
:10352000E07C20B90122E574104644E0A5E044E0C7
:1035300040F407200CC10720AC000010F80508205B
:1035400016C10720B0C0072008C00720ADC0072063
:10355000AEC00720AFC0072018C107201AC107203E
:10356000B1C00720B2C007203AC407203BC40720DF
:10357000BDC30720AD000010AE0000103D000010DC
:103580008EC1072006C1072008C10720FEC0072002
:1035900000C10720820000104AC2072094F90F00E2
:1035A00058B1401E40B2E07338B9E07C28B1002128
:1035B000E7740122084602F014FBB8F90210BBF9C7
:1035C000000091FBF9F1CA46D946814203DCB6F905
:1035D000000081420EDA94F91000322819DA401CFA
:1035E00040B22074322814DB207D90B90222257568
:1035F00001200CE094F9100058B1401E40B2207434
:1036000038B9207D28B1002127750222084602F032
:10361000E8FAFE48008803282FD1B8F90410B9F958
:10362000000091FBFAF1814203DCB6F9000081420F
:103630000FDA94F9110032281FDA401C40B260748E
:1036400032281ADB607D002817D10322657501201E
:103650000FE094F9110000280FD0401E40B26074B2
:1036600000280AD1607D002807D003220021677559
:103670000846BDE8F05F02F0B4BABDE8F09F2DE95E
:10368000F05FE34800260088002878D0DFF87CA3AC
:10369000BAF80000032800D10126DE4FDE4C4FF0BF
:1036A000010938884FF000083E2851D0DB482246F7
:1036B0000378D17C92F9120092F828206BB1F2B114
:1036C00005281CDA401C40B2A074052817DBB1B9EC
:1036D000002384F8139001220AE082B178B1401EE1
:1036E00040B2A07458B951B1002384F813801A462F
:1036F0004D21002002F083FB38883E2828D0C8489E
:103700000078002894F8280010D008B394F9140029
:1037100005281DDA401C40B22075052818DB607DA5
:10372000B0B9002384F8159001220DE080B194F91E
:10373000140068B1401E40B2207548B9607D38B1B0
:10374000002384F815801A466D21002002F057FBF3
:1037500000254FF00A0B16E238883E287AD0F5BBD8
:10376000B048007860B194F82810204659B390F919
:10377000161041B3491E49B28175B1B123E007E289
:1037800094F828002146F0B191F916000A281ADAB7
:10379000401C40B288750A2815DBC87D98B9002303
:1037A00084F817903046012206E0C17D59B100230C
:1037B00084F8178030461A46662102F020FB3888CC
:1037C0003E2847D05DB9984894F828100078002822
:1037D00020460AD019B190F9101001B100E023E0A1
:1037E000491E49B2017491B11EE0E9B190F910107F
:1037F0000A2919DA491C49B201740A2914DB417CEF
:1038000091B9002384F811903046012206E0417CF2
:1038100051B1002384F8118030461A46462102F047
:10382000EEFA38883E2815D08048405D002805EB28
:10383000450000EBC50004EB800090F828104CD048
:10384000F1B390F90E10D9B3491E49B28173C1B3D7
:1038500064E0FFE705EB450000EBC50004EB8000EA
:10386000B0F9022092FBFBF1714AB2F900209142BB
:1038700004DA704BB3F90030994211DC90F828302B
:1038800073B190F90E20322A5DDA521C52B2827363
:10389000322A58DBC27BEABB80F80F900BB22FE0D4
:1038A000914250DA634AB2F9002091424BDD90F820
:1038B000281079B390F90E1061B3491E49B201E0A6
:1038C0002CE028E0817329BBC17B19B380F80F80FD
:1038D000A8190023C0B21A4615E0F9B190F90E10EC
:1038E0000A291BDA491C49B281730A2916DBC17BFC
:1038F000A1B980F80F90B0F9021091FBFBF003B270
:10390000A819C0B201224F2102F079FA38883E2866
:1039100019D003E017E0C17B0029D7D14648405DAC
:10392000002805EB450000EBC50004EB800090F893
:1039300028104CD0F1B390F90C10D9B3491E49B2FC
:103940000173C1B381E005EB450000EBC50004EB5A
:103950008000B0F9082092FBFBF1384AB2F9002050
:10396000914204DA364BB3F90030994211DC90F8F9
:10397000283073B190F90C20322A71DA521C52B2FD
:103980000273322A6CDB427BF2BB80F80D900BB2E3
:1039900030E0914264DA2A4AB2F9002091425FDDB8
:1039A00090F8281081B390F90C1069B3491E49B200
:1039B000017301E029E045E031BB417B21B300BF49
:1039C00080F80D80A8190023C0B21A4615E0E1B1B5
:1039D00090F90C100A2938DA491C49B201730A29F6
:1039E00033DB417B89B980F80D90B0F9081091FB69
:1039F000FBF003B2A819C0B201224E2102F0FFF978
:103A000038883E282CD020E02AE01EE018C107208C
:103A100016C1072086C10720F8050820B8C0072076
:103A2000B7C00720B800001045C40720B20000103E
:103A3000FEC0072000C10720B500001002C107200A
:103A400004C10720417B0029BAD1FF48405D00280E
:103A500005EB450000EBC50004EB80003FD02CE0F7
:103A600005EB450000EBC50004EB8000B0F90A202F
:103A700092FBFBF1F54AB2F90030994204DAF44ABC
:103A8000B2F90020914211DC90F8282072B190F92F
:103A90001820322A3EDA521C52B20276322A39DB20
:103AA000427EBABB80F819900BB22DE0994231DA10
:103AB000E74AB2F9002091422CDD90F8281049B372
:103AC00090F9181031B3491E49B20176D1B321E003
:103AD00080F81980A8190023C0B21A4617E090F8A0
:103AE0002810B9B190F918100A2913DA491C49B203
:103AF00001760A290EDB417E61B980F81990B0F990
:103B00000A1091FBFBF003B2A819C0B201224921AF
:103B100002F075F905EB450000EBC50004EB8000F1
:103B2000417F890790F8281018D551B390F91A10E1
:103B3000322926DA491C49B28176322921DBC17E3D
:103B400029B11EE0FFE7417E0029C1D1E2E780F8FC
:103B50001B90037FA819C0B201220FE089B190F930
:103B60001A1071B1491E49B2817651B9C17E41B175
:103B700080F81B80A8190023C0B21A46542102F015
:103B80003EF96D1CEDB2BAF900008542FFF6E4ADD6
:103B900073E570B5044607220121AE4801F007F92C
:103BA00004EBC40000EB4001AB4800EB8105AB48DF
:103BB00095F83D1095F83A20514000D041700A40E8
:103BC00000D0827001EA0203DB071ED0C178491CD5
:103BD000C17034B1012C09D0022C0CD0032C0FD0B1
:103BE000E4E001231A460E219DA0DDE0012302221C
:103BF0000E21A2A0D8E0012303220E21A6A0D3E02B
:103C0000012304220E21ABA0CEE08B0720D5930721
:103C10001ED5C178491CC17034B1012C09D0022CC9
:103C20000CD0032C0FD0C1E0022301220E21A8A04A
:103C3000BAE002231A460E21ACA0B5E0022303220B
:103C40000E21B1A0B0E0022304220E21B5A0ABE00A
:103C50004B0720D553071ED5C178491CC17034B11C
:103C6000012C09D0022C0CD0032C0FD09EE0032392
:103C700001220E21B2A097E0032302220E21B7A059
:103C800092E003231A460E21BBA08DE003230422F9
:103C90000E21C0A088E00B0720D513071ED5C178E0
:103CA000491CC17034B1012C09D0022C0CD0032C5A
:103CB0000FD07BE0042301220E21BDA074E0042379
:103CC00002220E21C3A06FE0042303220E21CAA00A
:103CD0006AE004231A460E21D0A065E0CB0620D569
:103CE000D3061ED5C178491CC17034B1012C09D04E
:103CF000022C0CD0032C0FD058E0052301220E21FA
:103D0000CFA051E0052302220E21D6A04CE00523CE
:103D100003220E21DCA047E0052304220E21E3A0AC
:103D200042E08B0620D593061ED5C178491CC17090
:103D300034B1012C09D0022C0CD0032C0FD035E06B
:103D4000062301220E21E2A02EE0062302220E21EC
:103D5000E8A029E0062303220E21EFA024E0062399
:103D600004220E21F5A01FE001B3FAB9C178491C65
:103D7000C17034B1012C09D0022C0CD0032C0FD00F
:103D800014E0002301220E21F5A00DE00023022201
:103D90000E21F8A008E0002303220E21FAA003E080
:103DA000002304220E21FDA020F0E4F915F83A0FBB
:103DB000E87070BD70B5FE490020FE4DB1F90C20D1
:103DC0000121034601FA00F4224201D0295400E007
:103DD0002B54401CC0B20C28F4D3F74C2878F74E73
:103DE000217881420CD0B6F90010012908DB0128A6
:103DF00025D0002301220B21F1A000BF20F0BAF949
:103E00006178687881420BD0B6F90010022907DB8F
:103E1000012815D0002302220B21EEA020F0AAF9E0
:103E2000A178A87881420CD0B6F90010032908DBEC
:103E3000012807D0002303220B21EBA0DEE147E29B
:103E40004BE2DDE14EE2000042C4072002C1072040
:103E500004C1072079C0072040F4072041C0072093
:103E6000496E766572746F7220233120416C6172E5
:103E70006D2C206F7665726C6F616400496E76659B
:103E800072746F7220233220416C61726D2C206F2E
:103E90007665726C6F616400496E766572746F72DC
:103EA00020233320416C61726D2C206F7665726C1B
:103EB0006F616400496E766572746F7220233420DE
:103EC000416C61726D2C206F7665726C6F6164005D
:103ED000496E766572746F7220233120416C617275
:103EE0006D2C206F7665726865617400496E766529
:103EF00072746F7220233220416C61726D2C206FBE
:103F00007665726865617400496E766572746F7269
:103F100020233320416C61726D2C206F76657268AE
:103F200065617400496E766572746F722023342067
:103F3000416C61726D2C206F7665726865617400EA
:103F4000496E766572746F7220233120416C617204
:103F50006D2C206973207761726D0000496E766563
:103F600072746F7220233220416C61726D2C206953
:103F700073207761726D0000496E766572746F729E
:103F800020233320416C61726D2C2069732077618E
:103F9000726D0000496E766572746F722023342052
:103FA000416C61726D2C206973207761726D000025
:103FB000496E766572746F7220233120416C617294
:103FC0006D2C20766F6C7461676520697320757045
:103FD00000000000496E766572746F7220233220F3
:103FE000416C61726D2C20766F6C7461676520691D
:103FF0007320757000000000496E766572746F72F0
:1040000020233320416C61726D2C20766F6C7461BB
:10401000676520697320757000000000496E766541
:1040200072746F7220233420416C61726D2C207683
:104030006F6C746167652069732075700000000003
:10404000496E766572746F7220233120416C617203
:104050006D2C20766F6C7461676520697320646FC6
:10406000776E0000496E766572746F72202332207D
:10407000416C61726D2C20766F6C7461676520698C
:104080007320646F776E0000496E766572746F728C
:1040900020233320416C61726D2C20766F6C74612B
:1040A000676520697320646F776E0000496E7665DE
:1040B00072746F7220233420416C61726D2C2076F3
:1040C0006F6C7461676520697320646F776E0000A0
:1040D000496E766572746F7220233120416C617273
:1040E0006D2C206F7574707574206973206F66660F
:1040F00065640000496E766572746F722023322009
:10410000416C61726D2C206F7574707574206973C9
:10411000206F666665640000496E766572746F7222
:1041200020233320416C61726D2C206F7574707583
:1041300074206973206F666665640000496E766559
:1041400072746F7220233420416C61726D2C206F69
:104150007574707574206973206F666665640000FD
:10416000496E766572746F72202331206973206EF8
:104170006F726D00496E766572746F722023322003
:104180006973206E6F726D00496E766572746F721E
:10419000202333206973206E6F726D00496E76653F
:1041A00072746F72202334206973206E6F726D00F9
:1041B00062580010320B0820520B082012C1072051
:1041C0004176746F6D6174202331206973204F46EE
:1041D000460000004176746F6D61742023322069BF
:1041E00073204F46460000004176746F6D61742065
:1041F0002333206973204F46460000001FF0BAFFAA
:10420000E178E87881420BD0B6F90010042907DB89
:1042100001286CD0002304220B21F6A01FF0AAFF76
:104220002179287981420BD0B6F90010052907DBE6
:10423000012861D0002305220B21F3A01FF09AFF73
:104240006179687981420BD0B6F90010062907DB45
:10425000012856D0002306220B21F0A01FF08AFF70
:10426000A179A87981420BD0B6F90010072907DBA4
:1042700001284BD0002307220B21EDA01FF07AFF6D
:10428000E179E87981420BD0B6F90010082907DB03
:10429000012840D0002308220B21EAA01FF06AFF6A
:1042A000217A287A81420BD0B6F90010092907DB60
:1042B000012835D0002309220B21E7A01FF05AFF67
:1042C0000020295C2154401CC0B20C28F9D370BDD9
:1042D00001231A460B21E5A090E5012302220B21C0
:1042E000E7A09BE5012303220B21EAA0A6E5012319
:1042F00004220B21ECA091E7012305220B21EFA062
:104300009CE7012306220B21F1A0A7E70123072246
:104310000B21F4A0B2E7012308220B21F6A0BDE790
:10432000012309220B21F9A0C8E72DE9F041FC4F38
:10433000FC48FD4CB7F90010B0F90020B4F90000BA
:10434000914202DD00F1010002E002DAA0F1010079
:10435000208006220021F44800F034FDB4F900105A
:10436000F2480126052900DD06700024012900DA43
:104370000470EF48B7F90010EF4DB0F90020ED4898
:10438000931E99420BDA90F900201E2A16DA521C6D
:1043900052B202701E2A11DB2A88521E0CE0914292
:1043A0000BDD90F900201E2A08DA521C52B202706E
:1043B0001E2A03DB2A88521C2A800470DF48B84674
:1043C000B0F90000814201DD142203E0DC480088DE
:1043D000093002B20021D84800F0F4FCF02000F0CF
:1043E000BAFC28B1D7480168F12901D1406828807A
:1043F000B5F90010D448012901DC067000E0047012
:10440000D248D34FB0F90000A0F1320128291BD8BF
:10441000B8F90010CF4D814202DD2888401C288069
:10442000CD48B0F90000814202DA2888401E288079
:1044300006220021C74800F0C5FCB5F90000052898
:1044400000DD3E70012800DA3C70C448C44FB0F96A
:104450000000A0F132011E291BD8B8F90010C14D8F
:10446000814202DD2888401C2880BF48B0F9000046
:10447000814202DA2888401E288006220021B9489D
:1044800000F0A0FCB5F90000052800DD3E70012811
:1044900000DA3C70BDE8F081F8B5B44C0021A07999
:1044A0000A2807D2401CC0B2A0710A2802D3A17109
:1044B00001202072E079052805D2401CC0B2E071CD
:1044C000052800D1E171BE2000F045FCA84928B1C3
:1044D0009C480268BF2A5BD1406858E0207A88B3C4
:1044E000A44A1078552805D05078552802D0A24803
:1044F00000884CE0A14D00204FF0140C6B466FF08B
:104500001307165C552E0FD023F81070401CC0B254
:104510000228F6D3BDF90030BDF902209848934235
:1045200015DD1A46036013E000EB400606EB0016AB
:1045300005EB860696F80CE0BEF1000F03D023F8D9
:1045400010C0E3E724E0768923F81060DEE702601C
:104550008C4B002A02DAB3F9000012E0282A01DDB0
:1045600028220260884AB3F900300068B2F90020BE
:10457000D21A02EB820252004243C82092FBF0F0B2
:104580001844A27D022A02D18048B0F900000880B8
:10459000B1F9000062214143642291FBF2F17C4BAE
:1045A00019806621484390FBF2F07A490880F8BDF3
:1045B0002DE9F05F794E002077494FF0010A8146DE
:1045C000774DB6F9003002E1764A774C125C34F947
:1045D0001220B2F5FA6F0A5609DA0A2A08DA521CD2
:1045E00052B20A540A2A01DB05F800A0EDE0E0E02F
:1045F000DCE000004176746F6D6174202334206923
:1046000073204F46460000004176746F6D61742040
:104610002335206973204F46460000004176746FB1
:104620006D6174202336206973204F4646000000D8
:104630004176746F6D6174202337206973204F4673
:10464000460000004176746F6D6174202338206944
:1046500073204F46460000004176746F6D617420F0
:104660002339206973204F46460000004176746F5D
:104670006D6174202331206973204F4E20000000AB
:104680004176746F6D6174202332206973204F4E20
:10469000200000004176746F6D617420233320691F
:1046A00073204F4E200000004176746F6D617420BE
:1046B0002334206973204F4E200000004176746F30
:1046C0006D6174202335206973204F4E2000000057
:1046D0004176746F6D6174202336206973204F4ECC
:1046E000200000004176746F6D61742023372069CB
:1046F00073204F4E200000004176746F6D6174206E
:104700002338206973204F4E200000004176746FDB
:104710006D6174202339206973204F4E2000000002
:10472000A0C10720D8C0072036C407203C000010D5
:10473000DAC007203A000010AEC10720DCC0072015
:10474000A8C1072018000010BBC30720E2C0072043
:104750003B000010A8000010E4C00720DEC00720C6
:10476000BCC3072038C40720E0C0072008C00720CA
:1047700022C407201EC107205C000010A8F30720F8
:104780009800001052000010D8C30720DEC3072095
:1047900024C407209600001019C4072010C1072068
:1047A000D0C10720F7D7020068F307200A220A5475
:1047B0000BE0002A07DB521E52B20A54002A04DC26
:1047C00005F8009001E001F80090401CC0B298424A
:1047D000FFF6FAAE0024DFF8FCB3FF4FDFF8FC83EE
:1047E00072E0FF4830F814000028285D01D078B14D
:1047F00001E001280CD01BF90410002919DB491E27
:1048000049B20BF80410002915DC07F8049012E0F7
:104810001BF904000A2808DA401C40B20BF8040017
:104820000A2808DB07F804A005E00A200BF80400BA
:1048300001E00BF8049018F80410385D81423ED076
:10484000E84AD18C491CD184012807D014B3012C2B
:1048500025D0022C28D0032C2BD030E034B1012CF1
:1048600009D0022C0CD0032C0FD028E001231A46CB
:104870000F21DDA021E0012302220F21DDA01CE099
:10488000012303220F21DEA017E0012304220F21C0
:10489000DEA012E0002301220F21DFA00DE00023A3
:1048A00002220F21E1A008E0002303220F21E4A04F
:1048B00003E0002304220F21E6A01FF05BFC385D1B
:1048C00008F80400641CE4B2B6F90000844288DBF6
:1048D000E548A0F80090297851B1012906D16978FE
:1048E00001290BD0002901D103210180BDE8F09FEF
:1048F00069780129FAD1A0F800A0F7E70221F4E7CE
:10490000DA49DB4A01200870107048705070704717
:104910002DE9F05FD848DFF864E3DFF858C3B0F959
:104920000070BEF90000AF4CC0EB0011BCF90250A2
:104930006FF01D0A6FF0950B0026DFF83083B4F995
:104940002A000AEB81020BEB8103BD4204DCCC4F51
:10495000B7F90070BD4205DA824203DD834201DA15
:1049600088F80060C74DE146BCF908C0B5F90050B1
:10497000BF4FBCEB450F03DC6D42BCEB450F04DAC7
:10498000824202DD834200DA3E706FF0090202EBE0
:1049900081017546814220D1A07DF0B998F80000D0
:1049A00001281AD13878012817D14FF4D67021F098
:1049B0000DF9B549B1F9001088420ED0B34800880E
:1049C00058B199F83D00C00707D14FF4D67021F0D7
:1049D000A7F8AF480178491C0170A749B9F902202E
:1049E0004846B1F900108A4206DCA549B0F94E20CC
:1049F000B1F900108A420FDAB5F90010B4F92A2093
:104A0000C1EB01110AEB8103934205DD0BEB810140
:104A1000914201DA88F801609A49B9F95400B1F974
:104A20000010B0EB410F03DC4942B0EB410F0EDA4E
:104A3000B5F90000B4F92A10C0EB00100AEB8002AF
:104A40008A4204DD0BEB8000884200DA7E70B5F903
:104A50000000C0EB00116FF0090000EB8100B4F919
:104A60002A10884222D1A07D00BB98F801000128BD
:104A70001CD17878012819D14FF4E576304621F021
:104A8000A5F802468048B0F902108A420ED07F484D
:104A9000008802280AD199F88900C00706D130465B
:104AA00021F03EF87A480178491C0170B5F9000000
:104AB0006FF00101C0EB001001EB8000B4F92A1087
:104AC000884202D1BDE8F05F1AE70FE72DE9F04F09
:104AD0007048DFF81081714903786F4898F9002019
:104AE000B1F90010B0F900004FF0000E4FF0010BCB
:104AF00023B1022B23D0012B31D01EE0684E5D4B39
:104B000034787778B3F90A5093F80CC0B3F956604B
:104B100093F8583022B1012A11D1552C16D110E04A
:104B2000552C04D1854208DCBCF1000F05D1552F6E
:104B300005D1864201DC002B01D088F800B0BDE829
:104B4000F08F8D42FBDABCF1000FF8D1552F03D165
:104B50008E42F4DA002BF2D188F800E0EFE7524CF5
:104B6000504BB4F90050B4F90260AA464F4DB3F966
:104B70000030B4F90440D5E900C7AD68B9468BB13F
:104B80008245DADCBCF1000FD7D1012B04DD86426F
:104B9000D3DCB9F1000FD0D1022B03DD8442CCDC91
:104BA000002DCAD1012ACAD1002BD5D08A45C6DA38
:104BB000BCF1000FC3D1022B04DB8E42BFDAB9F186
:104BC000000FBCD1032BC7DB8C42B8DA002DC3D059
:104BD000B5E7000090000010D4C107201DC40720D5
:104BE0006EC2072008C00720534B20233120416CA0
:104BF00061726D00534B20233220416C61726D0055
:104C0000534B20233320416C61726D00534B2023A2
:104C10003420416C61726D00534B20233120416C74
:104C200061726D206973206F66660000534B20230C
:104C30003220416C61726D206973206F66660000DE
:104C4000534B20233320416C61726D206973206FB8
:104C500066660000534B20233420416C61726D2046
:104C60006973206F66660000940000109C000010BD
:104C700026C40720A8F30720960000105E0000104D
:104C800024C4072058000010F4C107200AC10720DF
:104C90009E000010ECC30720EAC307206600001046
:104CA0001EC107200EC1072056C20720D80A0820BF
:104CB00070B5374A0020A2F11401064601F10A033B
:104CC0000C5C54B11D5CAC4207D1145C2CB1641E69
:104CD00014F0FF04145400D10E540C5C1C54401CFE
:104CE000C0B20A28ECD370BD70B5294D0024143D24
:104CF000641CE4B22E5D1EB1864201D00A2CF7D3AB
:104D0000285523480C3040F82410283040F824203F
:104D10003438035570BD1E4A0021143A491CC9B2EB
:104D2000535C834201D00A29F8D3DBB2834210D10D
:104D300017480C3050F8213016480360144B3433B8
:104D400053F82130436000205054114A5054012040
:104D50007047002070470E4A0021143A491CC9B21E
:104D6000535C834201D00A29F8D3DAB282420CD1D3
:104D700007480C3050F8212006480260044A3432BB
:104D800052F8211041600120704700207047000058
:104D9000D45700101800001090F900308B4200DA50
:104DA000027090F90030934200DD0170704790F975
:104DB00000308B4200DA017090F90010914200DD62
:104DC00002707047B0F900308B4200DA0180B0F910
:104DD0000010914200DD02807047B0F900308B4234
:104DE00000DA0280B0F90030934200DD01807047A4
:104DF00003688B4201DB194600E00160914200DD4F
:104E00000260704703688B4200DA026003689342D5
:104E100000DD01607047000070B5FF480278FF4870
:104E2000016812B141F0010101E021F001010160CE
:104E30000021FB4C5FF0010301EB410202EB011288
:104E400004EB820292F83D20D20706D04D1C03FAF3
:104E500005F205689543154304E04A1C056803FA0A
:104E600002F29543491CC9B205600229E4D32946E0
:104E7000EA4D00221435AC5C34B102F10F0603FA9E
:104E800006F4A143214304E002F10F0403FA04F401
:104E9000A143521CD2B2062AEDD3E24D002201609A
:104EA000AC5C012C2FD002F1190403FA04F4A143E5
:104EB000521CD2B2042AF3D30160836821EA0302B0
:104EC000C26044681443D84A4460158815B124F080
:104ED0000074446054881CB1446824F080644460C9
:104EE00094881CB1446824F000644460D2881AB1EC
:104EF000426822F0805242608B43DA43CB4B02611E
:104F00001B883BB109E002F1190603FA06F4A1433C
:104F10002143CDE762F001020261036942681A4051
:104F2000C0E9012170BDF8B54FF46065284620F056
:104F30004DFE401C04463F2800D9002421B22846DB
:104F400020F0EEFD40F60266304620F03FFE3F289E
:104F500000D0204601B2304620F0E2FD284620F085
:104F600035FE4FF4806101EB401555208DF80000AF
:104F700000248DF8014052208DF802008DF8034086
:104F80006946284620F0F9FF6946281D009420F064
:104F9000F4FFA74E308B8DF80000307D8DF80100B6
:104FA000307A8DF802008DF80340694605F108005B
:104FB00020F0E3FF30798DF8000030789D4E8DF8B9
:104FC000010030688DF802008DF80340694605F154
:104FD0000C0020F0D2FF41248DF800408DF80140F4
:104FE0008DF802408DF80340694605F1100020F06D
:104FF000C4FF8DF800408DF801408DF802408DF817
:105000000340694605F1140020F0B7FF8DF8004019
:105010008DF801408DF802408DF80340694605F196
:10502000180020F0AAFF8DF800408DF801408DF89F
:1050300002408DF80340694605F11C0020F09DFFF9
:10504000FF203060F8BDF8B54FF46065284620F0C9
:10505000BDFD401C04463F2800D9002421B228464B
:1050600020F05EFD40F60266304620F0AFFD3F289E
:1050700000D0204601B2304620F052FD284620F0F4
:10508000A5FD4FF4806101EB4010054657208DF8D7
:10509000000000268DF801604E208DF802008DF88A
:1050A00003606946284620F068FF6946281D00967F
:1050B00020F063FF604CA08B8DF80000207E8DF8FF
:1050C0000100207B8DF802008DF80360694605F130
:1050D000080020F052FF207A8DF8000020798DF82A
:1050E000010020788DF802008DF80360694605F113
:1050F0000C0020F042FF41248DF800408DF8014063
:105100008DF802408DF80340694605F1100020F04B
:1051100034FF8DF800408DF801408DF802408DF885
:105120000340694605F1140020F027FF8DF8004088
:105130008DF801408DF802408DF80340694605F175
:10514000180020F01AFF8DF800408DF801408DF80E
:1051500002408DF80340694605F11C0020F00DFF68
:10516000F8BDF8B54FF46065284620F02FFD401CCF
:1051700004463F2800D9002421B2284620F0D0FC64
:1051800040F60266304620F021FD3F2800D0204640
:1051900001B2304620F0C4FC284620F017FD4FF441
:1051A000806101EB4010054657208DF80000002675
:1051B0008DF8016049208DF802008DF80360694682
:1051C000284620F0DAFE6946281D009620F0D5FE1C
:1051D000194CA08B8DF80000207E8DF80100207BFB
:1051E0008DF802008DF80360694605F1080020F093
:1051F000C4FE207A8DF8000020798DF80100207817
:105200008DF802008DF80360694605F10C0020F06E
:10521000B4FE412412E0000018C407202000001052
:10522000A8F30720D4C107207EC20720D2C00720E0
:105230002440024080C10F40204002408DF80040D1
:105240008DF801408DF802408DF80340694605F164
:10525000100020F092FE8DF800408DF801408DF88E
:1052600002408DF80340694605F1140020F085FEE8
:105270008DF800408DF801408DF802408DF8034014
:10528000694605F1180020F078FE8DF800408DF891
:1052900001408DF802408DF80340694605F11C007D
:1052A00020F06BFEF8BDF8B54FF46065284620F09D
:1052B0008DFC401C04463F2800D9002421B228461A
:1052C00020F02EFC40F60266304620F07FFC3F289E
:1052D00000D0204601B2304620F022FC284620F0C3
:1052E00075FC4FF4806101EB4010054654208DF8A9
:1052F000000000268DF801604E208DF802008DF828
:1053000003606946284620F038FE6946281D00964D
:1053100020F033FEFF4CA08B8DF80000207E8DF82E
:105320000100207B8DF802008DF80360694605F1CD
:10533000080020F022FE207A8DF8000020798DF8F8
:10534000010020788DF802008DF80360694605F1B0
:105350000C0020F012FE41248DF800408DF8014031
:105360008DF802408DF80340694605F1100020F0E9
:1053700004FE8DF800408DF801408DF802408DF854
:105380000340694605F1140020F0F7FD8DF8004058
:105390008DF801408DF802408DF80340694605F113
:1053A000180020F0EAFD8DF800408DF801408DF8DE
:1053B00002408DF80340694605F11C0020F0DDFD38
:1053C000F8BDF8B54FF46065284620F0FFFB401C9F
:1053D00004463F2800D9002421B2284620F0A0FB33
:1053E00040F60266304620F0F1FB3F2800D0204610
:1053F00001B2304620F094FB284620F0E7FB4FF442
:10540000806101EB4010054654208DF80000002615
:105410008DF8016049208DF802008DF8036069461F
:10542000284620F0AAFD6946281D009620F0A5FD1B
:10543000B84CA08B8DF80000207E8DF80100207BF9
:105440008DF802008DF80360694605F1080020F030
:1054500094FD207A8DF8000020798DF801002078E5
:105460008DF802008DF80360694605F10C0020F00C
:1054700084FD41248DF800408DF801408DF80240F4
:105480008DF80340694605F1100020F076FD8DF897
:1054900000408DF801408DF802408DF803406946C8
:1054A00005F1140020F069FD8DF800408DF80140F1
:1054B0008DF802408DF80340694605F1180020F090
:1054C0005CFD8DF800408DF801408DF802408DF8AC
:1054D0000340694605F11C0020F04FFDF8BD2DE9A1
:1054E000F8438C4D8C4A203D00262F154FF4606107
:1054F000012802D000287DD031E1012010708846BB
:10550000084620F063FB401C04463F2800D90024D5
:1055100021B2404620F004FB40F60269484620F0E4
:1055200055FB3F2800D0204601B2484620F0F8FA4B
:10553000404620F04BFB07EB401750208DF8000051
:105540008DF8016041248DF802408DF803606946B2
:10555000384620F012FD6946381D009620F00DFDFA
:1055600005F12005A88B8DF80000287E8DF801003C
:10557000287B8DF802008DF80360694607F108006A
:1055800020F0FBFC287A8DF8000028798DF80100C6
:1055900028788DF802008DF80360694607F10C0049
:1055A00020F0EBFC8DF800408DF801408DF80240B2
:1055B0008DF80340694607F1100020F0DEFC8DF8FD
:1055C00000408DF801408DF802408DF80340694697
:1055D00007F1140020F0D1FC8DF800408DF8014057
:1055E0008DF802408DF80340694607F1180020F05D
:1055F000C4FC00E011E08DF800408DF801408DF80A
:1056000002408DF80340694607F11C0020F0B5FC0C
:1056100000230122022141A09FE045481670B046B8
:10562000026822F001020260424A12881AB14268FE
:1056300022F001024260084620F0C8FA06463446CD
:105640004FEA070909EB44176946384620F097FBF3
:105650009DF80000502822D19DF80100F8B99DF86E
:10566000020041281BD105E0641E00E03F24B44243
:10567000E8D174E0694607F1100020F080FB9DF846
:10568000000041280BD19DF80100412807D19DF869
:105690000200412803D19DF80300412802D0002CCC
:1056A000E4D0E1E705F12005A88B8DF80000287E05
:1056B0008DF80100287B8DF8020044468DF80380A8
:1056C000694607F1100020F058FC287A8DF8000098
:1056D00028798DF8010028788DF802008DF80340B4
:1056E000694607F1140020F048FC13484224017871
:1056F0008DF8001040788DF801008DF802408DF88B
:105700000340694607F1180020F037FC8DF800408F
:1057100014E000002040024018C407204D61696E6B
:1057200020706F776572206973206F6666000000D5
:1057300020000010D2C007208E0000108DF801401C
:105740008DF802408DF80340694607F11C0020F0F7
:1057500014FC01231A460221FFA01EF00BFD00BF1E
:10576000BDE8F8832DE9F84F4F2581461C464F29A7
:1057700012D06F290FD0432908D054290BD04929C2
:1057800009D04C2907D0532905D005E00D46F7492B
:105790000F20088000E00D46DFF8D4A34FF46060CE
:1057A0004FF4806B012A13D0002A7DD120F00EFA2D
:1057B00084B2A0465FF000070BEB441086B2694646
:1057C000304620F0DCFA9DF8000049286DD17BE0DE
:1057D000074620F0FBF9401C86B23F2E00D9002678
:1057E00031B2384620F09CF940F60268404620F07D
:1057F000EDF980B23F2800D0304601B2404620F09B
:105800008FF9384620F0E2F90BEB401086B24920C0
:105810008DF800008DF801908DF8025000258DF86C
:1058200003506946304620F0A8FB8DF80040201256
:105830008DF801008DF802508DF803506946301D37
:1058400020F09BFBBAF83C000AF120048DF8000020
:10585000207E8DF80100207B8DF802008DF803502A
:10586000694606F1080020F088FB207A8DF80000D8
:1058700020798DF8010020788DF802008DF8035012
:10588000694606F10C0020F078FB41248DF80040B9
:105890008DF801408DF802408DF80340694606F10D
:1058A000100020F06AFB01E06DE07AE08DF8004026
:1058B0008DF801408DF802408DF80340694606F1ED
:1058C000140020F05AFB44E09DF80110494568D1CE
:1058D0009DF80200A84264D1694606F1100020F04C
:1058E0004EFA9DF8000041285BD14EE0641EA4B240
:1058F00000E03F24444546D07F1CFFB23F2FFFF419
:105900005BAF002E3FD0BAF83C000AF120048DF8BE
:105910000000207E8DF80100207B8DF802004FF002
:1059200000058DF80350694606F1100020F025FBB4
:10593000207A8DF8000020798DF8010020788DF80C
:1059400002008DF80350694606F1140020F015FBA3
:1059500042248DF800408DF801408DF802408DF80A
:105960000340694606F1180020F007FB8DF800405F
:105970008DF801408DF802408DF80340694606F12C
:105980001C0020F0FAFABDE8F88F9DF801004128CC
:1059900007D19DF80200412803D19DF8030041285A
:1059A000AAD0002CA5D0A1E72DE9F84F0E4655212D
:1059B000DFF8BCB188464FF000094FF460674FF440
:1059C0008065012814D000287ED1384620F0FEF8EA
:1059D00087B23C460026AA460AEB441085B26946C7
:1059E000284620F0CCF99DF8000044286DD17BE0DA
:1059F000384620F0EBF8401C84B23F2C00D900243C
:105A000021B2384620F08CF840F6026A504620F069
:105A1000DDF880B23F2800D0204601B2504620F089
:105A20007FF8384620F0D2F805EB401085B24420CC
:105A30008DF800008DF801908DF802804C468DF8AD
:105A400003906946284620F098FA8DF800603012DD
:105A50008DF801008DF802408DF803406946281D3D
:105A600020F08BFABBF83C000BF120068DF800000B
:105A7000307E8DF80100307B8DF802008DF80340F8
:105A8000694605F1080020F078FA307A8DF80000B8
:105A900030798DF8010030788DF802008DF80340E0
:105AA000694605F10C0020F068FA41248DF80040A9
:105AB0008DF801408DF802408DF80340694605F1EC
:105AC000100020F05AFA01E07BE044E08DF800403D
:105AD0008DF801408DF802408DF80340694605F1CC
:105AE000140020F04AFA52E09DF8010098BB9DF89E
:105AF0000210414572D1694605F1100020F03FF9CE
:105B00009DF80000412869D15CE0641EA4B200E069
:105B10003F24BC4255D0761CF6B23F2EFFF45CAF5A
:105B2000002D4ED0BBF83C000BF120048DF8000096
:105B3000207E8DF80100207B8DF802004E468DF806
:105B40000390694605F1100020F017FA207A8DF8CD
:105B5000000020790EE041E04D61696E20706F77A2
:105B60006572206973206F6E00000000D0C00720AE
:105B7000004002408DF8010020788DF802008DF879
:105B80000360694605F1140020F0F7F942248DF80E
:105B900000408DF801408DF802408DF803406946C1
:105BA00005F1180020F0E9F98DF800408DF801406A
:105BB0008DF802408DF80340694605F11C0020F085
:105BC000DCF9E0E69DF80100412807D19DF80200CC
:105BD000412803D19DF8030041289CD0002C97D088
:105BE00093E72DE9F84F0E465521DFF844A491467E
:105BF00088464FF460654FF4806B012814D000286C
:105C00007ED128461FF0E2FF87B23C465FF00006D7
:105C10000BEB441085B26946284620F0B0F89DF899
:105C200000004F286DD17BE028461FF0CFFF401CBD
:105C300084B23F2C00D9002421B228461FF070FF07
:105C400040F6026738461FF0C1FF80B23F2800D0FF
:105C5000204601B238461FF063FF28461FF0B6FF0A
:105C60000BEB401085B24F208DF800008DF80190AD
:105C70008DF8028000248DF803406946284620F004
:105C80007CF98DF8006030128DF801008DF802402B
:105C90008DF803406946281D20F06FF9BAF83C00E2
:105CA0000AF120068DF80000307E8DF80100307B6F
:105CB0008DF802008DF80340694605F1080020F0D8
:105CC0005CF9307A8DF8000030798DF80100307879
:105CD0008DF802008DF80340694605F10C0020F0B4
:105CE0004CF941248DF800408DF801408DF80240B8
:105CF0008DF80340694605F1100020F03EF901E0FF
:105D00006DE079E08DF800408DF801408DF802409B
:105D10008DF80340694605F1140020F02EF944E0A7
:105D20009DF80110494567D19DF80210414563D1A6
:105D3000694605F1100020F022F89DF80000412886
:105D40005AD14DE0641EA4B200E03F24BC4246D0CC
:105D5000761CF6B23F2EFFF45BAF002D3FD0BAF8B1
:105D60003C000AF120048DF80000207E8DF801002F
:105D7000207B8DF802004FF000068DF80360694625
:105D800005F1100020F0F9F8207A8DF80000207954
:105D90008DF8010020788DF802008DF803606946C7
:105DA00005F1140020F0E9F842248DF800408DF848
:105DB00001408DF802408DF80340694605F1180056
:105DC00020F0DBF88DF800408DF801408DF802409E
:105DD0008DF80340694605F11C0020F0CEF8D2E5AD
:105DE0009DF80100412807D19DF80200412803D108
:105DF0009DF803004128ABD0002CA6D0A2E72DE9E6
:105E0000F84F4F2581461C464F2910D049290DD007
:105E10004E290BD0542909D0662907D0462905D030
:105E2000432903D04D2901D06D2900D10D464FF0F3
:105E3000000A4FF460604FF4806B012A12D0002AF0
:105E40007ED11FF0C3FE84B2A04600270BEB4410A6
:105E500086B2694630461FF092FF9DF80000422846
:105E60006FD179E007461FF0B1FE401C86B23F2E8D
:105E700000D9002631B238461FF052FE40F60268C3
:105E800040461FF0A3FE80B23F2800D0304601B24A
:105E900040461FF045FE38461FF098FE0BEB4010C1
:105EA00086B242208DF800008DF801908DF80250E6
:105EB00055468DF803A06946304620F05EF88DF80F
:105EC000004020128DF801008DF802508DF803502B
:105ED0006946301D20F051F8564CA08B8DF800001B
:105EE000207E8DF80100207B8DF802008DF8035094
:105EF000694606F1080020F040F8207A8DF800008D
:105F000020798DF8010020788DF802008DF803507B
:105F1000694606F10C0020F030F841248DF800406D
:105F20008DF801408DF802408DF80340694606F176
:105F3000100020F022F88DF800408DF8014001E0BB
:105F400066E072E08DF802408DF80340694606F184
:105F5000140020F012F841E09DF80110494564D189
:105F60009DF80200A84260D1694606F110001FF0BA
:105F700006FF9DF80000412857D14AE0641EA4B2F4
:105F800000E03F24444543D07F1CFFB23F2FFFF485
:105F90005DAF002E3CD0274CA08B8DF80000207EFA
:105FA0008DF80100207B8DF8020055468DF803A086
:105FB000694606F110001FF0E0FF207A8DF800001E
:105FC00020798DF8010020788DF802008DF80350BB
:105FD000694606F114001FF0D0FF42248DF80040FE
:105FE0008DF801408DF802408DF80340694606F1B6
:105FF00018001FF0C2FF8DF800408DF801408DF8A9
:1060000002408DF80340694606F11C001FF0B5FF01
:10601000B9E49DF80100412807D19DF8020041280C
:1060200003D19DF803004128AED0002CA9D0A5E7EC
:10603000004002402040024008B5DE48DEA3B0F830
:10604000441040F6B830009019B1E1A2E6A1ECA0EE
:1060500002E0F1A2F6A1FCA0FBF70FFD08BD1120A4
:10606000FF4908727047002801DA404200B27047C9
:1060700010B54FF434701FF0A9FDFA4C207040F2B7
:10608000D2201FF0A3FD60704FF435701FF09EFD0D
:10609000A07040F2D6201FF099FDE0704FF43670EA
:1060A0001FF094FD207240F2DA201FF08FFD607225
:1060B0004FF437701FF08AFDA07240F2DE201FF00F
:1060C00085FDE0724FF443701FF080FD207140F2B7
:1060D0000E301FF07BFD60714FF444701FF076FDB1
:1060E000A07140F212301FF071FDE07110BDDE486A
:1060F00010B5016821F0E06101604168DC4AC1F33C
:106100000B13DA4C117824F81130491CC9B2117004
:10611000032903D2016841F08071016010BD2DE9AF
:10612000F0470746DDE90A090E46DDE9085A01B2E3
:106130001446984698201FF0F3FC00219A201FF087
:10614000EFFC0121CA201FF0EBFC3C21C2201FF014
:10615000E7FC39B278201FF0E3FC04EBD470401068
:1061600001B2C8201FF0DCFC31B27A201FF0D8FC4D
:1061700021B27C201FF0D4FC4621C6201FF0D0FCA9
:1061800050217E201FF0CCFC0FFA88F182201FF0F6
:10619000C7FCBB2184201FF0C3FC002186201FF018
:1061A000BFFC0A2188201FF0BBFC0FFA89F1DE201A
:1061B0001FF0B6FC29B28C201FF0B2FCE8000A21C7
:1061C00090FBF1F001B28E201FF0AAFC0121A0206B
:1061D0001FF0A6FC0121A2201FF0A2FC0121A42097
:1061E0001FF09EFCA02192201FF09AFC0FFA8AF16A
:1061F00094201FF095FC032196201FF091FC322182
:10620000CC201FF08DFC2821CE201FF089FC5521C9
:10621000BC201FF085FC1E21BE201FF081FC012147
:1062200080201FF07DFC4621D0201FF079FC3C210E
:10623000D4201FF075FC1921D2201FF071FC5021D1
:10624000D6201FF06DFC4621D8201FF069FC5B2191
:10625000DA201FF065FC5021DC201FF061FC854C2A
:106260000021B4F900001FF05BFC834D0021B5F95B
:1062700000001FF055FC814E4FF0FF373946B6F94C
:1062800000001FF04DFCB4F9020000211FF048FC93
:10629000B5F9020000211FF043FCB6F902003946AF
:1062A0001FF03EFCB4F9040000211FF039FCB5F9E1
:1062B000040000211FF034FCB6F9040039461FF039
:1062C0002FFCB4F9060000211FF02AFCB5F90600E6
:1062D00000211FF025FCB6F9060039461FF020FC0E
:1062E0000A214FF419701FF01BFCBDE8F0470B2189
:1062F0004FF418701FF014BC2DE9FF47002107234D
:10630000182809D064224FF41674302810D03C2885
:1063100019D0DC2823D0B6E0F0249622CDE9002461
:10632000CDE902310246162311464FF4967013E070
:106330004FF4F075CDE90025CDE9023102462C235A
:106340001146204608E0CDE90024CDE9023102469D
:106350003723114640F2EE20FFF7E1FE93E040F6CE
:10636000980440F62A110220CDE90024CDE902016B
:10637000BB2340F60B1240F63E1140F69210FFF799
:10638000CEFE40F2BD11C8201FF0CAFB2146C4203A
:106390001FF0C6FB142192201FF0C2FB45F21161D1
:1063A0004FF49E701FF0BCFB0121CA201FF0B8FB08
:1063B000AA2165E078C1072020202020202020206D
:1063C000202020202020202020202020000000004D
:1063D0002020E7E0E1EBEEEAE8F0EEE2E0EDEE218E
:1063E0002121202000000000202020F0E0E1EEF23A
:1063F000FB20F1E8F1F2E5ECFB202020000000009A
:10640000C8E7ECE5EDE5EDE8E520EFE0F0E0ECE5F0
:10641000F2F0EEE2000000002020202069732062EC
:106420006C6F636B65642121212020200000000037
:106430006F7065726174696E6720706172616D65FD
:1064400074657273000000002020204368616E674D
:10645000696E672073797374656D202000000000F9
:1064600000400240603808200040034046C007203A
:1064700009C0072054D802005CD802006CD8020082
:10648000BC201FF04DFBFF4DAA21B5F900001FF005
:1064900047FBFD4C2178FD4EB6F900001FF040FB94
:1064A000217BFB4FB7F900001FF03AFBB4F9101045
:1064B000DFF8E0A3BAF900001FF032FBDFF8D88361
:1064C0000021B8F900001FF02BFBDFF8D09300216A
:1064D000B9F900001FF024FBB5F90200AA211FF052
:1064E0001FFB2178B6F902001FF01AFB217BB7F9D8
:1064F00002001FF015FBB4F91010BAF902001FF0EA
:106500000FFBB8F9020000211FF00AFBB9F90200E5
:1065100004B00021BDE8F0471FF002BBE04910B510
:10652000B1F93A00642801DA401C4887488F0228F4
:1065300009D108201FF04AFB401C01B2BDE8104001
:1065400008201FF0EDBA10BD70B506201FF03EFB0D
:10655000002804DB06201FF039FB022803DD0021A0
:1065600006201FF0DDFACF49CF4C01250878401CEA
:10657000C0B208700A2805D3CC480068C00701D112
:10658000E07828B1CA48B0F9000078B101280DD0F0
:1065900006201FF01BFB022808DA06201FF016FB5E
:1065A000401C01B206201FF0BBFAE570B4F94400AC
:1065B000B0F5616F07D306201FF008FB18B100216A
:1065C00006201FF0ADFABB4881687F22B2EB116F45
:1065D00000D1E5708068C0F307407F2800D1E570E6
:1065E00070BD7FB5AE4D803DA5F15404A88A1C3026
:1065F000C0B220722178491CC9B204F82C1981421A
:1066000034D9B4F8580088B304F14004002604F8E3
:10661000146C6888A988E28F2B88C0B2C9B2D2B244
:10662000DBB2CDE90210CDE90032608FA0F132007B
:10663000C3B2A08FC2B2A08EC1B24FF0F10022F05F
:1066400038F8E18E208F32393238C9B2C0B20091A9
:10665000CDE90106039628883146C3B2E08FA4F144
:106660004004C2B24FF0F20022F023F894F82C005C
:10667000142816D3B5F914101431884211DA00EB3E
:10668000C00101EB41028C4901EB8201A1F580516F
:1066900091F8A7273C2A01D2521C00E03C2281F845
:1066A000A727E98B002917D0142815D1834890F823
:1066B00026103C2902D2491C80F8261090F852106E
:1066C0003C2902D2491C80F8521090F87E103C29D7
:1066D00002D2491C80F87E107FBD714900204631EE
:1066E0000870487088705231487070472DE9F04F3B
:1066F0000020724A85B04FF4F4710446E03214541D
:10670000401C00B28842FADB674EB07858B906F1F7
:106710008008B8F91200A8B1012804D106F1A6003A
:10672000007855280ED000214FF0140C7A2301FB7D
:1067300003F001EB81039B0001EB81041BB20CEB26
:106740008404B9E15948DFF878B14FF0320A0068A3
:106750004FF00307C00717D0707FA8B15948CDE9A3
:106760000204CDE900A7032155461823322208462A
:106770001CF023FBCDE902B4CDE900570321182317
:10678000322208461CF019FBB8F8120001254FF020
:106790000A0900282CD0009414232322002132203F
:1067A00001941CF04EFA0094022303221421352098
:1067B00001941CF046FA00940223032214214F2076
:1067C00001941CF03EFADFF8F080A8F1980898F8E0
:1067D0003D00C0070DD0707F0028DBD0CDE902B4AA
:1067E000CDE900A71823322200212B201CF0E5FA66
:1067F000BAE00B2300221421422000941CF006F87A
:10680000002322221F21422000941BF0FFFFB8F931
:106810000800002805DA307A042300221330C1B2C0
:1068200005E0307A0423C0F12200C1B202224220E6
:106830001CF044FAF07A0F287ED219487C30B0F967
:106840000000A0F5AA41553964D0B8F9100005211F
:1068500090FBF1F0ADF810001422002104A8FEF71F
:10686000B1FACDE90054BDF91030202200213320C7
:106870001CF0E7F9B8F8101002200A2934D20923D5
:106880000C2221E00CD802002C40024010D802005B
:1068900014D8020008D8020004D8020018D8020058
:1068A00078C1072072C4072078C00720200000109C
:1068B0003E0B08200040044040F40720F805082063
:1068C0003FE00200A9DF0200CDE9005005213D2094
:1068D0001CF0B7F9B8F9100002238DE8310005214A
:1068E000FEA23D20039513E0C246642913D28046E0
:1068F000CDE900580923122205213A201CF0A1F904
:10690000BAF9101003958DE812010323F4A222E0D6
:106910001CF07FFA28E0CDE9005009231822052158
:1069200037201CF08EF9BAF9100003958DE891001C
:106930000423ECA2052100E001E03720E8E7B8F9E4
:1069400008101E2891FBF9F000B28DE8A100039514
:1069500004D20423E5A205213A20D9E70523E5A2C4
:10696000194635201CF0F8FA00940E231B2204214E
:106970005C2001941CF065F900231A1F0A215C2099
:1069800000941BF043FF002304220A217620009488
:106990001BF03CFF002327221F21432000941BF003
:1069A00035FF6FF00D0300221F21692000941BF0BA
:1069B0002DFFB07AB046C0F12200C1B204230222FA
:1069C00069201CF07BF9CD4E0523CDA2B6F912103B
:1069D000039591FBF9F000B200900421CDE901414B
:1069E000162146201CF015FAB6F91400642807DABF
:1069F0008DE8A10004230721BCA25D20039509E0D6
:106A000090FBF9F000B203958DE891000423B7A242
:106A100007215A201CF0FDF998F807104046491C40
:106A2000C9B288F80710032924D3C471017A491C1C
:106A3000C9B201720D2900D30472417A491CC9B24E
:106A40004172202900D34472817A491CC9B28172F3
:106A50000F2900D38472C17AAB4A01F10101C9B296
:106A6000C17292F83D20920707D52D2902D300BFAD
:106A700088F80B4005B0BDE8F08F1E29F8D2F9E781
:106A8000A24DA34FED5C05EB450517F815601654B4
:106A900007EB4505401C6E781654401CAE78165422
:106AA000401CEE781654401C2E791654401C6D790B
:106AB0001554401C5B1C1BB29C42E1DC491C09B212
:106AC0000429FFF633AED5E72DE9F04FDFF844C2D5
:106AD000ADF50B7D62469CF82830567F874A05212C
:106AE0000020B2F94420DFF830B252AC002B39D08C
:106AF0004FEA46602AB1002801DA88A006E08DA09E
:106B000004E0002801DA91A000E096A052904FEA3C
:106B100006602AB1002801DA98A006E09DA004E0F2
:106B2000002801DAA1A000E0A6A053907A4D02202F
:106B300007213F356F782D783AB11FB1A7A0549047
:106B40000320082175B1ABA506E01FB1AFA054909A
:106B50000320082135B1B2A544F82050401C491C3F
:106B6000C0B2C9B2DFF8D082D8F80050EF0709D020
:106B70000AB1B2A700E0B7A744F82070401C491C36
:106B8000C0B2C9B29BF806705FB10AB1B7A700E006
:106B9000BCA744F8207000F1010001F10101C0B26E
:106BA000C9B22F0708D5BDA744F8207000F1010035
:106BB00001F10101C0B2C9B2EF0608D5BDA744F882
:106BC000207000F1010001F10101C0B2C9B2AF06AD
:106BD00008D5BEA744F8207000F1010001F10101C1
:106BE000C0B2C9B26F0608D5BEA744F8207000F144
:106BF000010001F10101C0B2C9B22F0608D5BFA73B
:106C000044F8207000F1010001F10101C0B2C9B2E5
:106C1000EF0508D5BFA744F8207000F1010001F18D
:106C20000101C0B2C9B2AF0508D5C0A744F82070B1
:106C300000F1010001F10101C0B2C9B26D0506D534
:106C4000C0A544F82050401C491CC0B2C9B2DFF8AE
:106C5000AC8008F15C0808F1B20798F80050B7F969
:106C60000070AA46B946A8F1DC07012DB7F91870E3
:106C700082970DD167B1B9F1000F09D10AB1B7A55B
:106C800000E0BCA544F82050401C491CC0B2C9B269
:106C900098F80150012D10D1829D012D0DDD1B4D65
:106CA000083D6D884DB90AB1B8A500E0BDA544F80E
:106CB0002050401C491CC0B2C9B298F80250012DA6
:106CC00009D1829D022D06DD104D083DAD8815B914
:106CD00012B1BAA57FE184E17CE10000202500002B
:106CE0002020250020202025000000002020204119
:106CF00000000000414343C8CC00000078C10720D9
:106D00002020202042000000A8F307208EC2072088
:106D100078D80200F805082078C00720CFF0E8EE08
:106D2000F0E8F2E5F220E8EDE2E5F0F2EEF0FB202B
:106D300000000000CFF0E8EEF0E8F2E5F220F1E527
:106D4000F2FC202020202020000000005072696FFB
:106D5000726974793A20696E766572746F72732005
:106D6000000000005072696F726974793A206D6199
:106D7000696E73202020202000000000D0E0E1EEAA
:106D8000F2E020EEF220E8EDE2E5F0F2EEF0EEE2E5
:106D900000000000D0E0E1EEF2E020EEF220F1E5AC
:106DA000F2E820202020202000000000496E206F03
:106DB0007065726174653A20696E766572746F727F
:106DC00000000000496E206F7065726174653A20A2
:106DD0006D61696E7320202000000000D0F3F7ED94
:106DE0002E20F3EFF02DEDE8E53A20F1E5F2FC205E
:106DF00000000000D0F3F7ED2E20F3EFF02DEDE8CA
:106E0000E53A20E8EDE22E200000000048616E64C3
:106E100020636F6E74726F6C3A206D61696E7300DF
:106E20002048616E6420636F6E74726F6C3A2069E3
:106E30006E7620200000000020000010202020C0DE
:106E4000E2E0F0E8FF20F1E5F2E821212120202016
:106E500000000000202020416C61726D206D61698E
:106E60006E732121212020200000000020C0E2E0DC
:106E7000F0E8FF20E1E0F2E0F0E5E820B931202081
:106E8000000000002020416C61726D20626174740A
:106E900065727920B931202000000000202020C038
:106EA000E2E0F0E8FF20C1CFD120B931202020203E
:106EB00000000000202020C0E2E0F0E8FF20C1CF69
:106EC000D120B9322020202000000000202020C046
:106ED000E2E0F0E8FF20C1CFD120B933202020200C
:106EE00000000000202020C0E2E0F0E8FF20C1CF39
:106EF000D120B9342020202000000000202020C014
:106F0000E2E0F0E8FF20C1CFD120B93520202020D9
:106F100000000000202020C0E2E0F0E8FF20C1CF08
:106F2000D120B9362020202000000000202020C0E1
:106F3000E2E0F0E8FF20C1CFD120B93720202020A7
:106F400000000000202020C0E2E0F0E8FF20C1CFD8
:106F5000D120B9382020202000000000202020D19E
:106F6000F0E0E1EEF2E0EB20D1CAB93120202020A0
:106F700000000000204163746976652073746174B9
:106F80006520444320B9312000000000202020D19A
:106F9000F0E0E1EEF2E0EB20D1CAB932202020206F
:106FA0000000000020416374697665207374617489
:106FB0006520444320B9322000000000202020D169
:106FC000F0E0E1EEF2E0EB20D1CAB933202020203E
:106FD00000000000C1A544F82050401C491CC0B26C
:106FE000C9B2C44DED78012D10D1829D032D0DDD68
:106FF000C04DB235ED884DB90AB1BFA500E0C4A5BA
:1070000044F82050401C491CC0B2C9B29CF8195029
:107010002DB99CF8455015B99CF871504DB10AB185
:10702000C1A500E0C6A544F82050401C491CC0B2D0
:10703000C9B29BF836505F464DB10AB1C6A500E013
:10704000CBA544F82050401C491CC0B2C9B297F8E7
:1070500037504DB10AB1CCA500E0D1A544F820507D
:10706000401C491CC0B2C9B297F835504DB10AB1A5
:10707000D1A500E0D6A544F82050401C491CC0B260
:10708000C9B29BF839504DB10AB1D7A500E0DCA5D3
:1070900044F82050401C491CC0B2C9B2DE4D95F8DE
:1070A0003A504DB10AB1DDA500E0E2A544F8205008
:1070B000401C491CC0B2C9B2D74D8035B5F91E502D
:1070C000AE4653B94DB10AB1E0A300E0E5A344F8E0
:1070D0002030401C491CC0B2C9B29CF8543063B97E
:1070E000BEF1010F09DD0AB1D8A300E0DDA344F829
:1070F0002030401C491CC0B2C9B2E04B93F880302C
:1071000063B9BEF1020F09DD0AB1D0A300E0D5A337
:1071100044F82030401C491CC0B2C9B2DFF860837B
:1071200098F857304BB10AB1D6A300E0DBA344F87E
:107130002030401C491CC0B2C9B298F86A30632B99
:1071400009D90AB1DBA300E0E0A344F82030401CD9
:10715000491CC0B2C9B2CA4B98F83AC093F84C3037
:107160005FEACC750CD05BB10AB1DEA500E0E3A507
:1071700044F8205000F1010001F10101C0B2C9B290
:10718000BF4D5FEA4C7795F83B500BD52BB35FEAC8
:107190008C7716D45FEA8C670ED50AB1DDA714E0B0
:1071A000E2A712E0CBB15FEA8C770AD45FEA4C77B2
:1071B00013D55FEA8C6710D45FEACC770DD1EF0767
:1071C0000BD10AB1DFA700E0E4A744F8207000F17A
:1071D000010001F10101C0B2C9B25FEA0C770CD520
:1071E0005BB10AB1E3A700E0E8A744F8207000F122
:1071F000010001F10101C0B2C9B25FEACC670AD552
:107200004BB10AB1E7A700E0ECA744F82070401C9E
:10721000491CC0B2C9B2ED070AD04BB10AB1EDA307
:1072200000E0F2A344F82030401C491CC0B2C9B2AF
:1072300098F8C3304BB10AB1F2A300E0F7A344F8C9
:107240002030401C491CC0B2C9B298F8D630632B1C
:1072500009D90AB1F7A300E0FCA344F82030401C90
:10726000491CC0B2C9B2864B98F8A6C093F8B83092
:107270005FEACC750CD05BB10AB1FAA500E0FFA5BE
:1072800044F8205000F1010001F10101C0B2C9B27F
:107290007B4D5FEA4C7795F8A7500BD5E3B15FEAD9
:1072A0008C7716D45FEA8C670ED50AB1F9A716E27F
:1072B000FEA714E283B15FEA8C770AD45FEA4C77C9
:1072C0000AD55FEA8C6707D45FEACC7704D1EF0771
:1072D00002D112B1FBA702E209E2FFE1204163748F
:1072E00069766520737461746520444320B9332046
:1072F00000000000D4C10720202020D1F0E0E1EE02
:10730000F2E0EB20D1CAB934202020200000000098
:107310002041637469766520737461746520444309
:1073200020B9342000000000C0E2E0F0E8FF20EFC8
:10733000EE2055E2F528E8EDE229212100000000C9
:107340002020416C61726D2055696E28696E762926
:1073500021212020000000002020C0E2E0F0E8FF12
:1073600020EFEE2055E2FBF5212121200000000056
:1073700020202020416C61726D20556F7574212191
:107380002120202000000000C0E2E0F0E8FF20EF14
:10739000EE2055E2F528414329212121000000007B
:1073A0002020416C61726D2055696E28414329216E
:1073B0002121202000000000C0E2E0F0E8FF20EFE3
:1073C000EE2055E2F5284443292121210000000048
:1073D0002020416C61726D2055696E28444329213B
:1073E0002121202000000000C0E2E0F0E8FF20EFB3
:1073F000EE20D4E2F528414329212121000000009C
:107400002020416C61726D20D4696E28414329218E
:10741000212120200000000078C00720C0E2E0F019
:10742000E8FF20EFEE20D4E2F528E8EDE229212163
:10743000000000002020416C61726D20D4696E282C
:10744000696E76292121212000000000C1E0E9EFCA
:10745000E0F120F0E0E7F0FBE220F1E2FFE7E820D6
:1074600000000000427970617373206E6F742063B6
:107470006F6E6E656374656400000000F805082097
:1074800040F40720C8EDE22EB93120F0E0E7F0FB30
:10749000E220F1E2FFE7E82000000000496E762ECE
:1074A000B931206E6F7420636F6E6E6563746564AE
:1074B00000000000C8EDE22EB93120E2EDF3F2F059
:1074C0002EEDE5E8F1EFF02E00000000496E762E7B
:1074D000B931204465666563746976652E20202085
:1074E00000000000C8EDE22EB93120EFE5F0E5E341
:1074F000F0F3E7EAE020202000000000496E762E3D
:10750000B931204F7665726C6F61642E2020202087
:1075100000000000C8EDE22EB93120F1E8EBFCEDEF
:107520002EEDE0E3F0E5E22000000000496E762E4B
:10753000B93120206869676820686561742020205F
:1075400000000000C8EDE22EB93120EFE5F0E5E3E0
:10755000F0E5E22CE2FBEAEB00000000496E762E3B
:10756000B931202074656D702C64697361626C2E72
:1075700000000000C8EDE22EB93120E7E0E2FBF8A0
:107580002E2055E2FBF5212000000000496E762EEA
:10759000B93120206869676820556F7574212020F3
:1075A00000000000C8EDE22EB93120E7E0EDE8E68A
:1075B0002E2055E2FBF5212000000000496E762EBA
:1075C000B93120206C6F7720556F757421202020F1
:1075D0000000000020C8EDE22EB93120E7E0EDE820
:1075E000E62E2055646320200000000020496E76BE
:1075F0002EB93120206C6F77205564632020202025
:1076000000000000C8EDE22EB93220F0E0E7F0FB08
:10761000E220F1E2FFE7E82000000000496E762E4C
:10762000B932206E6F7420636F6E6E65637465642B
:1076300000000000C8EDE22EB93220E2EDF3F2F0D6
:107640002EEDE5E8F1EFF02E00000000496E762EF9
:10765000B932204465666563746976652E20202002
:1076600000000000C8EDE22EB93220EFE5F0E5E3BE
:10767000F0F3E7EAE020202000000000496E762EBB
:10768000B932204F7665726C6F61642E2020202005
:1076900000000000C8EDE22EB93220F1E8EBFCED6D
:1076A0002EEDE0E3F0E5E22000000000496E762ECA
:1076B000B9322020686967682068656174202020DD
:1076C00000000000C8EDE22EB93220EFE5F0E5E35E
:1076D000F0E5E22CE2FBEAEB00000000ADA744F885
:1076E000207000F1010001F10101C0B2C9B25FEAEE
:1076F0000C770CD55BB10AB1ACA700E0B1A744F898
:10770000207000F1010001F10101C0B2C9B25FEACD
:10771000CC670AD54BB10AB1B0A700E0B5A744F8D1
:107720002070401C491CC0B2C9B2ED070AD04BB151
:107730000AB1B6A300E0BBA344F82030401C491CAA
:10774000C0B2C9B298F82F314BB10AB1BBA300E067
:10775000C0A344F82030401C491CC0B2C9B298F8FC
:107760004231632B0AD90AB1C0A300E0C5A344F893
:107770002030401C01F10101C0B2C9B2C74B98F8DA
:1077800012C193F824315FEACC750CD05BB10AB119
:10779000C3A500E0C8A544F8205000F1010001F1A4
:1077A0000101C0B2C9B2BD4D5FEA4C7795F81351E3
:1077B0000BD52BB35FEA8C7716D45FEA8C670ED5B6
:1077C0000AB1C3A714E0C8A712E0CBB15FEA8C7777
:1077D0000AD45FEA4C7713D55FEA8C6710D45FEA6E
:1077E000CC770DD1EF070BD10AB1C5A700E0CAA72E
:1077F00044F8207000F1010001F10101C0B2C9B2EA
:107800005FEA0C770CD55BB10AB1C9A700E0CEA73F
:1078100044F8207000F1010001F10101C0B2C9B2C9
:107820005FEACC670AD54BB10AB1CDA700E0D2A779
:1078300044F82070401C491CC0B2C9B2ED070AD000
:107840004BB10AB1D2A300E0D7A344F82030401CCA
:10785000491CC0B2C9B298F89B314BB10AB1D8A348
:1078600000E0DDA344F82030401C491CC0B2C9B27E
:1078700098F8AE31632B0AD90AB1DDA300E0E2A388
:1078800044F82030401C01F10101C0B2C9B2834B61
:1078900098F87EC193F890315FEACC750CD05BB15B
:1078A0000AB1DFA500E0E4A544F8205000F1010092
:1078B00001F10101C0B2C9B2784D5FEA4C7795F889
:1078C0007F510BD52BB35FEA8C7716D45FEA8C67B8
:1078D0000ED50AB1DEA714E0E3A712E0CBB15FEA50
:1078E0008C770AD45FEA4C7713D55FEA8C6710D4A3
:1078F0005FEACC770DD1EF070BD10AB1E0A700E02A
:10790000E5A744F8207000F1010001F10101C0B2C7
:10791000C9B25FEA0C770CD55BB10AB1E4A700E00D
:10792000E9A744F8207000F1010001F10101C0B2A3
:10793000C9B25FEACC670AD54BB10AB1E8A700E04B
:10794000EDA744F82070401C491CC0B2C9B2ED0735
:107950000AD04BB10AB1EEA300E0F3A344F8203003
:10796000401C491CC0B2C9B298F807324BB10AB1E9
:10797000F3A300E0F8A344F82030401C491CC0B237
:10798000C9B298F81A32632B03D90AB1F8A3FCE103
:10799000FAE102E2496E762EB932202074656D70EC
:1079A0002C64697361626C2E00000000C8EDE22E49
:1079B000B93220E7E0E2FBF82E2055E2FBF521206A
:1079C00000000000496E762EB93220206869676891
:1079D00020556F757421202000000000C8EDE22EB4
:1079E000B93220E7E0EDE8E62E2055E2FBF5212054
:1079F00000000000496E762EB93220206C6F77208F
:107A0000556F7574212020200000000020C8EDE291
:107A10002EB93220E7E0EDE8E62E20556463202001
:107A20000000000020496E762EB93220206C6F775E
:107A3000205564632020202000000000C8EDE22EC5
:107A4000B93320F0E0E7F0FBE220F1E2FFE7E820C5
:107A500000000000496E762EB933206E6F742063EB
:107A60006F6E6E656374656400000000C8EDE22E01
:107A7000B93320E2EDF3F2F02EEDE5E8F1EFF02E70
:107A800000000000496E762EB933204465666563B8
:107A9000746976652E2020200000000040F4072045
:107AA000C8EDE22EB93320EFE5F0E5E3F0F3E7EAC5
:107AB000E020202000000000496E762EB933204FD0
:107AC0007665726C6F61642E20202020000000001B
:107AD000C8EDE22EB93320F1E8EBFCED2EEDE0E34A
:107AE000F0E5E22000000000496E762EB933202038
:107AF00068696768206865617420202000000000C4
:107B0000C8EDE22EB93320EFE5F0E5E3F0E5E22C35
:107B1000E2FBEAEB00000000496E762EB93320202C
:107B200074656D702C64697361626C2E00000000D6
:107B3000C8EDE22EB93320E7E0E2FBF82E2055E253
:107B4000FBF5212000000000496E762EB93320207D
:107B50006869676820556F75742120200000000057
:107B6000C8EDE22EB93320E7E0EDE8E62E2055E23D
:107B7000FBF5212000000000496E762EB93320204D
:107B80006C6F7720556F7574212020200000000055
:107B900020C8EDE22EB93320E7E0EDE8E62E2055CF
:107BA000646320200000000020496E762EB9332047
:107BB000206C6F7720556463202020200000000097
:107BC000C8EDE22EB93420F0E0E7F0FBE220F1E26C
:107BD000FFE7E82000000000496E762EB934206EE1
:107BE0006F7420636F6E6E656374656400000000DF
:107BF000C8EDE22EB93420E2EDF3F2F02EEDE5E827
:107C0000F1EFF02E00000000496E762EB9342044CA
:107C100065666563746976652E202020000000008B
:107C2000C8EDE22EB93420EFE5F0E5E3F0F3E7EA42
:107C3000E020202000000000496E762EB934204F4D
:107C40007665726C6F61642E202020200000000099
:107C5000C8EDE22EB93420F1E8EBFCED2EEDE0E3C7
:107C6000F0E5E22000000000496E762EB9342020B5
:107C70006869676820686561742020200000000042
:107C8000C8EDE22EB93420EFE5F0E5E3F0E5E22CB3
:107C9000E2FBEAEB00000000496E762EB9342020AA
:107CA00074656D702C64697361626C2E0000000055
:107CB000C8EDE22EB93420E7E0E2FBF82E2055E2D1
:107CC000FBF5212000000000496E762EB9342020FB
:107CD0006869676820556F757421202000000000D6
:107CE000C8EDE22EB93420E7E0EDE8E62E2055E2BB
:107CF000FBF5212000000000496E762EB9342020CB
:107D00006C6F7720556F75742120202000000000D3
:107D100020C8EDE22EB93420E7E0EDE8E62E20554C
:107D2000646320200000000020496E762EB93420C4
:107D3000206C6F7720556463202020200000000015
:107D4000C8EDE22EB93520F0E0E7F0FBE220F1E2E9
:107D5000FFE7E82000000000496E762EB935206E5E
:107D60006F7420636F6E6E6563746564000000005D
:107D7000C8EDE22EB93520E2EDF3F2F02EEDE5E8A4
:107D8000F1EFF02E00000000BBA344F8203000F11A
:107D9000010001F10101C0B2C9B2BD4B98F8EAC1BE
:107DA00093F8FC315FEACC750CD05BB10AB1B9A590
:107DB00000E0BEA544F8205000F1010001F10101EE
:107DC000C0B2C9B2B24D5FEA4C7795F8EB510BD512
:107DD0002BB35FEA8C7716D45FEA8C670ED50AB1B5
:107DE000B8A714E0BDA712E0CBB15FEA8C770AD444
:107DF0005FEA4C7713D55FEA8C6710D45FEACC77E3
:107E00000DD1EF070BD10AB1BAA700E0BFA744F824
:107E1000207000F1010001F10101C0B2C9B25FEAB6
:107E20000C770CD55BB10AB1BEA700E0C3A744F83C
:107E3000207000F1010001F10101C0B2C9B25FEA96
:107E4000CC670AD54BB10AB1C2A700E0C7A744F876
:107E50002070401C491CC0B2C9B2ED070AD04BB11A
:107E60000AB1C8A300E0CDA344F82030401C491C4F
:107E7000C0B2C9B298F873324BB10AB1CDA300E0D9
:107E8000D2A344F82030401C491CC0B2C9B298F8B3
:107E90008632632B0BD90AB1D2A300E0D7A344F8F2
:107EA000203000F1010001F10101C0B2C9B2784BEC
:107EB00098F856C293F868325FEACC750CD05BB183
:107EC0000AB1D4A500E0D9A544F8205000F1010082
:107ED00001F10101C0B2C9B26D4D5FEA4C7795F86E
:107EE00057520BD52BB35FEA8C7716D45FEA8C67B9
:107EF0000ED50AB1D3A714E0D8A712E0CBB15FEA40
:107F00008C770AD45FEA4C7713D55FEA8C6710D47C
:107F10005FEACC770DD1EF070BD10AB1D5A700E00E
:107F2000DAA744F8207000F1010001F10101C0B2AC
:107F3000C9B25FEA0C770CD55BB10AB1D9A700E0F2
:107F4000DEA744F8207000F1010001F10101C0B288
:107F5000C9B25FEACC670AD54BB10AB1DDA700E030
:107F6000E2A744F82070401C491CC0B2C9B2ED071A
:107F70000AD04BB10AB1E3A300E0E8A344F82030F3
:107F8000401C491CC0B2C9B298F8DF324BB10AB1EB
:107F9000E8A300E0EDA344F82030401C491CC0B227
:107FA000C9B298F8F232632B0BD90AB1EDA300E005
:107FB000F2A344F8203000F1010001F10101C0B248
:107FC000C9B2334B98F8C2C293F8D4325FEACC7589
:107FD0000CD05BB10AB1EFA500E0F4A544F8205045
:107FE00000F1010001F10101C0B2C9B2284D5FEA00
:107FF0004C7795F8C3520BD52BB35FEA8C7716D428
:108000005FEA8C670ED50AB1EEA714E0F3A712E081
:10801000CBB15FEA8C770AD45FEA4C7713D55FEA7D
:108020008C6710D45FEACC770DD1EF070BD10AB182
:10803000F0A700E0F5A744F8207000F1010001F17D
:108040000101C0B2C9B25FEA0C770CD55BB10AB1CD
:10805000F4A700E0F9A744F8207000F1010001F155
:108060000101C0B2C9B25FEACC6703D513B112B146
:10807000F8A7FCE101E2F9E1496E762EB93520441A
:1080800065666563746976652E2020200000000017
:1080900040F40720C8EDE22EB93520EFE5F0E5E326
:1080A000F0F3E7EAE020202000000000496E762E81
:1080B000B935204F7665726C6F61642E20202020C8
:1080C00000000000C8EDE22EB93520F1E8EBFCED30
:1080D0002EEDE0E3F0E5E22000000000496E762E90
:1080E000B9352020686967682068656174202020A0
:1080F00000000000C8EDE22EB93520EFE5F0E5E321
:10810000F0E5E22CE2FBEAEB00000000496E762E7F
:10811000B935202074656D702C64697361626C2EB2
:1081200000000000C8EDE22EB93520E7E0E2FBF8E0
:108130002E2055E2FBF5212000000000496E762E2E
:10814000B93520206869676820556F757421202033
:1081500000000000C8EDE22EB93520E7E0EDE8E6CA
:108160002E2055E2FBF5212000000000496E762EFE
:10817000B93520206C6F7720556F75742120202031
:108180000000000020C8EDE22EB93520E7E0EDE860
:10819000E62E2055646320200000000020496E7602
:1081A0002EB93520206C6F77205564632020202065
:1081B00000000000C8EDE22EB93620F0E0E7F0FB49
:1081C000E220F1E2FFE7E82000000000496E762E91
:1081D000B936206E6F7420636F6E6E65637465646C
:1081E00000000000C8EDE22EB93620E2EDF3F2F017
:1081F0002EEDE5E8F1EFF02E00000000496E762E3E
:10820000B936204465666563746976652E20202042
:1082100000000000C8EDE22EB93620EFE5F0E5E3FE
:10822000F0F3E7EAE020202000000000496E762EFF
:10823000B936204F7665726C6F61642E2020202045
:1082400000000000C8EDE22EB93620F1E8EBFCEDAD
:108250002EEDE0E3F0E5E22000000000496E762E0E
:10826000B93620206869676820686561742020201D
:1082700000000000C8EDE22EB93620EFE5F0E5E39E
:10828000F0E5E22CE2FBEAEB00000000496E762EFE
:10829000B936202074656D702C64697361626C2E30
:1082A00000000000C8EDE22EB93620E7E0E2FBF85E
:1082B0002E2055E2FBF5212000000000496E762EAD
:1082C000B93620206869676820556F7574212020B1
:1082D00000000000C8EDE22EB93620E7E0EDE8E648
:1082E0002E2055E2FBF5212000000000496E762E7D
:1082F000B93620206C6F7720556F757421202020AF
:108300000000000020C8EDE22EB93620E7E0EDE8DD
:10831000E62E2055646320200000000020496E7680
:108320002EB93620206C6F772055646320202020E2
:1083300000000000C8EDE22EB93720F0E0E7F0FBC6
:10834000E220F1E2FFE7E82000000000496E762E0F
:10835000B937206E6F7420636F6E6E6563746564E9
:1083600000000000C8EDE22EB93720E2EDF3F2F094
:108370002EEDE5E8F1EFF02E00000000496E762EBC
:10838000B937204465666563746976652E202020C0
:1083900000000000C8EDE22EB93720EFE5F0E5E37C
:1083A000F0F3E7EAE020202000000000496E762E7E
:1083B000B937204F7665726C6F61642E20202020C3
:1083C00000000000C8EDE22EB93720F1E8EBFCED2B
:1083D0002EEDE0E3F0E5E22000000000496E762E8D
:1083E000B93720206869676820686561742020209B
:1083F00000000000C8EDE22EB93720EFE5F0E5E31C
:10840000F0E5E22CE2FBEAEB00000000496E762E7C
:10841000B937202074656D702C64697361626C2EAD
:1084200000000000C8EDE22EB93720E7E0E2FBF8DB
:108430002E2055E2FBF5212000000000496E762E2B
:10844000B93720206869676820556F75742120202E
:1084500000000000C8EDE22EB93720E7E0EDE8E6C5
:108460002E2055E2FBF5212000000000B3A744F8C0
:108470002070401C491CC0B2C9B2ED070AD04BB1F4
:108480000AB1B4A300E0B9A344F82030401C491C51
:10849000C0B2C9B298F84B334BB10AB1B9A300E0EE
:1084A000BEA344F82030401C491CC0B2C9B298F8A1
:1084B0005E33632B09D90AB1BEA300E0C3A344F81D
:1084C0002030401C491CC0B2C9B2C64B98F82EC31C
:1084D00093F840335FEACC750CD05BB10AB1C2A50A
:1084E00000E0C7A544F8205000F1010001F10101AE
:1084F000C0B2C9B2BB4D5FEA4C7795F82F530BD58C
:108500002BB35FEA8C7716D45FEA8C670ED50AB17D
:10851000C1A714E0C6A712E0CBB15FEA8C770AD4FA
:108520005FEA4C7713D55FEA8C6710D45FEACC77AB
:108530000DD1EF070BD10AB1C3A700E0C8A744F8DB
:10854000207000F1010001F10101C0B2C9B25FEA7F
:108550000C770CD55BB10AB1C7A700E0CCA744F8F3
:10856000207000F1010001F10101C0B2C9B25FEA5F
:10857000CC670AD54BB10AB1CBA700E0D0A744F82D
:108580002070401C491CC0B2C9B2ED070AD04BB1E3
:108590000AB1D1A300E0D6A344F82030401C491C06
:1085A000C0B2C9B298F8B7334BB10AB1D6A300E054
:1085B000DBA344F82030401C491CC0B2C9B298F873
:1085C000CA33632B09D90AB1DBA300E0E0A344F866
:1085D0002030401C491CC0B2C9B2824B98F89AC3E3
:1085E00093F8AC335FEACC750CD05BB10AB1DEA571
:1085F00000E0E3A544F8205000F1010001F1010181
:10860000C0B2C9B2774D5FEA4C7795F89B530BD552
:108610002BB35FEA8C7716D45FEA8C670ED50AB16C
:10862000DDA714E0E2A712E0CBB15FEA8C770AD4B1
:108630005FEA4C7713D55FEA8C6710D45FEACC779A
:108640000DD1EF070BD10AB1DFA700E0E4A744F892
:10865000207000F1010001F10101C0B2C9B25FEA6E
:108660000C770CD55BB10AB1E3A700E0E8A744F8AA
:10867000207000F1010001F10101C0B2C9B25FEA4E
:10868000CC670AD54BB10AB1E7A700E0ECA744F8E4
:108690002070401C491CC0B2C9B2ED070AD04BB1D2
:1086A0000AB1EDA300E0F2A344F82030401C491CBD
:1086B000C0B2C9B298F823344BB10AB1F2A300E0BA
:1086C000F7A344F82030401C491CC0B2C9B298F846
:1086D0003634632B09D90AB1F7A300E0FCA344F8B0
:1086E0002030401C491CC0B2C9B23E4B98F806C4A9
:1086F00093F818345FEACC750CD05BB10AB1FAA5D7
:1087000000E0FFA544F8205000F1010001F1010153
:10871000C0B2C9B2334D5FEA4C7795F807540AD519
:108720003BB15FEA8C7707D45FEA8C6705D50AB165
:10873000F2E110E2F2E1F3E101E2FBE1496E762EB3
:10874000B93720206C6F7720556F75742120202059
:108750000000000020C8EDE22EB93720E7E0EDE888
:10876000E62E2055646320200000000020496E762C
:108770002EB93720206C6F7720556463202020208D
:1087800000000000C8EDE22EB93820F0E0E7F0FB71
:10879000E220F1E2FFE7E82000000000496E762EBB
:1087A000B938206E6F7420636F6E6E656374656494
:1087B00000000000C8EDE22EB93820E2EDF3F2F03F
:1087C0002EEDE5E8F1EFF02E00000000496E762E68
:1087D000B938204465666563746976652E2020206B
:1087E0000000000040F40720C8EDE22EB93820EF69
:1087F000E5F0E5E3F0F3E7EAE020202000000000E8
:10880000496E762EB938204F7665726C6F61642E92
:108810002020202000000000C8EDE22EB93820F111
:10882000E8EBFCED2EEDE0E3F0E5E22000000000D7
:10883000496E762EB93820206869676820686561BE
:108840007420202000000000C8EDE22EB93820EF8F
:10885000E5F0E5E3F0E5E22CE2FBEAEB00000000E6
:10886000496E762EB938202074656D702C6469735A
:1088700061626C2E00000000C8EDE22EB93820E7DE
:10888000E0E2FBF82E2055E2FBF52120000000007D
:10889000496E762EB93820206869676820556F7553
:1088A0007421202000000000C8EDE22EB93820E736
:1088B000E0EDE8E62E2055E2FBF521200000000067
:1088C000496E762EB93820206C6F7720556F7574FD
:1088D000212020200000000020C8EDE22EB9382021
:1088E000E7E0EDE8E62E205564632020000000005C
:1088F00020496E762EB93820206C6F77205564633E
:108900002020202000000000C8EDE22EB93920F020
:10891000E0E7F0FBE220F1E2FFE7E82000000000E2
:10892000496E762EB939206E6F7420636F6E6E6556
:108930006374656400000000C8EDE22EB93920E2DE
:10894000EDF3F2F02EEDE5E8F1EFF02E000000007F
:10895000496E762EB939204465666563746976651B
:108960002E20202000000000C8EDE22EB93920EFB3
:10897000E5F0E5E3F0F3E7EAE02020200000000066
:10898000496E762EB939204F7665726C6F61642E10
:108990002020202000000000C8EDE22EB93920F18F
:1089A000E8EBFCED2EEDE0E3F0E5E2200000000056
:1089B000496E762EB939202068696768206865613C
:1089C0007420202000000000C8EDE22EB93920EF0D
:1089D000E5F0E5E3F0E5E22CE2FBEAEB0000000065
:1089E000496E762EB939202074656D702C646973D8
:1089F00061626C2E00000000C8EDE22EB93920E75C
:108A0000E0E2FBF82E2055E2FBF5212000000000FB
:108A1000496E762EB93920206869676820556F75D0
:108A20007421202000000000C8EDE22EB93920E7B3
:108A3000E0EDE8E62E2055E2FBF5212000000000E5
:108A4000496E762EB93920206C6F7720556F75747A
:108A5000212020200000000020C8EDE22EB939209E
:108A6000E7E0EDE8E62E20556463202000000000DA
:108A700020496E762EB93920206C6F7720556463BB
:108A80002020202000000000C8EDE22EB931302067
:108A9000F0E0E7F0FBE220F1E2FFE7E80000000091
:108AA000496E76B93130206E6F7420636F6E6E65DB
:108AB0006374656400000000C8EDE22EB931302017
:108AC000E2EDF3F2F02EEDE5E8F1EFF0000000004A
:108AD000496E762EB93130204465666563746976D7
:108AE000652E202000000000C8EDE22EB9313020B4
:108AF000EFE5F0E5E3F0F3E7EAE020200000000016
:108B0000496E762EB93130204F7665726C6F616494
:108B10002E20202000000000B0A714E0B5A712E02E
:108B2000CBB15FEA8C770AD45FEA4C7713D55FEA62
:108B30008C6710D45FEACC770DD1EF070BD10AB167
:108B4000B2A700E0B7A744F8207000F1010001F1DE
:108B50000101C0B2C9B25FEA0C770CD55BB10AB1B2
:108B6000B6A700E0BBA744F8207000F1010001F1B6
:108B70000101C0B2C9B25FEACC670AD54BB10AB1F4
:108B8000BAA700E0BFA744F82070401C491CC0B23F
:108B9000C9B2ED070AD04BB10AB1C0A300E0C5A32A
:108BA00044F82030401C491CC0B2C9B298F88F3438
:108BB0004BB10AB1C5A300E0CAA344F82030401C61
:108BC000491CC0B2C9B298F8A234632B09D90AB1C2
:108BD000CAA300E0CFA344F82030401C491CC0B217
:108BE000C9B2D24B98F872C493F884345FEACC755A
:108BF0000CD05BB10AB1CEA500E0D3A544F820505B
:108C000000F1010001F10101C0B2C9B2C74D5FEA34
:108C10004C7795F873540BD52BB35FEA8C7716D449
:108C20005FEA8C670ED50AB1CDA714E0D2A712E097
:108C3000CBB15FEA8C770AD45FEA4C7713D55FEA51
:108C40008C6710D45FEACC770DD1EF070BD10AB156
:108C5000CFA700E0D4A744F8207000F1010001F193
:108C60000101C0B2C9B25FEA0C770CD55BB10AB1A1
:108C7000D3A700E0D8A744F8207000F1010001F16B
:108C80000101C0B2C9B25FEACC670AD54BB10AB1E3
:108C9000D7A700E0DCA744F82070401C491CC0B2F4
:108CA000C9B2ED070AD04BB10AB1DDA300E0E2A3DF
:108CB00044F82030401C491CC0B2C9B298F8FB34BB
:108CC0004BB10AB1E2A300E0E7A344F82030401C16
:108CD000491CC0B2C9B298F80E35632B09D90AB144
:108CE000E7A300E0ECA344F82030401C491CC0B2CC
:108CF000C9B28E4B98F8DEC493F8F0345FEACC75B5
:108D00000CD05BB10AB1EAA500E0EFA544F8205011
:108D100000F1010001F10101C0B2C9B2834D5FEA67
:108D20004C7795F8DF540BD52BB35FEA8C7716D4CC
:108D30005FEA8C670ED50AB1E9A714E0EEA712E04E
:108D4000CBB15FEA8C770AD45FEA4C7713D55FEA40
:108D50008C6710D45FEACC770DD1EF070BD10AB145
:108D6000EBA700E0F0A744F8207000F1010001F14A
:108D70000101C0B2C9B25FEA0C770CD55BB10AB190
:108D8000EFA700E0F4A744F8207000F1010001F122
:108D90000101C0B2C9B25FEACC670AD54BB10AB1D2
:108DA000F3A700E0F8A744F82070401C491CC0B2AB
:108DB000C9B2ED070AD04BB10AB1F9A300E0FEA396
:108DC00044F82030401C491CC0B2C9B298F867353D
:108DD00013B112B1FEA308E20DE205E2C8EDE22EE6
:108DE000B9313020F1E8EBFCED2EEDE0E3F0E5E207
:108DF00000000000496E762EB93130202068696786
:108E0000682068656174202000000000C8EDE22E33
:108E1000B9313020EFE5F0E5E3F0E5E22CE2FBEAE2
:108E200000000000496E762EB931302074656D70F7
:108E30002C64697361626C2E00000000C8EDE22EA4
:108E4000B9313020E7E0E2FBF82E2055E2FBF521B6
:108E500000000000496E762EB931302068696768DD
:108E600020556F757421202000000000C8EDE22E0F
:108E7000B9313020E7E0EDE8E62E2055E2FBF521A0
:108E800000000000496E762EB9313020206C6F77DB
:108E900020556F75742120200000000020C8EDE2ED
:108EA0002EB9313020E7E0EDE8E62E20556463204E
:108EB0000000000020496E762EB9313020206C6F02
:108EC000772055646320202000000000C8EDE22ECA
:108ED000B9313120F0E0E7F0FBE220F1E2FFE7E812
:108EE00000000000496E76B93131206E6F74206346
:108EF0006F6E6E656374656400000000C8EDE22E5D
:108F0000B9313120E2EDF3F2F02EEDE5E8F1EFF0CA
:108F100000000000496E762EB93131204465666547
:108F200063746976652E20200000000040F407205D
:108F3000C8EDE22EB9313120EFE5F0E5E3F0F3E7DB
:108F4000EAE0202000000000496E762EB931312081
:108F50004F7665726C6F61642E2020200000000047
:108F6000C8EDE22EB9313120F1E8EBFCED2EEDE059
:108F7000E3F0E5E200000000496E762EB9313120C1
:108F8000206869676820686561742020000000001F
:108F9000C8EDE22EB9313120EFE5F0E5E3F0E5E28E
:108FA0002CE2FBEA00000000496E762EB931312038
:108FB00074656D702C64697361626C2E0000000032
:108FC000C8EDE22EB9313120E7E0E2FBF82E205562
:108FD000E2FBF52100000000496E762EB931312008
:108FE0006869676820556F757421202000000000B3
:108FF000C8EDE22EB9313120E7E0EDE8E62E20554C
:10900000E2FBF52100000000496E762EB9313120D7
:10901000206C6F7720556F757421202000000000B0
:1090200020C8EDE22EB9313120E7E0EDE8E62E2050
:10903000556463200000000020496E762EB931315E
:1090400020206C6F772055646320202000000000F2
:10905000C8EDE22EB9313220F0E0E7F0FBE220F17A
:10906000E2FFE7E800000000496E76B93132206E79
:109070006F7420636F6E6E6563746564000000003A
:10908000C8EDE22EB9313220E2EDF3F2F02EEDE53B
:10909000E8F1EFF000000000496E762EB931322081
:1090A0004465666563746976652E202000000000C3
:1090B000C8EDE22EB9313220EFE5F0E5E3F0F3E759
:1090C000EAE0202000000000496E762EB9313220FF
:1090D0004F7665726C6F61642E20202000000000C6
:1090E000C8EDE22EB9313220F1E8EBFCED2EEDE0D7
:1090F000E3F0E5E200000000496E762EB93132203F
:10910000206869676820686561742020000000009D
:10911000C8EDE22EB9313220EFE5F0E5E3F0E5E20B
:109120002CE2FBEA00000000496E762EB9313220B5
:1091300074656D702C64697361626C2E00000000B0
:10914000C8EDE22EB9313220E7E0E2FBF82E2055DF
:10915000E2FBF52100000000496E762EB931322085
:109160006869676820556F75742120200000000031
:10917000C8EDE22EB9313220E7E0EDE8E62E2055C9
:10918000E2FBF52100000000496E762EB931322055
:10919000206C6F7720556F7574212020000000002F
:1091A00020C8EDE22EB9313220E7E0EDE8E62E20CE
:1091B000556463200000000020496E762EB93132DC
:1091C00020206C6F77205564632020200000000071
:1091D000C8EDE22EB9313320F0E0E7F0FBE220F1F8
:1091E000E2FFE7E800000000B8A344F82030401C8C
:1091F000491CC0B2C9B298F87A35632B09D90AB1B3
:10920000B8A300E0BDA344F82030401C491CC0B204
:10921000C9B2C04B98F84AC593F85C355FEACC7583
:109220000CD05BB10AB1BCA500E0C1A544F8205048
:1092300000F1010001F10101C0B2C9B2B54D5FEA10
:109240004C7795F84B550BD52BB35FEA8C7716D43A
:109250005FEA8C670ED50AB1BBA714E0C0A712E085
:10926000CBB15FEA8C770AD45FEA4C7713D55FEA1B
:109270008C6710D45FEACC770DD1EF070BD10AB120
:10928000BDA700E0C2A744F8207000F1010001F181
:109290000101C0B2C9B25FEA0C770CD55BB10AB16B
:1092A000C1A700E0C6A744F8207000F1010001F159
:1092B0000101C0B2C9B25FEACC670AD54BB10AB1AD
:1092C000C5A700E0CAA744F82070401C491CC0B2E2
:1092D000C9B2ED070AD04BB10AB1CBA300E0D0A3CD
:1092E00044F82030401C491CC0B2C9B298F8D335AC
:1092F0004BB10AB1D0A300E0D5A344F82030401C04
:10930000491CC0B2C9B298F8E635632B09D90AB135
:10931000D5A300E0DAA344F82030401C491CC0B2B9
:10932000C9B27C4B98F8B6C593F8C8355FEACC75DE
:109330000CD05BB10AB1D8A500E0DDA544F82050FF
:1093400000F1010001F10101C0B2C9B2714D5FEA43
:109350004C7795F8B7550BD52BB35FEA8C7716D4BD
:109360005FEA8C670ED50AB1D7A714E0DCA712E03C
:10937000CBB15FEA8C770AD45FEA4C7713D55FEA0A
:109380008C6710D45FEACC770DD1EF070BD10AB10F
:10939000D9A700E0DEA744F8207000F1010001F138
:1093A0000101C0B2C9B25FEA0C770CD55BB10AB15A
:1093B000DDA700E0E2A744F8207000F1010001F110
:1093C0000101C0B2C9B25FEACC670AD54BB10AB19C
:1093D000E1A700E0E6A744F82070401C491CC0B299
:1093E000C9B2ED070AD04BB10AB1E7A300E0ECA384
:1093F00044F82030401C491CC0B2C9B298F83F362E
:109400004BB10AB1ECA300E0F1A344F82030401CBA
:10941000491CC0B2C9B298F85236632B0AD90AB1B6
:10942000F1A300E0F6A344F82030401C01F1010153
:10943000C0B2C9B2374B98F822C693F834365FEA07
:10944000CC750CD05BB10AB1F3A500E0F8A544F8E7
:10945000205000F1010001F10101C0B2C9B22D4D4F
:109460005FEA4C7795F823560BD52BB35FEA8C77E0
:1094700016D45FEA8C670ED50AB1F3A714E0F8A7FB
:1094800012E0CBB15FEA8C770AD45FEA4C7713D550
:109490005FEA8C6710D45FEACC770DD1EF070BD170
:1094A0000AB1F5A700E0FAA744F8207000F1010026
:1094B00001F10101C0B2C9B25FEA0C7703D513B163
:1094C00012B1F9A7FDE104E2FAE10000496E76B9B4
:1094D0003133206E6F7420636F6E6E6563746564E4
:1094E00000000000C8EDE22EB9313320E2EDF3F2C6
:1094F000F02EEDE5E8F1EFF000000000496E762E69
:10950000B93133204465666563746976652E202021
:109510000000000040F40720C8EDE22EB9313320EE
:10952000EFE5F0E5E3F0F3E7EAE0202000000000DB
:10953000496E762EB93133204F7665726C6F616457
:109540002E20202000000000C8EDE22EB93133208B
:10955000F1E8EBFCED2EEDE0E3F0E5E200000000C9
:10956000496E762EB93133202068696768206865B6
:109570006174202000000000C8EDE22EB9313320D4
:10958000EFE5F0E5E3F0E5E22CE2FBEA00000000A5
:10959000496E762EB931332074656D702C64697311
:1095A00061626C2E00000000C8EDE22EB93133205C
:1095B000E7E0E2FBF82E2055E2FBF5210000000079
:1095C000496E762EB93133206869676820556F750A
:1095D0007421202000000000C8EDE22EB9313320B4
:1095E000E7E0EDE8E62E2055E2FBF5210000000063
:1095F000496E762EB9313320206C6F7720556F7508
:10960000742120200000000020C8EDE22EB9313383
:1096100020E7E0EDE8E62E2055646320000000001E
:1096200020496E762EB9313320206C6F7720556437
:109630006320202000000000C8EDE22EB931342064
:10964000F0E0E7F0FBE220F1E2FFE7E800000000D5
:10965000496E76B93134206E6F7420636F6E6E651B
:109660006374656400000000C8EDE22EB931342057
:10967000E2EDF3F2F02EEDE5E8F1EFF0000000008E
:10968000496E762EB9313420446566656374697617
:10969000652E202000000000C8EDE22EB9313420F4
:1096A000EFE5F0E5E3F0F3E7EAE02020000000005A
:1096B000496E762EB93134204F7665726C6F6164D5
:1096C0002E20202000000000C8EDE22EB931342009
:1096D000F1E8EBFCED2EEDE0E3F0E5E20000000048
:1096E000496E762EB9313420206869676820686534
:1096F0006174202000000000C8EDE22EB931342052
:10970000EFE5F0E5E3F0E5E22CE2FBEA0000000023
:10971000496E762EB931342074656D702C6469738E
:1097200061626C2E00000000C8EDE22EB9313420D9
:10973000E7E0E2FBF82E2055E2FBF52100000000F7
:10974000496E762EB93134206869676820556F7587
:109750007421202000000000C8EDE22EB931342031
:10976000E7E0EDE8E62E2055E2FBF52100000000E1
:10977000496E762EB9313420206C6F7720556F7585
:10978000742120200000000020C8EDE22EB9313401
:1097900020E7E0EDE8E62E2055646320000000009D
:1097A00020496E762EB9313420206C6F77205564B5
:1097B0006320202000000000C8EDE22EB9313520E2
:1097C000F0E0E7F0FBE220F1E2FFE7E80000000054
:1097D000496E76B93135206E6F7420636F6E6E6599
:1097E0006374656400000000C8EDE22EB9313520D5
:1097F000E2EDF3F2F02EEDE5E8F1EFF0000000000D
:10980000496E762EB9313520446566656374697694
:10981000652E202000000000C8EDE22EB931352071
:10982000EFE5F0E5E3F0F3E7EAE0202000000000D8
:10983000496E762EB93135204F7665726C6F616452
:109840002E20202000000000C8EDE22EB931352086
:10985000F1E8EBFCED2EEDE0E3F0E5E200000000C6
:10986000496E762EB93135202068696768206865B1
:109870006174202000000000C8EDE22EB9313520CF
:10988000EFE5F0E5E3F0E5E22CE2FBEA00000000A2
:10989000496E762EB931352074656D702C6469730C
:1098A00061626C2E00000000C8EDE22EB931352057
:1098B000E7E0E2FBF82E2055E2FBF5210000000076
:1098C000B0A744F8207000F1010001F10101C0B21D
:1098D000C9B25FEACC670AD54BB10AB1AFA700E0C5
:1098E000B4A744F82070401C491CC0B2C9B2ED07AF
:1098F0000AD04BB10AB1B5A300E0BAA344F82030B6
:10990000401C491CC0B2C9B298F8AB364BB10AB181
:10991000BAA300E0BFA344F82030401C491CC0B2E9
:10992000C9B298F8BE36632B0AD90AB1BFA300E0CA
:10993000C4A344F82030401C01F10101C0B2C9B2F7
:10994000C64B98F88EC693F8A0365FEACC750CD05B
:109950005BB10AB1C2A500E0C7A544F8205000F1F0
:10996000010001F10101C0B2C9B2BC4D5FEA4C7700
:1099700095F88F560BD52BB35FEA8C7716D45FEA38
:109980008C670ED50AB1C2A714E0C7A712E0CBB10D
:109990005FEA8C770AD45FEA4C7713D55FEA8C676D
:1099A00010D45FEACC770DD1EF070BD10AB1C4A771
:1099B00000E0C9A744F8207000F1010001F10101A5
:1099C000C0B2C9B25FEA0C770CD55BB10AB1C8A7C7
:1099D00000E0CDA744F8207000F1010001F1010181
:1099E000C0B2C9B25FEACC670AD54BB10AB1CCA705
:1099F00000E0D1A744F82070401C491CC0B2C9B295
:109A0000ED070AD04BB10AB1D1A300E0D6A344F8C8
:109A10002030401C491CC0B2C9B298F817374BB16E
:109A20000AB1D7A300E0DCA344F82030401C491C55
:109A3000C0B2C9B298F82A37632B0BD90AB1DCA39C
:109A400000E0E1A344F8203000F1010001F1010140
:109A5000C0B2C9B2814B98F8FAC693F80C375FEAE6
:109A6000CC750CD05BB10AB1DDA500E0E2A544F8ED
:109A7000205000F1010001F10101C0B2C9B2774DDF
:109A80005FEA4C7795F8FB560BD52BB35FEA8C77E2
:109A900016D45FEA8C670ED50AB1DDA714E0E2A701
:109AA00012E0CBB15FEA8C770AD45FEA4C7713D52A
:109AB0005FEA8C6710D45FEACC770DD1EF070BD14A
:109AC0000AB1DFA700E0E4A744F8207000F101002C
:109AD00001F10101C0B2C9B25FEA0C770CD55BB1EC
:109AE0000AB1E3A700E0E8A744F8207000F1010004
:109AF00001F10101C0B2C9B25FEACC670AD54BB12E
:109B00000AB1E7A700E0ECA744F82070401C491C0C
:109B1000C0B2C9B2ED070AD04BB10AB1ECA300E064
:109B2000F1A344F82030401C491CC0B2C9B298F8D7
:109B300083374BB10AB1F2A300E0F7A344F8203019
:109B4000401C491CC0B2C9B298F89637632B0BD998
:109B50000AB1F7A300E0FCA344F8203000F10100B3
:109B600001F10101C0B2C9B23C4B98F866C793F845
:109B700078375FEACC7503D013B112B1F8A5FCE1D8
:109B800003E2F9E1496E762EB931352068696768DC
:109B900020556F757421202000000000C8EDE22ED2
:109BA000B9313520E7E0EDE8E62E2055E2FBF5215E
:109BB00000000000496E762EB9313520206C6F7799
:109BC00020556F75742120200000000020C8EDE2B0
:109BD0002EB9313520E7E0EDE8E62E20556463200C
:109BE0000000000020496E762EB9313520206C6FC0
:109BF000772055646320202000000000C8EDE22E8D
:109C0000B9313620F0E0E7F0FBE220F1E2FFE7E8CF
:109C100000000000496E76B93136206E6F74206303
:109C20006F6E6E656374656400000000C8EDE22E1F
:109C3000B9313620E2EDF3F2F02EEDE5E8F1EFF088
:109C400000000000496E762EB93136204465666505
:109C500063746976652E20200000000040F4072020
:109C6000C8EDE22EB9313620EFE5F0E5E3F0F3E799
:109C7000EAE0202000000000496E762EB93136203F
:109C80004F7665726C6F61642E202020000000000A
:109C9000C8EDE22EB9313620F1E8EBFCED2EEDE017
:109CA000E3F0E5E200000000496E762EB93136207F
:109CB00020686967682068656174202000000000E2
:109CC000C8EDE22EB9313620EFE5F0E5E3F0E5E24C
:109CD0002CE2FBEA00000000496E762EB9313620F6
:109CE00074656D702C64697361626C2E00000000F5
:109CF000C8EDE22EB9313620E7E0E2FBF82E205520
:109D0000E2FBF52100000000496E762EB9313620C5
:109D10006869676820556F75742120200000000075
:109D2000C8EDE22EB9313620E7E0EDE8E62E205509
:109D3000E2FBF52100000000496E762EB931362095
:109D4000206C6F7720556F75742120200000000073
:109D500020C8EDE22EB9313620E7E0EDE8E62E200E
:109D6000556463200000000020496E762EB931361C
:109D700020206C6F772055646320202000000000B5
:109D8000C8EDE22EB9313720F0E0E7F0FBE220F138
:109D9000E2FFE7E800000000496E76B93137206E37
:109DA0006F7420636F6E6E656374656400000000FD
:109DB000C8EDE22EB9313720E2EDF3F2F02EEDE5F9
:109DC000E8F1EFF000000000496E762EB93137203F
:109DD0004465666563746976652E20200000000086
:109DE000C8EDE22EB9313720EFE5F0E5E3F0F3E717
:109DF000EAE0202000000000496E762EB9313720BD
:109E00004F7665726C6F61642E2020200000000088
:109E1000C8EDE22EB9313720F1E8EBFCED2EEDE094
:109E2000E3F0E5E200000000496E762EB9313720FC
:109E30002068696768206865617420200000000060
:109E4000C8EDE22EB9313720EFE5F0E5E3F0E5E2C9
:109E50002CE2FBEA00000000496E762EB931372073
:109E600074656D702C64697361626C2E0000000073
:109E7000C8EDE22EB9313720E7E0E2FBF82E20559D
:109E8000E2FBF52100000000496E762EB931372043
:109E90006869676820556F757421202000000000F4
:109EA000C8EDE22EB9313720E7E0EDE8E62E205587
:109EB000E2FBF52100000000496E762EB931372013
:109EC000206C6F7720556F757421202000000000F2
:109ED00020C8EDE22EB9313720E7E0EDE8E62E208C
:109EE000556463200000000020496E762EB931379A
:109EF00020206C6F77205564632020200000000034
:109F0000C8EDE22EB9313820F0E0E7F0FBE220F1B5
:109F1000E2FFE7E800000000496E76B93138206EB4
:109F20006F7420636F6E6E6563746564000000007B
:109F3000C8EDE22EB9313820E2EDF3F2F02EEDE576
:109F4000E8F1EFF000000000496E762EB9313820BC
:109F50004465666563746976652E20200000000004
:109F6000C8EDE22EB9313820EFE5F0E5E3F0F3E794
:109F7000EAE0202000000000B6A544F8205000F1DF
:109F8000010001F10101C0B2C9B2B84D5FEA4C77DE
:109F900095F867570BD52BB35FEA8C7716D45FEA39
:109FA0008C670ED50AB1B2A714E0B7A712E0CBB107
:109FB0005FEA8C770AD45FEA4C7713D55FEA8C6747
:109FC00010D45FEACC770DD1EF070BD10AB1B4A75B
:109FD00000E0B9A744F8207000F1010001F101018F
:109FE000C0B2C9B25FEA0C770CD55BB10AB1B8A7B1
:109FF00000E0BDA744F8207000F1010001F101016B
:10A00000C0B2C9B25FEACC670AD54BB10AB1BCA7EE
:10A0100000E0C1A744F82070401C491CC0B2C9B27E
:10A02000ED070AD04BB10AB1C1A300E0C6A344F8C2
:10A030002030401C491CC0B2C9B298F8EF374BB170
:10A040000AB1C7A300E0CCA344F82030401C491C4F
:10A05000C0B2C9B298F80238632B0BD90AB1CCA3AD
:10A0600000E0D1A344F8203000F1010001F101012A
:10A07000C0B2C9B27D4B98F8D2C793F8E4375FEA13
:10A08000CC750CD05BB10AB1CDA500E0D2A544F8E7
:10A09000205000F1010001F10101C0B2C9B2734DBD
:10A0A0005FEA4C7795F8D3570BD52BB35FEA8C77E3
:10A0B00016D45FEA8C670ED50AB1CDA714E0D2A7FB
:10A0C00012E0CBB15FEA8C770AD45FEA4C7713D504
:10A0D0005FEA8C6710D45FEACC770DD1EF070BD124
:10A0E0000AB1CFA700E0D4A744F8207000F1010026
:10A0F00001F10101C0B2C9B25FEA0C770CD55BB1C6
:10A100000AB1D3A700E0D8A744F8207000F10100FD
:10A1100001F10101C0B2C9B25FEACC670AD54BB107
:10A120000AB1D7A700E0DCA744F82070401C491C06
:10A13000C0B2C9B2ED070AD04BB10AB1DCA300E04E
:10A14000E1A344F82030401C491CC0B2C9B298F8C1
:10A150005B384BB10AB1E2A300E0E7A344F820303A
:10A16000401C491CC0B2C9B298F86E38632B09D99B
:10A170000AB1E7A300E0ECA344F82030401C491CDE
:10A18000C0B2C9B2394B98F83EC893F850385FEA6C
:10A19000CC750CD05BB10AB1E9A500E0EEA544F89E
:10A1A000205000F1010001F10101C0B2C9B22F4DF0
:10A1B0005FEA4C7795F83F580BD52BB35FEA8C7765
:10A1C00016D45FEA8C670ED50AB1E9A714E0EEA7B2
:10A1D00012E0CBB15FEA8C770AD45FEA4C7713D5F3
:10A1E0005FEA8C6710D45FEACC770DD1EF070BD113
:10A1F0000AB1EBA700E0F0A744F8207000F10100DD
:10A2000001F10101C0B2C9B25FEA0C770CD55BB1B4
:10A210000AB1EFA700E0F4A744F8207000F10100B4
:10A2200001F10101C0B2C9B25FEACC670AD54BB1F6
:10A230000AB1F3A700E0F8A744F82070401C491CBD
:10A24000C0B2C9B2ED0703D013B112B1F8A3FCE15B
:10A2500001E2F9E1496E762EB93138204F76657208
:10A260006C6F61642E2020200000000040F4072065
:10A27000C8EDE22EB9313820F1E8EBFCED2EEDE02F
:10A28000E3F0E5E200000000496E762EB931382097
:10A2900020686967682068656174202000000000FC
:10A2A000C8EDE22EB9313820EFE5F0E5E3F0E5E264
:10A2B0002CE2FBEA00000000496E762EB93138200E
:10A2C00074656D702C64697361626C2E000000000F
:10A2D000C8EDE22EB9313820E7E0E2FBF82E205538
:10A2E000E2FBF52100000000496E762EB9313820DE
:10A2F0006869676820556F75742120200000000090
:10A30000C8EDE22EB9313820E7E0EDE8E62E205521
:10A31000E2FBF52100000000496E762EB9313820AD
:10A32000206C6F7720556F7574212020000000008D
:10A3300020C8EDE22EB9313820E7E0EDE8E62E2026
:10A34000556463200000000020496E762EB9313834
:10A3500020206C6F772055646320202000000000CF
:10A36000C8EDE22EB9313920F0E0E7F0FBE220F150
:10A37000E2FFE7E800000000496E76B93139206E4F
:10A380006F7420636F6E6E65637465640000000017
:10A39000C8EDE22EB9313920E2EDF3F2F02EEDE511
:10A3A000E8F1EFF000000000496E762EB931392057
:10A3B0004465666563746976652E202000000000A0
:10A3C000C8EDE22EB9313920EFE5F0E5E3F0F3E72F
:10A3D000EAE0202000000000496E762EB9313920D5
:10A3E0004F7665726C6F61642E20202000000000A3
:10A3F000C8EDE22EB9313920F1E8EBFCED2EEDE0AD
:10A40000E3F0E5E200000000496E762EB931392014
:10A41000206869676820686561742020000000007A
:10A42000C8EDE22EB9313920EFE5F0E5E3F0E5E2E1
:10A430002CE2FBEA00000000496E762EB93139208B
:10A4400074656D702C64697361626C2E000000008D
:10A45000C8EDE22EB9313920E7E0E2FBF82E2055B5
:10A46000E2FBF52100000000496E762EB93139205B
:10A470006869676820556F7574212020000000000E
:10A48000C8EDE22EB9313920E7E0EDE8E62E20559F
:10A49000E2FBF52100000000496E762EB93139202B
:10A4A000206C6F7720556F7574212020000000000C
:10A4B00020C8EDE22EB9313920E7E0EDE8E62E20A4
:10A4C000556463200000000020496E762EB93139B2
:10A4D00020206C6F7720556463202020000000004E
:10A4E000C8EDE22EB9323020F0E0E7F0FBE220F1D7
:10A4F000E2FFE7E800000000496E76B93230206ED6
:10A500006F7420636F6E6E65637465640000000095
:10A51000C8EDE22EB9323020E2EDF3F2F02EEDE597
:10A52000E8F1EFF000000000496E762EB9323020DD
:10A530004465666563746976652E2020000000001E
:10A54000C8EDE22EB9323020EFE5F0E5E3F0F3E7B5
:10A55000EAE0202000000000496E762EB93230205B
:10A560004F7665726C6F61642E2020200000000021
:10A57000C8EDE22EB9323020F1E8EBFCED2EEDE033
:10A58000E3F0E5E200000000496E762EB93230209B
:10A5900020686967682068656174202000000000F9
:10A5A000C8EDE22EB9323020EFE5F0E5E3F0E5E268
:10A5B0002CE2FBEA00000000496E762EB932302012
:10A5C00074656D702C64697361626C2E000000000C
:10A5D000C8EDE22EB9323020E7E0E2FBF82E20553C
:10A5E000E2FBF52100000000496E762EB9323020E2
:10A5F0006869676820556F7574212020000000008D
:10A60000C8EDE22EB9323020E7E0EDE8E62E205525
:10A61000E2FBF52100000000496E762EB9323020B1
:10A62000206C6F7720556F7574212020000000008A
:10A6300020C8EDE22EB9323020E7E0EDE8E62E202A
:10A640005564632000000000B6A344F82030401C8D
:10A65000491CC0B2C9B298F8C7384BB10AB1B7A308
:10A6600000E0BCA344F82030401C491CC0B2C9B271
:10A6700098F8DA38632B09D90AB1BCA300E0C1A36A
:10A6800044F82030401C491CC0B2C9B2C34B98F8F2
:10A69000AAC893F8BC385FEACC750CD05BB10AB19C
:10A6A000BFA500E0C4A544F8205000F1010001F16D
:10A6B0000101C0B2C9B2B94D5FEA4C7795F8AB5809
:10A6C0000BD52BB35FEA8C7716D45FEA8C670ED577
:10A6D0000AB1BFA714E0C4A712E0CBB15FEA8C7740
:10A6E0000AD45FEA4C7713D55FEA8C6710D45FEA2F
:10A6F000CC770DD1EF070BD10AB1C1A700E0C6A7F7
:10A7000044F8207000F1010001F10101C0B2C9B2AA
:10A710005FEA0C770CD55BB10AB1C5A700E0CAA708
:10A7200044F8207000F1010001F10101C0B2C9B28A
:10A730005FEACC670AD54BB10AB1C9A700E0CEA742
:10A7400044F82070401C491CC0B2C9B2ED070AD0C1
:10A750004BB10AB1CEA300E0D3A344F82030401C93
:10A76000491CC0B2C9B298F833394BB10AB1D4A36D
:10A7700000E0D9A344F82030401C491CC0B2C9B243
:10A7800098F84639632B09D90AB1D9A300E0DEA3B2
:10A7900044F82030401C491CC0B2C9B27F4B98F825
:10A7A00016C993F828395FEACC750CD05BB10AB1B1
:10A7B000DBA500E0E0A544F8205000F1010001F124
:10A7C0000101C0B2C9B2754D5FEA4C7795F81759CF
:10A7D0000BD52BB35FEA8C7716D45FEA8C670ED566
:10A7E0000AB1DBA714E0E0A712E0CBB15FEA8C77F7
:10A7F0000AD45FEA4C7713D55FEA8C6710D45FEA1E
:10A80000CC770DD1EF070BD10AB1DDA700E0E2A7AD
:10A8100044F8207000F1010001F10101C0B2C9B299
:10A820005FEA0C770CD55BB10AB1E1A700E0E6A7BF
:10A8300044F8207000F1010001F10101C0B2C9B279
:10A840005FEACC670AD54BB10AB1E5A700E0EAA7F9
:10A8500044F82070401C491CC0B2C9B2ED070AD0B0
:10A860004BB10AB1EAA300E0EFA344F82030401C4A
:10A87000491CC0B2C9B298F89F394BB10AB1F0A3D4
:10A8800000E0F5A344F82030401C491CC0B2C9B216
:10A8900098F8B239632B09D90AB1F5A300E0FAA3FD
:10A8A00044F82030401C491CC0B2C9B23B4B98F858
:10A8B00082C993F894395FEACC750CD05BB10AB1C8
:10A8C000F7A500E0FCA544F8205000F1010001F1DB
:10A8D0000101C0B2C9B2314D5FEA4C7795F8835996
:10A8E0000BD5E3B15FEA8C7716D45FEA8C670ED59F
:10A8F0000AB1F7A711E2FCA70FE283B15FEA8C77F8
:10A900000AD45FEA4C770AD55FEA8C6707D45FEA1E
:10A91000CC7704D1EF0702D112B1F9A7FDE104E22F
:10A92000FAE1000020496E762EB9323020206C6F9B
:10A93000772055646320202000000000C8EDE22E3F
:10A94000B9323120F0E0E7F0FBE220F1E2FFE7E886
:10A9500000000000496E76B93231206E6F742063BA
:10A960006F6E6E656374656400000000C8EDE22ED2
:10A97000B9323120E2EDF3F2F02EEDE5E8F1EFF03F
:10A9800000000000496E762EB932312044656665BC
:10A9900063746976652E20200000000040F40720D3
:10A9A000C8EDE22EB9323120EFE5F0E5E3F0F3E750
:10A9B000EAE0202000000000496E762EB9323120F6
:10A9C0004F7665726C6F61642E20202000000000BD
:10A9D000C8EDE22EB9323120F1E8EBFCED2EEDE0CE
:10A9E000E3F0E5E200000000496E762EB932312036
:10A9F0002068696768206865617420200000000095
:10AA0000C8EDE22EB9323120EFE5F0E5E3F0E5E202
:10AA10002CE2FBEA00000000496E762EB9323120AC
:10AA200074656D702C64697361626C2E00000000A7
:10AA3000C8EDE22EB9323120E7E0E2FBF82E2055D6
:10AA4000E2FBF52100000000496E762EB93231207C
:10AA50006869676820556F75742120200000000028
:10AA6000C8EDE22EB9323120E7E0EDE8E62E2055C0
:10AA7000E2FBF52100000000496E762EB93231204C
:10AA8000206C6F7720556F75742120200000000026
:10AA900020C8EDE22EB9323120E7E0EDE8E62E20C5
:10AAA000556463200000000020496E762EB93231D3
:10AAB00020206C6F77205564632020200000000068
:10AAC000C8EDE22EB9323220F0E0E7F0FBE220F1EF
:10AAD000E2FFE7E800000000496E76B93232206EEE
:10AAE0006F7420636F6E6E656374656400000000B0
:10AAF000C8EDE22EB9323220E2EDF3F2F02EEDE5B0
:10AB0000E8F1EFF000000000496E762EB9323220F5
:10AB10004465666563746976652E20200000000038
:10AB2000C8EDE22EB9323220EFE5F0E5E3F0F3E7CD
:10AB3000EAE0202000000000496E762EB932322073
:10AB40004F7665726C6F61642E202020000000003B
:10AB5000C8EDE22EB9323220F1E8EBFCED2EEDE04B
:10AB6000E3F0E5E200000000496E762EB9323220B3
:10AB70002068696768206865617420200000000013
:10AB8000C8EDE22EB9323220EFE5F0E5E3F0E5E280
:10AB90002CE2FBEA00000000496E762EB93232202A
:10ABA00074656D702C64697361626C2E0000000026
:10ABB000C8EDE22EB9323220E7E0E2FBF82E205554
:10ABC000E2FBF52100000000496E762EB9323220FA
:10ABD0006869676820556F757421202000000000A7
:10ABE000C8EDE22EB9323220E7E0EDE8E62E20553E
:10ABF000E2FBF52100000000496E762EB9323220CA
:10AC0000206C6F7720556F757421202000000000A4
:10AC100020C8EDE22EB9323220E7E0EDE8E62E2042
:10AC2000556463200000000020496E762EB9323250
:10AC300020206C6F772055646320202000000000E6
:10AC4000C8EDE22EB9323320F0E0E7F0FBE220F16C
:10AC5000E2FFE7E800000000496E76B93233206E6B
:10AC60006F7420636F6E6E6563746564000000002E
:10AC7000C8EDE22EB9323320E2EDF3F2F02EEDE52D
:10AC8000E8F1EFF000000000496E762EB932332073
:10AC90004465666563746976652E202000000000B7
:10ACA000C8EDE22EB9323320EFE5F0E5E3F0F3E74B
:10ACB000EAE0202000000000496E762EB9323320F1
:10ACC0004F7665726C6F61642E20202000000000BA
:10ACD000C8EDE22EB9323320F1E8EBFCED2EEDE0C9
:10ACE000E3F0E5E200000000496E762EB932332031
:10ACF0002068696768206865617420200000000092
:10AD0000C8EDE22EB9323320EFE5F0E5E3F0E5E2FD
:10AD10002CE2FBEA00000000ACA744F8207000F130
:10AD2000010001F10101C0B2C9B25FEA0C770CD594
:10AD30005BB10AB1ABA700E0B0A744F8207000F106
:10AD4000010001F10101C0B2C9B25FEACC670AD5C6
:10AD50004BB10AB1AFA700E0B4A744F82070401C83
:10AD6000491CC0B2C9B2ED070AD04BB10AB1B5A3B4
:10AD700000E0BAA344F82030401C491CC0B2C9B25C
:10AD800098F80B3A4BB10AB1BAA300E0BFA344F85C
:10AD90002030401C491CC0B2C9B298F81E3A632B3F
:10ADA00009D90AB1BFA300E0C4A344F82030401C75
:10ADB000491CC0B2C9B2C74B98F8EEC993F8003A23
:10ADC0005FEACC750CD05BB10AB1C3A500E0C8A5A1
:10ADD00044F8205000F1010001F10101C0B2C9B2F4
:10ADE000BC4D5FEA4C7795F8EF590BD52BB35FEA72
:10ADF0008C7716D45FEA8C670ED50AB1C2A714E02F
:10AE0000C7A712E0CBB15FEA8C770AD45FEA4C7730
:10AE100013D55FEA8C6710D45FEACC770DD1EF07CA
:10AE20000BD10AB1C4A700E0C9A744F8207000F113
:10AE3000010001F10101C0B2C9B25FEA0C770CD583
:10AE40005BB10AB1C8A700E0CDA744F8207000F1BB
:10AE5000010001F10101C0B2C9B25FEACC670AD5B5
:10AE60004BB10AB1CCA700E0D1A744F82070401C38
:10AE7000491CC0B2C9B2ED070AD04BB10AB1D2A386
:10AE800000E0D7A344F82030401C491CC0B2C9B22E
:10AE900098F8773A4BB10AB1D7A300E0DCA344F8A5
:10AEA0002030401C491CC0B2C9B298F88A3A632BC2
:10AEB00009D90AB1DCA300E0E1A344F82030401C2A
:10AEC000491CC0B2C9B2834B98F85ACA93F86C3A7D
:10AED0005FEACC750CD05BB10AB1DFA500E0E4A558
:10AEE00044F8205000F1010001F10101C0B2C9B2E3
:10AEF000784D5FEA4C7795F85B5A0BD52BB35FEA38
:10AF00008C7716D45FEA8C670ED50AB1DEA714E001
:10AF1000E3A712E0CBB15FEA8C770AD45FEA4C7703
:10AF200013D55FEA8C6710D45FEACC770DD1EF07B9
:10AF30000BD10AB1E0A700E0E5A744F8207000F1CA
:10AF4000010001F10101C0B2C9B25FEA0C770CD572
:10AF50005BB10AB1E4A700E0E9A744F8207000F172
:10AF6000010001F10101C0B2C9B25FEACC670AD5A4
:10AF70004BB10AB1E8A700E0EDA744F82070401CEF
:10AF8000491CC0B2C9B2ED070AD04BB10AB1EEA359
:10AF900000E0F3A344F82030401C491CC0B2C9B201
:10AFA00098F8E33A4BB10AB1F3A300E0F8A344F8F0
:10AFB0002030401C491CC0B2C9B298F8F63A632B45
:10AFC00003D90AB1F8A3FCE1FAE100E2496E762E5A
:10AFD000B932332074656D702C64697361626C2EB4
:10AFE00000000000C8EDE22EB9323320E7E0E2FBBA
:10AFF000F82E2055E2FBF52100000000496E762E68
:10B00000B93233206869676820556F757421202034
:10B0100000000000C8EDE22EB9323320E7E0EDE891
:10B02000E62E2055E2FBF52100000000496E762E49
:10B03000B9323320206C6F7720556F757421202032
:10B040000000000020C8EDE22EB9323320E7E0ED29
:10B05000E8E62E20556463200000000020496E764B
:10B060002EB9323320206C6F772055646320202066
:10B0700000000000C8EDE22EB9323420F0E0E7F025
:10B08000FBE220F1E2FFE7E800000000496E76B93C
:10B090003234206E6F7420636F6E6E656374656406
:10B0A00000000000C8EDE22EB9323420E2EDF3F2E8
:10B0B000F02EEDE5E8F1EFF000000000496E762E8D
:10B0C000B93234204465666563746976652E202044
:10B0D0000000000040F40720C8EDE22EB932342011
:10B0E000EFE5F0E5E3F0F3E7EAE020200000000000
:10B0F000496E762EB93234204F7665726C6F61647A
:10B100002E20202000000000C8EDE22EB9323420AD
:10B11000F1E8EBFCED2EEDE0E3F0E5E200000000ED
:10B12000496E762EB93234202068696768206865D8
:10B130006174202000000000C8EDE22EB9323420F6
:10B14000EFE5F0E5E3F0E5E22CE2FBEA00000000C9
:10B15000496E762EB932342074656D702C64697333
:10B1600061626C2E00000000C8EDE22EB93234207E
:10B17000E7E0E2FBF82E2055E2FBF521000000009D
:10B18000496E762EB93234206869676820556F752C
:10B190007421202000000000C8EDE22EB9323420D6
:10B1A000E7E0EDE8E62E2055E2FBF5210000000087
:10B1B000496E762EB9323420206C6F7720556F752A
:10B1C000742120200000000020C8EDE22EB93234A6
:10B1D00020E7E0EDE8E62E20556463200000000043
:10B1E00020496E762EB9323420206C6F772055645A
:10B1F0006320202000000000C8EDE22EB932352087
:10B20000F0E0E7F0FBE220F1E2FFE7E800000000F9
:10B21000496E76B93235206E6F7420636F6E6E653D
:10B220006374656400000000C8EDE22EB932352079
:10B23000E2EDF3F2F02EEDE5E8F1EFF000000000B2
:10B24000496E762EB9323520446566656374697639
:10B25000652E202000000000C8EDE22EB932352016
:10B26000EFE5F0E5E3F0F3E7EAE02020000000007E
:10B27000496E762EB93235204F7665726C6F6164F7
:10B280002E20202000000000C8EDE22EB93235202B
:10B29000F1E8EBFCED2EEDE0E3F0E5E2000000006C
:10B2A000496E762EB9323520206869676820686556
:10B2B0006174202000000000C8EDE22EB932352074
:10B2C000EFE5F0E5E3F0E5E22CE2FBEA0000000048
:10B2D000496E762EB932352074656D702C646973B1
:10B2E00061626C2E00000000C8EDE22EB9323520FC
:10B2F000E7E0E2FBF82E2055E2FBF521000000001C
:10B30000496E762EB93235206869676820556F75A9
:10B310007421202000000000C8EDE22EB932352053
:10B32000E7E0EDE8E62E2055E2FBF5210000000005
:10B33000496E762EB9323520206C6F7720556F75A7
:10B34000742120200000000020C8EDE22EB9323523
:10B3500020E7E0EDE8E62E205564632000000000C1
:10B3600020496E762EB9323520206C6F77205564D7
:10B370006320202000000000C8EDE22EB932362004
:10B38000F0E0E7F0FBE220F1E2FFE7E80000000078
:10B39000496E76B93236206E6F7420636F6E6E65BB
:10B3A0006374656400000000C8EDE22EB9323620F7
:10B3B000E2EDF3F2F02EEDE5E8F1EFF00000000031
:10B3C000B9A344F82030401C491CC0B2C9B2BC4BE0
:10B3D00098F8C6CA93F8D83A5FEACC750CD05BB13E
:10B3E0000AB1B8A500E0BDA544F8205000F1010065
:10B3F00001F10101C0B2C9B2B14D5FEA4C7795F8D5
:10B40000C75A0BD52BB35FEA8C7716D45FEA8C67EB
:10B410000ED50AB1B7A714E0BCA712E0CBB15FEA22
:10B420008C770AD45FEA4C7713D55FEA8C6710D427
:10B430005FEACC770DD1EF070BD10AB1B9A700E0D5
:10B44000BEA744F8207000F1010001F10101C0B273
:10B45000C9B25FEA0C770CD55BB10AB1BDA700E0B9
:10B46000C2A744F8207000F1010001F10101C0B24F
:10B47000C9B25FEACC670AD54BB10AB1C1A700E0F7
:10B48000C6A744F82070401C491CC0B2C9B2ED07E1
:10B490000AD04BB10AB1C7A300E0CCA344F82030D6
:10B4A000401C491CC0B2C9B298F84F3B4BB10AB11D
:10B4B000CCA300E0D1A344F82030401C491CC0B20A
:10B4C000C9B298F8623B632B0AD90AB1D1A300E054
:10B4D000D6A344F82030401C01F10101C0B2C9B22A
:10B4E000774B98F832CB93F8443B5FEACC750CD09D
:10B4F0005BB10AB1D3A500E0D8A544F8205000F113
:10B50000010001F10101C0B2C9B26D4D5FEA4C7793
:10B5100095F8335B0BD52BB35FEA8C7716D45FEAD3
:10B520008C670ED50AB1D3A714E0D8A712E0CBB12F
:10B530005FEA8C770AD45FEA4C7713D55FEA8C67B1
:10B5400010D45FEACC770DD1EF070BD10AB1D5A7A4
:10B5500000E0DAA744F8207000F1010001F10101D8
:10B56000C0B2C9B25FEA0C770CD55BB10AB1D9A7FA
:10B5700000E0DEA744F8207000F1010001F10101B4
:10B58000C0B2C9B25FEACC670AD54BB10AB1DDA738
:10B5900000E0E2A744F82070401C491CC0B2C9B2C8
:10B5A000ED070AD04BB10AB1E2A300E0E7A344F8EB
:10B5B0002030401C491CC0B2C9B298F8BB3B4BB10B
:10B5C0000AB1E8A300E0EDA344F82030401C491C78
:10B5D000C0B2C9B298F8CE3B632B0AD90AB1EDA329
:10B5E00000E0F2A344F82030401C01F10101C0B298
:10B5F000C9B2334B98F89ECB93F8B03B5FEACC7559
:10B600000CD05BB10AB1EFA500E0F4A544F82050DE
:10B6100000F1010001F10101C0B2C9B2284D5FEA99
:10B620004C7795F89F5B0BD52BB35FEA8C7716D4DC
:10B630005FEA8C670ED50AB1EEA714E0F3A712E01B
:10B64000CBB15FEA8C770AD45FEA4C7713D55FEA17
:10B650008C6710D45FEACC770DD1EF070BD10AB11C
:10B66000F0A700E0F5A744F8207000F1010001F117
:10B670000101C0B2C9B25FEA0C770CD55BB10AB167
:10B68000F4A700E0F9A744F8207000F1010001F1EF
:10B690000101C0B2C9B25FEACC6703D513B112B1E0
:10B6A000F8A7FCE101E2F9E1496E762EB9323620C5
:10B6B0004465666563746976652E2020000000008D
:10B6C00040F40720C8EDE22EB9323620EFE5F0E570
:10B6D000E3F0F3E7EAE0202000000000496E762E58
:10B6E000B93236204F7665726C6F61642E2020204F
:10B6F00000000000C8EDE22EB9323620F1E8EBFC84
:10B70000ED2EEDE0E3F0E5E200000000496E762E5C
:10B71000B932362020686967682068656174202026
:10B7200000000000C8EDE22EB9323620EFE5F0E56A
:10B73000E3F0E5E22CE2FBEA00000000496E762E21
:10B74000B932362074656D702C64697361626C2E39
:10B7500000000000C8EDE22EB9323620E7E0E2FB3F
:10B76000F82E2055E2FBF52100000000496E762EF0
:10B77000B93236206869676820556F7574212020BA
:10B7800000000000C8EDE22EB9323620E7E0EDE817
:10B79000E62E2055E2FBF52100000000496E762ED2
:10B7A000B9323620206C6F7720556F7574212020B8
:10B7B0000000000020C8EDE22EB9323620E7E0EDAF
:10B7C000E8E62E20556463200000000020496E76D4
:10B7D0002EB9323620206C6F7720556463202020EC
:10B7E00000000000C8EDE22EB9323720F0E0E7F0AB
:10B7F000FBE220F1E2FFE7E800000000496E76B9C5
:10B800003237206E6F7420636F6E6E65637465648B
:10B8100000000000C8EDE22EB9323720E2EDF3F26D
:10B82000F02EEDE5E8F1EFF000000000496E762E15
:10B83000B93237204465666563746976652E2020C9
:10B8400000000000C8EDE22EB9323720EFE5F0E548
:10B85000E3F0F3E7EAE0202000000000496E762ED6
:10B86000B93237204F7665726C6F61642E202020CC
:10B8700000000000C8EDE22EB9323720F1E8EBFC01
:10B88000ED2EEDE0E3F0E5E200000000496E762EDB
:10B89000B9323720206869676820686561742020A4
:10B8A00000000000C8EDE22EB9323720EFE5F0E5E8
:10B8B000E3F0E5E22CE2FBEA00000000496E762EA0
:10B8C000B932372074656D702C64697361626C2EB7
:10B8D00000000000C8EDE22EB9323720E7E0E2FBBD
:10B8E000F82E2055E2FBF52100000000496E762E6F
:10B8F000B93237206869676820556F757421202038
:10B9000000000000C8EDE22EB9323720E7E0EDE894
:10B91000E62E2055E2FBF52100000000496E762E50
:10B92000B9323720206C6F7720556F757421202035
:10B930000000000020C8EDE22EB9323720E7E0ED2C
:10B94000E8E62E20556463200000000020496E7652
:10B950002EB9323720206C6F772055646320202069
:10B9600000000000C8EDE22EB9323820F0E0E7F028
:10B97000FBE220F1E2FFE7E800000000496E76B943
:10B980003238206E6F7420636F6E6E656374656409
:10B9900000000000C8EDE22EB9323820E2EDF3F2EB
:10B9A000F02EEDE5E8F1EFF000000000496E762E94
:10B9B000B93238204465666563746976652E202047
:10B9C00000000000C8EDE22EB9323820EFE5F0E5C6
:10B9D000E3F0F3E7EAE0202000000000496E762E55
:10B9E000B93238204F7665726C6F61642E2020204A
:10B9F00000000000C8EDE22EB9323820F1E8EBFC7F
:10BA0000ED2EEDE0E3F0E5E200000000496E762E59
:10BA1000B932382020686967682068656174202021
:10BA200000000000C8EDE22EB9323820EFE5F0E565
:10BA3000E3F0E5E22CE2FBEA00000000496E762E1E
:10BA4000B932382074656D702C64697361626C2E34
:10BA500000000000C8EDE22EB9323820E7E0E2FB3A
:10BA6000F82E2055E2FBF52100000000496E762EED
:10BA7000B93238206869676820556F7574212020B5
:10BA800000000000C8EDE22EB9323820E7E0EDE812
:10BA9000E62E2055E2FBF52100000000B6A744F891
:10BAA0002070401C491CC0B2C9B2ED070AD04BB18E
:10BAB0000AB1B7A300E0BCA344F82030401C491CE5
:10BAC000C0B2C9B298F8273C4BB10AB1BCA300E0A0
:10BAD000C1A344F82030401C491CC0B2C9B298F838
:10BAE0003A3C632B0BD90AB1C1A300E0C6A344F8CA
:10BAF000203000F1010001F10101C0B2C9B2C84B10
:10BB000098F80ACC93F81C3C5FEACC750CD05BB17A
:10BB10000AB1C4A500E0C9A544F8205000F1010015
:10BB200001F10101C0B2C9B2BD4D5FEA4C7795F891
:10BB30000B5C0BD52BB35FEA8C7716D45FEA8C676E
:10BB40000ED50AB1C3A714E0C8A712E0CBB15FEAD3
:10BB50008C770AD45FEA4C7713D55FEA8C6710D4F0
:10BB60005FEACC770DD1EF070BD10AB1C5A700E092
:10BB7000CAA744F8207000F1010001F10101C0B230
:10BB8000C9B25FEA0C770CD55BB10AB1C9A700E076
:10BB9000CEA744F8207000F1010001F10101C0B20C
:10BBA000C9B25FEACC670AD54BB10AB1CDA700E0B4
:10BBB000D2A744F82070401C491CC0B2C9B2ED079E
:10BBC0000AD04BB10AB1D3A300E0D8A344F8203087
:10BBD000401C491CC0B2C9B298F8933C4BB10AB1A1
:10BBE000D8A300E0DDA344F82030401C491CC0B2BB
:10BBF000C9B298F8A63C632B0BD90AB1DDA300E0CB
:10BC0000E2A344F8203000F1010001F10101C0B2CB
:10BC1000C9B2834B98F876CC93F8883C5FEACC7530
:10BC20000CD05BB10AB1DFA500E0E4A544F82050D8
:10BC300000F1010001F10101C0B2C9B2784D5FEA23
:10BC40004C7795F8775C0BD52BB35FEA8C7716D4DD
:10BC50005FEA8C670ED50AB1DEA714E0E3A712E015
:10BC6000CBB15FEA8C770AD45FEA4C7713D55FEAF1
:10BC70008C6710D45FEACC770DD1EF070BD10AB1F6
:10BC8000E0A700E0E5A744F8207000F1010001F111
:10BC90000101C0B2C9B25FEA0C770CD55BB10AB141
:10BCA000E4A700E0E9A744F8207000F1010001F1E9
:10BCB0000101C0B2C9B25FEACC670AD54BB10AB183
:10BCC000E8A700E0EDA744F82070401C491CC0B272
:10BCD000C9B2ED070AD04BB10AB1EEA300E0F3A35D
:10BCE00044F82030401C491CC0B2C9B298F8FF3C4F
:10BCF0004BB10AB1F3A300E0F8A344F82030401C94
:10BD0000491CC0B2C9B298F8123D632B0BD90AB1D5
:10BD1000F8A300E0FDA344F8203000F1010001F198
:10BD20000101C0B2C9B23E4B98F8E2CC93F8F43CA2
:10BD30005FEACC750CD05BB10AB1FAA500E0FFA5B3
:10BD400044F8205000F1010001F10101C0B2C9B274
:10BD5000334D5FEA4C7795F8E35C0AD53BB15FEA77
:10BD60008C7707D45FEA8C6705D50AB1F2E110E25F
:10BD7000F2E1F3E101E2FBE1496E762EB9323820BF
:10BD8000206C6F7720556F75742120200000000013
:10BD900020C8EDE22EB9323820E7E0EDE8E62E20AB
:10BDA000556463200000000020496E762EB93238B9
:10BDB00020206C6F77205564632020200000000055
:10BDC000C8EDE22EB9323920F0E0E7F0FBE220F1D5
:10BDD000E2FFE7E800000000496E76B93239206ED4
:10BDE0006F7420636F6E6E6563746564000000009D
:10BDF000C8EDE22EB9323920E2EDF3F2F02EEDE596
:10BE0000E8F1EFF000000000496E762EB9323920DB
:10BE10004465666563746976652E20200000000025
:10BE200040F40720C8EDE22EB9323920EFE5F0E505
:10BE3000E3F0F3E7EAE0202000000000496E762EF0
:10BE4000B93239204F7665726C6F61642E202020E4
:10BE500000000000C8EDE22EB9323920F1E8EBFC19
:10BE6000ED2EEDE0E3F0E5E200000000496E762EF5
:10BE7000B9323920206869676820686561742020BC
:10BE800000000000C8EDE22EB9323920EFE5F0E500
:10BE9000E3F0E5E22CE2FBEA00000000496E762EBA
:10BEA000B932392074656D702C64697361626C2ECF
:10BEB00000000000C8EDE22EB9323920E7E0E2FBD5
:10BEC000F82E2055E2FBF52100000000496E762E89
:10BED000B93239206869676820556F757421202050
:10BEE00000000000C8EDE22EB9323920E7E0EDE8AD
:10BEF000E62E2055E2FBF52100000000496E762E6B
:10BF0000B9323920206C6F7720556F75742120204D
:10BF10000000000020C8EDE22EB9323920E7E0ED44
:10BF2000E8E62E20556463200000000020496E766C
:10BF30002EB9323920206C6F772055646320202081
:10BF400000000000C8EDE22EB9333020F0E0E7F049
:10BF5000FBE220F1E2FFE7E800000000496E76B95D
:10BF60003330206E6F7420636F6E6E65637465642A
:10BF700000000000C8EDE22EB9333020E2EDF3F20C
:10BF8000F02EEDE5E8F1EFF000000000496E762EAE
:10BF9000B93330204465666563746976652E202068
:10BFA00000000000C8EDE22EB9333020EFE5F0E5E7
:10BFB000E3F0F3E7EAE0202000000000496E762E6F
:10BFC000B93330204F7665726C6F61642E2020206B
:10BFD00000000000C8EDE22EB9333020F1E8EBFCA0
:10BFE000ED2EEDE0E3F0E5E200000000496E762E74
:10BFF000B933302020686967682068656174202043
:10C0000000000000C8EDE22EB9333020EFE5F0E586
:10C01000E3F0E5E22CE2FBEA00000000496E762E38
:10C02000B933302074656D702C64697361626C2E55
:10C0300000000000C8EDE22EB9333020E7E0E2FB5B
:10C04000F82E2055E2FBF52100000000496E762E07
:10C05000B93330206869676820556F7574212020D6
:10C0600000000000C8EDE22EB9333020E7E0EDE833
:10C07000E62E2055E2FBF52100000000496E762EE9
:10C08000B9333020206C6F7720556F7574212020D4
:10C090000000000020C8EDE22EB9333020E7E0EDCB
:10C0A000E8E62E20556463200000000020496E76EB
:10C0B0002EB9333020206C6F772055646320202008
:10C0C00000000000C8EDE22EB9333120F0E0E7F0C7
:10C0D000FBE220F1E2FFE7E800000000496E76B9DC
:10C0E0003331206E6F7420636F6E6E6563746564A8
:10C0F00000000000C8EDE22EB9333120E2EDF3F28A
:10C10000F02EEDE5E8F1EFF000000000496E762E2C
:10C11000B93331204465666563746976652E2020E5
:10C1200000000000C8EDE22EB9333120EFE5F0E564
:10C13000E3F0F3E7EAE0202000000000496E762EED
:10C14000B93331204F7665726C6F61642E202020E8
:10C1500000000000AFA714E0B4A712E0CBB15FEA83
:10C160008C770AD45FEA4C7713D55FEA8C6710D4DA
:10C170005FEACC770DD1EF070BD10AB1B1A700E090
:10C18000B6A744F8207000F1010001F10101C0B22E
:10C19000C9B25FEA0C770CD55BB10AB1B5A700E074
:10C1A000BAA744F8207000F1010001F10101C0B20A
:10C1B000C9B25FEACC670AD54BB10AB1B9A700E0B2
:10C1C000BEA744F82070401C491CC0B2C9B2ED079C
:10C1D0000AD04BB10AB1BFA300E0C4A344F8203099
:10C1E000401C491CC0B2C9B298F86B3D4BB10AB1B2
:10C1F000C4A300E0C9A344F82030401C491CC0B2CD
:10C20000C9B298F87E3D632B09D90AB1C9A300E0F1
:10C21000CEA344F82030401C491CC0B2C9B2D14B57
:10C2200098F84ECD93F8603D5FEACC750CD05BB1C9
:10C230000AB1CDA500E0D2A544F8205000F10100DC
:10C2400001F10101C0B2C9B2C64D5FEA4C7795F861
:10C250004F5D0BD52BB35FEA8C7716D45FEA8C6702
:10C260000ED50AB1CCA714E0D1A712E0CBB15FEA9A
:10C270008C770AD45FEA4C7713D55FEA8C6710D4C9
:10C280005FEACC770DD1EF070BD10AB1CEA700E062
:10C29000D3A744F8207000F1010001F10101C0B200
:10C2A000C9B25FEA0C770CD55BB10AB1D2A700E046
:10C2B000D7A744F8207000F1010001F10101C0B2DC
:10C2C000C9B25FEACC670AD54BB10AB1D6A700E084
:10C2D000DBA744F82070401C491CC0B2C9B2ED076E
:10C2E0000AD04BB10AB1DCA300E0E1A344F820304E
:10C2F000401C491CC0B2C9B298F8D73D4BB10AB135
:10C30000E1A300E0E6A344F82030401C491CC0B281
:10C31000C9B298F8EA3D632B09D90AB1E6A300E057
:10C32000EBA344F82030401C491CC0B2C9B28D4B6D
:10C3300098F8BACD93F8CC3D5FEACC750CD05BB1E0
:10C340000AB1E9A500E0EEA544F8205000F1010093
:10C3500001F10101C0B2C9B2824D5FEA4C7795F894
:10C36000BB5D0BD52BB35FEA8C7716D45FEA8C6785
:10C370000ED50AB1E8A714E0EDA712E0CBB15FEA51
:10C380008C770AD45FEA4C7713D55FEA8C6710D4B8
:10C390005FEACC770DD1EF070BD10AB1EAA700E035
:10C3A000EFA744F8207000F1010001F10101C0B2D3
:10C3B000C9B25FEA0C770CD55BB10AB1EEA700E019
:10C3C000F3A744F8207000F1010001F10101C0B2AF
:10C3D000C9B25FEACC670AD54BB10AB1F2A700E057
:10C3E000F7A744F82070401C491CC0B2C9B2ED0741
:10C3F0000AD04BB10AB1F8A300E0FDA344F8203005
:10C40000401C491CC0B2C9B2FF4BB3F91450803B69
:10C41000AB46FBE1C8EDE22EB9333120F1E8EBFC8D
:10C42000ED2EEDE0E3F0E5E200000000496E762E2F
:10C43000B9333120206869676820686561742020FD
:10C4400000000000C8EDE22EB9333120EFE5F0E541
:10C45000E3F0E5E22CE2FBEA00000000496E762EF4
:10C46000B933312074656D702C64697361626C2E10
:10C4700000000000C8EDE22EB9333120E7E0E2FB16
:10C48000F82E2055E2FBF52100000000496E762EC3
:10C49000B93331206869676820556F757421202091
:10C4A00000000000C8EDE22EB9333120E7E0EDE8EE
:10C4B000E62E2055E2FBF52100000000496E762EA5
:10C4C000B9333120206C6F7720556F75742120208F
:10C4D0000000000020C8EDE22EB9333120E7E0ED86
:10C4E000E8E62E20556463200000000020496E76A7
:10C4F0002EB9333120206C6F7720556463202020C3
:10C5000000000000C8EDE22EB9333220F0E0E7F081
:10C51000FBE220F1E2FFE7E800000000496E76B997
:10C520003332206E6F7420636F6E6E656374656462
:10C5300000000000C8EDE22EB9333220E2EDF3F244
:10C54000F02EEDE5E8F1EFF000000000496E762EE8
:10C55000B93332204465666563746976652E2020A0
:10C560000000000040F40720C8EDE22EB93332206D
:10C57000EFE5F0E5E3F0F3E7EAE02020000000005B
:10C58000496E762EB93332204F7665726C6F6164D6
:10C590002E20202000000000C8EDE22EB93332200A
:10C5A000F1E8EBFCED2EEDE0E3F0E5E20000000049
:10C5B000496E762EB9333220206869676820686535
:10C5C0006174202000000000C8EDE22EB933322053
:10C5D000EFE5F0E5E3F0E5E22CE2FBEA0000000025
:10C5E000496E762EB933322074656D702C64697390
:10C5F00061626C2E00000000C8EDE22EB9333220DB
:10C60000E7E0E2FBF82E2055E2FBF52100000000F8
:10C61000496E762EB93332206869676820556F7588
:10C620007421202000000000C8EDE22EB933322032
:10C63000E7E0EDE8E62E2055E2FBF52100000000E2
:10C64000496E762EB9333220206C6F7720556F7586
:10C65000742120200000000020C8EDE22EB9333202
:10C6600020E7E0EDE8E62E2055646320000000009E
:10C6700020496E762EB9333220206C6F77205564B6
:10C680006320202000000000C8EDE22EB9333320E3
:10C69000F0E0E7F0FBE220F1E2FFE7E80000000055
:10C6A000496E76B93333206E6F7420636F6E6E659A
:10C6B0006374656400000000C8EDE22EB9333320D6
:10C6C000E2EDF3F2F02EEDE5E8F1EFF0000000000E
:10C6D000496E762EB9333320446566656374697696
:10C6E000652E202000000000C8EDE22EB933332073
:10C6F000EFE5F0E5E3F0F3E7EAE0202000000000DA
:10C70000496E762EB93333204F7665726C6F616453
:10C710002E20202000000000C8EDE22EB933332087
:10C72000F1E8EBFCED2EEDE0E3F0E5E200000000C7
:10C73000496E762EB93333202068696768206865B2
:10C740006174202000000000C8EDE22EB9333320D0
:10C75000EFE5F0E5E3F0E5E22CE2FBEA00000000A3
:10C76000496E762EB933332074656D702C6469730D
:10C7700061626C2E00000000C8EDE22EB933332058
:10C78000E7E0E2FBF82E2055E2FBF5210000000077
:10C79000496E762EB93333206869676820556F7506
:10C7A0007421202000000000C8EDE22EB9333320B0
:10C7B000E7E0EDE8E62E2055E2FBF5210000000061
:10C7C000496E762EB9333320206C6F7720556F7504
:10C7D000742120200000000020C8EDE22EB9333380
:10C7E00020E7E0EDE8E62E2055646320000000001D
:10C7F00020496E762EB9333320206C6F7720556434
:10C800006320202000000000F8C007201D70BAF14E
:10C81000010F09D1829D3DB1B9F1000F04D1FA4D4C
:10C82000491C44F82050C9B2F848437B5B1CDBB27A
:10C830004373142B08D300234373057B6D1CEDB2A7
:10C8400005738D4200D30373F14BF1484FF0640937
:10C8500093F90110007893F9045002AFF0B39846B1
:10C8600093F90230879303EBC303EA4C03EB4303D2
:10C8700004EB8303892803F039848A2803F0BB84FE
:10C88000C2468B2803F060858D2804F042808E28F4
:10C8900004F0A2825646082804F021844346092861
:10C8A00093F9043007EB830904F02A84282804F064
:10C8B0005D85A8F58C736C28B3F9183007EB8303FA
:10C8C000839304F069856D2804F0EE86A8F58C73D7
:10C8D000B3F91840B3F916301E1900E004E186934D
:10C8E00007EB830307EB860485936E2805F06980C8
:10C8F0006F2805F0BD80822805F02581872805F086
:10C900004B81812805F06683802805F0A283444688
:10C9100094F9043094F90140E31AA41E64B2A046CD
:10C92000212805F0F183BC4C2C28247805F00A84DA
:10C930002B2805F024847B2805F03C847C2805F016
:10C94000B086B34C6478641E64B289947D2807F085
:10C950002A86AF4C983CB4F918402646641EA4467B
:10C96000AE4C6728A24607F08886A94C692807F0D4
:10C97000C3866B2807F0FF86A4F152064FF0A40A85
:10C98000162807F02B871728FBD02928F9D02A284A
:10C99000F7D06128F5D03228F3D0A446C234592804
:10C9A00007F046877F2807F06E87C23C102807F003
:10C9B00099872646492808F02682944C4FF05E0A53
:10C9C000512894F824407F9408F05784522808F0A6
:10C9D000FB848F4C2F2808F0D687712809F0A1809E
:10C9E000DFF83CC2882809F0E980932809F00B861B
:10C9F000942809F07C86332809F0E08671280AF033
:10CA0000138172280AF02D8173280AF04081A24612
:10CA10005E3474280AF0E18175280AF06E8204F110
:10CA2000080676280AF0328477280AF0828478286B
:10CA30000AF0D68479280AF02A8583280AF08585A9
:10CA4000544684280AF0BB8585280AF0A7871F284A
:10CA50000BF013803A280BF0AC823B280BF0CB8212
:10CA600039280BF0F88263280BF0208365280BF03F
:10CA70006B8338280BF07A83654CD4464FF00C0A50
:10CA800094F9024004EB440606EB0414614E983E10
:10CA900006EB840436280BF09283664637280BF0A9
:10CAA000D68556280BF0C4863C280CF0BA83E146A4
:10CAB0000F2412264FF0150C55280CF0D783572859
:10CAC0000CF0618758280DF0AB814E468F280DF091
:10CAD000558734280EF0328270280DF0948786280E
:10CAE0000DF0BA870DF039BE00208246BEF1040F6A
:10CAF00001D301208246464B1000A3F58C7C93F9AC
:10CB0000016006F1020252B27E92A3F1980293F9FB
:10CB10000430B2F90C20A3EB06039046BCF91420B4
:10CB20001E46BCF9203002F1010201F06E853DA0E5
:10CB30000290BEF1000F04D0BEF1010F5FD001F0F2
:10CB400044BB012B04D0022B5AD0032B59D0F6E75B
:10CB50003AA002903FA0039044A0049049A0059001
:10CB60004EA0069053A0079058A24046B8F1010F7E
:10CB700001D04FF0000007EB8000426159A202D1C2
:10CB80004FF0010001E04FF0000007EB80008261F0
:10CB90005AA202D14FF0010001E04FF0000007EB74
:10CBA0008000C2615BA202D14FF0010001E04FF0B2
:10CBB000000007EB800002625CA202D14FF001008E
:10CBC00001E04FF0000007EB800042625DA202D15D
:10CBD0004FF0010001E04FF0000007EB80004261E0
:10CBE0005EA202D14FF0010001E04FF0000007EB20
:10CBF000800082615FA205D14FF00100C8E079E2B8
:10CC00004FE278E2C2E000005C6F000078C00720CD
:10CC100010C2072040F407201EC00720F40A082095
:10CC2000F8DE02002020EDE5EEEFF0E5E4E5EBE5CF
:10CC3000EDEDEEF1F2FC2020000000002020C220EB
:10CC4000F0E0E1EEF2E5202020206BE8EDE22E207E
:10CC50000000000055E2FBF53D20205BC22049E2C8
:10CC6000FBF53D2020205DC000000000202020209A
:10CC700050E2FBF53D202020202040C2F220202061
:10CC8000000000002030253A305E3A302620303C4B
:10CC90002F3E20202F307B2000000000202020206D
:10CCA0005564632EE2F52E20202023C22020202070
:10CCB000000000002020202046E2FBF52E2020204E
:10CCC000202079C3F62020200000000020C1E0E9E8
:10CCD000EFE0F120202020202020202020202020F4
:10CCE0000000000020C1E0E9EFE0F1204E322020FA
:10CCF00020202020202020200000000020C1E0E98A
:10CD0000EFE0F1204E332020202020202020202082
:10CD10000000000020C1E0E9EFE0F1204E342020C7
:10CD200020202020202020200000000020C1E0E959
:10CD3000EFE0F1204E352020202020202020202050
:10CD40000000000020C8EDE2E5F0F2EEF0204E31E8
:10CD500020202020202020200000000020C8EDE21C
:10CD6000E5F0F2EEF0204E3220202020202020207E
:10CD70000000000020C8EDE2E5F0F2EEF0204E33B6
:10CD80002020202020202020000000004FF0000064
:10CD900007EB8000C261D8A202D14FF0010001E090
:10CDA0004FF0000007EB80000262D9A202D14FF0E1
:10CDB000010001E04FF0000007EB80004262DAA2C0
:10CDC00002D14FF0010001E04FF0000007EB8000BE
:10CDD0008262DBA202D14FF0010001E04FF00000BF
:10CDE00007EB8000C262DCA202D14FF0010001E03B
:10CDF0004FF0000007EB80000263DDA202D14FF08C
:10CE0000010001E04FF0000007EB80004263DEA26A
:10CE100002D14FF0010001E04FF0000007EB80006D
:10CE20008263DFA202D14FF0010001E04FF0000069
:10CE300007EB8000C263E0A202D14FF0010001E0E5
:10CE40004FF0000007EB80000264E1A202D14FF036
:10CE5000010001E04FF0000007EB80004264E2A215
:10CE600002D14FF0010001E04FF0000007EB80001D
:10CE70008264E3A202D14FF0010001E04FF0000014
:10CE800007EB8000C264E4A202D14FF0010001E090
:10CE90004FF0000007EB80000265E5A202D14FF0E1
:10CEA000010001E04FF0000007EB80004265E6A2C0
:10CEB00002D14FF0010001E04FF0000007EB8000CD
:10CEC0008265E7A202D14FF0010001E04FF00000BF
:10CED00007EB8000C265E8A202D14FF0010001E03B
:10CEE0004FF0000007EB80000266E9A202D14FF08C
:10CEF000010001E04FF0000007EB80004266EAA26B
:10CF000002D14FF0010001E04FF0000007EB80007C
:10CF10008266EBA202D14FF0010001E04FF0000069
:10CF200007EB8000C266ECA202D14FF0010001E0E5
:10CF30004FF0000007EB80000267EDA202D14FF036
:10CF4000010001E04FF0000007EB80004267EEA215
:10CF500002D14FF0010001E04FF0000007EB80002C
:10CF60008267EFA202D14FF0010001E04FF0000014
:10CF700007EB8000C267F0A202D14FF0010001E090
:10CF80004FF0000007EB8000C0F88020F0A202D133
:10CF90004FF0010001E04FF0000007EB8000C0F807
:10CFA0008420F1A202D14FF0010001E04FF0000017
:10CFB00007EB8000C0F88820F1A202D14FF00100F9
:10CFC00001E04FF0000007EB8000C0F88C20F2A2D7
:10CFD00002D14FF0010001E04FF0000007EB8000AC
:10CFE000C0F89020F2A202D14FF0010001E04FF012
:10CFF000000007EB8000C0F89420F3A002D14FF0AE
:10D00000010301E04FF000030BEB030207EB820288
:10D010005061F3A002D14FF0010301E04FF0000393
:10D020000BEB030207EB82029061F3A002D14FF0F9
:10D03000010301E04FF000030BEB030207EB820258
:10D04000D061F3A002D14FF0010301E04FF00003E3
:10D050000BEB030207EB82021062F3A002D14FF048
:10D06000010301E04FF000030BEB030207EB820228
:10D070005062F3A002D14FF0010301E04FF0000332
:10D080000BEB030207EB82029062F3A202D14FF096
:10D09000010300E000230BEB030007EB8000C262FA
:10D0A0004DE5AFF268400290F1A00390F6A0049025
:10D0B000FBA0D0E307EB80008261AFF2D83202D14F
:10D0C0004FF0010001E04FF0000007EB8000C2616B
:10D0D000AFF2D83202D14FF0010001E04FF0000072
:10D0E00007EB80000262AFF2A43202D14FF00100E0
:10D0F000E4E1E1E1C3E3A6E320C8EDE2E5F0F2EE0E
:10D10000F0204E342020202020202020000000008D
:10D1100020C8EDE2E5F0F2EEF0204E352020202090
:10D12000202020200000000020C8EDE2E5F0F2EE13
:10D13000F0204E362020202020202020000000005B
:10D1400020C8EDE2E5F0F2EEF0204E37202020205E
:10D15000202020200000000020C8EDE2E5F0F2EEE3
:10D16000F0204E3820202020202020200000000029
:10D1700020C8EDE2E5F0F2EEF0204E39202020202C
:10D18000202020200000000020C8EDE2E5F0F2EEB3
:10D19000F0204E31302020202020202000000000F0
:10D1A00020C8EDE2E5F0F2EEF0204E3131202020F3
:10D1B000202020200000000020C8EDE2E5F0F2EE83
:10D1C000F0204E31322020202020202000000000BE
:10D1D00020C8EDE2E5F0F2EEF0204E3133202020C1
:10D1E000202020200000000020C8EDE2E5F0F2EE53
:10D1F000F0204E313420202020202020000000008C
:10D2000020C8EDE2E5F0F2EEF0204E31352020208E
:10D21000202020200000000020C8EDE2E5F0F2EE22
:10D22000F0204E3136202020202020200000000059
:10D2300020C8EDE2E5F0F2EEF0204E31372020205C
:10D24000202020200000000020C8EDE2E5F0F2EEF2
:10D25000F0204E3138202020202020200000000027
:10D2600020C8EDE2E5F0F2EEF0204E31392020202A
:10D27000202020200000000020C8EDE2E5F0F2EEC2
:10D28000F0204E32302020202020202000000000FE
:10D2900020C8EDE2E5F0F2EEF0204E323120202001
:10D2A000202020200000000020C8EDE2E5F0F2EE92
:10D2B000F0204E32322020202020202000000000CC
:10D2C00020C8EDE2E5F0F2EEF0204E3233202020CF
:10D2D000202020200000000020C8EDE2E5F0F2EE62
:10D2E000F0204E323420202020202020000000009A
:10D2F00020C8EDE2E5F0F2EEF0204E32352020209D
:10D30000202020200000000020C8EDE2E5F0F2EE31
:10D31000F0204E3236202020202020200000000067
:10D3200020C8EDE2E5F0F2EEF0204E32372020206A
:10D33000202020200000000020C8EDE2E5F0F2EE01
:10D34000F0204E3238202020202020200000000035
:10D3500020C8EDE2E5F0F2EEF0204E323920202038
:10D36000202020200000000020C8EDE2E5F0F2EED1
:10D37000F0204E333020202020202020000000000C
:10D3800020C8EDE2E5F0F2EEF0204E33312020200F
:10D39000202020200000000020C8EDE2E5F0F2EEA1
:10D3A000F0204E33322020202020202000000000DA
:10D3B00020C8EDE2E5F0F2EEF0204E3333202020DD
:10D3C000202020200000000020D2E0E1EBE8F6E081
:10D3D00020E8EDE2E5F0F2EEF0EEE22000000000E1
:10D3E00020C2EDE5F8EDE8E520E4E0F2F7E8EAE850
:10D3F000202020200000000020D3F1F2E0EDEEE23A
:10D40000EAE820202020202020202020000000000A
:10D4100020C6F3F0EDE0EB20F1EEE1FBF2E8E920CD
:10D42000202020200000000020C2FBF5EEE4202098
:10D43000202020202020202020202020000000006C
:10D4400020C2E5F0F1E8FF20CFCE202020202020D0
:10D4500020202020000000002074F8EAE0F42E20B4
:10D460002020202020202073B0D1202000000000A8
:10D4700050E2FBF53D2020205D2F20205DEAC2F226
:10D48000202020200000000055E2FBF53D20205B1D
:10D49000C22F20207AC2202020202020000000005F
:10D4A00049E2FBF53D20207D412F20207D412020B9
:10D4B00020202020000000004FF0000007EB80003B
:10D4C0008261AFF2687202D14FF0010001E04FF0CB
:10D4D000000007EB8000C261AFF2687202D14FF02A
:10D4E000010001E04FF0000007EB80000262AFF2A4
:10D4F000F83202D14FF0010001E04FF0000007EBDD
:10D5000080004262AFF2F83202D14FF0010001E038
:10D510004FF0000007EB80008262AFF2F43202D1DC
:10D520004FF0010001E04FF0000007EB8000C26205
:10D53000AFF2F43202D14FF0010001E04FF00000F1
:10D5400007EB80000263AFF2F03202D14FF001002E
:10D5500001E04FF0000007EB80004263AFF2F032D1
:10D5600002D14FF0010001E04FF0000007EB800016
:10D570008263AFF2EC3202D14FF0010001E04FF0D4
:10D58000000007EB8000C263AFF2EC3202D14FF033
:10D59000010001E04FF0000007EB80000264AFF2F1
:10D5A000E83202D14FF0010001E04FF0000007EB3C
:10D5B00080004264AFF2E83202D14FF0010001E096
:10D5C0004FF0000007EB80008264AFF2E43202D13A
:10D5D0004FF0010001E04FF0000007EB8000C26453
:10D5E000AFF2E43202D14FF0010001E04FF0000051
:10D5F00007EB80000265AFF2E03202D14FF001008C
:10D6000001E04FF0000007EB80004265AFF2E0322E
:10D6100002D14FF0010001E04FF0000007EB800065
:10D620008265AFF2DC3202D14FF0010001E04FF031
:10D63000000007EB8000C265AFF2DC3202D14FF090
:10D64000010001E04FF0000007EB80000266AFF23E
:10D65000D83202D14FF0010001E04FF0000007EB9B
:10D6600080004266AFF2D83202D14FF0010001E0F3
:10D670004FF0000007EB80008266AFF2D43202D197
:10D680004FF0010001E04FF0000007EB8000C266A0
:10D69000AFF2D43202D14FF0010001E04FF00000B0
:10D6A00007EB80000267AFF2D03202D14FF00100E9
:10D6B00001E04FF0000007EB80004267AFF2D0328C
:10D6C00002D14FF0010001E04FF0000007EB8000B5
:10D6D0008267AFF2CC3202D14FF0010001E04FF08F
:10D6E000000007EB8000C267AFF2CC3202D14FF0EE
:10D6F000010001E04FF0000007EB8000C0F880203F
:10D70000AFF2CC3202D14FF0010001E04FF0000047
:10D7100007EB8000C0F88420AFF2CC3202D14FF08A
:10D72000010001E04FF0000007EB8000C0F8882006
:10D73000AFF2CC3202D14FF0010001E04FF0000017
:10D7400007EB8000C0F88C20AFF2CC3202D14FF052
:10D75000010001E04FF0000007EB8000C0F89020CE
:10D76000AFF2CC3202D14FF0010001E04FF00000E7
:10D7700007EB8000C0F89420AFF2CC3202D14FF01A
:10D78000010001E04FF0000007EB8000C0F8982096
:10D79000AFF2CC3002D14FF0010301E04FF00003B3
:10D7A0000BEB030207EB82029061AFF2CC3002D1A7
:10D7B0004FF0010301E04FF000030BEB030207EB16
:10D7C0008202D061AFF2D03002D14FF0010301E00C
:10D7D0004FF000030BEB030207EB82021062AFF283
:10D7E000D03002D14FF0010301E04FF000030BEB0A
:10D7F000030207EB82025062AFF2D43002D14FF045
:10D80000010301E04FF000030BEB030207EB820280
:10D810009062AFF2D43002D14FF0010301E04FF03B
:10D8200000030BEB030207EB8202D062AFF2D832A7
:10D8300002D14FF0010300E000230BEB030007EBE4
:10D84000800002637FE2AFF60C400290F0A00390EC
:10D85000F5A00490FAA00590AFF6D8300690AFF688
:10D86000C4300790AFF6B430AFF6A032089040460F
:10D87000B8F1010F3FF41EAC4FF000001AE4012B89
:10D8800002D0032B7AD05EE2AFF650400290AFF6A2
:10D890003C400390AFF62C400490AFF61840059042
:10D8A000AFF608400690AFF6F4300790AFF6E430DC
:10D8B0004346B8F1010F01D04FF0000307EB83039B
:10D8C0005861AFF6E03302D14FF0010001E04FF0B4
:10D8D000000007EB80008361AFF6E03302D14FF028
:10D8E000010001E04FF0000007EB8000C361AFF6DC
:10D8F000AC3302D14FF0010001E04FF0000000F125
:10D90000010007EB80004361AFF6B03302D14FF066
:10D91000010001E04FF0000000F1010007EB800082
:10D920008361AFF6B03302D14FF0010001E04FF058
:10D93000000000F1010007EB8000C361AFF648036F
:10D9400002D14FF0010001E04FF0000000F10100B2
:10D9500007EB80000362AFF6480302D14FF00100ED
:10D9600001E04FF0000000F1010007EB800043628E
:10D97000AFF64C0303D14FF0010002E0E4E14FF0B9
:10D98000000000F1010007EB80008362AFF6500356
:10D9900002D14FF0010001E04FF0000000F1010062
:10D9A00007EB8000C362AFF6500302D14FF00100D5
:10D9B00001E04FF0000000F1010007EB800003637D
:10D9C000AFF6540302D14FF0010001E04FF0000028
:10D9D00000F1010007EB80004363AFF6540302D16E
:10D9E0004FF0010001E04FF0000000F1010007EBF3
:10D9F00080008363AFF6580302D14FF0010001E0CD
:10DA00004FF0000000F1010007EB8000C363AFF6A8
:10DA1000580302D14FF0010001E04FF0000000F187
:10DA2000010007EB80000364AFF65C0302D14FF006
:10DA3000010001E04FF0000000F1010007EB800061
:10DA40004364AFF65C0302D14FF0010001E04FF0F8
:10DA5000000000F1010007EB80008364AFF6600373
:10DA600002D14FF0010001E04FF0000000F1010091
:10DA700007EB8000C364AFF6600302D14FF00100F2
:10DA800001E04FF0000000F1010007EB80000365AA
:10DA9000AFF6640302D14FF0010001E04FF0000047
:10DAA00000F1010007EB80004365AFF6640302D18B
:10DAB0004FF0010001E04FF0000000F1010007EB22
:10DAC00080008365AFF6680302D14FF0010001E0EA
:10DAD0004FF0000000F1010007EB8000C365AFF6D6
:10DAE000680302D14FF0010001E04FF0000000F1A7
:10DAF000010007EB80000366AFF66C0302D14FF024
:10DB0000010001E04FF0000000F1010007EB800090
:10DB10004366AFF66C0302D14FF0010001E04FF015
:10DB2000000000F1010007EB80008366AFF6700390
:10DB300002D14FF0010001E04FF0000000F10100C0
:10DB400007EB8000C366AFF6700302D14FF001000F
:10DB500001E04FF0000000F1010007EB80000367D7
:10DB6000AFF6740302D14FF0010001E04FF0000066
:10DB700000F1010007EB80004367AFF6740302D1A8
:10DB80004FF0010001E04FF0000000F1010007EB51
:10DB900080008367AFF6780302D14FF0010001E007
:10DBA0004FF0000000F1010007EB8000C367AFF603
:10DBB000780302D14FF0010001E04FF0000000F1C6
:10DBC000010007EB8000C0F88030AFF67C0302D183
:10DBD0004FF0010001E04FF0000000F1010007EB01
:10DBE0008000C0F88430AFF6800302D14FF001000E
:10DBF00001E04FF0000000F1010007EB8000C0F8E9
:10DC00008830AFF6840327D14FF0010026E00000F2
:10DC100050E2FBF53D2020205D2F20205D2F2020AD
:10DC20005DEAC2F20000000055E2FBF53D20205BFA
:10DC3000C22F20207AC22F20205AC22000000000CC
:10DC400049E2FBF53D20207D412F20207D412F2002
:10DC5000207D4120000000004FF0000000F1010095
:10DC600007EB8000C0F88C30AFF6D40302D14FF040
:10DC7000010001E04FF0000000F1010007EB80001F
:10DC8000C0F89030AFF6D80302D14FF0010001E0A8
:10DC90004FF0000000F1010007EB8000C0F8943065
:10DCA000AFF6DC0002D14FF0010301E04FF00003BA
:10DCB000134407EB83035861AFF6DC0002D14FF049
:10DCC000010301E04FF00003134407EB8303986165
:10DCD000AFF6DC0002D14FF0010301E04FF000038A
:10DCE000134407EB8303D861AFF6DC0002D14FF099
:10DCF000010301E04FF00003134407EB83031862B4
:10DD0000AFF6DC0002D14FF0010301E04FF0000359
:10DD1000134407EB83035862AFF6DC0002D14FF0E7
:10DD2000010301E04FF00003134407EB8303986203
:10DD3000AFF6DC0002D14FF0010300E000231A44EB
:10DD400007EB8202D06240E2FD480290AFF2401041
:10DD50000390AFF22C100490AFF21C100590F8481D
:10DD60004346483006901830079018300890183015
:10DD7000B8F1010F01D04FF0000307EB8303986166
:10DD8000EF4B03F1A80302D14FF0010001E04FF087
:10DD9000000007EB8000C361E94B03F1C00302D12F
:10DDA0004FF0010001E04FF0000007EB800003623C
:10DDB000E44B02D14FF0010001E04FF0000000F110
:10DDC000010007EB80008361DE4B03F1180302D1F1
:10DDD0004FF0010001E04FF0000000F1010007EBFF
:10DDE0008000C361D74B03F1300302D14FF0010033
:10DDF00001E04FF0000000F1010007EB800003623A
:10DE0000AFF60C5302D14FF0010001E04FF00000DB
:10DE100000F1010007EB80004362AFF60C5302D122
:10DE20004FF0010001E04FF0000000F1010007EBAE
:10DE300080008362AFF6105302D14FF0010001E081
:10DE40004FF0000000F1010007EB8000C362AFF665
:10DE5000105302D14FF0010001E04FF0000000F13B
:10DE6000010007EB80000363AFF6145302D14FF0BB
:10DE7000010001E04FF0000000F1010007EB80001D
:10DE80004363AFF6145302D14FF0010001E04FF0AD
:10DE9000000000F1010007EB80008363AFF6185328
:10DEA00002D14FF0010001E04FF0000000F101004D
:10DEB00007EB8000C363AFF6185302D14FF00100A7
:10DEC00001E04FF0000000F1010007EB8000036467
:10DED000AFF61C5302D14FF0010001E04FF00000FB
:10DEE00000F1010007EB80004364AFF61C5302D140
:10DEF0004FF0010001E04FF0000000F1010007EBDE
:10DF000080008364AFF6205302D14FF0010001E09E
:10DF10004FF0000000F1010007EB8000C364AFF692
:10DF2000205302D14FF0010001E04FF0000000F15A
:10DF3000010007EB80000365AFF6245302D14FF0D8
:10DF4000010001E04FF0000000F1010007EB80004C
:10DF50004365AFF6245302D14FF0010001E04FF0CA
:10DF6000000000F1010007EB80008365AFF6285345
:10DF700002D14FF0010001E04FF0000000F101007C
:10DF800007EB8000C365AFF6285302D14FF00100C4
:10DF900001E04FF0000000F1010007EB8000036694
:10DFA000AFF62C5302D14FF0010001E04FF000001A
:10DFB00000F1010007EB80004366AFF62C5302D15D
:10DFC0004FF0010001E04FF0000000F1010007EB0D
:10DFD00080008366AFF6305302D14FF0010001E0BC
:10DFE0004FF0000000F1010007EB8000C366AFF6C0
:10DFF000305302D14FF0010001E04FF0000000F17A
:10E00000010007EB80000367AFF6345302D14FF0F5
:10E01000010001E04FF0000000F1010007EB80007B
:10E020004367AFF6345302D14FF0010001E04FF0E7
:10E03000000000F1010007EB80008367AFF6385362
:10E0400002D14FF0010001E04FF0000000F10100AB
:10E0500007EB8000C367AFF6385302D14FF00100E1
:10E0600001E04FF0000000F1010007EB8000C0F874
:10E070008030AFF63C5302D14FF0010001E04FF089
:10E08000000000F1010007EB8000C0F88430AFF61B
:10E09000405302D14FF0010001E04FF0000000F1C9
:10E0A000010007EB8000C0F88830AFF6445302D17E
:10E0B0004FF0010001E04FF0000000F1010007EB1C
:10E0C0008000C0F88C30AFF6485302D14FF0010009
:10E0D00001E04FF0000000F1010007EB8000C0F804
:10E0E0009030AFF64C5302D14FF0010001E04FF0F9
:10E0F000000000F1010007EB8000C0F89430AFF69B
:10E10000505302D14FF0010001E04FF0000000F148
:10E11000010007EB8000C0F89830AFF6545002D1F0
:10E120004FF0010301E04FF00003134407EB8303BA
:10E130009861AFF6545007D14FF0010306E000009C
:10E140003CCC000044CD00004FF00003134407EB2B
:10E150008303D861AFF6605002D14FF0010301E0B4
:10E160004FF00003134407EB83031862AFF66050CF
:10E1700002D14FF0010301E04FF00003134407EB1D
:10E1800083035862AFF6605002D14FF0010301E003
:10E190004FF00003134407EB83039862AFF660501F
:10E1A00002D14FF0010301E04FF00003134407EBED
:10E1B0008303D862AFF6605002D14FF0010300E054
:10E1C00000231A4407EB82021063BAF1000F01D05A
:10E1D000F9A00290DFF8F88319B1022E05DD7E99CF
:10E1E00005E0002088F8040003E0A94201DD88F87A
:10E1F0000410DFF8E0B39BF80C00052807D298F96B
:10E20000040007EB8000001D0EC8029809E098F991
:10E21000041004EB800007EB8101091D50F8140C79
:10E220000EC9F3F7FBFBEC4800226B210078F2F7F4
:10E230004CFADFF8A0A30AF1800ABAF920000328FB
:10E2400018D0022816D00AF180040A25B4F9120069
:10E25000002290FBF5F080B25B21F2F736FAB4F9B8
:10E260001400B0F57A7F75DB90FBF5F0002280B2E8
:10E270005D2171E1BAF81E00564698B3D74C0A25C5
:10E280000022B4F902005B2190FBF5F080B2F2F7B6
:10E290001CFAB4F92E00002290FBF5F080B27A212E
:10E2A000F2F713FAB4F95A00002290FBF5F080B2AD
:10E2B0005A21F2F70AFAB4F90000632804DD90FB52
:10E2C000F5F080B2002201E0208801227D21F2F7E2
:10E2D000FCF9B4F92C00632805DD90FBF5F080B261
:10E2E000002202E00EE0A08D01227D21F2F7EDF97F
:10E2F000B4F95800632802DD90FBF5F044E0B4F86F
:10E30000580045E0B24D0A243A350022B5F9000024
:10E310005B2190FBF4F080B2F2F7D7F9B5F9020077
:10E32000002290FBF4F080B27A21F2F7CEF9B5F931
:10E330000400002290FBF4F080B25A21F2F7C5F9F4
:10E34000AD1DB5F90000632805DD90FBF4F080B247
:10E35000002202E0FDE0288801227D21F2F7B5F9D4
:10E36000B5F90200632804DD90FBF4F080B20022CE
:10E3700001E0688801227D21F2F7A7F9B5F90400D0
:10E38000632804DD90FBF4F080B2002201E0A8884D
:10E3900001227D21F2F799F9904C4FF6E85061681F
:10E3A000814201DD00216160216B814201DD00219C
:10E3B0002163E16D814201DD0020E065B6F92000B6
:10E3C000032806D0022804D06068002280B24021D1
:10E3D0002FE0F08BF0B3606842F21075A84206DDC2
:10E3E0004FF47A7190FBF1F080B2002203E090FBD1
:10E3F000F9F080B201225D21F2F781F8206BA8428A
:10E4000006DD4FF47A7190FBF1F080B2002203E058
:10E4100090FBF9F080B201225D21F2F770F8E06D17
:10E4200094E000BF4FF47A7190FBF1F080B20022CB
:10E4300062E0F2F764F8DFF898910A20A9F19809F0
:10E440000022B9F9161091FBF0F080B22321F2F707
:10E450003CF900E052E0624C207A4FF000024FF0AD
:10E460002501F2F732F9207900225E21F2F72DF929
:10E47000207800222621F2F728F9207B00223C2177
:10E48000F2F723F9A08B00227B21F2F71EF9207E00
:10E490005449002201EB80003E21F2F703F99BF87A
:10E4A0001D005C4670B13A20F1F738FF09F58B7515
:10E4B00020262E543A20F1F731FF2E543A20F1F75E
:10E4C0002DFF2E5498F90400B8B3B9F80C2098F930
:10E4D0000110012A00D00022521C914254DD8842D2
:10E4E00042D13B4901207E3181F83C004CE000BF25
:10E4F00090FBF9F080B201225D219AE7374C42F29D
:10E500001075D4342068A84206DD4FF47A7190FB70
:10E51000F1F080B2002203E090FBF9F080B201221A
:10E520005D21F1F7ECFF6068A84207DD4FF47A71D6
:10E5300090FBF1F080B2002204E025E090FBF9F0BE
:10E5400080B201225D21F1F7DAFFA068A842CFDD99
:10E5500068E701225D2180B2F2F7B7F81C4800227B
:10E5600040211838406864E7401A012802D0022888
:10E5700006D009E0164901207E3181F8280003E029
:10E58000134801217E300175A07B401CC0B2A073EE
:10E59000BAF9121001EB8101B0EB810F01DB002011
:10E5A000A0731148006830B16FF0020273210FA010
:10E5B000F2F778F825E01DE0CFF0EEE2E5F0FCF2AE
:10E5C000E520F1F2F0F3EAF2F3F0F32000000000AE
:10E5D00010C2072078C0072011C00720F8050820C6
:10E5E0002040024078DE0200D80A0820EDE5E8F17C
:10E5F000EFF02E00C84800227321B0F90000F1F7B7
:10E600002FFF0122792101F069BDC4A00290BEF163
:10E61000000F03D0BEF1010F72D0E8E3012B04D04C
:10E62000022B6ED0032B6DD0F7E7C2A00290C7A0DB
:10E630000390CCA00490D1480590D1A00690D6A01C
:10E640000790DBA24046B8F1010F01D04FF0000067
:10E6500007EB80004261DCA202D14FF0010001E033
:10E660004FF0000007EB80008261DDA202D14FF085
:10E67000010001E04FF0000007EB8000C261DEA264
:10E6800002D14FF0010001E04FF0000007EB8000E5
:10E690000262DFA202D14FF0010001E04FF0000062
:10E6A00007EB80004262E0A202D14FF0010001E0DE
:10E6B0004FF0000007EB80004261E1A202D14FF071
:10E6C000010001E04FF0000007EB80008261E2A250
:10E6D00002D14FF0010001E04FF0000007EB800095
:10E6E000C261E3A202D14FF0010001E04FF000004F
:10E6F00007EB80000262E4A205D14FF0010004E0C4
:10E70000F7E375E3F6E34FF0000007EB80004262A9
:10E71000E3A202D14FF0010001E04FF0000007EB4F
:10E7200080008262E4A202D14FF0010001E04FF0CC
:10E73000000007EB8000C262E5A202D14FF00100A9
:10E7400001E04FF0000007EB80000263E6A202D177
:10E750004FF0010001E04FF0000007EB8000426342
:10E76000E7A202D14FF0010001E04FF0000007EBFB
:10E7700080008263E8A202D14FF0010001E04FF077
:10E78000000007EB8000C263E9A202D14FF0010054
:10E7900001E04FF0000007EB80000264EAA202D122
:10E7A0004FF0010001E04FF0000007EB80004264F1
:10E7B000EBA202D14FF0010001E04FF0000007EBA7
:10E7C00080008264ECA202D14FF0010001E04FF022
:10E7D000000007EB8000C264EDA202D14FF00100FF
:10E7E00001E04FF0000007EB80000265EEA202D1CD
:10E7F0004FF0010001E04FF0000007EB80004265A0
:10E80000EFA202D14FF0010001E04FF0000007EB52
:10E8100080008265F0A202D14FF0010001E04FF0CC
:10E82000000007EB8000C265F1A202D14FF00100A9
:10E8300001E04FF0000007EB80000266F2A202D177
:10E840004FF0010001E04FF0000007EB800042664E
:10E85000F3A202D14FF0010001E04FF0000007EBFE
:10E8600080008266F4A202D14FF0010001E04FF077
:10E87000000007EB8000C266F5A202D14FF0010054
:10E8800001E04FF0000007EB80000267F6A202D122
:10E890004FF0010001E04FF0000007EB80004267FD
:10E8A000F7A202D14FF0010001E04FF0000007EBAA
:10E8B00080008267F8A202D14FF0010001E04FF022
:10E8C000000007EB8000C267F9A202D14FF00100FF
:10E8D00001E04FF0000007EB8000C0F88020FAA2B2
:10E8E00002D14FF0010001E04FF0000007EB800083
:10E8F000C0F88420FAA202D14FF0010001E04FF0ED
:10E90000000007EB8000C0F88820FBA202D14FF086
:10E910000100FFE1FCE1000056C207202020556EF7
:10E920006365727461696E20737461746520202060
:10E930000000000020496E206F7065726174696F7D
:10E940006E202020EB696E7600000000556F757414
:10E950003D20205B5620496F75743D2020205D418D
:10E960000000000020202020506F75743D202020E2
:10E9700020202040572020200000000084CC0000F0
:10E98000202020205564632E696E2E2020202356DF
:10E99000202020200000000020202020466F7574D9
:10E9A0002E2020202020ED487A202020000000008A
:10E9B00020427970617373202020202020202020A5
:10E9C0002020202000000000204279706173732015
:10E9D0004E32202020202020202020200000000077
:10E9E00020427970617373204E3320202020202034
:10E9F00020202020000000002042797061737320E5
:10EA00004E34202020202020202020200000000044
:10EA100020427970617373204E3520202020202001
:10EA2000202020200000000020496E766572746569
:10EA300072204E31202020202020202000000000C5
:10EA400020496E766572746572204E322020202037
:10EA5000202020200000000020496E766572746539
:10EA600072204E3320202020202020200000000093
:10EA700020496E766572746572204E342020202005
:10EA8000202020200000000020496E766572746509
:10EA900072204E3520202020202020200000000061
:10EAA00020496E766572746572204E3620202020D3
:10EAB000202020200000000020496E7665727465D9
:10EAC00072204E372020202020202020000000002F
:10EAD00020496E766572746572204E3820202020A1
:10EAE000202020200000000020496E7665727465A9
:10EAF00072204E39202020202020202000000000FD
:10EB000020496E766572746572204E313020202067
:10EB1000202020200000000020496E766572746578
:10EB200072204E31312020202020202000000000C3
:10EB300020496E766572746572204E313220202035
:10EB4000202020200000000020496E766572746548
:10EB500072204E3133202020202020200000000091
:10EB600020496E766572746572204E313420202003
:10EB7000202020200000000020496E766572746518
:10EB800072204E313520202020202020000000005F
:10EB900020496E766572746572204E3136202020D1
:10EBA000202020200000000020496E7665727465E8
:10EBB00072204E313720202020202020000000002D
:10EBC00020496E766572746572204E31382020209F
:10EBD000202020200000000020496E7665727465B8
:10EBE00072204E31392020202020202000000000FB
:10EBF00020496E766572746572204E323020202076
:10EC0000202020200000000020496E766572746587
:10EC100072204E32312020202020202000000000D1
:10EC200020496E766572746572204E323220202043
:10EC3000202020200000000020496E766572746557
:10EC400072204E323320202020202020000000009F
:10EC500020496E766572746572204E323420202011
:10EC6000202020200000000020496E766572746527
:10EC700072204E323520202020202020000000006D
:10EC800020496E766572746572204E3236202020DF
:10EC9000202020200000000020496E7665727465F7
:10ECA00072204E323720202020202020000000003B
:10ECB00020496E766572746572204E3238202020AD
:10ECC000202020200000000020496E7665727465C7
:10ECD00072204E3239202020202020200000000009
:10ECE00020496E766572746572204E333020202084
:10ECF000202020200000000020496E766572746597
:10ED000072204E33312020202020202000000000DF
:10ED10004FF0000007EB8000C0F88C20F1A202D178
:10ED20004FF0010001E04FF0000007EB8000C0F859
:10ED30009020F2A202D14FF0010001E04FF000005C
:10ED400007EB8000C0F89420F2A002D14FF001033D
:10ED500001E04FF000030BEB030207EB820250616E
:10ED6000F2A002D14FF0010301E04FF000030BEBE2
:10ED7000030207EB82029061F2A002D14FF001037F
:10ED800001E04FF000030BEB030207EB8202D061BE
:10ED9000F2A002D14FF0010301E04FF000030BEBB2
:10EDA000030207EB82021062F2A002D14FF00103CE
:10EDB00001E04FF000030BEB030207EB820250620D
:10EDC000F2A002D14FF0010301E04FF000030BEB82
:10EDD000030207EB82029062F2A202D14FF001031C
:10EDE00000E000230BEB030007EB8000C26281E22E
:10EDF000AFF2C0400290F1A00390F6A00490FBA0F7
:10EE000081E200BF07EB80008261AFF2444202D191
:10EE10004FF0010001E04FF0000007EB8000C261FD
:10EE2000AFF2444202D14FF0010001E04FF0000088
:10EE300007EB80000262AFF2104202D14FF00100F6
:10EE400001E04FF0000007EB80008261AFF210425A
:10EE500002D14FF0010001E04FF0000007EB80000D
:10EE6000C261AFF20C4202D14FF0010001E04FF05D
:10EE7000000007EB80000262AFF20C4202D14FF0BB
:10EE8000010001E04FF0000007EB80004262AFF2AA
:10EE9000084202D14FF0010001E04FF0000007EB03
:10EEA00080008262AFF2084202D14FF0010001E01F
:10EEB0004FF0000007EB8000C262AFF2044202D1C3
:10EEC0004FF0010001E04FF0000007EB800002630B
:10EED000AFF2044202D14FF0010001E04FF0000018
:10EEE00007EB80004263AFF2004204D14FF0010013
:10EEF00003E01BE2FFE14FF0000007EB80008263BC
:10EF0000AFF2044202D14FF0010001E04FF00000E7
:10EF100007EB8000C263AFF2004202D14FF0010064
:10EF200001E04FF0000007EB80000264AFF2004206
:10EF300002D14FF0010001E04FF0000007EB80002C
:10EF40004264AFF2FC3202D14FF0010001E04FF019
:10EF5000000007EB80008264AFF2FC3202D14FF078
:10EF6000010001E04FF0000007EB8000C264AFF247
:10EF7000F83202D14FF0010001E04FF0000007EB42
:10EF800080000265AFF2F83202D14FF0010001E0DB
:10EF90004FF0000007EB80004265AFF2F43202D17F
:10EFA0004FF0010001E04FF0000007EB80008265A8
:10EFB000AFF2F43202D14FF0010001E04FF0000057
:10EFC00007EB8000C265AFF2F03202D14FF00100D2
:10EFD00001E04FF0000007EB80000266AFF2F03274
:10EFE00002D14FF0010001E04FF0000007EB80007C
:10EFF0004266AFF2EC3202D14FF0010001E04FF077
:10F00000000007EB80008266AFF2EC3202D14FF0D5
:10F01000010001E04FF0000007EB8000C266AFF294
:10F02000E83202D14FF0010001E04FF0000007EBA1
:10F0300080000267AFF2E83202D14FF0010001E038
:10F040004FF0000007EB80004267AFF2E43202D1DC
:10F050004FF0010001E04FF0000007EB80008267F5
:10F06000AFF2E43202D14FF0010001E04FF00000B6
:10F0700007EB8000C267AFF2E03202D14FF001002F
:10F0800001E04FF0000007EB8000C0F88020AFF2F5
:10F09000E03202D14FF0010001E04FF0000007EB39
:10F0A0008000C0F88420AFF2E03202D14FF00100BE
:10F0B00001E04FF0000007EB8000C0F88820AFF2BD
:10F0C000E03202D14FF0010001E04FF0000007EB09
:10F0D0008000C0F88C20AFF2E03202D14FF0010086
:10F0E00092E08FE020496E766572746572204E332F
:10F0F00032202020202020200000000020496E76B1
:10F100006572746572204E33332020202020202029
:10F110000000000020496E7665727465722074618B
:10F12000626C652020202020000000002053656EC6
:10F13000736F727320202020202020202020202088
:10F14000000000002053657474696E6773202020EE
:10F15000202020202020202000000000204576656F
:10F160006E74206C6F67202020202020202020201B
:10F1700000000000204578697420202020202020F5
:10F1800020202020202020200000000020536F6637
:10F1900074776172652076657273696F6E202020C6
:10F1A0000000000020742073797374656D73202053
:10F1B0002020202020FBB0D100000000506F75748B
:10F1C0003D202020205D2F20205D6B572020202017
:10F1D00000000000556F75743D20205B562F2020E5
:10F1E000FF5620202020202000000000496F757469
:10F1F0003D20207D412F20207D41202020202020E7
:10F20000000000004FF0000007EB8000C0F89020E5
:10F21000AFF2301202D14FF0010001E04FF00000D8
:10F2200007EB8000C0F89420AFF2301202D14FF00B
:10F23000010001E04FF0000007EB8000C0F89820CB
:10F24000AFF2301002D14FF0010301E04FF00003A4
:10F250000BEB030207EB82029061AFF2301002D198
:10F260004FF0010301E04FF000030BEB030207EB4B
:10F270008202D061AFF2341002D14FF0010301E0FD
:10F280004FF000030BEB030207EB82021062AFF2B8
:10F29000341002D14FF0010301E04FF000030BEBFB
:10F2A000030207EB82025062AFF2381002D14FF036
:10F2B000010301E04FF000030BEB030207EB8202B6
:10F2C0009062AFF2381002D14FF0010301E04FF02D
:10F2D00000030BEB030207EB8202D062AFF23C1299
:10F2E00002D14FF0010300E000230BEB030007EB1A
:10F2F0008000026389E2AFF6C4100290EEA0039092
:10F30000F3A00490F8A00590FD480690AFF6901089
:10F310000790AFF67C10AFF6681208904046B8F13F
:10F32000010F3FF46FAD4FF000006BE5012B02D0F1
:10F33000032B78D069E2AFF604200290AFF6F41008
:10F340000390F0A00490EE480590AFF6CC10069024
:10F35000AFF6BC100790AFF6A8104346B8F1010F06
:10F3600001D04FF0000307EB83035861AFF6A813F9
:10F3700002D14FF0010001E04FF0000007EB8000E8
:10F380008361AFF6A41302D14FF0010001E04FF00A
:10F39000000007EB8000C361AFF6741302D14FF099
:10F3A000010001E04FF0000000F1010007EB8000D8
:10F3B0004361AFF6741302D14FF0010001E04FF04A
:10F3C000000000F1010007EB80008361AFF67813C5
:10F3D00002D14FF0010001E04FF0000000F1010008
:10F3E00007EB8000C361AFF6781302D14FF0010044
:10F3F00001E04FF0000000F1010007EB8000036224
:10F40000AFF67C1302D14FF0010001E04FF0000095
:10F4100000F1010007EB80004362AFF67C1303D1DB
:10F420004FF0010002E0F1E14FF0000000F10100B7
:10F4300007EB80008362AFF6801302D14FF001002A
:10F4400001E04FF0000000F1010007EB8000C36213
:10F45000AFF6841302D14FF0010001E04FF000003D
:10F4600000F1010007EB80000363AFF6841302D1C3
:10F470004FF0010001E04FF0000000F1010007EB48
:10F4800080004363AFF6881302D14FF0010001E022
:10F490004FF0000000F1010007EB80008363AFF63E
:10F4A000881302D14FF0010001E04FF0000000F19D
:10F4B000010007EB8000C363AFF68C1302D14FF05D
:10F4C000010001E04FF0000000F1010007EB8000B7
:10F4D0000364AFF68C1302D14FF0010001E04FF04E
:10F4E000000000F1010007EB80004364AFF69013C9
:10F4F00002D14FF0010001E04FF0000000F10100E7
:10F5000007EB80008364AFF6901302D14FF0010047
:10F5100001E04FF0000000F1010007EB8000C36440
:10F52000AFF6941302D14FF0010001E04FF000005C
:10F5300000F1010007EB80000365AFF6941302D1E0
:10F540004FF0010001E04FF0000000F1010007EB77
:10F5500080004365AFF6981302D14FF0010001E03F
:10F560004FF0000000F1010007EB80008365AFF66B
:10F57000981302D14FF0010001E04FF0000000F1BC
:10F58000010007EB8000C365AFF69C1302D14FF07A
:10F59000010001E04FF0000000F1010007EB8000E6
:10F5A0000366AFF69C1302D14FF0010001E04FF06B
:10F5B000000000F1010007EB80004366AFF6A013E6
:10F5C00002D14FF0010001E04FF0000000F1010016
:10F5D00007EB80008366AFF6A01302D14FF0010065
:10F5E00001E04FF0000000F1010007EB8000C3666E
:10F5F000AFF6A41302D14FF0010001E04FF000007C
:10F6000000F1010007EB80000367AFF6A41302D1FD
:10F610004FF0010001E04FF0000000F1010007EBA6
:10F6200080004367AFF6A81302D14FF0010001E05C
:10F630004FF0000000F1010007EB80008367AFF698
:10F64000A81302D14FF0010001E04FF0000000F1DB
:10F65000010007EB8000C367AFF6AC1302D14FF097
:10F66000010001E04FF0000000F1010007EB800015
:10F67000C0F88030AFF6B01302D14FF0010001E0C6
:10F680004FF0000000F1010007EB8000C0F884306B
:10F69000AFF6B41302D14FF0010001E04FF00000CB
:10F6A00000F1010007EB8000C0F88830AFF6B81316
:10F6B00034D14FF0010033E0506F75743D202020AD
:10F6C0005D2F20205D2F20205DEA572000000000E4
:10F6D000556F75743D20205B562F2020FF562F203C
:10F6E00020DF56C220000000496F75743D20207D48
:10F6F000412F20207D412F20207D4120000000004F
:10F7000084CC000020202020506F75743D202020E4
:10F710002020405720202020000000004FF0000053
:10F7200000F1010007EB8000C0F88C30AFF24C63B1
:10F7300002D14FF0010001E04FF0000000F10100A4
:10F7400007EB8000C0F89030AFF2506302D14FF069
:10F75000010001E04FF0000000F1010007EB800024
:10F76000C0F89430AFF2546002D14FF0010301E0D1
:10F770004FF00003134407EB83035861AFF254606A
:10F7800002D14FF0010301E04FF00003134407EBF7
:10F7900083039861AFF2546002D14FF0010301E09E
:10F7A0004FF00003134407EB8303D861AFF25460BA
:10F7B00002D14FF0010301E04FF00003134407EBC7
:10F7C00083031862AFF2546002D14FF0010301E0ED
:10F7D0004FF00003134407EB83035862AFF2546009
:10F7E00002D14FF0010301E04FF00003134407EB97
:10F7F00083039862AFF2546002D14FF0010300E03E
:10F8000000231A4407EB8202D06248E2AFF6DC60C4
:10F810000290AFF25C100390F9A00490AFF23810A0
:10F820000590FD480690AFF6A8600790AFF6986087
:10F830000890AFF684604346B8F1010F01D04FF055
:10F84000000307EB83039861AFF6846302D14FF0A6
:10F85000010001E04FF0000007EB8000C361AFF64C
:10F86000806302D14FF0010001E04FF0000007EB90
:10F8700080000362AFF6506302D14FF0010001E057
:10F880004FF0000000F1010007EB80008361AFF64C
:10F89000506302D14FF0010001E04FF0000000F191
:10F8A000010007EB8000C361AFF6546302D14FF053
:10F8B000010001E04FF0000000F1010007EB8000C3
:10F8C0000362AFF6546302D14FF0010001E04FF044
:10F8D000000000F1010007EB80004362AFF65863BF
:10F8E00002D14FF0010001E04FF0000000F10100F3
:10F8F00007EB80008362AFF6586302D14FF001003E
:10F9000001E04FF0000000F1010007EB8000C3624E
:10F91000AFF65C6302D14FF0010001E04FF0000050
:10F9200000F1010007EB80000363AFF65C6302D1D6
:10F930004FF0010001E04FF0000000F1010007EB83
:10F9400080004363AFF6606302D14FF0010001E035
:10F950004FF0000000F1010007EB80008363AFF679
:10F96000606302D14FF0010001E04FF0000000F1B0
:10F97000010007EB8000C363AFF6646302D14FF070
:10F98000010001E04FF0000000F1010007EB8000F2
:10F990000364AFF6646302D14FF0010001E04FF061
:10F9A000000000F1010007EB80004364AFF66863DC
:10F9B00002D14FF0010001E04FF0000000F1010022
:10F9C00007EB80008364AFF6686302D14FF001005B
:10F9D00001E04FF0000000F1010007EB8000C3647C
:10F9E000AFF66C6302D14FF0010001E04FF0000070
:10F9F00000F1010007EB80000365AFF66C6302D1F4
:10FA00004FF0010001E04FF0000000F1010007EBB2
:10FA100080004365AFF6706302D14FF0010001E052
:10FA20004FF0000000F1010007EB80008365AFF6A6
:10FA3000706302D14FF0010001E04FF0000000F1CF
:10FA4000010007EB8000C365AFF6746302D14FF08D
:10FA5000010001E04FF0000000F1010007EB800021
:10FA60000366AFF6746302D14FF0010001E04FF07E
:10FA7000000000F1010007EB80004366AFF67863F9
:10FA800002D14FF0010001E04FF0000000F1010051
:10FA900007EB80008366AFF6786302D14FF0010078
:10FAA00001E04FF0000000F1010007EB8000C366A9
:10FAB000AFF67C6302D14FF0010001E04FF000008F
:10FAC00000F1010007EB80000367AFF67C6302D111
:10FAD0004FF0010001E04FF0000000F1010007EBE2
:10FAE00080004367AFF6806302D14FF0010001E070
:10FAF0004FF0000000F1010007EB80008367AFF6D4
:10FB0000806302D14FF0010001E04FF0000000F1EE
:10FB1000010007EB8000C367AFF6846302D14FF0AA
:10FB2000010001E04FF0000000F1010007EB800050
:10FB3000C0F88030AFF6886302D14FF0010001E0D9
:10FB40004FF0000000F1010007EB8000C0F88430A6
:10FB5000AFF68C6302D14FF0010001E04FF00000DE
:10FB600000F1010007EB8000C0F88830AFF6906329
:10FB700002D14FF0010001E04FF0000000F1010060
:10FB800007EB8000C0F88C30AFF6946302D14FF0E1
:10FB9000010001E04FF0000000F1010007EB8000E0
:10FBA000C0F89030AFF6C42302D14FF0010001E05D
:10FBB0004FF0000000F1010007EB8000C0F8943026
:10FBC000AFF6C82302D14FF0010001E04FF0000072
:10FBD00000F1010007EB8000C0F89830AFF6CC20B0
:10FBE00002D14FF0010301E04FF00003134407EB93
:10FBF00083039861AFF6CC2010D14FF001030FE0E2
:10FC0000556F75743D20205B562F2020FF562F2006
:10FC100020DF56200000000084CC00004FF00003DD
:10FC2000134407EB8303D861AFF6E82002D14FF00D
:10FC3000010301E04FF00003134407EB8303186254
:10FC4000AFF6E82002D14FF0010301E04FF00003CE
:10FC5000134407EB83035862AFF6E82002D14FF05C
:10FC6000010301E04FF00003134407EB83039862A4
:10FC7000AFF6E82002D14FF0010301E04FF000039E
:10FC8000134407EB8303D862AFF6E82002D14FF0AC
:10FC9000010300E000231A4407EB82021063BAF16B
:10FCA000000F01D0F9A00290DFF8F88319B1022EFD
:10FCB00005DD7E9905E0002088F8040003E0A942F4
:10FCC00001DD88F80410DFF8E0B39BF80C0005288C
:10FCD00007D298F9040007EB8000001D0EC80298B7
:10FCE00009E098F9041004EB800007EB8101091D7D
:10FCF00050F8140C0EC9F1F791FEEC480022EB21EC
:10FD00000078F0F7E2FCDFF8A0A30AF1800ABAF964
:10FD10002000032818D0022816D00AF180040A25F2
:10FD2000B4F91200002290FBF5F080B25B21F0F7ED
:10FD3000CCFCB4F91400B0F57A7F75DB90FBF5F0DC
:10FD4000002280B25D2171E1BAF81E00564698B3D8
:10FD5000D74C0A250022B4F902005B2190FBF5F094
:10FD600080B2F0F7B2FCB4F92E00002290FBF5F05F
:10FD700080B2FF21F0F7A9FCB4F95A00002290FBF1
:10FD8000F5F080B2DF21F0F7A0FCB4F900006328A1
:10FD900004DD90FBF5F080B2002201E02088012212
:10FDA0007D21F0F792FCB4F92C00632805DD90FB6F
:10FDB000F5F080B2002202E00EE0A08D01227D214C
:10FDC000F0F783FCB4F95800632802DD90FBF5F0EE
:10FDD00044E0B4F8580045E0B24D0A243A35002218
:10FDE000B5F900005B2190FBF4F080B2F0F76DFCF8
:10FDF000B5F90200002290FBF4F080B2FF21F0F789
:10FE000064FCB5F90400002290FBF4F080B2DF211D
:10FE1000F0F75BFCAD1DB5F90000632805DD90FB34
:10FE2000F4F080B2002202E0FDE0288801227D216A
:10FE3000F0F74BFCB5F90200632804DD90FBF4F009
:10FE400080B2002201E0688801227D21F0F73DFCAC
:10FE5000B5F90400632804DD90FBF4F080B20022C1
:10FE600001E0A88801227D21F0F72FFC904C4FF68D
:10FE7000E8506168814201DD00216160216B8142AF
:10FE800001DD00212163E16D814201DD0020E0659B
:10FE9000B6F92000032806D0022804D060680022AA
:10FEA00080B240212FE0F08BF0B3606842F2107511
:10FEB000A84206DD4FF47A7190FBF1F080B2002287
:10FEC00003E090FBF9F080B201225D21F0F717FB0F
:10FED000206BA84206DD4FF47A7190FBF1F080B2FE
:10FEE000002203E090FBF9F080B201225D21F0F7DF
:10FEF00006FBE06D94E000BF4FF47A7190FBF1F0E7
:10FF000080B2002262E0F0F7FAFADFF898910A2056
:10FF1000A9F198090022B9F9161091FBF0F080B20E
:10FF20002321F0F7D2FB00E052E0624C207A4FF040
:10FF300000024FF02501F0F7C8FB207900225E2176
:10FF4000F0F7C3FB207800222621F0F7BEFB207BD0
:10FF500000223C21F0F7B9FBA08B00227B21F0F7B7
:10FF6000B4FB217E5448002200EB81003E21F0F7D3
:10FF700099FB9BF81D005C4670B13A20F0F7CEF972
:10FF800009F58B76202535543A20F0F7C7F935541A
:10FF90003A20F0F7C3F9355498F90400B8B3B9F82A
:10FFA0000C2098F90110012A00D00022521C914225
:10FFB00054DD884242D13B4901207E3181F83C002A
:10FFC0004CE000BF90FBF9F080B201225D219AE77E
:10FFD000374C42F21075D4342068A84206DD4FF445
:10FFE0007A7190FBF1F080B2002203E090FBF9F00F
:10FFF00080B201225D21F0F782FA6068A84207DD35
:020000040001F9
:100000004FF47A7190FBF1F080B2002204E025E019
:1000100090FBF9F080B201225D21F0F770FAA06840
:10002000A842CFDD68E701225D2180B2F0F74DFBE9
:100030001C48002240211838406864E7401A012813
:1000400002D0022806D009E0164901207E3181F84D
:10005000280003E0134901207E310875A07B401C75
:10006000C0B2A073BAF9121001EB8101B0EB810F9D
:1000700001DB0020A0731148006830B16FF001026D
:10008000FB210FA0F0F70EFB25E01DE04368656340
:100090006B20746865207374727563747572652063
:1000A0000000000010C2072078C0072011C0072000
:1000B000F805082020400240EBDE0200D80A0820A4
:1000C0006572726F72000000E2480022FB21B0F9F5
:1000D0000000F0F7C5F901225FF0ED01B9F83C002E
:1000E000FEE300BFF0F7F1FA0AF037BBDA4905206A
:1000F000F34C81F82500D9A07B90DEA07C90E3A092
:100100007D90E8A07E90ED487F9093F83A0020B172
:10011000042806D0242808D009E0D97D39B9E9A0FF
:1001200010E0D97D19B9EDA00CE0D97D21B1800690
:10013000D87D05D510B104E0EEA003E0F3A001E006
:1001400008B1F8A07A907AA800EB8501D1E90123E3
:1001500050F82510F9A0F1F761FC98F9010098F921
:100160000410421A022A03DD811E88F8041003E0FD
:10017000884201DA88F80400042802DB0120F1F744
:10018000DBFB98F902000022401C80B22621F0F728
:100190009CFA98F90200012200EBC00000EB40003D
:1001A00004EB80002821806980B2F0F78EFA98F97C
:1001B0000200012200EBC00000EB400004EB8000D5
:1001C0005B21C06980B2F0F780FA98F90200002242
:1001D00000EBC00000EB400004EB80005D21006AF2
:1001E00000B2F0F73DF900230A22012141F2B810D4
:1001F000F0F726FA78E7984C0720B14E84F82500EE
:10020000D4A07D90D9A07E90DEA07F90E3A08090C6
:10021000E8A08190EDA08290A8488390A9A07C904E
:1002200093F83A00042802D0242804D005E0D97DB0
:1002300019B9AAA00CE0D97D21B18006D87D05D4DA
:1002400010B104E0ABA003E0B0A001E008B1B5A09C
:100250007C907CA901EB8500D0E9012351F82510A1
:10026000B6A0F1F7DBFB98F9010098F90410421AE7
:10027000022A03DD811E88F8041003E0884201DAB7
:1002800088F8040094F82510884202DB0120F1F779
:1002900053FB98F902000022401C80B22621F0F79F
:1002A00014FA98F90200344600EBC00000EB40005D
:1002B00006EB800001228069282180B2F0F705FA60
:1002C00098F90200012200EBC00000EB400004EBB3
:1002D00080002921C06980B2F0F7F7F998F902008F
:1002E000002200EBC00000EB400004EB80005B212B
:1002F000006A00B2F0F7B4F898F90200002200EBAF
:10030000C00000EB400004EB80005D21B0F930003C
:10031000F0F7A6F898F90200012200EBC00000EB0C
:10032000400004EB80003C21806A80B2F0F7CDF9F8
:1003300098F90200012200EBC00000EB400004EB42
:100340008000406A80B2FEE3DFF80C8109207BACBC
:1003500088F8250008F5CC70A02690F9040004EB7D
:100360008001EAB37BA07C9080A07D9085A07E90E8
:100370008AA07F908FA0809094A0819099A0829075
:100380009E4883904D4884909D487B90D87D052859
:1003900001D964A037E093F86A00632801D999A0D5
:1003A00031E093F83A00C20701D09CA02BE093F80B
:1003B0003B20D20701D09FA025E000F02202022AB4
:1003C00016D000F02402042A12D02822824311D031
:1003D000C0F30112032A0FD0242282430ED000E082
:1003E00018E000F0A002202A0AD086430AD00BE0D1
:1003F00096A008E09BA006E0A0A004E037A002E0E1
:10040000A4A000E0A9A07B90D1E9012354F8251015
:100410004AA0FBE1ABA07C90B0A07D90B5A07E90FF
:10042000BAA07F90BFA08090C4A08190C9A0829004
:10043000CE4883901838849071487B90D87D0528E9
:1004400001D9CBA0DCE193F86A00632801D9CEA0E2
:10045000D6E1A5E156C2072078C007202055E8ED77
:10046000E2203D202020202020202028C220202003
:10047000000000002049E8EDE2203D20202020205F
:100480002020205B41202020000000002074E8EDA7
:10049000E2203D20202020202020205DB0D12020FF
:1004A0000000000020D1E1F0EEF120E0E2E0F0E811
:1004B000E92020202020202000000000C1DE0200D2
:1004C00040F40720202020202020E220F0E0E1EE70
:1004D000F2E5202020202020000000002020D1C8AC
:1004E000CBDCCDDBC920CDC0C3D0C5C221212120AA
:1004F00000000000EEF2EAEBFEF7E8EBF1FF2CEF74
:10050000E5F0E5E3F0E5E220000000002020EEF257
:10051000F1F3F2F1F2E2F3E5F22055E2FBF52020EF
:100520000000000020202020EDE520EFEEE4EAEBC3
:10053000FEF7E5ED202020200000000020202020F4
:1005400020C8CDC2C5D0D2CED0204E26202020201B
:10055000000000002055E2FBF5203D202020202057
:1005600020202028C2202020000000002049E2FB9B
:10057000F5203D202020202020202029412020205F
:10058000000000002074E8EDE2203D202020202023
:100590002020205BB0D12020000000002050E2FB92
:1005A000F5203D20202020202020205DC2F22020A8
:1005B000000000002055F1E5F2E8203D2020202039
:1005C0002020203CC2202020000000002055F8E818
:1005D000EDFB203D202020202020203EC220202096
:1005E000000000002055E2F5EEE4203D2020202010
:1005F0002020205EC22020200000000040D4000007
:10060000B8630000CED2CACB2E20E2EDF3F2F02E7A
:1006100020EDE5E8F1EFF02E000000002020202082
:1006200020CFC5D0C5C3D0D3C6C5CD212121202020
:1006300000000000CED2CACB2E2055646320EDE529
:1006400020E220EDEEF0ECE500000000CFC5D0C5C3
:10065000C3D0C5C22121C2DBCACBDED7C5CD212183
:1006600000000000C220D0C0C1CED2C52EC7C0C27B
:10067000DBD82055E2FBF52100000000C220D0C0ED
:10068000C1CED2C52EC7C0CDC8C62055E2FBF521CC
:1006900000000000C220D0C0C1CED2C52ECED220D4
:1006A000C1C0D2C0D0C5C82000000000C220D0C048
:1006B000C1CED2C52ECED220D1C5D2C82020202076
:1006C0000000000020556F7574203D202020202060
:1006D00020202028562020200000000020496F758F
:1006E00074203D202020202020202029412020206F
:1006F000000000002074696E76203D20202020201C
:100700002020205BB0D120200000000020506F7519
:1007100074203D20202020202020205D57202020F4
:10072000000000002055696E204143203D2020201C
:100730002020203C5620202000000000205562751B
:1007400073203D20202020202020203E56202020E5
:10075000000000002055696E204443203D202020E9
:100760002020205E56202020000000008CF1000098
:10077000202020206E6F7420636F6E6E6563746539
:10078000642020200000000044656665637469767B
:10079000652E2044697361626C65642E0000000060
:1007A00093F83A00C20701D0E7A029E093F83B2074
:1007B000D20701D0EAA023E000F02202022A14D0DE
:1007C00000F02402042A10D0282282430FD0C0F364
:1007D0000112032A0DD0242282430CD000F0A00283
:1007E000202A0AD086430AD00BE0E3A008E0E8A064
:1007F00006E0EDA004E0F2A002E0F7A000E0FCA01B
:100800007B90D1E9012354F82510FFA0F1F706F9F8
:100810009AF901009AF904105446421A022A02DD9C
:10082000811E217102E0884200DA207198F82510BB
:10083000491E884202DB0120F1F77EF894F902009C
:100840000022401C80B22621EFF73FFF94F90200FE
:10085000F34D00EBC00000EB400005EB80000122EF
:100860008069282180B2EFF730FF94F9020001225D
:1008700000EBC00000EB400005EB80002921C069BF
:1008800080B2EFF722FF94F90200002200EBC000D3
:1008900000EB400005EB80005B21006A00B2EFF73F
:1008A000DFFD94F90200002200EBC00000EB4000E5
:1008B00005EB80005D21B0F93000EFF7D1FD94F930
:1008C0000200012200EBC00000EB400005EB8000BD
:1008D0003C21806A80B2EFF7F8FE94F9020000E054
:1008E000FCE300EBC00000EB400005EB80000122C0
:1008F000406A3E2180B2EFF7E8FE94F9020000EB77
:10090000C00000EB400005EB8000C06A80B207F039
:100910009ABEC448C17B491CC9B2C173642901D3C2
:100920000021C173082180F82510BF4906467BAC21
:1009300091F9020091F9041000EB400303EBC000B1
:10094000BA4B04EB810103EB80008AB3B8A27C921E
:10095000BDA27D92AFF2BC327E92C1A27F92AFF275
:10096000AC328092C4A28192C94A8292183A839290
:10097000AFF2B0427B92F27B322A427F10D852060D
:1009800001D5C44A01E0C34A18327B92427F530723
:100990000FD590F82630052B0BD2AFF2C04017E0F0
:1009A000120602D5BB4A6032EFE7BA4A7832ECE76A
:1009B0001AE0920706D590F82620052A02D2AFF257
:1009C000CC4005E090F826000A2802D9AFF2AC40EE
:1009D0007B90D1E9012354F82510BEF1020F01DB11
:1009E000ADA04AE0B1A048E0B6A27C92BBA27D9245
:1009F000AFF2E8227E92BFA27F92C4A28092C9A2E7
:100A00008192CE4A8292183A8392CDA27B92F27B57
:100A1000322A427F10D8520602D59E4A303201E077
:100A20009C4A48327B92427F53070DD590F826307E
:100A3000052B09D262A015E0120602D5954A903224
:100A4000F0E7944AA832EDE7920705D590F8262002
:100A5000052A01D248A005E090F826000A2802D90C
:100A6000AFF2F4207B90D1E9012354F82510BEF1B8
:100A7000020F01DBB8A000E0BDA0F0F7CFFF98F9AE
:100A8000010098F90410421A022A03DD811E88F839
:100A9000041003E0884201DA88F8040096F8251073
:100AA0004446884202DB0120F0F746FF94F9020039
:100AB0005E4D00EB400101EBC00005EB8000012220
:100AC00040887B21EFF701FE94F9020000EB400122
:100AD00001EBC00035F92010B1F57A7F05DB0A2063
:100AE00091FBF0F080B2002202E035F820000122F4
:100AF0007D21EFF7EAFD94F90200002200EB4001AE
:100B000001EBC00005EB80005B21007FEFF7A8FC44
:100B100094F902004FF6E85200EB400101EBC000EF
:100B200005EB80004168914201DD0021416088B2FF
:100B300000225D21EFF7E3FC94F9021001EB410084
:100B400000EBC10020E1C6E220202020204F5645C6
:100B5000524C4F4144212121202020200000000040
:100B600044697361626C65642E2055646320616C16
:100B700061726D2E0000000044697361626C6564EF
:100B80002E20484947482048454154210000000094
:100B9000496E206F70657261742E20484947482065
:100BA000556F757400000000496E206F70657261AA
:100BB000742E204C4F5720556F7574200000000094
:100BC000496E206F70657261742E20484947482035
:100BD0004845415400000000496E206F7065726105
:100BE00074696F6E206F6E20444320200000000067
:100BF000496E206F7065726174696F6E206F6E2030
:100C000041432020000000002020202020494E5693
:100C10004552544552204E2620202020000000003E
:100C200040F4072078C0072010C20720F8050820EC
:100C30002055E2FBF5203D20202020202020207B95
:100C4000C2202020000000002049E2FBF5203D20CA
:100C5000202020202020207D412020200000000096
:100C60002074E1EF20203D20202020202020205B48
:100C7000B0D12020000000002055E8EDE220203D0A
:100C8000202020202020203EC22020200000000024
:100C900040D400001C6D00002020202020C1C0C9CD
:100CA000CFC0D1204E40202020202000202020C175
:100CB000C0C9CFC0D12028E0E4F02E3D202129205A
:100CC0000000000020556F7574203D20202020205A
:100CD0002020207B562020200000000020496F7536
:100CE00074203D20202020202020207D4120202015
:100CF000000000002074206270203D202020202071
:100D00002020205BB0D12020000000002055204191
:100D100043203D20202020202020203C5620202041
:100D200000000000205520696E763D202020202004
:100D30002020203E56202020000000008CF10000E2
:100D400020202020696E206F7065726174696F6E5B
:100D50002020202000000000202020202042595088
:100D6000415353204E40202020202020000000002E
:100D7000202042595041535320286164722E3D2057
:100D8000212920200000000005EB800001220089BD
:100D90003C21EFF79AFC94F90210012201EB41008B
:100DA00000EBC10005EB80003E214089EFF78DFC90
:100DB00094F90210002201EB410000EBC10005EBA9
:100DC0008000212190F82700133880B2EFF77DFCD6
:100DD00094F90200401CFDE3D74C207C401CC0B2BB
:100DE0002074282801D300202074082084F82500CE
:100DF000D349D2480DF5F67C91F9041090F82600FD
:100E00000CEB810192B3CFA27C92D4A27D92D9A2A5
:100E10007E92DEA27F92E3A28092E8A28192ED4AC6
:100E20008292ED4A8392AFF664127B92227C142A5E
:100E30000DD8720601D5E94A01E0E84A18327B92E2
:100E400072070CD505280AD2AFF6701013E03206EF
:100E500002D5E24A6032F2E7E04A7832EFE7B207C1
:100E600005D5052803D2AFF6741004E00AE00A287D
:100E700002D9AFF650107B90D1E901235CF8251020
:100E8000D7A03DE0DBA27C92E0A27D92E5A27E921B
:100E9000EAA27F92EFA28092F4A28192F94A829212
:100EA000183A8392AFF268127B92227C142A0ED8F1
:100EB000720602D5C94A303201E0C84A48327B92F4
:100EC00072070CD505280AD2AFF20C3012E03206B8
:100ED00002D5C24A9032F2E7C04AA832EFE7B20721
:100EE00004D5052802D2AFF2703003E00A2802D9F7
:100EF000AFF284707B90D1E901235CF82510E2A069
:100F0000F0F78CFD98F9010098F90420831A022B60
:100F100003DD821E88F8042003E0904201DA88F89D
:100F2000040094F82510491E884202DB0120F0F7E6
:100F300003FD824C0A250022B4F902007B2190FBBC
:100F4000F5F080B2EFF7C1FBB4F92E00002290FB60
:100F5000F5F080B27B21EFF7B8FBB4F95A0000221C
:100F600090FBF5F080B27B21EFF7AFFBB4F9000006
:100F7000632804DD90FBF5F080B2002201E02088B8
:100F800001227D21EFF7A1FBB4F92C00632804DDD9
:100F900090FBF5F080B2002201E0A08D01227D21BE
:100FA000EFF793FBB4F95800632804DD90FBF5F0EC
:100FB00080B2002202E0B4F8580001227D21EFF750
:100FC00084FB207F00225B21EFF74AFA94F8480067
:100FD00000225B21EFF744FA94F8740000225B21B1
:100FE000EFF73EFA61684FF6E850814201DD0021DB
:100FF0006160216B814201DD00212163E16D81424D
:1010000001DD0020E065606842F21076B04206DD46
:101010004FF47A7190FBF1F080B2002203E090FB74
:10102000F9F080B201225D21EFF769FA206BB0423E
:1010300006DD4FF47A7190FBF1F080B2002203E0FC
:1010400090FBF9F080B201225D21EFF758FAE06DD4
:10105000B04206DD4FF47A7190FBF1F080B20022CD
:1010600003E090FBF9F080B201225D21EFF747FA2F
:10107000B4F90800002290FBF5F080B23C21EFF7B4
:1010800024FBB4F93400002290FBF5F080B23C213F
:10109000EFF71BFBB4F96000002290FBF5F080B283
:1010A0003C21EFF712FBB4F90A00002290FBF5F0A7
:1010B00080B23E21EFF709FBB4F93600002290FB25
:1010C000F5F080B23E21EFF700FBB4F96200002298
:1010D00090FBF5F080B23E21FFF704B844E13E4BAF
:1010E0006FA275A17AA0F0F799FC154901207E3115
:1010F000134C81F83C0000225B21983C608B2DE171
:1011000079A002907EA0039083A0049064A0059033
:10111000304818380690D9E9012357F825106CA0FB
:10112000F0F77CFC96F9010096F90410421A022AA5
:1011300001DD801EFEE0FBE078C00720F8050820F6
:1011400010C207202055E2FBF53D20207BC22F2056
:10115000207BC22F20207BC2000000002049E2FB40
:10116000F53D20207D412F20207D412F20207D41F5
:10117000000000002050E2FBF53D20205D2F2020E4
:101180005D2F20205DEAC2F2000000002074E1EF34
:101190003D2020205B2F20205B2F20205BB0D12022
:1011A000000000002055F1E5F2E83D2020203C2F12
:1011B00020203C2F20203CC2000000002055E8EDFC
:1011C000E23D202020203E2F20203E2F20203EC226
:1011D0000000000040D40000C1DE02001C6D0000D1
:1011E0002020202020C1C0C9CFC0D12033D420204E
:1011F0002020200020556F75743D20207B562F2025
:10120000207B562F20207B560000000020496F7560
:10121000743D20207D412F20207D412F20207D41C5
:101220000000000020506F75743D20205D2F2020AD
:101230005D2F20205D6B572000000000207420628D
:10124000703D20205B2F20205B2F20205BB0D12021
:101250000000000020552041433D202020203C2F4D
:1012600020203C2F20203C56000000002055696EB5
:10127000763D202020203E2F20203E2F20203E564D
:10128000000000008CF100002020425950415353CF
:1012900020332070686173657320202000000000F7
:1012A00020662020203D20202020205DC3F6202025
:1012B000202020200000000020552020203D20205C
:1012C0002020205BC22020202020202000000000C1
:1012D0002020202020202020D1C5D2DC202020204A
:1012E00020202020000000002055F4412020202054
:1012F0002020202020202021C220202000000000CB
:101300002055F44220202020202020202020204092
:10131000C2202020000000002055F443202020207F
:101320002020202020202023C22020200000000098
:10133000884200DA30710120F0F7FEFAEC4C00220E
:101340002121A08B80B2EFF7C0F9E08B0022402171
:1013500080B2EFF7BAF90022208C232180B2EFF798
:10136000B4F90122608C5D2180B2B5E6E14BE2A2C6
:10137000E7A1EDA0F0F752FBF1490120DC4C81F828
:101380003C000246608A5B2180B2EFF79EF90122A1
:101390005D21A08AE8E700BF6FF00A04F2B3E9A07C
:1013A0000290EEA00390F3A00490F8A0059082991B
:1013B000FC4847F821008399FB484860839988607E
:1013C000D9E9012357F82510F8A0F0F727FB96F983
:1013D000010096F90410421A022A01DD801E01E084
:1013E000884200DA30710120F0F7A6FAC04D20469D
:1013F00058352978012901D16FF00800BC4E5C36C0
:10140000317801290BD0401E42B22421EDA000BF4B
:10141000EFF748F92878012806D00BE084E0801E19
:1014200042B22421E9A0F3E76FF003022421E9A0EE
:10143000EFF738F928786FF0050820B942462421E3
:10144000E6A0EFF72FF969782046012901D16FF066
:1014500008007178012909D0401E42B22521D9A087
:10146000EFF720F96878012805D00AE0801E42B223
:101470002521D6A0F4E76FF003022521D5A0EFF7D0
:1014800011F9687820B942462521D4A0EFF70AF96E
:10149000A9782046012901D16FF00800B17801290F
:1014A0000AD0401E42B25E21C6A000BFEFF7FAF894
:1014B000A878012805D00AE0801E42B25E21C3A0B0
:1014C000F4E76FF003025E21C2A0EFF7EBF8A87813
:1014D00020B942465E21C1A0EFF7E4F8E878012880
:1014E00001D16FF00804F078012809D0641E62B2BF
:1014F0002621B4A0EFF7D6F8E878012805D00AE055
:10150000A41E62B22621B1A0F4E76FF003022621E7
:10151000B0A0EFF7C7F8E878002849F01E814246EE
:101520002621AEA003F034B8AFA00290B4A003907F
:10153000B9A00490BEA005908299C34847F8210045
:1015400083999948486083998860D9E9012357F8BD
:101550002510BEA0F0F762FA96F9010096F9041082
:10156000421A022A01DD801E01E0884200DA307151
:101570000120F0F7E1F95E4D204658352978012920
:1015800001D16FF008005A4E5C36317801290BD03A
:10159000401E42B22421B3A0EFF784F828786FF000
:1015A0000408012805D009E0801E42B22421AFA022
:1015B000F2E742462421AFA0EFF774F8287820B96B
:1015C00042462421ADA0EFF76DF869782046012945
:1015D00003D100E0DBE26FF008007178012909D047
:1015E000401E42B225219FA0EFF75CF868780128E1
:1015F00005D009E0801E42B225219CA0F4E74246B6
:1016000025219CA0EFF74EF8687820B942462521A5
:101610009AA0EFF747F8A9782046012901D16FF089
:101620000800B178012909D0401E42B25E218DA088
:10163000EFF738F8A878012805D009E0801E42B2FB
:101640005E218AA0F4E742465E218AA0EFF72AF8DD
:10165000A87820B942465E2188A0EFF723F8E87801
:10166000012801D16FF00804F07801280AD0641E27
:1016700062B226217BA000BFEFF714F8E8780128BA
:1016800005D009E0A41E62B2262178A0F4E7424604
:10169000262178A0EFF706F8E878002849F05D8069
:1016A0004246262175A03DE776A002907BA00390DC
:1016B00080A0079085A008908AA009908FA0394942
:1016C0000A9059618398384981618398C161D9E949
:1016D000012357F8251035A0F0F7A0F996F901007D
:1016E00096F90410421A022A01DD801E14E111E16C
:1016F00078C10720C1DE02002049EDE0E3F0203D83
:1017000020202020205DC02020202020000000007C
:101710002055EDE0E3F0203D20202020205BC2207A
:101720002020202000000000202020202020CDC0EC
:10173000C3D0D3C7CAC02020202020200000000032
:101740008EC2072020D1CA31202020202020202036
:1017500020202020202024200000000020D1CA3298
:101760002020202020202020202020202020252074
:101770000000000020D1CA3320202020202020207B
:101780002020202020205E200000000020D1CA342C
:101790002020202020202020202020202020262043
:1017A0000000000028D40000B86300002020C2CD53
:1017B000C5D8CDC8C520C4C0D2D7C8CAC82020202B
:1017C00000000000CDCED0CCC0000000C0C2C0D010
:1017D000C8DF0000C7C0CCCACD2E0000D0C0C7CE25
:1017E000CCCACD2E00000000204443312020202010
:1017F0002020202020202020202024200000000065
:10180000204443322020202020202020202020207F
:1018100020202520000000002044433320202020E9
:10182000202020202020202020205E2000000000FA
:10183000204443342020202020202020202020204D
:10184000202026200000000074F10000202020202D
:10185000202053454E534F5253202020202020203B
:10186000000000004E4F524D00000000414C41521C
:101870004D000000434C4F53454400004F50454E2F
:10188000202000002074E2EDE5F82EE2EEE7E42EE1
:101890002020202021B0D120000000002074EEF292
:1018A000F1E5EA20DDCFD3202020202040B0D12058
:1018B0000000000020D1F3F52EEAEEEDF22EB93152
:1018C00020202020202024200000000020D1F3F53B
:1018D0002EEAEEEDF22EB932202020202020252005
:1018E0000000000020D1F3F52EEAEEEDF22EB93320
:1018F0002020202020205E200000000020D1F3F5D1
:101900002EEAEEEDF22EB9342020202020202620D1
:1019100000000000884200DA30710120F0F70CF876
:10192000FC4C206830B16FF002022121FA48EEF73A
:10193000B9FE06E0F94800222121B0F90000EEF7D7
:101940008FFD606818B16FF002024021E9E0F348B2
:1019500000224021B0F90200ECE0F04C4FF0000210
:10196000823C4FF024012078012877D0AFF2AC10F0
:10197000EEF798FE60784FF0000201284FF0250145
:1019800002D0AFF2C01001E0AFF2C010EEF78AFE55
:10199000A0784FF0000201284FF05E017DD0AFF239
:1019A000DC1000BFEEF77EFEE0784FF00002012869
:1019B0004FF0260102D0AFF2F410B3E5AFF2F4100D
:1019C000B0E5D7A00290DCA00390E1A00490869936
:1019D000E5A047F821008599E9A048608599EEA027
:1019E00088608599F2A0C860F74847F82600F74854
:1019F0006060A060D9E9012357F825105446AFF282
:101A00005420F0F70BF894F9010094F90410421AED
:101A1000022A01DD801E01E0884200DA20710120E7
:101A2000EFF78AFFBB4D286830B16FF00202212129
:101A3000B948EEF737FE08E0207930B9B748002200
:101A40002121B0F90000EEF70BFD686838B16FF0A6
:101A500002024021B048EEF725FE07E06DE0AF48F6
:101A600000224021B0F90200EEF7FAFCA86854E029
:101A7000ABA00290B0A00390B5A004908699BAA044
:101A800047F821008599BEA048608599C2A088606A
:101A90008599C7A0C860CC4800E051E047F826000F
:101AA000CA486060A060D9E9012357F82510AFF259
:101AB0000430EFF7B3FF9AF901009AF90410421AC3
:101AC000022A01DD801E01E0884201DA8AF8040062
:101AD0000120EFF731FF8F4C206830B16FF0020228
:101AE00021218D48EEF7DEFD06E08C480022212101
:101AF000B0F90000EEF7B4FC606830B16FF002029C
:101B000040218548EEF7CEFD06E0844800224021C2
:101B1000B0F90200EEF7A4FCA06830B16FF0020249
:101B200023217D48EEF7BEFD17E77C4800222321E4
:101B3000B0F90400EEF794FC0FE7AFF2703017E74E
:101B4000AFF278302EE7A2A00290A7A003909E48A3
:101B50000490D9E9012357F82510A9A0EFF75EFFFB
:101B60000120EFF7E9FE6D4C0022DE3C2121E08EE2
:101B700000EB800080B2EEF7A8FD208E002223212A
:101B800080B2EEF7A2FD208E00EB80002D30002207
:101B900080B24021FEF7A6BA9FA00290A4A00390B5
:101BA000A9A00490AEA00590B3A00690B8A007909D
:101BB000BDA00890C2A00990C7A00A90CCA00B902D
:101BC000D1A00C90D6A00D90DBA00E90E0487E49ED
:101BD00009F10409B0F91A0007EB800041607B4964
:101BE0008160C160B9E80E000298EFF717FF9AF91B
:101BF00001009AF90410421A022A01DD801E01E058
:101C0000884201DA8AF804000120EFF795FE414C82
:101C10005A342078012871D06FF003022121CDA021
:101C2000EEF740FD6078012869D06FF00302402193
:101C3000C8A000BFEEF736FDA078012860D06FF095
:101C400003022321C3A000BFEEF72CFDE07801289A
:101C500057D06FF003022421BEA000BFEEF722FD93
:101C6000207901284ED06FF003022521B9A000BFD2
:101C7000EEF718FD6079012845D06FF003025E2170
:101C8000B4A000BFEEF70EFDA07901283CD06FF0A4
:101C900003022621AFA000BFEEF704FDE079012882
:101CA00033D06FF003022A21AAA000BFEEF7FAFC9E
:101CB000207A01282AD06FF003022821A5A000BFB6
:101CC000EEF7F0FC607A012821D06FF003022921A1
:101CD000A0A000BFEEF7E6FCA07A012818D06FF0B4
:101CE00003022B219BA000BFEEF7DCFCE07A012869
:101CF0000FD06FF003023D2104F085BF2EE132E1E9
:101D000036E13AE13EE142E146E14AE14EE152E1AB
:101D100056E15AE1D80A0820ECE5000056C2072037
:101D2000207431202020202020202020202020204E
:101D300021B0D1200000000020743220202020207B
:101D4000202020202020202040B0D12000000000B2
:101D5000207433202020202020202020202020201C
:101D600023B0D1200000000020D1CA312020202043
:101D700020202020242020202020202000000000DF
:101D800020D1CA32202020202020202025202020E1
:101D9000202020200000000020D1CA332020202055
:101DA000202020205E202020202020200000000075
:101DB00020D1CA34202020202020202026202020AE
:101DC000202020200000000028D40000B86300007C
:101DD0002046E2E5EDF22EF2E5EAF3F92E2020208E
:101DE00020202125000000002046E2E5EDF22E6DC6
:101DF00061782E2028202040252920230000000083
:101E00002020202020C2C5CDD2C8CBDFD2CED0200A
:101E100020202020000000002020C0C2D2CECCC054
:101E2000D2DB20CDC0C3D0D3C7CECA200000000073
:101E300020C0E2F2EEECE0F220B931202020202098
:101E4000202021200000000020C0E2F2EEECE0F2B1
:101E500020B9322020202020202040200000000037
:101E600020C0E2F2EEECE0F220B933202020202066
:101E7000202023200000000020C0E2F2EEECE0F27F
:101E800020B9342020202020202024200000000021
:101E900020C0E2F2EEECE0F220B935202020202034
:101EA000202025200000000020C0E2F2EEECE0F24D
:101EB00020B936202020202020205E2000000000B5
:101EC00020C0E2F2EEECE0F220B937202020202002
:101ED000202026200000000020C0E2F2EEECE0F21C
:101EE00020B938202020202020202A2000000000B7
:101EF00020C0E2F2EEECE0F220B9392020202020D0
:101F0000202028200000000020C0E2F2EEECE0F2E9
:101F100020B931302020202020202920000000007E
:101F200020C0E2F2EEECE0F220B931312020202096
:101F300020202B200000000020C0E2F2EEECE0F2B6
:101F400020B931322020202020203D200000000038
:101F5000F8C00720C2DBCACB2E0000006FF00202DF
:101F60002121EFA05CE66FF002024021ECA061E6C7
:101F70006FF002022321EAA066E66FF0020224213C
:101F8000E7A06BE66FF002022521E5A070E66FF096
:101F900002025E21E2A075E66FF002022621E0A0B7
:101FA0007AE66FF002022A21DDA07FE66FF00202DE
:101FB0002821DBA084E66FF002022921D8A089E65F
:101FC0006FF002022B21D6A08EE66FF002023D21B7
:101FD00002F090BED4A00290D9A00390DEA004909D
:101FE000E3A00590E8A00690ED480790ED48089022
:101FF00009F104090990B9E80E000298EFF70EFD07
:102000009AF901009AF90410421A022A01DD801E91
:1020100001E0884201DA8AF804000120EFF78CFC25
:10202000E14C00222321E08DEEF74FFB04F1E400A8
:10203000002240882421EEF748FB04F180000222B0
:1020400025214069EEF75BFA00225E21A08EFFF7A2
:102050008BB9B5A00290D5A00390DAA00490DFA0C0
:102060000590E4A00690E9A00790EEA00890C0A01B
:102070000990C5A00A90CA480B90CA480C9009F173
:1020800004090D90B9E80E000298EFF7C7FC9AF921
:1020900001009AF90410421A022A01DD801E01E0B3
:1020A000884201DA8AF804000120EFF745FCBE4CB3
:1020B0000022EA3421212088EEF707FB6088002205
:1020C0004021EEF702FBA08800222321EEF7FDFA63
:1020D000A41D002220882621EEF7F7FA608800224E
:1020E0002921EEF7F2FAA08800222821EEF7EDFA76
:1020F000A4F17000032225214069EEF700FAAA48F6
:1021000000225E21808EA2E7CCA00290D1A0039095
:10211000D6A00490DBA00590A1480690A94202DA5F
:102120008AF8041003E0022B01DD8AF804409AF9D2
:10213000040007EB8001D1E9012357F82010D7A054
:1021400003F037BD162912D0212912D0D94B022C09
:1021500013D0D9A2DEA1E4A0EFF760FC0120EFF7D5
:10216000EBFBE74800222821B0F85E006FE7E5A30B
:1021700000E0EAA3EFA2F5A1EDE7FAA2EAE7012C5D
:1021800007D1FE4987980978884202D1C94BF5A248
:1021900001E0C84BC8A2FAA1FFA0EFF73FFC022064
:1021A000EFF7CAFB9AF902000022401C80B27B21A3
:1021B000F0E400BF40F6026013F008FD01B27A4877
:1021C0004029018301DD00210183B0F84410B0F9FA
:1021D000180079B368B1012811D0022814D026DD87
:1021E0009AF901109AF90420914227DA8AF804102A
:1021F00029E0B04BAF4A153BEDA1F3A046E0F8A3B0
:10220000AC4AFDA1F0A04BE09AF901009AF9041044
:10221000884202DA8AF8040004E0411A022901DD4A
:10222000801EF7E79AF9040010B1012810D069E088
:10223000A04B14E015E0F0A1E3A061E08A1A022AA5
:1022400001DD891ED2E79AF90410421E914202D1A3
:10225000E3A3984AEFE7801E8142E9D0ECA3F2A203
:10226000E9E770B1012817D002281FD04ADD9AF99A
:1022700001109AF90420914231DA00BF8AF8041063
:1022800032E08C4BEE4A153BEEA1F4A0EFF7C6FB13
:1022900001208AF8010005E0F6A3E94AD6A1EFA0E3
:1022A000EFF7BCFB00208AF804002BE09AF901004C
:1022B0009AF90410884202DA8AF8040004E0411A0C
:1022C000022901DD801EF7E79AF9040010B1012808
:1022D00002D017E0DA4B10E0E6A3D94A0EE08A1AE2
:1022E000022A01DD891EC9E79AF90410421E9142B3
:1022F000F2D0801E8142EDD0C5A3CBA2BEA1D7A053
:10230000EFF78CFB0120EFF717FB9AF80400282168
:10231000EEF716FA9AF80400401CC0B25B21B5E152
:10232000C2CACB2E000000002020DDCBC5CAD2D00F
:10233000CED1CDC0C1C6C5CDC8C52020000000008B
:1023400020C2E2EEE42020202020202023C22020F2
:10235000202020200000000020CFDDD120202020E0
:102360002020202024C22020202020200000000047
:102370002050F1F3ECEC2E2020202020202025EA14
:10238000C2F22AF7000000002050F2E5EAF3F92E2D
:102390002020202020205EC2F2202020000000000B
:1023A00028D40000B863000078C1072020C2E2EE04
:1023B000E420F42E412020202021C22020202020B3
:1023C0000000000020C2E2EEE420F42E4220202093
:1023D0002040C220202020200000000020C2E2EE89
:1023E000E420F42E432020202023C220202020207F
:1023F0000000000020CFDDD12020F42E412020203D
:102400002026C220202020200000000020CFDDD187
:102410002020F42E422020202029C220202020200D
:102420000000000020CFDDD12020F42E432020200A
:102430002028C220202020200000000020C2FBF025
:102440002EE7E0F0FFE42020202020202020202084
:102450000000000020C0E2F22EE2FBF02EE7E0F0E8
:10246000FFE42020202020200000000020CA2EC5EC
:102470002E20E1E0F2E0F0E5E8204E31202020209F
:102480000000000020CA2EC52E20E1E0F2E0F0E5B9
:10249000E8204E32202020200000000020202020B4
:1024A00020D1CFC5D6D4D3CDCAD6C8C820202020AD
:1024B00000000000C1DE020020C2FBEAEBFEF7E5EF
:1024C000ED202020202020202020202000000000BF
:1024D00020C4EBE8F22E2DF1F2FC20202020202851
:1024E000F72E202000000000C2DBD0C0C2CDC8C241
:1024F000C0DED9C8C920C7C0D0DFC420000000009A
:1025000078C00720202020E5ECEAEEF1F2E820E197
:10251000E0F22E4E3120202000000000202020E597
:10252000ECEAEEF1F2E820E1E0F22E4E322020203B
:10253000000000002020E2EAEBFEF7E5ED20EAEEE5
:10254000EDF2F0EEEBFC2020000000002020202027
:10255000EDE5E2EEE7ECEEE6E5ED2C202020202094
:102560000000000020C2EAEBFEF7E5ED202020206D
:102570002020202020202020000000001FC0072055
:102580002020202020C1C0D2C0D0C5C8204E7B2032
:1025900020202020000000002020CACECDD2D0CEA6
:1025A000CBDC20C5CCCACED1D2C820200000000090
:1025B00020C6F3F0EDE0EB20EFF3F1F22020202035
:1025C0002020202000000000202020C6D3D0CDC035
:1025D000CB20D1CEC1DBD2C8C92020200000000012
:1025E00020CEF7E8F1F2E8F2FC20E6F3F0EDE0EBC4
:1025F0002020202000000000202820202020202053
:10260000202020202020202020202020000000004A
:10261000207B20202020202020202020202020205F
:102620002020202000000000205B202020202020EF
:10263000202020202020202020202020000000001A
:1026400074F10000204576656E74206C6F67206918
:102650007320656D70747920000000002020202018
:10266000204556454E54204C4F4720202020202006
:102670000000000020436C656172206576656E7411
:10268000206C6F672020202000000000EEF758F833
:102690009AF804007B21801CC0B2EEF751F808F0D4
:1026A0005CB8FA4B1A4611460846EFF7B7F94FF4F3
:1026B000606013F08BFA9AF9021080B24A425446D5
:1026C0004021EEF734F8400100F5806005467CA912
:1026D00013F055FB81A9281D13F051FB694605F144
:1026E000080013F04CFB01A905F10C0013F047FBA7
:1026F0007AA905F1100013F042FB7BA905F1140043
:1027000013F03DFB82A905F1180013F038FB9DF88A
:10271000F00155284DD19DF8F2015228BFD1DC4D72
:10272000DCA3B5F8440018B1E0A2E6A1EBA002E0FA
:10273000F0A2F6A1FBA0EFF771F99DF804000022CA
:102740004021EDF7C2FF9DF8050000222321EDF79F
:10275000BCFF9DF8060000222421EDF7B6FF9DF88E
:10276000020000222521EDF7B0FF9DF800000022B5
:102770005E21EDF7AAFF9DF80100401E0C2802D350
:1027800001208DF80100B5F8440030B1BF499DF833
:102790000100343901EB800005E0BC489DF80110D0
:1027A0003F3000EB810000222821EDF77BFF002065
:1027B00028839DF8F00157287DD19DF8F2014E281D
:1027C0004DD1B34DB3A3B5F8440018B1DBA2E1A1DC
:1027D000E6A002E0EBA2F1A1F6A0EFF71FF99DF849
:1027E000040000224021EDF770FF9DF80500002253
:1027F0002321EDF76AFF9DF8060000222421EDF762
:1028000064FF9DF8020000222521EDF75EFF9DF890
:10281000000000225E21EDF758FF9DF80100401EE8
:102820000C2802D301208DF80100B5F8440030B126
:1028300096499DF80100343901EB800005E093488A
:102840009DF801103F3000EB810000222821EDF7B8
:1028500029FF002028839DF8F001572850D19DF8CA
:10286000F201492847F07987894D8AA3B5F84400D9
:1028700018B1D6A2B7A1BDA002E0DAA2C7A1CDA02F
:10288000EFF7CCF89DF8040000224021EDF71DFF82
:102890009DF8050000222321EDF717FF9DF80600A3
:1028A00000222421EDF711FF9DF8020000222521CE
:1028B000EDF70BFF00E023E09DF8000000225E2111
:1028C000EDF703FF9DF80100401E0C2802D3012004
:1028D0008DF80100B5F8440030B16C499DF8010055
:1028E000343901EB800005E068489DF801103F3065
:1028F00000EB810000222821EDF7D4FE0020288380
:102900009DF8F001542851D19DF8F2014E285DD177
:102910005F4D60A3B5F8440018B188A2B7A1BDA06F
:1029200002E098A2C1A1C7A0EFF778F89DF80400D3
:1029300000224021EDF7C9FE9DF805000022232169
:10294000EDF7C3FE9DF8060000222421EDF7BDFE41
:102950009DF8020000222521EDF7B7FE9DF800004A
:1029600000225E21EDF7B1FE9DF80100401E0C280B
:1029700002D301208DF80100B5F8440030B143497D
:102980009DF80100343901EB800005E03F489DF8D7
:1029900001103F3000EB810000222821EDF782FE7C
:1029A000002028839DF8F00154280FD0C0B2502891
:1029B0005BD04F2863D0442862D0492861D0422898
:1029C00060D053285FD049285DD068E69DF8F201B9
:1029D0004928FAD12E4C2FA3B4F8440018B17BA299
:1029E00086A18CA002E07FA290A196A0EFF716F836
:1029F0009DF8040000224021EDF767FE9DF80500D8
:102A000000222321EDF761FE9DF80600002224211B
:102A1000EDF75BFE9DF8020000222521EDF755FE43
:102A20009DF8000000225E21EDF74FFE9DF80100A9
:102A3000401E0C2802D301208DF80100B4F8440098
:102A400030B112499DF80100343901EB800005E0F6
:102A50000E489DF801103F3000EB81000022282134
:102A6000EDF720FE0020208319E69DF8F2014128B1
:102A7000ABD1074DB5F9440030B17849F1E0ACE194
:102A800082E292E2BAE2A0E2EAE00000ACDE0200FA
:102A900078C1072020203025282020305E203040BB
:102AA0003A30233A302420200000000020E8EDE2F4
:102AB000E5F0F2EEF0EDEEE920F1E8F1F2E5ECFB05
:102AC00000000000202020E8EBE820E2EAEBFEF71F
:102AD000E5EDE8E520202020000000002020202057
:102AE000CFE5F0E5E7E0E3F0F3E7EAE0202020209F
:102AF000000000002020696E766572746572207394
:102B0000797374656D2020200000000020206F7212
:102B1000207475726E696E67206F6E207468652010
:102B20000000000020202020205265626F6F746931
:102B30006E6720202020202000000000F120E8ED1A
:102B4000E2E5F0F2EEF0EEE220EDE020F1E5F2FC5D
:102B500000000000202020202020E1E0E9EFE0F14B
:102B6000E02020202020202000000000202020CF76
:102B7000E5F0E5F5EEE420F0E0E1EEF2FB202020C8
:102B80000000000020696E766572746572732074AF
:102B90006F206D61696E7320000000002020206F9F
:102BA0007065726174696F6E2066726F6D2020208F
:102BB000000000002020537769746368696E672005
:102BC000627970617373202000000000F120F1E54C
:102BD000F2E820EDE020E8EDE2E5F0F2EEF0FB2097
:102BE00000000000206D61696E7320746F20696EB3
:102BF000766572746572732000000000202020F05A
:102C0000E0E1EEF2FB20E1E0E9EFE0F1E02020205E
:102C1000000000002020D1ECE5EDE020EFF0E8EE30
:102C2000F0E8F2E5F2E02020000000002020207013
:102C300072696F726974792066726F6D202020202E
:102C400000000000204368616E67696E6720746849
:102C50006520627970617373000000003C6E0000B3
:102C6000E7490291AFF2D41103919DF8E81141298F
:102C700003D19DF8E91141290AD001220021201D2C
:102C8000F2F795F8B5F94400002814D0DDA013E060
:102C900018B1E2A00490E7A002E0ECA00490F1A03B
:102CA00002AC0346059007CCEEF7B8FE688B002215
:102CB0002B2180B254E0F1A00490F6A0059001D041
:102CC000FAA000E0FFA0069094F9044007EB84000E
:102CD000001D0EC857F82400EEF7A0FE9DF8EC0189
:102CE00000223E21EDF7F1FC9DF8ED0100223D218F
:102CF000EDF7EBFC9DF8EE0100222921EDF7E5FC54
:102D00009DF8EA0100225B21EDF7DFFC9DF8E80168
:102D100000223C21EDF7D9FC9DF8E901401E0C286A
:102D200002D301208DF8E901B5F8440028B19DF8DF
:102D30000100EA4901EB800005E0E8489DF8011038
:102D4000733000EB810000225D21EDF7ABFC9DF8B4
:102D500008029DF80912002200EB012080B22B210D
:102D6000EDF7B3FC9DF8040000224021EDF7ADFC27
:102D70009DF8050000222321EDF7A7FC9DF8060031
:102D800000222421EDF7A1FC9DF80200002225215C
:102D9000EDF79BFC9DF8000000225E21EDF795FC0D
:102DA0009DF80100401E0C2802D301208DF801007F
:102DB000B5F8440028B19DF80100C84901EB800036
:102DC00005E0C6489DF80110733000EB8100002239
:102DD0002821EDE30120288361E49DF8F2015528C4
:102DE000FAD1BF4DB5F9440090B1BEA10291C3A183
:102DF00003919DF8F111012904D0022904D003297F
:102E000004D018E0C3A135E3C8A133E3CDA131E379
:102E1000D2A10291D7A103919DF8F111012904D00B
:102E2000022904D0032904D005E0D8A122E3DDA1C2
:102E300020E3E2A11EE3E7A104919DF8E8114129F6
:102E400003D19DF8E911412909D001220021201D5B
:102E5000F1F7ADFFB5F8440050B1E4A009E0F0B3DC
:102E60006EA002AC0346059007CCEEF7D7FD48E014
:102E700082A00590E3A0069094F9040007EB80017E
:102E8000091D57F820000EC9EEF7C8FD9DF8EC01AA
:102E900000223E21EDF719FC9DF8ED0100223D21B5
:102EA000EDF713FC9DF8EE0100227A21EDF70DFC01
:102EB0009DF8EA0100225B21EDF707FC9DF8E8018F
:102EC00000223C21EDF701FC9DF8E901401E0C2891
:102ED00002D301208DF8E901B5F8440000E0CBE20F
:102EE00028B19DF801007D4901EB800005E07B4899
:102EF0009DF80110733000EB810000225D21EDF799
:102F0000D1FB9DF8040000224021EDF7DEFB9DF887
:102F1000050000222321EDF7D8FB9DF806000022D2
:102F20002421EDF7D2FB9DF8020000222521EDF7C8
:102F3000CCFB9DF8000000225E21EDF7C6FB9DF85A
:102F40000100401E0C2802D301208DF80100B5F8C5
:102F5000440028B19DF80100604901EB800005E0C4
:102F60005E489DF80110733000EB8100002226219D
:102F7000EDF798FBBDF80402002234E29DF8F10160
:102F80000022401C5A2166E39DF8F201552847F0C3
:102F9000E483534DB5F9440018B1A0A10291A5A155
:102FA00068E2AAA10291AFA164E29DF8F201532860
:102FB00019D04F2818D06F2817D0542816D043287E
:102FC00015D0492814D04C2813D0ACA002909DF8FD
:102FD000F2014C280ED054280DD055280CD075285D
:102FE0000BD04F2856E157E10BE216E237E246E2FA
:102FF00051E25CE230E330E330E330E363E20000CF
:10300000546E0000202020202020F3F1F2F0E0EDAB
:10301000E5EDE020202020200000000020202020DE
:10302000EDE520F3F1F2F0E0EDE5EDE020202020E9
:1030300000000000202020202055F1E5F2E83D208E
:10304000202BC22020202020000000002020202053
:103050006E6F74207265736F6C766564202020201B
:10306000000000002020202020556D61696E733D16
:1030700020202B562020202000000000202020208F
:1030800020207265736F6C766564202020202020DC
:10309000000000002020305B5D2020303C20303ECE
:1030A0003A303D3A30292020000000002020202026
:1030B0002055ECE8ED3D20202BC2202020202020B0
:1030C000000000002020202020556D696E3D20204A
:1030D0002B562020202020200000000078DE020057
:1030E00078C1072020C0E2E0F0E8FF2055E2FBF5C0
:1030F000202020202021C220000000002055E2FBDB
:10310000F52E2020EDE520E220EDEEF0ECE521208B
:10311000000000002055E2FBF52EF4C020EDE52074
:10312000E220EDEEF0ECE521000000002055E2FB8E
:10313000F52EF44220EDE520E220EDEEF0ECE52165
:10314000000000002055E2FBF52EF44320EDE520C1
:10315000E220EDEEF0ECE5210000000020416C6182
:10316000726D20556F75742020202020202156205C
:103170000000000020556F7574206973206E6F7415
:10318000206E6F726D616C2100000000556F7574C8
:1031900020C0206973206E6F74206E6F726D616C39
:1031A00000000000556F75742042206973206E6F17
:1031B00074206E6F726D616C00000000556F757445
:1031C0002043206973206E6F74206E6F726D616C86
:1031D0000000000020203025262020305E203040D6
:1031E0003A30233A30242020000000002020202004
:1031F00020F3F1F2F0E0EDE5EDE0202020202020AA
:10320000000000002020305B5D2020303C20303E5C
:103210003A303D3A307A20200000000020C0E2E041
:10322000F0E8FF2055646320202020202021C220C8
:1032300000000000205564632EE2F520EDE520E259
:1032400020EDEEF0ECE521200000000020416C6153
:10325000726D2055646320202020202020215620DC
:103260000000000020556463206973206E6F742095
:103270006E6F726D616C212000000000202020C064
:10328000E2E0F0E8FF20C1CFD1204E2B202020200B
:10329000000000007ED0F4E3F14DB5F9440018B110
:1032A000F0A10291F5A1C3E0FAA10291FFA1BFE054
:1032B0009DF8E91141296ED1F0B3AFF2A02002AC24
:1032C0000346059007CCEEF7A9FB4DE0AFF2E40012
:1032D00001E0AFF258200590AFF2D800069094F9C3
:1032E000040007EB8001091D57F820000EC9EEF716
:1032F00095FB9DF8EC0100223E21EDF7E6F99DF8E3
:10330000ED0100223D21EDF7E0F99DF8EE010022EC
:103310007A21EDF7DAF99DF8EA0100225B21EDF759
:10332000D4F99DF8E80100223C21EDF7CEF99DF893
:10333000E901401E0C2800E08EE002D301208DF848
:10334000E901B5F8440028B19DF80100DD4901EB21
:10335000800005E0DB489DF80110733000EB810030
:1033600000225D21EDF79EF99DF804000022402126
:10337000EDF7ABF99DF8050000222321EDF7A5F943
:103380009DF8060000222421EDF79FF99DF8020028
:10339000002201E0EFE354E02521EDF796F99DF8D6
:1033A000000000225E21EDF790F99DF80100401E1B
:1033B0000C2802D301208DF80100B5F8440028B193
:1033C0009DF80100BF4901EB800005E0BD489DF874
:1033D0000110733000EB810000222621EDF762F925
:1033E000BDF8040201222121EDF76FF99DF8F101EA
:1033F0000928FFF4C3AD00225A21B3A0EDF752F91A
:10340000BCE5974DB5F9440018B196A10291AFA162
:103410000EE0A0A10291B3A10AE0914DB5F94400DC
:1034200018B190A10291B5A102E09AA10291B9A1AF
:103430000391AFF2602104919DF8E81141293FF416
:1034400037AF01220021201DF1F7B1FCB5F844008F
:1034500000283FF43EAF39E7AFF210402FE7804D30
:10346000B5F9440018B17FA10291B0A102E089A191
:103470000291B4A10391DEE4AFF23040F1E4784D63
:10348000B5F9440018B177A10291B4A1F2E781A186
:103490000291B8A1EEE7724DB5F9440018B171A1DF
:1034A0000291BAA1E6E77BA10291BEA1E2E76C4DD1
:1034B000B5F9440018B16BA10291C0A1DAE775A17A
:1034C0000291C4A1D6E79DF8F2016FF00C064328E3
:1034D00018D04E286DD046286CD04D286BD06D2862
:1034E0006AD0662869D04F2868D0492867D0542808
:1034F00066D053287ED05A287DD057287CD04B28C0
:103500007BD069E4564DB5F9440018B1B7A10291DA
:10351000BCA102E0C1A10291C6A10391AFF24C315E
:1035200004919DF8E811412968D009E0F0B3AFF2A9
:10353000145002AC0346059007CCEEF76FFA2BE06F
:1035400001220021201DF1F732FCB5F8440070B3D0
:10355000AFF268300590AFF25430069094F9040051
:1035600007EB8001091D57F820000EC9BDE10120BD
:103570008DF8E901DFE100BF9DF80100514901EB41
:10358000800005E04F489DF80110733000EB81008A
:1035900000225D21EDF786F89DF8F1010022401C24
:1035A0002B21EDF792F89DF804000AE0E0E2E3E257
:1035B00066E169E1C5E1D0E177E2A4E2AFE2B8E219
:1035C000C3E200224021EDF780F89DF805000022BB
:1035D0002321EDF77AF89DF8060000222421EDF76B
:1035E00074F89DF8020000222521EDF76EF89DF891
:1035F000000004E0C3E207E307E307E3B2E20022CE
:103600005E21EDF762F89DF80100401E0C2802D300
:1036100001208DF80100B5F8440028B19DF80100A3
:10362000284901EB800005E026489DF80110733021
:1036300000EB810000222621EDF734F8BDF80402EA
:1036400000222121EDF741F89DF8F101012801D078
:103650000228FBE005E125E2D9E2D9E2D9E2D9E28C
:1036600078C1072020C0E2E0F0E8FF20E8EDE2E5C5
:10367000F0F2EEF0204E5A200000000020C2EDF3E0
:10368000F2F02EEDE5E8F1EFF0E0E2EDEEF1F2FC24
:103690000000000020416C61726D20696E766572D9
:1036A000746572204E5A2020000000002020202047
:1036B000204465666563746976652020202020209B
:1036C0000000000078DE0200205A000020C7E0E27F
:1036D000FBF82E2055E2FBF5202020202021C220DF
:1036E000000000002020204869676820556F75742D
:1036F00020202020202156200000000020C7E0EDDF
:10370000E8E62E2055E2FBF5202020202021C220D3
:1037100000000000202020204C6F7720556F75742A
:1037200020202020202156200000000020EFE5F07E
:10373000E5E3F0E5E2202020202021B0D120202068
:1037400000000000204869676820686561742020D7
:103750002020202021B0D1200000000020F0E0E750
:10376000F0FBE220F1E2FFE7E820202020202020EB
:10377000000000002020204E6F7420636F6E6E6585
:1037800063746564202020200000000020556463DD
:1037900020EDE520E220EDEEF0ECE52020202020D9
:1037A0000000000020556463206973206E6F742050
:1037B0006E6F726D616C20200000000020CFE5F07C
:1037C000E5E3F0F3E7EAE020EFEE2050E2FBF5203E
:1037D000000000002020202020204F7665726C6FB2
:1037E000616420202020202000000000202020C034
:1037F000E2E0F0E8FF20E1E0E9EFE0F12020202026
:103800000000000020202020F0E0E7F0FBE220F1A3
:10381000E2FFE7E8202020200000000020202041D7
:103820006C61726D2062797061737320202020209A
:10383000000000002020636F6E6E656374696F6E18
:10384000206C6F7374202020000000000DD003282E
:103850000FD0B5F8440080B16FF008025A21EEA0F5
:103860000EE000225A21EFA00AE000225A21EEA029
:1038700006E000225A21EDA002E032465A21ECA0D7
:10388000ECF710FFFFF7A6BAEE4DB5F9440018B1FA
:10389000EDA10291F2A102E0F7A10291FCA1039136
:1038A000AFF2D06104919DF8E811412904D19DF84F
:1038B000E91141293FF43AAE01220021201DF1F720
:1038C00076FAB5F8440010B1AFF2E06001E0AFF66F
:1038D00054000590AFF2D460069094F9044007EBD1
:1038E0008400001D0EC857F82400EEF797F89DF8E5
:1038F000EC0100223E21ECF7E8FE9DF8ED010022EC
:103900003D21ECF7E2FE9DF8EE0100227A21ECF772
:10391000DCFE9DF8EA0100225B21ECF7D6FE9DF863
:10392000E80100223C21ECF7D0FE9DF8E901401EA1
:103930000C28BFF41CAEB5F8440000283FF422AEBA
:103940001AE6C04DB5F9440018B1D7A10291DCA127
:10395000E3E5E1A10291E6A1DFE5BA4DB5F9440046
:1039600018B1E9A10291EEA102E0F3A10291F8A140
:103970000391AFF2A07104919DF8E81141297ED026
:1039800009E0F9A000E0FEA002AC0346059007CCD8
:10399000EEF744F848E001220021201DF1F707FA74
:1039A000B5F84400E8B3FCA00590AFF2A87006900B
:1039B00094F9040007EB8001091D57F820000EC997
:1039C000EEF72CF89DF8EC0100223E21ECF77DFE8D
:1039D0009DF8ED0100223D21ECF777FE9DF8EE0108
:1039E00000227A21ECF771FE9DF8EA0100225B21AA
:1039F000ECF76BFE9DF8E80100223C21ECF765FE38
:103A00009DF8E901401E0C2866D200BFB5F84400BD
:103A1000B0B39DF80100E64901EB800000225D2172
:103A200000E057E0ECF73EFE9DF8F1010022401C5B
:103A30002B21ECF74AFE9DF8040000224021ECF710
:103A400044FE9DF8050000222321ECF73EFE9DF880
:103A5000060000222421ECF738FE9DF80200002227
:103A60002521ECF732FE9DF8000000225E21ECF7E4
:103A70002CFE9DF80100401E0C2839D202E020E007
:103A80002EE0F5E3B5F8440088B39DF80100C8497D
:103A900001EB800000222621ECF704FEBDF80402B1
:103AA00000222121ECF711FEECE6664DB5F9440049
:103AB00018B195A10291BFA15AE79FA10291C3A19C
:103AC00056E79DF8E91141297FF45AAF00283FF4E9
:103AD0005AAF56E7C3A067E701208DF8E90195E7E3
:103AE000B3489DF80110733000EB810096E703E0C6
:103AF00001208DF80100C1E7AD489DF80110733039
:103B000000EB8100C6E74F4DB5F9440018B166A13E
:103B10000291BAA101E570A10291BEA1FDE4494D57
:103B2000B5F9440010B1AFF6442107E0AFF6D41167
:103B300008E0444DB5F9440018B1BCA1029148A178
:103B4000EBE4C0A1029152A1E7E43E4DB5F9440077
:103B500020B1C2A10291AFF22C41DEE4C5A10291D5
:103B6000CAA1DAE49DF8E91141297FF4DEACDDE475
:103B7000AFF62830DDE484E3AFF60030EAE4C9A014
:103B80000290CEA00390D3A00490D84802AC034684
:103B9000059007CCEDF742FF9DF8F1010022401C93
:103BA0002B21ECF792FD9DF8040000224021ECF758
:103BB0008CFD9DF8050000222321ECF786FD9DF881
:103BC000060000222421ECF780FD9DF8020000226F
:103BD0002521ECF77AFD9DF8000000225E21ECF72C
:103BE00074FD9DF80100401E0C2802D301208DF8C1
:103BF00001009DF801106E48002200EB8100282191
:103C0000ECF750FD0020FCE172E107E297E230E3BF
:103C100031E332E333E3000020E1E0E9EFE0F120BB
:103C2000202020004100000042000000430000006E
:103C300020627970617373202020202020202020B2
:103C40000000000078C1072020C0E2E0F0E8FF207B
:103C500055F1E5F2E82020202021C22000000000DC
:103C60002020202020E1E0E9EFE0F120F42E5A208E
:103C7000202020200000000020416C61726D205542
:103C80006D61696E73202020202156200000000005
:103C90002020627970617373207068617365205AA7
:103CA000202020200000000020D1E8EDF5F0EEED0E
:103CB000E8E7E0F6E8FF20F12020202000000000E7
:103CC00020E8EDE22E2DECE820EDE520E220EDEEFF
:103CD000F0ECE520000000002053696E6368722E4E
:103CE0002D74696F6E2020776974682000000000D1
:103CF000696E762E2D73206973206E6F74206E6F3F
:103D0000726D616C0000000020D0F3F7ED20F3EF3E
:103D1000F020E1E0E9EFE0F1EEEC2020000000000F
:103D2000F0E0E1EEF2E020F2EEEBFCEAEE20EEF263
:103D300020F1E5F2000000002048616E6420636F0E
:103D40006E74726F6C206279706173730000000092
:103D5000576F726B206F6E6C792066726F6D206D7D
:103D600061696E730000000020202020E0EAF2E884
:103D7000E2E8F0EEE2E0EDEE20202020000000007E
:103D8000202020202061637469766174656420209E
:103D90002020202000000000202020E4E5E0EAF2BE
:103DA000E8E2E8F0EEE2E0EDEE2020200000000086
:103DB00078DE0200F0E0E1EEF2E020F2EEEBFCEA69
:103DC000EE20EEF220E8EDE20000000020576F72D6
:103DD0006B206F6E6C792066726F6D20696E762035
:103DE0000000000020202020646561637469766112
:103DF00074656420202020200000000020F1E5F2FE
:103E0000FCFE20EDE520E220EDEEF0ECE5202020A8
:103E100000000000206D61696E73206973206E6F71
:103E200074206E6F726D616C0000000020C0E2E0D3
:103E3000F0E8FF2055E8EDE2202020202021C220DC
:103E40000000000020416C61726D2055696E762083
:103E500020202020202156200000000020C0E2E089
:103E6000F0E8FF20E1E0E9EFE0F120F42E5A202015
:103E700000000000416C61726D20627970617373A3
:103E8000207068617365205A00000000206869672F
:103E90006820686561742020202021B0D120202076
:103EA0000000000020202020202020C0E2E0F0E8D8
:103EB000FF202020202020200000000020202020A3
:103EC000EDE5F1E8ECECE5F2F0E8E8202020202038
:103ED000000000002020202020E1E0F2E0F0E5E8F2
:103EE000204E2B202020202000000000942A0100DA
:103EF000F5A00290FAA00390FF4804909DF8E80115
:103F0000412803D19DF8E90141287FD001220021F9
:103F1000201DF0F74CFFF9A00590AFF688600690E1
:103F200094F9040007EB8001091D57F820000EC921
:103F3000EDF774FD9DF8EC0100223E21ECF7C5FB86
:103F40009DF8ED0100223D21ECF7BFFB9DF8EE014D
:103F500000222921ECF7B9FB9DF8EA0100225B2140
:103F6000ECF7B3FB9DF8E80100223C21ECF7ADFB38
:103F70009DF8E901401E0C2802D301208DF8E901CB
:103F80009DF8E901E349002201EB80005D21ECF797
:103F900089FB00BF9DF8F1010022401C2B21ECF7AA
:103FA00094FB9DF8040000224021ECF78EFB9DF865
:103FB000050000222321ECF788FB9DF80600002273
:103FC0002421ECF782FB9DF8020000222521ECF76A
:103FD0007CFB9DF8000000225E21ECF776FB9DF84B
:103FE0000100401E0C2802D301208DF801009DF82D
:103FF0000100C849002201EB80002821ECF752FBA8
:104000000120C549088306F0A8BBFFE7C3A002ACA6
:104010000346059007CCEDF701FDBBE7C5A0029074
:10402000CAA00390CFA00490B3480590D3A00690F7
:10403000D7A00790DCA00890E1A00990E6A00A9024
:1040400094F9040007EB8001091D57F820000EC900
:10405000EDF7E4FC9DF8F1010022401C2121ECF772
:1040600034FB9DF8040000224021ECF72EFB9DF864
:10407000050000222321ECF728FB9DF80600002212
:104080002421ECF722FB9DF8020000222521ECF709
:104090001CFB9DF8000000225E21ECF716FB9DF84A
:1040A0000100401E0C2802D301208DF801009DF86C
:1040B0000100984C002204EB80002821ECF7F2FA72
:1040C0009DF8EC0100226921ECF7FFFA9DF8ED0163
:1040D00000226C21ECF7F9FA9DF8EE010022732121
:1040E000ECF7F3FA9DF8EA0100227121ECF7EDFA02
:1040F0009DF8E80100227221ECF7E7FA9DF8E9014A
:10410000401E0C2802D301208DF8E9019DF8E90139
:10411000002204EB80007721ECF7C4FABDF9041209
:104120000A2091FBF0F080B201222F21ECF7CDFAAA
:104130009DF803009DF8071000EB01208BE0ACA078
:104140000290B1A0039087A004906B480590B4A0A2
:1041500006908FA0079094A0089099A00990B6A00F
:104160000A9094F9040007EB8001091D57F820001C
:104170000EC9EDF753FC9DF8F1010022401C2121EE
:10418000ECF7A3FA9DF8040000224021ECF79DFA19
:104190009DF8050000222321ECF797FA9DF8060010
:1041A00000222421ECF791FA9DF80200002225213B
:1041B000ECF78BFA9DF8000000225E21ECF785FAFF
:1041C0009DF80100401E0C2802D301208DF801004B
:1041D0009DF801004F4C002204EB80002821ECF7F1
:1041E00061FA9DF8EC0100226921ECF76EFA9DF866
:1041F000ED0100226C21ECF768FA9DF8EE01002237
:104200007321ECF762FA9DF8EA0100227121ECF7C4
:104210005CFA9DF8E80100227221ECF756FA9DF84D
:10422000E901401E0C2802D301208DF8E9019DF818
:10423000E901002204EB80007721ECF733FABDF8A6
:10424000040201222F21ECF740FA9DF803109DF89B
:10425000070001EB002080B201223C21ECF735FA87
:10426000BDF8060201223E21ECF72FFA0520C8E630
:1042700009E077A006E07CA004E081A002E086A02F
:1042800000E08BA003901C4804909DF8E8014128B1
:1042900003D19DF8E901412815D001220021201DFC
:1042A000F0F785FD884805909030069094F9040059
:1042B00007EB8001091D57F820000EC9EDF7AEFB92
:1042C0009DF8EC0102E166E1202020C2FBF0E0E273
:1042D000EDE8E2E0FEF9E8E92020202000000000FF
:1042E00020202020202020E7E0F0FFE420202020D4
:1042F0002020202000000000942A010020202020FF
:104300002020E7E0E2E5F0F8E5ED20202020202065
:104310000000000078DE020078C107202020202065
:10432000EDE520E7E0E2E5F0F8E5ED2020202020B3
:104330000000000020202020202020D0E0E7F0FF17
:10434000E420202020202020000000002020202029
:1043500020E1E0F2E0F0E5E8204E212020202020BE
:1043600000000000202020CDE0F7E0EBEE20202030
:1043700020202020202020200000000020202020BD
:1043800020202055E1E0F23D20203CC2000000004A
:10439000202020CAEEEDE5F620202020202020203D
:1043A00020202020000000002020307177202030C5
:1043B000722030693A306C3A3073202000000000DF
:1043C00020202020202020202055E1E0F23D202048
:1043D0003EC2202000000000202020CEF2E4E0EDCC
:1043E000EE202020202FE02AF72E202000000000C1
:1043F0002020CAEEEDF2F0EEEBFC20E5ECEAEEF167
:10440000F2E820200000000020202020202020E1D1
:10441000E0F2E0F0E5E8202020202020000000006D
:1044200020202020202020202055E1E0F23D2020E7
:104430003CC2202000000000202020A8ECEAEEF181
:10444000F2FC2020202FE02AF72E20200000000080
:104450002020202020EEF2EAEBFEF7E8EBF1FF202F
:104460002020202000000000202020202020EFE538
:10447000F0E5E3F0E5E2202020202020000000000D
:10448000202020E7E0E2FBF8E5EDEE2055E2FBF529
:104490002E20202000000000202020E7E0EDE8E6AC
:1044A000E5EDEE2055E2FBF52E2020200000000077
:1044B00020202020E7E0E2FBF8E5EDEE2049E2FBDA
:1044C000F5202020000000000430010000223E21E1
:1044D000ECF7FBF89DF8ED0100223D21ECF7F5F833
:1044E0009DF8EE0100222921ECF7EFF89DF8EA0192
:1044F00000225B21ECF7E9F89DF8E80100223C215D
:10450000ECF7E3F89DF8E901401E0C2802D30120E6
:104510008DF8E9019DF8E901FF49002201EB8000D7
:104520005D21ECF7BFF800BF9DF8F1010022401CAF
:104530002B21ECF7CAF89DF8040000224021ECF78B
:10454000C4F89DF8050000222321ECF7BEF89DF881
:10455000060000222421ECF7B8F89DF802000022A2
:104560002521ECF7B2F89DF8000000225E21ECF75F
:10457000ACF89DF80100401E0C2802D301208DF8F4
:1045800001009DF80100E449002201EB8000282190
:10459000ECF788F837E5E14802AC0346059007CC14
:1045A000EDF73CFAC0E7DE4A8798105C552813D037
:1045B000DCA00290E1A00390E6A00490EBA005909F
:1045C000F0A00690F5A00790D34849300890012B41
:1045D00004DD8AF8044005E0F6A0EAE7A94201DA22
:1045E0008AF804109AF9040007EB800157F820209C
:1045F0004B68F6A1FBA0EDF711FA0220EDF79CF94C
:104600009AF902000022401C80B25E21ECF75DF8AE
:10461000C3499AF90200C231002231F81000212169
:10462000ECF753F8BE499AF90200C631002231F97D
:104630001000B94901EB80004021ECF733F8B8498C
:104640009AF90200CA31002231F810002321ECF758
:104650003CF8B3499AF90200CE31002231F810003B
:104660002421ECF732F8AE499AF90200D231002247
:1046700031F810002521FBF735BD3EB1012E15D0D4
:10468000A748F230A9421EDA017120E0A24BDB4AB2
:104690004933DBA1E0A0EDF7C1F90320EDF74CF9B8
:1046A0009F490020F2314870087122E09A4BD34AAA
:1046B00049334832D2A1D8A0EDF7B0F9984800218B
:1046C000F230017112E0012B01DD8999DCE790F9EC
:1046D0000410614502D1904B493301E0C74B783358
:1046E000C64AC7A14832CCA0EDF798F90220EDF7F1
:1046F00023F98B4CF23427E02EB1012E09D0A942C8
:104700000EDA217110E0844BBC4A4933BCA1C8A029
:104710003DE0814BB94A49334832B9A1C4A043E0D6
:10472000012B01DD8998207194F90410614502D1B3
:10473000794B493301E0B14B7833B04AB0A14832EC
:10474000BBA047E0EDF7F8F894F902000022401C06
:1047500080B22121EBF7B9FF94F90410BA48405C0C
:104760002821EDF79DF994F9041011F80A005B2156
:10477000EDF796F947E42EB1012E0FD0A94218DAD1
:1047800021711AE0644B9D4A49339DA1AFA0EDF71A
:1047900045F90020607020710320D3E75E4B974AF3
:1047A0004933483296A1A9A0EDF738F900202071CD
:1047B00012E0012B01DD8998207194F90410614504
:1047C00002D1554B493301E08C4B78338B4A8CA195
:1047D00048329EA0EDF722F90220B3E74E4B002AA3
:1047E00003F134031A46114601D09EA000E0A3A0B5
:1047F000EDF714F996F90000002380B20822012198
:10480000EBF71EFF96F90100002380B20922012177
:10481000EBF716FF96F90200002380B20A2201216D
:10482000EBF70EFF94F901209A4902F801A0B1E6D6
:104830003B4987986546085C552822D096A0364BA0
:104840009BA134331A460290EDF7E8F896F9000080
:10485000002380B208220221EBF7F2FE96F9010054
:10486000002380B209220221EBF7EAFE96F902004A
:10487000002380B20A220221EBF7E2FE95F9011033
:104880002DE091A0DBE732B1234B95A034331A46DB
:1048900099A1029005E0204B9DA034331A46A2A1B5
:1048A0000290EDF7BBF896F90000002380B20822D1
:1048B0000221EBF7C5FE96F90100002380B2092220
:1048C0000221EBF7BDFE96F90200002380B20A2216
:1048D0000221EBF7B5FE6F49AE3991F9011001F8ED
:1048E00004A057E60E4E5A363046B0F90E0092B18B
:1048F00093A2029298A203929DA20492A2A2059270
:10490000A7A20692ACA20792B1A20892B6A20992FF
:10491000BBA20A9280E1F1E178DE02001C300100C6
:104920001EC1072020C2FBE2E5E4E5EDE0203021D6
:104930002F4020202F3023200000000020CDEEEC5F
:10494000E8ED2EE5ECEA2E202020202024412AF755
:104950000000000020CDE0F0E0E1EEF2EAE02020EF
:104960002020202025F72E200000000020CAEEED98
:10497000F2F0EEEBFC20E5ECEAEEF1F2E82020208C
:104980000000000020C2FBF0E0E2EDE8E2E0FEF90A
:10499000E8E920E7E0F0FFE40000000020D0E0E7D5
:1049A000F0FFE4FB202020202020202020202020B9
:1049B0000000000020C2E2E5E4E5EDE02020302127
:1049C0002F4020202F302320000000002020202016
:1049D00020C1C0D2C0D0C5DF204E5E2020202020C4
:1049E0000000000020C1C0D2C0D0C5C9CDDBC920A5
:1049F000C6D3D0CDC0CB202000000000B0250100E0
:104A00002020202020C1C0D2C0D0C5C8204E2120E7
:104A100020202020000000002020CACECDD2D0CE01
:104A2000CBC820C5CCCACED1D2C8202000000000FF
:104A3000C2DBD0C0C2CDC8C2C0DED9C8C520C7C085
:104A4000D0DFC4DB00000000F30A08202020202073
:104A50002020D0C0C7D0DFC4DB2020202020202091
:104A6000000000002020C2E2E5E4E8F2E52020EFAB
:104A7000E0F0EEEBFC202020000000002020456E3E
:104A80007465722070617373776F726420202020C8
:104A900000000000BEC20720C4EBFF20E2E2E5E414
:104AA000E5EDE8FF20E1E0F2E0F0E5E800000000DD
:104AB0002020EDE0E1E5F0E8F2E520EFE0F0EEEBBC
:104AC000FC20202000000000C4EBFF20E2FBE2E518
:104AD000E4E5EDE8FF20E1E0F22E2DE80000000023
:104AE000C4EBFF20EEF7E8F1F2EAE820E6F3F0EDA0
:104AF000E0EBE020000000002020E2E2E5E4E8F244
:104B0000E52020EFE0F0EEEBFC202020000000008C
:104B10002020546F20636C65617220746865206C7E
:104B20006F672C20000000002020656E74657220E5
:104B300070617373776F7264202020200000000082
:104B400020D1F2E0EDE4E0F0F2EDFBE520202020C2
:104B5000202020200000000020C2F0E5ECFF20E82B
:104B600020E4E0F2E02020202020202000000000AF
:104B700020D1E8EDF5F0EEEDE8E7E0F6E8FF2020E3
:104B80002020202000000000202020E2F0E5ECE5BD
:104B9000EDE820E820E4E0F2FB2020200000000007
:104BA00020D1F2F0F3EAF2F3F0E0202020202020E0
:104BB000202020200000000020C7E22EF1E8E3EDD5
:104BC0002E2020202820202020202020000000004F
:104BD00020CEF2EAEBFEF7E5EDE8E520F1E8E3EDC3
:104BE000E0EBE020000000002020E0E2E0F0E8E858
:104BF000202020202920202020202020000000002C
:104C000020D3F1F2E0E2EAE820E8EDE2E5F0F2EEAE
:104C1000F0EEE2200000000085A20B928AA20C9226
:104C20008FA20D9294A20E9299A20F929EA2109220
:104C3000A3A21192A8A21292AD4A1392ADA214920D
:104C4000B2A21592B7A21692BCA217923E280DD01E
:104C5000C0A01890A64848301990C4A01A90C9481E
:104C60001C90022B04DD84F8048004E0C6A0F0E769
:104C7000A94200DA217194F9040007EB8001D1E91F
:104C8000012357F82010C6A0ECF7C8FE0120ECF76E
:104C900053FEC94D4FF000024FF02801B5F85C00FB
:104CA00008B1C64800E0C6A0EBF7FCFCB5F85A0016
:104CB0004FF000024FF0290108B1C3A000E0C4A0EA
:104CC000EBF7F0FC708800223C2180B2EBF7FDFC92
:104CD000B08800223E2180B2EBF7F7FCBE48A278F4
:104CE00077210068ECF7B6FCB0896FF002024FF054
:104CF000570108B1B1484BE4B1A049E4B7A2029210
:104D0000BCA20392BBA20492C0A20592C5A20692C5
:104D1000CAA20792CFA20892D4A20992D9A20A925B
:104D2000DEA20B9248A20C924DA20D9252A20E92BC
:104D300057A20F92DFA21092E4A21192E9A212925E
:104D4000EEA21392F3A21492F8A21592FDA216926B
:104D50007AA217923E280CD07EA01890FF48199096
:104D6000FFA01A9087481B90022B04DD84F8048072
:104D700004E085A0F1E7A94200DA217194F904006A
:104D800007EB8001D1E9012357F82010FAA0ECF7D6
:104D900045FE0120ECF7D0FD874D4FF000024FF0AB
:104DA0002801B5F85C0008B1F9A000E0F9A0EBF724
:104DB00079FCB5F85A004FF000024FF0290108B114
:104DC000F5A000E0F6A0EBF76DFC708800223C2116
:104DD00080B2EBF77AFCB08800223E2180B2EBF77C
:104DE00074FC7D48A278F7210068ECF733FCB089A9
:104DF00020B14FF0FF32D62102F0C9BD6FF00102A1
:104E0000D62102F0C9BD6C48047F90F8300062B131
:104E1000E5A20292EAA20392EFA20492F4A2059202
:104E2000F94A069214B1153AF0E103E2F0E100000C
:104E300020D3F1F2E0E2EAE820E1E0E9EFE0F1E09E
:104E400020202020000000002045746865726E65F7
:104E5000742020202020202020202020000000007E
:104E6000204D4F4442555320414452455353202036
:104E70002020203C00000000204D4F44425553208C
:104E8000424155445241544520202020000000005A
:104E90002020202020202020202020202020202012
:104EA00020203E300000000020D0E5EBE52020204F
:104EB0002020202020202020202020200000000072
:104EC00020C0E2E0F0E8E9EDFBE520EFEEF0EEE3F4
:104ED000E82020200000000020F1E8F1F2E5ECFBE2
:104EE0002020202020202020202020200000000042
:104EF000E0D3000020D1E5F0E8E9EDFBE9204E2009
:104F000020202020202020770000000020C8EDE491
:104F1000E8EAE0F6E8FF2046E2FBF52020202057F3
:104F20000000000020DFE7FBEA20ECE5EDFE3A2080
:104F3000527573202020202000000000204261755F
:104F400064726174652043414E202020202020207F
:104F500000000000202020202020202020202020D1
:104F6000203132356B6270730000000020CAE0EB24
:104F7000E8E1F0EEE2EAE8202020202020202020B6
:104F800000000000B8630000202020202020202006
:104F90002020202036322E356B6270730000000016
:104FA0002020202020D3D1D2C0CDCEC2CAC82020FC
:104FB000202020200000000078C0072020230100CE
:104FC000C2DBCA2E00000000E0E2F2EEEC2E000090
:104FD000F0F3F7ED2E000000F8C1072020537461B4
:104FE0006E646172642073657474696E67732020E7
:104FF000000000002054696D6520616E64206461CA
:105000007465202020202020000000002020207334
:10501000796E6368726F6E697A6174696F6E202051
:10502000000000002053747275637475726520204F
:1050300020202020202020200000000020536F7519
:105040006E6420616C61726D202020202028202059
:105050000000000020416C61726D207369676E6111
:105060006C202020202020200000000020646561AA
:10507000637469766174696F6E2029202020202076
:105080000000000020496E766572746572205365D9
:105090007474696E677320200000000020427970EC
:1050A0006173732053657474696E677320202020C8
:1050B000000000002052656C617920202020202013
:1050C0002020202020202020000000002053797381
:1050D00074656D20616C61726D202020202020207D
:1050E00000000000202020202020207468726573BA
:1050F000686F6C64732020200000000020457874E5
:1051000065726E616C2073656E736F727320202000
:10511000000000002053657269616C204E6F2E20E4
:1051200020202020202020F7000000002044697368
:10513000706C617920466F7574202020202020D665
:1051400000000000204C616E67756167653A2020A1
:10515000456E676C697368200000000074F1000000
:105160002043616C6962726174696F6E2020202037
:1051700020202020000000002020202020536574E3
:1051800074696E677320202020202020000000001A
:105190004F4E00004F4646006175746F00000000DE
:1051A0006D616E75616C000020C8EDE2E5F0F2EE15
:1051B000F0203234C22020202020202000000000D7
:1051C00020C8EDE2E5F0F2EEF02034382836302940
:1051D000C22020200000000020C8EDE2E5F0F2EE41
:1051E000F020313130C2202020202020000000009B
:1051F00020C8EDE2E5F0F2EEF020323230C220209D
:105200002020202000000000C1DE020047F82020FE
:10521000A94201DA317103E0022B01DD86F8048036
:1052200096F9040007EB8001D1E9012357F820101B
:10523000D0A0E9E3D5A20292DAA20392DFA20492FF
:10524000E4A20592E94A069214B1E94A47F82020FF
:105250003046A94201DA017103E0022B01DD80F83A
:10526000048096F9040007EB8001D1E9012357F887
:105270002010E0A0C8E3012067E3DFF890834046F8
:1052800098F81110491CC9B288F811100F2909D3D8
:105290000021631CDBB2417480F82430032B01D35E
:1052A00088F82410D248DA4D2A3002902A38039028
:1052B00098F824006AB120B1012804D0022806D051
:1052C00003E0D4A000E0D9A00490DEA00CE0E3A0AD
:1052D000FAE720B1012804D0022817D003E0E5A0A6
:1052E00000E0EAA00490EFA002AC0ECCECF796FB35
:1052F00096F9010060B101280ED0022810D00328D1
:1053000012D0042814D0052816D018E0EBA0E9E745
:10531000F04981F82AA012E0EE4981F82DA00EE0B4
:10532000EC4981F830A00AE0EA4981F833A006E0B0
:10533000E84981F836A002E0E64981F83AA0E64C57
:1053400020784FF000024FF02601EBF7BEF92079EC
:1053500000225E21EBF7B9F9207A00222521EBF734
:10536000B4F9207BA4F120044FF000024FF03C017F
:10537000EBF7ABF9B5F8440030B194F838009C492C
:10538000343901EB800005E094F8381098483F303C
:1053900000EB810000223E21EBF784F9A08F002270
:1053A0007B21EBF792F998F81D00002805F0D581D4
:1053B0003A20EAF7B3FFC74C202525543A20EAF7F4
:1053C000ADFF255405F0C9B9DFF844B241F2781AAF
:1053D000DC46BCF90A0004460A38064604F1090016
:1053E0008146C01C8046BCF908007AB338B1012858
:1053F0000ED002280ED0032812D010B10CE0B7A0B6
:1054000002907B481530039015380490059017E002
:10541000B8A000E0BDA00290092C03D8C1A00EE006
:10542000C6A0F8E7032E01D8CAA008E0B9F1090F19
:1054300001D2CEA003E0B8F1020F01D8D1A00390B1
:10544000A44C7E3CA94202DA217104E01FE0012B4A
:1054500001DD89982071504610F0B8FB0128CFA0DB
:10546000049012D0D3A00590D8A0069060481530C3
:1054700007901538089094F9040007EB800157F85D
:1054800020204B68D7A1DDA04CE0E2A0EBE738B1CB
:1054900001280DD002280DD0032811D010B10BE047
:1054A000E2A002905148039051480490059017E003
:1054B000E4A000E0E9A00290092C03D8EDA00EE0E2
:1054C000F2A0F8E7032E01D8F6A008E0B9F1090F21
:1054D00001D2FAA003E0B8F1020F01D8FDA00390B9
:1054E0007C4C7E3CA94201DA217103E0012B01DDF5
:1054F00089982071504610F069FB0128FBA00490A8
:1055000036D0ACA00590FFA00690384807903848E8
:10551000089094F9040007EB800157F820204B68AD
:10552000FEA1F2A0ECF77AFABBF90A00EAF7E8FE6E
:1055300080B200222121EBF7C8F8664E4FF48C5060
:105540007E3E841E717841F27C1941F27A1A02295A
:105550000FD010F03BFB05B2204610F037FB06B22F
:10556000484610F033FB04B2504610F02FFBE1E147
:10557000EEE1EFE1D1D2C0CDC4C0D0D2CDDBC520A9
:10558000D3D1D22E2DCAC8200000000020496E764B
:10559000657274657220323456202020202020202D
:1055A0000000000020496E76657274657220343800
:1055B00028363029562020200000000020496E7631
:1055C00065727465722031313056202020202020F1
:1055D0000000000020496E766572746572203232D8
:1055E00030562020202020200000000074F1000010
:1055F000ACDE0200205354414E44415244205345F6
:105600005454494E475320200000000078C0072022
:1056100078C1072020202020203C3E202D20E2FBC6
:10562000E1EEF02020202020000000002020205E5D
:1056300076202D20F3F1F2E0EDEEE2EAE0202020EA
:105640000000000020D3D1D2C0CDCEC2CAC02020DD
:10565000C2D0C5CCC5CDC82000000000202020202D
:1056600020A420202D20E2FBF5EEE42020202020A5
:10567000000000002020209A209C202D2073656CC3
:10568000656374696F6E202000000000202020BF39
:10569000209D202D20736574202020202020202094
:1056A0000000000020202020202053455420544991
:1056B0004D45202020202020000000002020202018
:1056C00020A4202D2065786974202020202020200F
:1056D000000000008EC207202040024020C2FBEAEA
:1056E000EBFEF7E5EDEE20202020202020202020DA
:1056F0000000000020CFE5F0E8EEE420202020208C
:105700002020203120F7E0F10000000020CFE5F05C
:10571000E8EEE42020202020203120F1F3F2EAE816
:105720000000000020D7E0F1EEE2EEE920EFEEFF0E
:10573000F120474D542B21200000000020CFE5F040
:10574000E8EEE420202020203120EDE5E4E5EBFF29
:105750000000000020D7E0F1EEE2EEE920EFEEFFDE
:10576000F120474D542B20210000000020D7E0F10C
:10577000EEE2EEE920EFEEFFF120474D542D21201F
:105780000000000020D7E0F1EEE2EEE920EFEEFFAE
:10579000F120474D542D20210000000020D1E8EDDC
:1057A000F5F0EEEDE8E7E0F6E8FF20F7E5F0E5E7F5
:1057B00000000000204950203030302E3030302E94
:1057C0003030302E303023200000000020D1E8EDB2
:1057D000F5F0EEEDE8E7E8F0EEE2E0F2FC20202064
:1057E0000000000020202020C2D0C5CCC5CDC8209C
:1057F00028534E5450292020000000002020202053
:10580000D1C8CDD5D0CECDC8C7C0D6C8DF202020C6
:10581000000000002020202020C8CDD2C5D0CDC55A
:10582000D22020202020202000000000204F4646CB
:105830002020202020202020202020202020202068
:105840000000000020436865636B2020202020209A
:1058500020203120686F75720000000020436865C9
:10586000636B2020202020202020203120646179BB
:10587000000000002054696D657A6F6E6520474D09
:10588000542B2120202020200000000020436865A8
:10589000636B202020202020202031207765656B3D
:1058A000000000002054696D657A6F6E6520474DD9
:1058B000542B202120202020000000002054696D5E
:1058C000657A6F6E6520474D542D212020202020C1
:1058D000000000002054696D657A6F6E6520474DA9
:1058E000542D20212020202000000000202053796A
:1058F0006E6368726F6E697A6174696F6E202020C2
:10590000000000002053796E6368726F6E697A65DB
:105910002020202020202020000000002020202007
:1059200054494D452028534E5450292020202020F2
:105930000000000000222321CDE9001200B22B4616
:1059400032462146EBF79FFE0220EBF7F5FF39E5E3
:10595000B3A0D7E510F03AF900B28046204610F027
:1059600035F905B2484610F031F904B2504610F04E
:105970002DF9B17800B2491CC9B22322CDE900212A
:1059800043462A46DDE7F2B3ABA00290B0A0B64E84
:105990000390BEF1010F07D0BEF1000F07D0B3A0F6
:1059A0000490B84805900AE0B7A00390F7E7BCA0C0
:1059B0000490C1A00590ADA00690B2480790A942FE
:1059C00001DA217103E0022B01DD84F8048094F9EF
:1059D000040007EB8001D1E9012357F82010BCA097
:1059E000ECF71CF80120EBF7A7FFB08A00225E213C
:1059F00080B2EAF76AFEF08B48B1B6F920000128C0
:105A00000BD0032801E02AE0D3E00BD010E0002205
:105A10005B211046EAF759FE0AE06FF001025B21B4
:105A2000B1A003E06FF001025B21B0A0EAF73AFEFB
:105A3000308C00223C2180B2EAF747FE708C4FF098
:105A4000FF3201284FF03E0107D0A9A0EAF72AFE55
:105A500000222421308BFBF787BCA6A0F6E7A7A085
:105A60000290ACA0804E0390BEF1010F07D0BEF1B2
:105A7000000F07D0ADA00490B24805900AE0B2A094
:105A80000390F7E7B6A00490BBA00590A7A00690EE
:105A9000AC480790A94201DA217103E0022B01DD35
:105AA00084F8048094F9040007EB8001D1E9012314
:105AB00057F82010B6A0EBF7B1FF0120EBF73CFF41
:105AC000B08A00225E2180B2EAF7FFFDF08B30B190
:105AD000B6F92000012808D003280BD010E00022DE
:105AE0005B211046EAF7F1FD0AE06FF002025B214C
:105AF000ADA003E06FF002025B21ADA0EAF7D2FD9A
:105B0000308C00223C2180B2EAF7DFFD708C4FF030
:105B1000FF3201284FF03E0101D0A7A096E7A7A0D1
:105B200094E712B3A6A00290ABA00390B0A004909B
:105B3000B5A00590829ABA48A94247F82200839AF4
:105B4000B8485060839A906001DA217103E0022B1B
:105B500001DD84F8048094F9040007EB8001D1E9A9
:105B6000012357F82010B04823E0B0A00290B5A060
:105B70000390BAA00490BFA00590829A7148A942F0
:105B800047F82200839AA7485060839A9060839ACE
:105B9000D06001DA217103E0022B01DD84F804807A
:105BA00094F9040007EB8001D1E9012357F8201094
:105BB000B6A0EBF733FFFFF75EBB00BF0CF1280C7C
:105BC0000DF5FC79BCE85100A9E85100264E2648A5
:105BD0008036002AB0F93A00B2A202921ED0B7A2D3
:105BE0000392BCA20492C1A20592C6A20692CBA2C5
:105BF0000792D0A20892D5A20992DAA20A92DFA255
:105C00000B92E4A20C92E9A20D92EEA20E92F3A2E4
:105C10000F92F8A21092FDA2119203E246E2000058
:105C2000202020202045544845524E455420202015
:105C3000202020200000000020C8EDE2E5F0F2EE78
:105C4000F0EEE220202020202020205E0000000036
:105C500020C1E0E9EFE0F1EEE2202020202020202A
:105C60002020205B00000000F8C0072020D1F3F5C1
:105C7000E8F520EAEEEDF2E0EAF2EEE22020202460
:105C80000000000028D4000020C1E0E9EFE0F1208E
:105C900020202020202020202020205B0000000049
:105CA00020C2FBF5EEE4EDFBF520F4E0E720202038
:105CB0002020203C0000000020C2F5EEE4204143FB
:105CC0002020202020202020203E20200000000036
:105CD000202020202020D1D2D0D3CAD2D3D0C0209F
:105CE000202020200000000031F42E0033F42E008C
:105CF000EDE5F200E5F1F2FC0000000020496E76CF
:105D00006572746F72732020202020202020205E76
:105D100000000000204279706173736573202020B9
:105D2000202020202020205B0000000020447279E9
:105D300020636F6E74616374732020202020202400
:105D40000000000074F1000020427970617373203C
:105D500020202020202020202020205B0000000088
:105D6000204F75747075742070686173657320209E
:105D70002020203C0000000020496E7075742041F6
:105D80004320202020202020203E20200000000052
:105D90002020202020535452554354555245202052
:105DA00020202020000000003170682E000000003C
:105DB0003370682E000000004E4F0000594553001C
:105DC00020D1F3F5EEE920EAEEEDF2E0EAF2204E22
:105DD000312020200000000020D1F3F5EEE920EA78
:105DE000EEEDF2E0EAF2204E32202020000000002A
:105DF00020D1F3F5EEE920EAEEEDF2E0EAF2204EF2
:105E0000332020200000000020D1F3F5EEE920EA45
:105E1000EEEDF2E0EAF2204E3420202000000000F7
:105E2000C1DE0200B8630000AC17010020447279A3
:105E300020636F6E7461637420B9312020202020AC
:105E4000000000002044727920636F6E74616374F7
:105E500020B9322020202020000000002044727948
:105E600020636F6E7461637420B93320202020207A
:105E7000000000002044727920636F6E74616374C7
:105E800020B93420202020200000000020202020E5
:105E900053455454494E475320444320202020204A
:105EA000000000002045746865726E657420202033
:105EB00020202020202021200000000020444843F2
:105EC00050EAEBE8E5EDF2202020202020204020C1
:105ED00000000000204950E0E4F0E5F120202020FF
:105EE0002020202020202020000000002020303012
:105EF000302E3030302E3030302E303023202020E5
:105F00000000000020CCE0F1EAE020EFEEE4F1E553
:105F1000F2E8202020202020000000002020303047
:105F2000302E3030302E3030302E303024202020B3
:105F30000000000020D8EBFEE720202020202020B9
:105F400020202020202020200000000020203030B1
:105F5000302E3030302E3030302E3030292020207E
:105F60000000000020CFEEF0F22EF7F2E5EDE8FFA2
:105F7000202020202020205B0000000020CFEEF019
:105F8000F22EE7E0EFE8F1E8202020202020205D3D
:105F90000000000020436F6D6D756E697479203CC0
:105FA00020202020202020200000000020C0E4F03D
:105FB000E5F1E0F220E4EBFF2054524150204E3155
:105FC0000000000020203030302E3030302E3030B5
:105FD000302E3030252020200000000020C0E4F0CA
:105FE000E5F1E0F220E4EBFF2054524150204E3224
:105FF0000000000020203030302E3030302E303085
:10600000302E30305E2020200000000020C0E4F060
:10601000E5F1E0F220E4EBFF2054524150204E33F2
:1060200000000000C5A21292CAA21392CFA214923D
:10603000D4A21592D9A21692DE4AA6F18004179234
:1060400020B910460390DC4804900590DB48A94233
:1060500001DA017103E0022B01DD80F8048090F980
:10606000040007EB8001D1E9012357F82010D4A0E8
:10607000EBF7D4FC0120EBF75FFC608F20B16FF0F1
:1060800002022121D44803E06FF003022121D3480A
:10609000EAF708FBA08F20B16FF002024021CE4842
:1060A0006EE06FF003024021CC4869E0CCA203927D
:1060B000D1A20492AFF2CC120592D5A20692AFF211
:1060C000A4120792D8A20892AFF280120992DCA221
:1060D0000A92E1A20B92AFF244120C92E4A20D924A
:1060E000AFF220120E92E8A20F92AFF2F8021092D5
:1060F000EBA2119291A21292EFA213929BA2149280
:10610000F3A21592A5A21692F74AF84C179220B95D
:1061100010460390A84804900590A848A94201DAC7
:10612000017103E0022B01DD80F8048090F9040086
:1061300007EB8001D1E9012357F82010ECA0EBF721
:106140006DFC0120EBF7F8FB608F28B14FF0FF32B8
:106150002121AFF6C47004E06FF001022121AFF6F7
:10616000CC70EAF79FFAA08F28B14FF0FF324021A0
:10617000AFF6E47004E06FF001024021AFF6EC707E
:10618000EAF790FA8D4C6078022848D0002123204D
:10619000CDE90001D548B0F94430B0F94220B0F95A
:1061A0004010B0F93E00EBF76EFA607804283DD05D
:1061B00000212420CDE90001CC48B0F94C30B0F9E1
:1061C0004A20B0F94810B0F94600EBF75CFA617864
:1061D0002920062931D00021CDE90001C348B6F9B4
:1061E0000030B0F97E20B0F97C10B0F97A00EBF7FE
:1061F0004AFABE4D00225B21B5F8760080B2EAF77C
:1062000064FAB5F8780000225D2180B2EAF75DFA01
:10621000B5F94E006FF00D06FF2812D01DE0A078F2
:10622000401CC0B22321CDE90010B3E7A078401C88
:10623000C0B22421CDE90010BEE7A178491CC9B243
:10624000CAE7B5F85010FF2907D1B5F85210FF2959
:1062500003D1B5F85410FF2913D0627825210B2AF9
:1062600015D00022CDE90012B5F95430B5F952200D
:10627000B5F95010EBF707FAB5F95600FF280AD028
:1062800015E032462521A0A0EAF70CFAF4E7A2783F
:10629000521CD2B2E6E7B5F85810FF2907D1B5F87D
:1062A0005A10FF2903D1B5F85C10FF2913D061788B
:1062B0000D2916D05FF00001CDE900A1B5F95C30E1
:1062C000B5F95A20B5F95810EBF7DDF9B5F95E00CC
:1062D000FF280AD015E032465E218BA0EAF7E2F9EA
:1062E000F4E7A178491CC9B2E6E7B5F86010FF29C8
:1062F00007D1B5F86210FF2903D1B5F86410FF2962
:1063000013D0627826210F2A15D00022CDE9001281
:10631000B5F96430B5F96220B5F96010EBF7B3F95F
:10632000B5F96600FF2807D008E13246262176A09D
:10633000EAF7B8F9F4E7F1E0F4E0000020203030AB
:10634000302E3030302E3030302E3030262020208D
:106350000000000020C0E4F0E5F1E0F220E4EBFFF3
:106360002054524150204E34000000002020303094
:10637000302E3030302E3030302E30302A20202059
:106380000000000020C0E4F0E5F1E0F220E4EBFFC3
:106390002054524150204E35000000002020303063
:1063A000302E3030302E3030302E3030282020202B
:1063B0000000000028D40000B863000010C20720CD
:1063C00020D3D1D2C0CDCEC2CAC820457468657270
:1063D0006E6574200000000020230100541F01009E
:1063E000204448435020202020202020202020200E
:1063F00020204020000000002049502020202020A4
:10640000202020202020202020202020000000000C
:10641000205375626E6574206D61736B202020209F
:1064200020202020000000002047617465776179FA
:1064300020202020202020202020202000000000DC
:10644000205265616420706F72742020202020200B
:106450002020205B000000002057726974652070C6
:106460006F727420202020202020205D000000007A
:106470002049502054524150204E312020202020CD
:10648000202020200000000020495020545241507C
:10649000204E32202020202020202020000000003C
:1064A0002049502054524150204E3320202020209B
:1064B000202020200000000020495020545241504C
:1064C000204E34202020202020202020000000000A
:1064D0002049502054524150204E35202020202069
:1064E000202020200000000074F10000F8C00720E8
:1064F0002053657474696E67732045746865726EA5
:10650000657420200000000020202020EDE5E0EA56
:10651000F2E8E2E5ED20202020000000A278521CE5
:10652000D2B2F3E6B5F86810FF2907D1B5F86A10C2
:10653000FF2903D1B5F86C10FF2914D06178112917
:1065400018D000222A21CDE9001200BFB5F96C3025
:10655000B5F96A20B5F96810EBF795F8B5F96E0052
:10656000FF280ED019E032462A21AFF26400EAF784
:1065700099F8F3E7A178491CC9B22A22CDE9002194
:10658000E4E7B5F87010FF2907D1B5F87210FF29BC
:1065900003D1B5F87410FF2925D06178132929D0CB
:1065A00000222821CDE90012B5F97430B5F9722026
:1065B000B5F97010EBF767F88F4900227EA88B5C65
:1065C0008354521CD2B2092AF9D300208DF801025B
:1065D0006078A2780A2814D000233C217EA8EBF72B
:1065E0001CF804F0BAB832462821AFF2E400EAF70A
:1065F00059F8E1E7A178491CC9B22822CDE9002168
:10660000D2E70123E9E73AB37CA0029081A003908E
:1066100086A004908BA0059084A006908FA0079080
:1066200094A0089099A0099092A00A909DA00B9028
:10663000A2480C90A94201DA217103E0022B01DD8E
:1066400084F8048094F9040007EB8001D1E9012368
:1066500057F820109A4826E09AA002909FA0039035
:10666000A4A00490A9A00590AEA00690B3A00790A6
:10667000B8A00890BDA00990C2A00A90C7A00B9036
:10668000CC480C90A94201DA217103E0022B01DD14
:1066900084F8048094F9040007EB8001D1E9012318
:1066A00057F82010C448EBF7B9F90120EBF744F98B
:1066B000C24C00222121208880B2EAF706F8E08847
:1066C0000022402180B2EAF700F82089002223212D
:1066D00080B2E9F7FAFF0C34002260887B2180B297
:1066E000E9F7F3FF00227D21A088FAF73DBE1AB337
:1066F000B3A00290B8A00390BDA00490C2A00590E2
:10670000C7A00690CCA00790D1A00890D6A0099071
:106710006A480A90A94201DA217103E0022B01DDE7
:1067200084F8048094F9040007EB8001D1E9012387
:1067300057F82010D2A022E0D7A00290DCA003904E
:10674000E1A00490E6A00590EBA00690F0A00790D1
:10675000F5A00890FAA0099096480A90A94201DA9B
:10676000217103E0022B01DD84F8048094F9040018
:1067700007EB8001D1E9012357F82010F6A0EBF7D1
:106780004DF90120EBF7D8F88C4C0022A41C2121F4
:10679000208880B2E9F799FF60880022402180B20A
:1067A000E9F793FF20890022232180B2E9F78DFFCA
:1067B00004F10A0000227B21008896E77F4EECA0BE
:1067C000743E029096F82100012807D03B480390C0
:1067D000ED480490059006900120EAE196F8220029
:1067E0000128EAA0039006D034480490E6480590BA
:1067F00006900220DDE1D5E17658001020C2FBF5BD
:10680000EEE4EDEEE520EDE0EFF0FFE6E5EDE8E5A6
:106810000000000020E8EDE2E5F0F2EEF0E02020DC
:10682000202020202021C2200000000020CDE0EF09
:10683000F0FFE6E5EDE8E520E2FBF5EEE4E0202000
:106840000000000020ECE0EAF1E8ECE0EBFCEDEE0B
:10685000E52020202040C2200000000020ECE8EDD0
:10686000E8ECE0EBFCEDEEE5202020202023C22028
:106870000000000020CDE0EFF0FFE6E5EDE8E520C8
:10688000E1E0F2E0F0E5E8200000000020E2EAEBC1
:10689000FEF7E5EDE8FF202020202020207BC2200D
:1068A0000000000020EEF2EAEBFEF7E5EDE8FF2045
:1068B00020202020207DC2200000000028D40000DD
:1068C000004C010020496E766572746572206F7508
:1068D0007470757420202020000000002020207695
:1068E0006F6C7461676520202020202020202156B5
:1068F00000000000204D6178696D756D206F757422
:10690000707574202020202000000000202020200E
:1069100020766F6C7461676520202020202040560F
:1069200000000000204D696E696D756D206F7574F3
:1069300070757420202020200000000020202020DE
:1069400020766F6C746167652020202020202356FC
:1069500000000000205475726E2D6F6E206261740D
:106960007465727920202020000000002020202063
:1069700020766F6C746167652020202020207B5674
:1069800000000000205475726E2D6F6666206261F3
:1069900074746572792020200000000020202020DF
:1069A00020766F6C746167652020202020207D5642
:1069B0000000000074F1000084500100ECC00720CA
:1069C0002055616320E2EAEB2028E7E0E2FBF829AA
:1069D0002020202000000000202020202020202037
:1069E00020202020202020202021C2200000000084
:1069F0002055616320EEF2EAEB2028E7E0E2FBF8A5
:106A000029202020000000002020202020202020FD
:106A100020202020202020202040C2200000000034
:106A20002055616320E2EAEB2028E7E0EDE8E62963
:106A300020202020000000002020202020202020D6
:106A400020202020202020202023C2200000000021
:106A50002055616320EEF2EAEB2028E7E0EDE8E65E
:106A6000292020200000000020202020202020209D
:106A70002020202020202020207BC2200000000099
:106A800020D3F1F2E0E2EAE820E1E0E9EFE0F1EE24
:106A9000E220202000000000205561632074757200
:106AA0006E2D6F6E2028686967682920000000003D
:106AB00020202020202020202020202020202020D6
:106AC000202156200000000020556163207475725B
:106AD0006E2D6F66662028686967682900000000CF
:106AE00020202020202020202020202020202020A6
:106AF000204056200000000020556163207475720C
:106B00006E2D6F6E20286C6F77292020000000000A
:106B10002020202020202020202020202020202075
:106B200020235620000000002055616320747572F8
:106B30006E2D6F666620286C6F772920000000009C
:106B40002020202020202020202020202020202045
:106B5000207B562000000000202042797061737372
:106B60002073657474696E67732020200000000034
:106B700020C0CFC22031E920F3F0EEE2E5EDFC20A9
:106B80002120202000000000ACDE020020C0CFC287
:106B90002032E920F3F0EEE2E5EDFC204020202059
:106BA00000000000DDA00490E2480590E248069055
:106BB000032086F82500A94201DA217103E0022BA7
:106BC00001DD84F8048094F9040007EB8001D1E929
:106BD000012357F82010D9A0EAF720FF0120EAF797
:106BE000ABFE96F82100012810D0DA484FF0FF32B2
:106BF000212100BFE9F756FD96F82200012809D0AF
:106C00004FF0FF324021D348FDF7C2BC00222121C2
:106C1000D148EFE700224021CF48E9F743FDCF48B4
:106C200000222321808C60E5CDA00290D2A00390A9
:106C3000D7A00490BF480590DB480690079023E05A
:106C4000217103E0022B01DD84F8048094F9040033
:106C500007EB8001D1E9012357F82010D348FEF754
:106C6000A8BFD3A00290D8A00390DDA00490E2A01A
:106C70000590829AAF4847F82200839ACA4850602C
:106C8000839A9060839AD060A942DBDAD8E7E0A0CB
:106C90000290E5A00390EAA00490EFA00590F4A074
:106CA0000690F9A00790FEA00890A348153009901F
:106CB000A94201DA217103E0012B01DD89982071DD
:106CC00094F9040007EB800157F820204B68FAA1E3
:106CD000FFA0EAF7A3FE0220EAF72EFE94F90200D5
:106CE0000022401C80B22121E9F7EFFC94F9021048
:106CF000FD48002230F911004021E9F7B1FBFA49C3
:106D000094F902003C3931F81010F1B36FF0010230
:106D10002321F6A0E9F7C6FCF34994F902003039C3
:106D200031F8101091B36FF001022421EFA0E9F7C0
:106D3000B9FC00BFEC4994F9020024396FF001025C
:106D400031F810004FF05B01B0B3E8A0E9F7AAFCFE
:106D5000E54994F902001E396FF0010231F8100084
:106D60004FF05D0148B3E1A0E9F79CFCDE4994F9DE
:106D7000020018396FF0010231F810004FF02801BD
:106D800048B3DAA0E9F78EFC01E00CE016E0D64942
:106D900094F9020012396FF0010231F810004FF03F
:106DA0002901F0B36FE2D0490022363931F91000E1
:106DB0002321E9F755FBAFE709E00AE0CA490022C1
:106DC0002A3931F910002421E9F74AFBB2E7C9A0BA
:106DD000BCE7C8A0C8E7C7A0D4E7F2B3C7A0029039
:106DE000CCA00390D1A00490534815300590A9423F
:106DF00002DA8AF8041003E0022B01DD8AF804802D
:106E00009AF9040007EB8001D1E9012357F820101B
:106E1000CCA0EAF703FE0120EAF78EFD9AF9020002
:106E200000E02DE2401C80B200222121E9F74DFC58
:106E3000AD489AF9021086384FF00002405C4FF0DE
:106E4000400101280FD0C5A0E9F72CFC9AF90200F7
:106E50004FF0000234F8100000E008E04FF023018A
:106E600018B1C0A0D0E6C1A0EEE7C0A0CCE6C1A09A
:106E70000290C6A003904C480490CA480590A942CD
:106E800002DA8AF8041003E0022B01DD8AF804809C
:106E90009AF9040007EB8001D1E9012357F820108B
:106EA000C1A0EAF7BBFD0120EAF746FD9AF902000E
:106EB0000022401C80B22121E9F707FC8A489AF998
:106EC00002108638405C01280DD000224021BCA071
:106ED000E9F7E8FB9AF9020034F8100040B100220B
:106EE0002321B7A090E66FF001024021B648EFE7FA
:106EF0006FF001022321B44886E680A0029085A0AD
:106F000003908AA004905AA005905FA006900A48BA
:106F100015300790A94200DA58E15AE120CFE5F098
:106F2000E8EEE420C0CFC232202020202023F72E1C
:106F30000000000028D40000ACDE0200202020C0A9
:106F4000CFC220C8D1D2CED7CDC8CACEC220202031
:106F500000000000541F010020230100F8C007209A
:106F600020C4E0F2F7E8EA20E4E2E5F0E82020209F
:106F7000202020200000000020C4E0F2F7E8EA20F2
:106F8000E4FBECE020202020202020200000000056
:106F900020C4E0F2F7E8EA20F3E4E0F0E02020206B
:106FA0002020202000000000B8630000A04F010056
:106FB00020D1F3F5EEE920EAEEEDF2E0EAF220B9B5
:106FC000312020200000000020D1F3F5EEE920EA76
:106FD000EEEDF2E0EAF220B93220202000000000BD
:106FE00020D1F3F5EEE920EAEEEDF2E0EAF220B985
:106FF000332020200000000020D1F3F5EEE920EA44
:10700000EEEDF2E0EAF220B934202020000000008A
:1070100020F2E5ECEFE5F0E0F2F3F0E020202020B4
:107020002040B0430000000020746D6178202020D3
:1070300020202020202020202023B043000000001A
:1070400020746D696E202020202020202020202008
:107050002024B0430000000020D0E5EBE5202020F4
:107060002020202020202020205B20200000000065
:1070700020C7E2F3EA20202020202020202020200A
:10708000205D20200000000020C4E8F1EFEBE5E9DE
:107090002020202020202020202820200000000068
:1070A0002052533233322020202020202020202044
:1070B0002029202000000000202020D2C5CCCFC5F0
:1070C000D0C0D2D3D0DB204E2120202000000000F1
:1070D0002020C2CDC5D8CDC8C920C4C0D2D7C8CA07
:1070E000202020200000000056C20720E2FBEAEB2F
:1070F0002E000000E2EAEB2E0000000020F1EEF18D
:10710000F2EEFFEDE8E5202D204020202020202079
:107110000000000020E0E2E0F0E8E9EDEEE52020EC
:1071200020202020202020200000000020F1EEF16F
:10713000F2EEFFEDE8E5202D202320202020202066
:10714000000000002020D1D3D5CEC920CACECDD298
:10715000C0CAD2204E21202000000000F0E0E7EE5F
:10716000ECEA2E00EDE5E7E0ECEA2E00E7E0ECEAE1
:10717000EDF3F20043757272656E7420737461747E
:1071800065202020402020200000000020416C616C
:10719000726D2073746174652020202023202020CC
:1071A0000000000074F100002020204452592043C8
:1071B0004F4E54414354204E212020200000000017
:1071C0004F50454E00000000741801008AF804106A
:1071D00003E0022B01DD8AF804809AF9040007EB32
:1071E0008001D1E9012357F82010AFF2A800EAF797
:1071F00015FC0120EAF7A0FB9AF902000022401CCE
:1072000080B22121E9F761FA9AF90210FB484FF0A8
:107210000002405C4FF04001012828D0AFF2C400CA
:10722000E9F740FA9AF902004FF000024FF023010B
:1072300034F81000F0B1AFF2D40000BFE9F732FA31
:10724000EE499AF90200AE316FF0010231F81000F8
:107250004FF05D0188B1AFF26C1000BFE9F722FA80
:10726000E6489AF90210B63030F811005BE1AFF24F
:107270000410D5E7AFF20C10E0E7AFF28810EDE7AD
:10728000AFF29010C0E4AFF29C10BDE4AFF29410E6
:107290000290DBA00390E0A00490AFF244200590A0
:1072A000AFF21C200690E2480790A94202DA8AF861
:1072B000041003E0022B01DD8AF804809AF904002F
:1072C00007EB8001D1E9012357F82010D9A0EAF794
:1072D000A5FB0120EAF730FBC8484FF000024FF051
:1072E00040010078012816D0AFF29010E9F7DAF9E2
:1072F00020884FF000024FF0230178B1AFF29C10CC
:10730000E9F7D0F930886FF001024FF05B0140B12E
:10731000AFF2202007E0AFF2AC10E7E7AFF2B41015
:10732000EEE7AFF23820E9F7BDF9B448B63000888F
:1073300054E0AFF238200290AFF228200390AFF271
:1073400014200490AFF2F0200590AFF2C420069014
:10735000B7480790A94202DA8AF8041003E0022B2A
:1073600001DD8AF804809AF9040007EB8001D1E975
:10737000012357F82010B5A0EAF750FB0120EAF7E7
:10738000DBFA9E484FF000024FF0400140780128A0
:1073900017D0AFF2382000BFE9F784F960884FF0CA
:1073A00000024FF0230178B1AFF24820E9F77AF9F3
:1073B00070886FF001024FF05B0140B1AFF2CC205A
:1073C00007E0AFF25820E7E7AFF26020EEE7AFF258
:1073D000E420E9F767F98948B6304088E8BBA3E0C4
:1073E000AFF2E8200290AFF2D4200390AFF2C420B5
:1073F0000490AFF29C300590AFF2743006908C4848
:107400000790A94202DA8AF8041003E0022B01DD9A
:107410008AF804809AF9040007EB8001D1E901237E
:1074200057F820108FA0EAF7F9FA0120EAF784FA5A
:1074300072484FF000024FF040018078012818D0C8
:10744000AFF2E820E9F72EF9A0884FF000024FF0E4
:10745000230188B1AFF2F42000E072E0E9F722F9ED
:10746000B0886FF001024FF05B0140B1AFF27C30A9
:1074700007E0AFF20830E5E7AFF21030ECE7AFF22B
:107480009430E9F70FF95D48B6308088A6E7AFF28F
:1074900094300290AFF284300390AFF270300490D9
:1074A000AFF24C400590AFF2204006906048079044
:1074B000A94202DA8AF8041003E0022B01DD8AF8FF
:1074C00004809AF9040007EB8001D1E9012357F801
:1074D00020106AA0EAF7A2FA0120EAF72DFA47483D
:1074E0004FF000024FF04001C078012820D0AFF2E9
:1074F000943000BFE9F7D6F8E0884FF000024FF073
:107500002301C0B1AFF2A430E9F7CCF8F0886FF0F6
:1075100001024FF05B0188B1AFF23040E9F7C2F8E9
:107520003648B630C08860B16FF001022821AAE663
:10753000AFF2C830DEE7AFF2CC30E5E7AFF24C4057
:10754000ECE76FF0010228219AE6E2B151A0029027
:1075500056A003905B4804905B4805900690022B70
:1075600002DD8AF8048003E0A94201DA8AF80410F7
:107570009AF9040007EB8001D1E9012357F82010A4
:1075800052A0FEF716BB57A002905CA00390614882
:1075900004904D4805900690022B02DD8AF8048085
:1075A00003E0A94201DA8AF804109AF9040007EB13
:1075B0008001D1E9012357F8201057A0E1E70F4ED1
:1075C0000836CAB15AA002905FA0039064A004904C
:1075D00069A005906EA0069073A0079078A008900F
:1075E0007DA0099012480A9015380B900C90022B40
:1075F00003DD84F80480FEE058E1F9E0D0C1072003
:1076000020EEF2EAF0FBF2EEE520F1EEF1F2EEFF11
:10761000EDE8E5200000000020E4E2E5F0E82020AD
:107620002020202D202320202020202000000000CA
:10763000C1DE0200202020C4C0D2D7C8CA20C4C2E4
:10764000C5D0C8202020202000000000202020C419
:10765000C0D2D7C8CA20C4DBCCC020202020202024
:1076600000000000202020C4C0D2D7C8CA20D3C444
:10767000C0D0C0202020202000000000C4C0D2D7ED
:10768000C8CA20CFC5D0C5C2CED0C0D7C8C22E2050
:107690000000000020D0E5EBE5204E312020202026
:1076A00020202020202020200000000020D0E5EB1A
:1076B000E5204E32202020202020202020202020C5
:1076C0000000000028D40000B8630000202020CD76
:1076D000C0D1D2D0CEC9CAC020D0C5CBC5202020B1
:1076E000000000002052656C6179204E312020207E
:1076F0002020202020202020000000002052656C47
:107700006179204E3220202020202020202020209F
:107710000000000074F1000020202053455454491B
:107720004E47532052454C41592020200000000074
:1077300020C0E2E0F0E8FF20E8EDE2E5F0F2EEF054
:10774000E02020400000000020C0E2E0F0E8FF2040
:10775000444320202020202020202023000000005F
:1077600020C0E2E0F0E8FF2055E2FBF520202020D9
:10777000202020240000000020C0E2E0F0E8FF20EC
:1077800055E2F520202020202020202500000000A8
:1077900020D0E0E1EEF2E020E1E0E9EFE0F1E020EE
:1077A000202020200000000020EEF220F1E5F2E889
:1077B0002FE8EDE2202020202020205E00000000A5
:1077C00020C0EAF2E8E2EDEEE520F1EEF1F2EEFFA4
:1077D000EDE8E520000000002020F0E5EBE52020AA
:1077E0002020202020202020202020260000000013
:1077F000A94200DA217194F9040007EB8001D1E974
:10780000012357F82010E9A0EAF708F90120EAF768
:1078100093F894F902000022401C80B22121E8F77D
:1078200054FF94F9020036F8100000F001014020E6
:10783000E8F72DFF94F9020036F8100000F002017D
:107840002320E8F724FF94F9020036F8100000F036
:1078500004012420E8F71BFF94F9020036F8100019
:1078600000F008012520E8F712FF01213C20E8F78D
:107870000EFF00213E20E8F70AFF94F9020036F8D7
:10788000100000F010015E20E8F701FF94F90200FB
:1078900036F81000000404D56FF002022621FDF72F
:1078A00029BA6FF003022621FFF7ADB9C5A00290F7
:1078B000CAA00390CFA00490D4A00590D9A00690B0
:1078C000DEA00790E3A00890E8A00990ED480A9098
:1078D000ED480B900C90022B02DD84F8048002E04E
:1078E000A94200DA217194F9040007EB8001D1E983
:1078F000012357F82010E5A0EAF790F80120EAF7F5
:107900001BF894F902000022401C80B22121E8F704
:10791000DCFE94F9020036F8100000F0010140206E
:10792000E8F7B5FE94F9020036F8100000F0020105
:107930002320E8F7ACFE94F9020036F8100000F0BE
:1079400004012420E8F7A3FE94F9020036F81000A1
:1079500000F008012520E8F79AFE01213C20E8F715
:1079600096FE00213E20E8F792FE94F9020036F8D8
:10797000100000F010015E20E8F789FE94F9020083
:1079800036F81000000404D54FF0FF322621C5A0C0
:1079900078E46FF001022621C34873E412B3C3A058
:1079A0000290C8A00390CDA00490D2A00590D7A0CB
:1079B0000690DCA00790E1480890E14809900A9001
:1079C000012B02DD8998207102E0A94200DA2171C1
:1079D0009AF9040007EB800157F820204B68D9A1E1
:1079E000DEA021E0E3A00290E8A00390EDA00490C7
:1079F000F2A00590F7A00690FCA00790A14808907F
:107A0000CF4809900A90012B02DD8998207102E08D
:107A1000A94200DA21719AF9040007EB800157F8B6
:107A200020204B68F7A1FDA0E9F7F8FF0220E9F755
:107A300083FF00222121FF4CE08880B2E8F745FE59
:107A400020890022402180B2E8F73FFE60890022B1
:107A5000232180B2E8F739FEA0890022242180B2D8
:107A6000E8F733FEE0890022252180B2E8F72DFEF9
:107A700000225E21208AF9F777BCEE4E0020803686
:107A8000BAB3BBF1000F02D0EBA002900120BEF10F
:107A9000010F01DDEEA203E0BEF1000F04D0F24AB7
:107AA00047F82020401CC0B2F0A247F82020401C1C
:107AB000C2B2F4A047F82200521CD2B29F4847F845
:107AC0002200521CD2B2F5A047F82200521CD2B2BA
:107AD0009B4847F82200521CD2B247F82200521CA1
:107AE000D0B2974A47F82020022B03DD84F80480A7
:107AF00003E022E0A94200DA21719AF9040007EBC1
:107B00008001D1E9012357F82010EAA0E9F786FFA8
:107B1000F08800222121344680B2E8F7D6FDE08AC1
:107B20000122232180B2E8F7D0FDE8480068D0B3F5
:107B30006FF002023E21E6482FE2BBF1000F02D0B7
:107B4000E4A002900120BEF1010F01DDE7A203E0F5
:107B5000BEF1000F04D0EB4A47F82020401CC0B211
:107B6000E9A247F82020401CC2B2EDA047F822004D
:107B7000521CD2B2434847F82200521CD2B2EEA0A7
:107B800047F82200521CD2B26D4847F82200521C1E
:107B9000D2B247F82200521CD0B2694A47F82020DE
:107BA000022B01DDD4E1FCE1D5E1000020D0E5EBC2
:107BB000E5204E2120F1F0E0E1E0F2FBE22E202072
:107BC0000000000020416C61726D20696E76657264
:107BD000746F7220202020400000000020416C6162
:107BE000726D20444320696E70757420202020231C
:107BF0000000000020416C61726D20556F7574208B
:107C000020202020202020240000000020416C6142
:107C1000726D20414320696E7075742020202025EC
:107C20000000000020427970617373206D6F6465FD
:107C30003A2020202020202000000000206D6169D3
:107C40006E732F696E766572746F72732020205E7A
:107C500000000000204163746976652073746174CC
:107C6000652020202020202000000000202020204F
:107C700020202072656C6179202020202020202681
:107C80000000000074F10000ACDE02002052656CC0
:107C90006179204E212066756E6374696F6E2020B5
:107CA000000000004F4E0000945101002055E2FBFF
:107CB000F52E41432E6D61782E2020202021C220F8
:107CC000000000002055E2FBF52E41432E6D696E49
:107CD0002E2020202040C220000000002055E2F588
:107CE0002E41432E6D61782E202020202023C2209B
:107CF000000000002055E2F52E41432E6D696E2EE6
:107D0000202020202024C220000000002055E2F581
:107D10002E44432E6D61782E202020202025C22065
:107D2000000000002055E2F52E44432E6D696E2EB2
:107D300020202020205EC2200000000028D4000067
:107D4000B8630000202020202020D1C8D1D2C5CC8B
:107D5000DB2020202020202000000000202020CF39
:107D6000CED0CEC3C820C0C2C0D0C8C920202020D9
:107D70000000000020556F75742E41432E6D617810
:107D80002E202020202156200000000020556F7555
:107D9000742E41432E6D696E2E20202020405620E7
:107DA000000000002055696E2E41432E6D61782E33
:107DB0002020202020235620000000002055696E3E
:107DC0002E41432E6D696E2E202020202024562027
:107DD000000000002055696E2E44432E6D61782E00
:107DE0002020202020255620000000002055696E0C
:107DF0002E44432E6D696E2E20202020205E5620BA
:107E000000000000202020205448524553484F4C89
:107E10004453202020202020000000002020205358
:107E2000595354454D20414C41524D202020202093
:107E300000000000F8C0072020C8EDE2E5F0F2EEF7
:107E4000F0FB202020202020202020200000000007
:107E500020C1E0E9EFE0F1FB2020202020202020BD
:107E60002020202000000000CCCC000020556463BE
:107E70002EE2F52E2020202020202023C2202020AA
:107E8000000000002074F8EAE0F42E2020202020DA
:107E90002020203EB0D120200000000020CAE2E0D7
:107EA000F0F620525334383520202021CCC3D62080
:107EB000000000002020202020CAC0CBC8C1D0CEA6
:107EC000C2CAC0202020202000000000D80A0820BC
:107ED000ECE5000020496E766572746F72732020A5
:107EE0002020202020202020000000002042797047
:107EF0006173736573202020202020202020202003
:107F000000000000B0E90000205564632E696E2E69
:107F100020202020202020235620202000000000A8
:107F200020742073797374656D7320202020203EA7
:107F3000B0D12020000000002051756172747A20B9
:107F40005253343835202020214D487A000000005B
:107F500084F8048002E0A94200DA21719AF9040051
:107F600007EB8001D1E9012357F82010FBA0E9F7C6
:107F700055FDF08800222121344680B2E8F7A5FBA8
:107F8000E08A0122232180B2E8F79FFBF9480068CC
:107F900038B16FF001023E21F748E8F783FBFDF7A7
:107FA0006AB9F64800223E21B0F90000E8F758FA15
:107FB000F5E7F3A00290F8480390F8480490022BEC
:107FC00002DD84F8048002E0A94200DA21719AF906
:107FD000040007EB8001D1E9012357F82010F0A03D
:107FE000E9F71CFD0120E9F7A7FCE4480022402145
:107FF000DE38408B3FE5F04802901830039018308F
:108000000490E5480590D9E9012357F82510E4A02C
:10801000E9F704FD94F9010094F90410421A022AC8
:1080200001DD801E01E0884200DA20710120E9F7BD
:1080300083FCD24C0022DE3C2121A08B80B2E8F7E9
:1080400044FBE08B0022402180B2E8F73EFB002297
:108050002321208C0FE5CAA00290CF480390CF487F
:108060000490022B02DD84F8048002E0A94200DAC9
:1080700021719AF9040007EB8001D1E9012357F837
:108080002010CEA0E9F7CAFC0120E9F755FCBB4857
:10809000DE38B0F91200B0F57A7F04DD0A2190FBDA
:1080A000F1F0F9F774BD01224021E4E4C9480290DF
:1080B00018300390C8A00490B7480590B7480690C0
:1080C000079050E08998207102E0A94200DA2171FE
:1080D0009AF9040007EB800157F820204B68C4A1EF
:1080E000C9A0E9F79BFC0220E9F726FCA14C206817
:1080F00030B16FF002022121C948E8F7D3FA06E057
:108100009E4800222121B0F90000E8F7A9F9606833
:1081100030B16FF002024021C148E8F7C3FA06E02F
:10812000964800224021B0F90200E8F799F9A068CA
:1081300020B16FF002022321B94829E48F480022C0
:108140002321B0F9040070E3B64802901830039080
:1081500018300490869A904847F82200859A8F48F4
:108160005060859A9060012BAFDDABE7AEA0029026
:10817000B3A00390B8480078552801D0B0A0029071
:10818000B548854A2638022BB0F9120047F820205E
:1081900007EB8000814A4260826002DD84F804803F
:1081A00002E0A94200DA21719AF9040007EB80018C
:1081B000D1E9012357F82010A8A0FDF7FABCADA023
:1081C0000290B2A00390B7A00490BCA0DFF8888210
:1081D00005907F98A8F1A60870B1BEA00690B1A046
:1081E0000790DFF808B3207B664648B1C0A008902E
:1081F000C5A00990CAA008E0CFA00690D4A0EFE7E0
:10820000D9A00890DEA00990A6A00A90E2A00B9049
:10821000E7A00C90A3A00D905F480E905F480F90D0
:108220001090D9E9012357F82510E7A0E9F7F6FBEC
:10823000707890B90A234FF0FF32CE21CD20ECF7B1
:1082400053FD96F902000A23C0F101010120884084
:1082500002B2CA21C820ECF747FD7078032827D165
:1082600098F8240010B101280FD0BBE10A234FF089
:10827000FF32D021CD20ECF737FD0A230122642103
:10828000D220ECF731FDB1780AE00A234FF0FF323B
:10829000CE21CD20ECF728FD96F90200C0F10101B6
:1082A0000120884002B20A23CA21C820ECF71CFD35
:1082B0007078092812D10A234FF0FF32CE21CD2049
:1082C000ECF712FD96F902000A23C0F1010101202A
:1082D000884002B2CA21C820ECF706FD96F90100D9
:1082E000B0B3012834D0022832D0032831D004287A
:1082F0002FD005282DD006282CD007282AD00828D2
:1083000028D0092827D00A2825D00B2823D086F882
:1083100004A00120E9F710FB96F902000022401C9E
:1083200080B22121E8F7D1F996F902005C4600EB12
:10833000400101EB00100BEB8001B1F90200B0F538
:108340007A7F09DD0A2190FBF1F080B2002252E130
:1083500046E147E148E149E14BE1000020202020CF
:1083600043616C6962726174696F6E202020202005
:1083700000000000D80A0820C000010056C20720F3
:108380002055203D202020202040C22020202020D9
:10839000202020200000000028D40000B863000046
:1083A000202020CAC0CBC8C1D0CEC2CAC020D1C5EF
:1083B000D2C8202000000000E812010020CAC0CB73
:1083C000C8C1D0CEC2CAC020CDC0C3D0D3C7CAC8CE
:1083D00000000000841801002074EEF2F1E5EA20AC
:1083E0004D53414E2020202023B0D120000000001A
:1083F00020C4C0D2D7C8CACEC220D2C5CCCFC5D027
:10840000C0D2D3D00000000020CAC0CBC8C1D0CE9B
:10841000C2CAC020C2CDC5D8CDC8D520000000003A
:10842000ECE50000201D010020C1E0F2E0F0E5FFD6
:10843000204E31202020202020202020000000007D
:1084400020C1E0F2E0F0E5FF204E32202020202085
:1084500020202020000000001EC1072020CAC0CB21
:10846000C8C1D0CEC2CAC020C1C0D2C0D0C5C920E8
:10847000000000002055E1E0F2203D2020202020D7
:1084800040C22020202020200000000020EEF2EA40
:10849000E0EBE8E1F0F3E9F2E52055E1E0F220203D
:1084A000000000002020EDE0E6E0F2E8E5EC209A94
:1084B00020E8EBE8209C2020000000002049E1E0BB
:1084C000F2203D202020202023C02020202020201A
:1084D0000000000020EEF2EAE0EBE8E1F0F3E9F260
:1084E000E52049E1E0F2202000000000A8F3072089
:1084F00020C4E0F2F7E8EA20F2E5ECEFE5F0E0F284
:10850000F3F0FB20000000002020202020EDE5E813
:10851000F1EFF0E0E2E5ED20202020200000000057
:108520002020E8EBE820EDE5EFEEE4EAEBFEF7E5EE
:10853000ED2E202000000000202020EDE0E6ECE8F9
:10854000F2E520A420E4EBFF202020200000000022
:10855000EAE0EBE8E1F0EEE2EAE820EDF3EBFF2001
:1085600049E1E0F2000000002074E1E0F2203D204B
:1085700020202024B04320202020202000000000C4
:1085800020EEF2EAE0EBE8E1F0F3E9F2E52074E155
:10859000E0F22020000000002055E1E0F22EF12E54
:1085A000F22E203D20202020205EC220000000006E
:1085B000EAE0EBE8E1F0F3E9F2E52055E1E0F22E44
:1085C000F12EF22E0000000020CAC0CBC8C1D0CED0
:1085D000C2CAC020C1C0D22E204E212000000000FF
:1085E000002004E0032002E0062000E009203071B2
:1085F0008FE6488801224021E8F767F896F90210D3
:10860000022201EB410000EB011004EB800023216A
:10861000B0F90800E7F724FF96F90210002201EBF9
:10862000410000EB011004EB80002421B0F90A00A6
:10863000E7F716FF96F9020000EB400101EB00108E
:1086400004EB8000808801225E21F7F74BBDAFF27A
:10865000DC100290AFF2CC100390AFF2B81004908F
:10866000AFF2A8100590DFF884A27F9890B1AFF226
:108670009C100690AFF2D4100790DFF87482207B34
:1086800070B1AFF294100890AFF284100990AFF27D
:1086900070100DE0AFF260100690AFF24C10EBE7F7
:1086A000AFF23C100890AFF228100990AFF20C2006
:1086B0000A9090480B9090480C900D90D9E90123B6
:1086C00057F82510AFF20010E9F7A8F9707890B9C3
:1086D0000A234FF0FF32CE21CD20ECF705FB96F9AF
:1086E00002000A23C0F101010120884002B2CA2120
:1086F000C820ECF7F9FA7078032827D19AF82400FB
:1087000010B101280FD06DE00A234FF0FF32D021C5
:10871000CD20ECF7E9FA0A2301226421D220ECF7FC
:10872000E3FAB1780AE00A234FF0FF32CE21CD20E0
:10873000ECF7DAFA96F90200C0F101010120884055
:1087400002B20A23CA21C820ECF7CEFA70780928B1
:1087500012D10A234FF0FF32CE21CD20ECF7C4FA1C
:1087600096F902000A23C0F101010120884002B2FB
:10877000CA21C820ECF7B8FA96F9010078B30128AD
:108780002ED002282CD003282CD004282AD005284B
:1087900028D0062828D0072826D0082824D0092049
:1087A00030710120E9F7C8F896F902000022401C58
:1087B00080B22121E7F789FF96F9021001EB410011
:1087C00000EB011008EB8001B1F90200B0F57A7FEF
:1087D0000CDD0A2190FBF1F080B2002208E0FFE7F7
:1087E0000020DDE70320DBE70620D9E748880122E7
:1087F0004021E7F76AFF96F90210022201EB4100DF
:1088000000EB011008EB80002321B0F90800E7F726
:1088100027FE96F90200002200EB400101EB001058
:1088200008EB80002421B0F90A00E7F719FECAE23C
:108830002E488030B0F9140007EB8004F2B32FA06B
:10884000029034A0039039A004903EA0059043A06C
:10885000069048A007904DA0089052A0099057A0FC
:108860000A905CA00B9061A00C9066A00D906BA08C
:108870000E9070A00F9075A010907AA011907FA01C
:10888000129084A0139089A014908EA0159093A0AC
:10889000169098A017909DA01890A2A01990A7A03C
:1088A0001A90ACA01B90B1A01C90B6A01D90BBA0CC
:1088B0001E90C0A01F90C5A0209000E035E2C9A086
:1088C0002190CEA02290D3A02390D8A02490DDA008
:1088D0002590E2A02690E7A02790ECA02890F1A098
:1088E0002990F6A02A90FBA02B90FFE178C00720EA
:1088F000A8F3072028D40000B863000020C8CDC228
:10890000C5D0D2CED0204E312020202020202020C3
:108910000000000020C8CDC2C5D0D2CED0204E323B
:1089200020202020202020200000000020C8CDC2D0
:10893000C5D0D2CED0204E33202020202020202091
:108940000000000020C8CDC2C5D0D2CED0204E3409
:1089500020202020202020200000000020C8CDC2A0
:10896000C5D0D2CED0204E3520202020202020205F
:108970000000000020C8CDC2C5D0D2CED0204E36D7
:1089800020202020202020200000000020C8CDC270
:10899000C5D0D2CED0204E3720202020202020202D
:1089A0000000000020C8CDC2C5D0D2CED0204E38A5
:1089B00020202020202020200000000020C8CDC240
:1089C000C5D0D2CED0204E392020202020202020FB
:1089D0000000000020C8CDC2C5D0D2CED0204E317C
:1089E00030202020202020200000000020C8CDC200
:1089F000C5D0D2CED0204E313120202020202020C2
:108A00000000000020C8CDC2C5D0D2CED0204E314B
:108A100032202020202020200000000020C8CDC2CD
:108A2000C5D0D2CED0204E3133202020202020208F
:108A30000000000020C8CDC2C5D0D2CED0204E311B
:108A400034202020202020200000000020C8CDC29B
:108A5000C5D0D2CED0204E3135202020202020205D
:108A60000000000020C8CDC2C5D0D2CED0204E31EB
:108A700036202020202020200000000020C8CDC269
:108A8000C5D0D2CED0204E3137202020202020202B
:108A90000000000020C8CDC2C5D0D2CED0204E31BB
:108AA00038202020202020200000000020C8CDC237
:108AB000C5D0D2CED0204E313920202020202020F9
:108AC0000000000020C8CDC2C5D0D2CED0204E328A
:108AD00030202020202020200000000020C8CDC20F
:108AE000C5D0D2CED0204E323120202020202020D0
:108AF0000000000020C8CDC2C5D0D2CED0204E325A
:108B000032202020202020200000000020C8CDC2DC
:108B1000C5D0D2CED0204E3233202020202020209D
:108B20000000000020C8CDC2C5D0D2CED0204E3229
:108B300034202020202020200000000020C8CDC2AA
:108B4000C5D0D2CED0204E3235202020202020206B
:108B50000000000020C8CDC2C5D0D2CED0204E32F9
:108B600036202020202020200000000020C8CDC278
:108B7000C5D0D2CED0204E32372020202020202039
:108B80000000000020C8CDC2C5D0D2CED0204E32C9
:108B900038202020202020200000000020C8CDC246
:108BA000C5D0D2CED0204E32392020202020202007
:108BB0000000000020C8CDC2C5D0D2CED0204E3398
:108BC00030202020202020200000000020C8CDC21E
:108BD000C5D0D2CED0204E333120202020202020DE
:108BE0000000000020C8CDC2C5D0D2CED0204E3368
:108BF00032202020202020200000000020C8CDC2EC
:108C0000C5D0D2CED0204E333320202020202020AB
:108C10000000000020C8CDC2C5D0D2CED0204E3337
:108C200034202020202020200000000020C8CDC2B9
:108C3000C5D0D2CED0204E33352020202020202079
:108C40000000000020C8CDC2C5D0D2CED0204E3307
:108C500036202020202020200000000020C8CDC287
:108C6000C5D0D2CED0204E33372020202020202047
:108C70000000000020C8CDC2C5D0D2CED0204E33D7
:108C800038202020202020200000000020C8CDC255
:108C9000C5D0D2CED0204E33392020202020202015
:108CA0000000000020C8CDC2C5D0D2CED0204E34A6
:108CB00030202020202020200000000020C8CDC22D
:108CC000C5D0D2CED0204E343120202020202020EC
:108CD0000000000020C8CDC2C5D0D2CED0204E3476
:108CE00032202020202020200000000036A02C90E0
:108CF0003BA02D9040A02E90454847F82B004548BA
:108D00006060A060022B02DD86F8048002E0A942C8
:108D100000DA31719CF9040007EB8001D1E90123ED
:108D200057F820103CA0FCF744BF41A0029046A099
:108D300003904BA0049050A0059055A006905AA017
:108D400007905FA0089064A0099069A00A906EA0A7
:108D50000B9073A00C9078A00D907DA00E9082A037
:108D60000F9087A010908CA0119091A0129096A0C7
:108D700013909BA01490A0A01590A5A01690AAA057
:108D80001790AFA01890B4A01990B9A01A90BEA0E7
:108D90001B90C3A01C90C8A01D90CDA01E90D2A077
:108DA0001F90D7A02090DCA02190E1A02290E6A007
:108DB0002390EBA02490F0A02590F5A02690FAA097
:108DC0002790FFA008E203E320C8CDC2C5D0D2CED1
:108DD000D0204E343320202020202020000000000E
:108DE00020C8CDC2C5D0D2CED0204E3434202020D1
:108DF000202020200000000020C8CDC2C5D0D2CE47
:108E0000D0204E34352020202020202000000000DB
:108E100028D40000B8630000CAC0CBC8C1D0CEC2FD
:108E2000C0D2DC20C8CDC2C5D0D2CED00000000058
:108E300020494E564552544F52204E31202020207A
:108E4000202020200000000020494E564552544F5B
:108E500052204E3220202020202020200000000020
:108E600020494E564552544F52204E332020202048
:108E7000202020200000000020494E564552544F2B
:108E800052204E34202020202020202000000000EE
:108E900020494E564552544F52204E352020202016
:108EA000202020200000000020494E564552544FFB
:108EB00052204E36202020202020202000000000BC
:108EC00020494E564552544F52204E3720202020E4
:108ED000202020200000000020494E564552544FCB
:108EE00052204E382020202020202020000000008A
:108EF00020494E564552544F52204E3920202020B2
:108F0000202020200000000020494E564552544F9A
:108F100052204E3130202020202020200000000050
:108F200020494E564552544F52204E313120202078
:108F3000202020200000000020494E564552544F6A
:108F400052204E313220202020202020000000001E
:108F500020494E564552544F52204E313320202046
:108F6000202020200000000020494E564552544F3A
:108F700052204E31342020202020202000000000EC
:108F800020494E564552544F52204E313520202014
:108F9000202020200000000020494E564552544F0A
:108FA00052204E31362020202020202000000000BA
:108FB00020494E564552544F52204E3137202020E2
:108FC000202020200000000020494E564552544FDA
:108FD00052204E3138202020202020200000000088
:108FE00020494E564552544F52204E3139202020B0
:108FF000202020200000000020494E564552544FAA
:1090000052204E323020202020202020000000005E
:1090100020494E564552544F52204E323120202086
:10902000202020200000000020494E564552544F79
:1090300052204E323220202020202020000000002C
:1090400020494E564552544F52204E323320202054
:10905000202020200000000020494E564552544F49
:1090600052204E32342020202020202000000000FA
:1090700020494E564552544F52204E323520202022
:10908000202020200000000020494E564552544F19
:1090900052204E32362020202020202000000000C8
:1090A00020494E564552544F52204E3237202020F0
:1090B000202020200000000020494E564552544FE9
:1090C00052204E3238202020202020200000000096
:1090D00020494E564552544F52204E3239202020BE
:1090E000202020200000000020494E564552544FB9
:1090F00052204E333020202020202020000000006D
:1091000020494E564552544F52204E333120202094
:10911000202020200000000020494E564552544F88
:1091200052204E333220202020202020000000003A
:1091300020494E564552544F52204E333320202062
:10914000202020200000000020494E564552544F58
:1091500052204E3334202020202020200000000008
:1091600020494E564552544F52204E333520202030
:10917000202020200000000020494E564552544F28
:1091800052204E33362020202020202000000000D6
:1091900020494E564552544F52204E3337202020FE
:1091A000202020200000000020494E564552544FF8
:1091B00052204E33382020202020202000000000A4
:1091C00020494E564552544F52204E3339202020CC
:1091D000202020200000000028907EA0299083A05D
:1091E0002A9088A02B908DA02C9092A02D9097A0D3
:1091F0002E909C4847F82B009B486060A060022B93
:1092000002DD86F8048002E0A94200DA31719CF99F
:10921000040007EB8001D1E9012357F8201093A047
:1092200081E598A002909DA00390A2A00490A7A021
:109230000590AD48AB4A022BB0F91C0047F820203E
:1092400007EB8000884A4260826002DD86F8048075
:1092500002E0A94200DA31719CF9040007EB8001B9
:10926000D1E9012357F82010A0A05CE5F2B3A5A036
:109270000290AAA00390AFF6D4500490ADA0059040
:109280007F98A0B3B1A00690AFF6E8500790B5A0C4
:109290000890BAA00990AFF6F4500A90BDA00B90C8
:1092A000C2A00C90AFF604600D90C6A00E90CBA0AB
:1092B0000F90AFF610601090CEA01190D3A0129036
:1092C000AFF620601390D7A01490DCA01590AFF6F5
:1092D0002C601690DF481790153818901990484662
:1092E000B1B301293AD0022938D001E046E030E09C
:1092F000032935D0042933D0052931D0062931D0AE
:1093000007292FD008292DD009292DD00A292BD0A3
:109310000B2929D00C292AD00D2928D00E2926D096
:109320000F2927D0102925D0112923D0122923D085
:10933000132921D014291FD080F804C099F9040002
:1093400007EB8001D1E9012357F82010C2A082E287
:1093500004E0AFF61C600690C5A097E7002104E08A
:10936000032102E0062100E009210171E6E780F80F
:1093700004A0E3E70471E1E70671DFE7C2A0029011
:10938000C7A00390CCA00490D1A005907F98F0B125
:10939000D5A00690C8A00790D9A00890DEA009909B
:1093A000C5A00A90E2A00B90E7A00C90C2A00D907F
:1093B000EBA00E90F0A00F90BFA01090F4A0119021
:1093C000F9A01290BCA01390FDA0149004E2BEE29C
:1093D000F9E3000020494E564552544F52204E3476
:1093E00030202020202020200000000020494E5660
:1093F0004552544F52204E3431202020202020202E
:109400000000000020494E564552544F52204E3421
:1094100032202020202020200000000020494E562D
:109420004552544F52204E343320202020202020FB
:109430000000000020494E564552544F52204E34F1
:1094400034202020202020200000000020494E56FB
:109450004552544F52204E343520202020202020C9
:109460000000000074F10000B8630000494E56454A
:10947000525445522043414C4942524154494F4E67
:109480000000000020CCEEEDE8F2EEF020C0CAC1F2
:10949000204E3120202020200000000020CCEEEDC6
:1094A000E8F2EEF020C0CAC1204E32202020202059
:1094B0000000000020CCEEEDE8F2EEF020C0CAC1C2
:1094C000204E3320202020200000000020CCEEED94
:1094D000E8F2EEF020C0CAC1204E34202020202027
:1094E0000000000028D40000F8C00720CAC0CBC884
:1094F000C1D0CEC2C0D2DC20CCCECDC8D2CED0DB43
:10950000000000002055E2FBF5203D2020202040F7
:10951000C22020202020202000000000EEF2EAE0FF
:10952000EBE8E1F0F3E9F2E52055E2FBF5E8EDE2E6
:10953000000000002049E2FBF5203D2020202020F3
:1095400025C02020202020200000000020EEF2EA8C
:10955000E0EBE8E1F0F3E9F2E52049E2FBF5202059
:10956000000000002074E8EDE2203D2020205EB0E5
:1095700043202020202020200000000020EEF2EADE
:10958000E0EBE8E1F0F3E9F2E52074E8EDE2202019
:10959000000000002055F8E8EDFB203D20202020B1
:1095A00026C220202020202000000000EEF2EAE069
:1095B000EBE8E1F0F3E9F2E52055F8E8EDFB2020D7
:1095C000000000002055F1E5F2E8203D2020202099
:1095D0002AC220202020202000000000EEF2EAE035
:1095E000EBE8E1F0F3E9F2E52055F1E5F2E82020BF
:1095F000000000002050E2FBF520203D202020202C
:1096000028C2F2202020202000000000EEF2EAE034
:10961000EBE8E1F0F3E9F2E52050E2FBF520202051
:10962000000000002055E2F5EEE4203D202020203F
:109630005BC220202020202000000000EEF2EAE0A3
:10964000EBE8E1F0F3E9F2E52055E2F5EEE4202065
:1096500000000000C1DE0200CAC0CBC8C1D0CEC22B
:10966000CAC020C8CDC2C5D0D2204E210000000003
:10967000EAE0EBE8E1F0EEE2EAE820EDF3EBFF20D0
:1096800049E2FBF50000000020556F7574203D2075
:1096900020202040562020202020202000000000F4
:1096A0002020207365742076616C756520556F7578
:1096B0007420202000000000202070726573732049
:1096C0006B6579209A206F72209C2020000000009A
:1096D00020496F7574203D202020202025C02020A7
:1096E00020202020000000002020207365742076B8
:1096F000616C756520496F757420202000000000A2
:10970000207420696E76203D2020205EB04320200A
:109710002020202000000000202073657420766146
:109720006C7565207420696E762020200000000092
:10973000205562757320203D2020202020265620B1
:109740002020202000000000202073657420766116
:109750006C75652055627573202020200000000084
:1097600020556D61696E73203D202020202A5620EF
:1097700020202020000000002020736574207661E6
:109780006C756520556D61696E73202000000000C6
:1097900020506F757420203D202020202028572045
:1097A00020202020000000002020736574207661B6
:1097B0006C756520506F757420202020000000001B
:1097C0002055696E203D202020202020205B56203F
:1097D0002020202000000000FBA01590AFF22810F0
:1097E0001690FF481790FF48189019904846F1B31B
:1097F00001293CD002293AD003297ED004297CD00B
:1098000005297AD0062979D0072977D0082975D07B
:10981000092974D00A2972D00B2970D00C296FD075
:109820000D296DD00E296BD00F296AD0102968D070
:10983000112966D012297ED013297CD014297AD020
:1098400080F804C099F9040007EB8001D1E90123F5
:1098500057F82010E4A0E8F7E1F80120E8F76CF8E9
:1098600099F902004C46401C80B2002200E072E0F0
:109870002121E6F72AFF94F90200E14D00EBC00038
:1098800000EB400005EB800001228069402180B29E
:10989000E6F71BFF94F90200012200EBC00000EB89
:1098A000400005EB80002521C06980B2E6F70DFF7E
:1098B00094F90200002200EBC00000EB400005EB31
:1098C00080005E21006A80B2E6F7FFFE94F9020094
:1098D000012200EBC00000EB400005EB80002621D8
:1098E000406A80B2E6F7F1FE94F9020000EBC00096
:1098F00000EB400005EB800004E02EE02FE030E0BC
:1099000032E034E0806A012280B22A21E6F7DDFEEF
:1099100094F90200002200EBC00000EB400005EBD0
:1099200080002821B0F93000E6F79AFD94F9020092
:1099300000EBC00000E01CE000EB400005EB800005
:109940000122C06A5B2180B2E6F7BFFE58E2ADA0FB
:109950000690B2A01FE5002104E0032102E00621E9
:1099600000E0092101716DE780F804A06AE7047145
:1099700068E7067166E70A234FF47A72E521E12071
:10998000EBF7B2F940E2F2B3AFF288400290A9A03F
:109990000390AE480490AFF2644005907F9898B36E
:1099A000AFF258400690A9480790A9A00890AEA031
:1099B0000990A6480A90B2A00B90B7A00C90A348BB
:1099C0000D90AFF200400E90AFF2F0300F909F4834
:1099D0001090AFF2E0301190AFF2D03012909B486F
:1099E00013908048153014901538159016904846FD
:1099F00099B3012938D0022936D0032936D0042959
:109A000034D0052901E03FE028E02FD006292FD0EF
:109A100007292DD008292BD009292BD00A2929D094
:109A20000B2927D00C2928D00D2926D00E2924D087
:109A30000F2925D0102923D0112921D080F80460C6
:109A400099F90400BEF1010F07EB8001D1E9012370
:109A500057F8201016DD96A097E005E07B4894307B
:109A60000690AFF2F4309FE7002104E0032102E00A
:109A7000062100E009210171E2E780F804A0DFE798
:109A80000471DDE790A080E0AFF204400290AFF2F5
:109A9000F0300390AFF2E0300490AFF2CC3005909C
:109AA0007F98F0B3AFF2C0300690AFF2F430079079
:109AB00067A008908AA00990AFF204400A908EA097
:109AC0000B9093A00C90AFF210400D90AFF270305D
:109AD0000E90AFF25C300F90AFF224401090AFF2D6
:109AE0005030119090A01290AFF2344013903C4847
:109AF00014903C4815901690484691B3012935D0F2
:109B0000022933D0032933D0042931D005292FD09D
:109B100006292FD007292DD008292BD009292BD091
:109B200000E01FE00A2927D00B2925D00C2926D0D8
:109B30000D2924D00E2922D00F2923D0102921D07D
:109B400011291FD080F8046099F90400BEF1010FBB
:109B500007EB8001D1E9012357F8201014DD78A02C
:109B600013E003E027A006902CA0A0E7002104E06A
:109B7000032102E0062100E009210171E4E780F8F9
:109B800004A0E1E70471DFE773A0E7F747FF0120D6
:109B9000E7F7D2FE99F90200754D00EB400101EBA9
:109BA000C00005EB80004C46408801224021E6F7CA
:109BB0008CFD94F90200012200EB400101EBC00092
:109BC00035F82000D6E029E1202020736574207646
:109BD000616C75652055696E202020200000000012
:109BE00074F10000ACDE02002043414C4942524176
:109BF00054494F4E20494E56204E2120000000006F
:109C000040F407202020207072657373206B657903
:109C100020A420202020202000000000746F20635A
:109C2000616C69627261746520496F75743D304181
:109C300000000000EEF2EAE0EBE8E1F0F3E9F2E523
:109C40002055E2FBF520202000000000A484010044
:109C50002074202020203D2020205EB043202020A2
:109C6000202020200000000020EEF2EAE0EBE8E1F6
:109C7000F0F3E9F2E520742020202020000000000D
:109C80002055E8EDE220203D2020202026C2202083
:109C90002020202000000000EEF2EAE0EBE8E1F0F6
:109CA000F3E9F2E52055E8EDE22020200000000075
:109CB00020CAC0CBC8C1D0CEC2CAC020C1C0C9CF83
:109CC000C0D14E210000000020CAC0CBC8C1D0CEF8
:109CD000C2CAC020C1C0C9CFC0D12020000000002E
:109CE000202020207365742076616C7565207420B7
:109CF00020202020000000002055696E7620203DA5
:109D00002020202020265620202020200000000097
:109D10002020207365742076616C75652055696E0E
:109D2000762020200000000020202073657420761B
:109D3000616C756520506F75742020200000000054
:109D4000204259504153532043414C4942524154BF
:109D50002E204E2100000000204259504153532034
:109D600043414C4942524154494F4E2000000000AB
:109D7000F80508202521E6F7A8FC94F90200002246
:109D800000EB400101EBC00005EB80005E21007F8D
:109D9000E6F79BFC94F90200012200EB400101EB85
:109DA000C00005EB800026214089E6F78EFC94F97F
:109DB0000200012200EB400101EBC00005EB800036
:109DC0002A210089E6F781FC94F902000022401C58
:109DD00080B22121E6F779FC94F902004FF6E852AF
:109DE00000EB400101EBC00005EB800041689142AF
:109DF00001DD0021416088B200222821E6F77FFBC7
:109E0000607800283FF4B7AD6078032806D10A23B4
:109E10004FF47A72E521E120EAF766FFFEE300BF26
:109E200018234FF0210B1B254FF01E084FF0270E73
:109E30007AB3DAA00290AFF204200390DD480490D8
:109E4000DDA00590AFF214200690DA480790E0A05C
:109E50000890AFF220200990D6480A90E2A00B901B
:109E60007F9800280ED0AFF61C100C90D1480D90B2
:109E7000E3A00E900ED1CF4800F194000F90AFF602
:109E800010000BE0CB4800F194000C90AFF62000DE
:109E9000EDE711E1AFF64C100F90C6481090DEA030
:109EA000119006D1C34800F194001290AFF6400023
:109EB00003E0AFF668101290BE481390DCA0149037
:109EC000AFF25C201590BB481690DFA01790AFF260
:109ED00068201890B7481990E1A01A90AFF2782046
:109EE0001B90B4481C90E4A01D90AFF254201E902B
:109EF000B0481F90E6A02090AFF264202190AD48BA
:109F00002290E9A02390EDA02490AA482590F0A0EB
:109F10002690AFF638102790A6482890F2A02990F6
:109F2000AFF648102A90A3482B90F5A02C90AFF6DE
:109F300054102D909F482E90F7A02F90AFF634101C
:109F400030909C483190FAA03290AFF64010339098
:109F500098483490FCA03590AFF650103690954854
:109F60003790FF483890153839903A904846F1B309
:109F7000012978D0022976D0032976D0042974D01B
:109F8000052972D0062972D0072970D008296ED011
:109F900009296ED00A296CD00B296AD00C296AD005
:109FA0000D2968D00E2966D00F2967D0102965D0F9
:109FB000112963D0122963D0132961D014295FD0ED
:109FC00015295FD016295DD017295BD018295CD0E0
:109FD00019295AD01A2958D01B2958D01C2956D0D3
:109FE0001D2954D01E2954D01F2952D000E03AE038
:109FF00020294ED021294FD022294DD023294BD0C2
:10A0000024294CD025294AD0262948D0272948D0B0
:10A01000282946D0292944D02A2945D02B2943D0A4
:10A020002C2941D02D2941D02E293FD02F293DD098
:10A0300030293DD031293BD0322939D0332939D08C
:10A04000342937D0352935D03621017199F90400EA
:10A0500007EB8001D1E9012357F82010C1A0EDE200
:10A0600003E004E005E00021EFE70321EDE706212E
:10A07000EBE70921E9E780F804A0E7E70471E5E7E9
:10A080000671E3E780F804C0E0E70371DEE70571DD
:10A09000DCE780F80480D9E780F804B0D6E7242113
:10A0A000D3E780F804E0D1E72A21CEE72D21CCE7E1
:10A0B0003021CAE73321C8E7B0A00290B5A00390D1
:10A0C000AFF60C200490B9A00590BEA00690AFF6A4
:10A0D00018200790C1A00890C6A00990AFF62820CC
:10A0E0000A90CAA00B907F9800280ED0AFF60820E7
:10A0F0000C90AFF63C200D90CAA00E900BD1AFF2A1
:10A10000FC400F90AFF2EC400AE0AFF208500C9028
:10A11000AFF2F840EFE7AFF630200F90AFF66820CF
:10A120001090C6A0119005D1AFF228501290AFF256
:10A13000145004E0AFF650201290AFF68420139034
:10A140003BA01490AFF268401590AFF694201690A3
:10A150003DA01790AFF278401890AFF6A420199068
:10A160003FA01A90AFF288401B90AFF6B4201C902D
:10A17000B8A01D90BDA01E90AFF6C4201F90C1A036
:10A180002090C6A02190AFF6D0202290C9A02390A5
:10A19000CEA02490AFF6E0202590A3E12055E2FB6D
:10A1A000F541203D2020202021C2202020202020F9
:10A1B00000000000A48401002055E2FBF542203D90
:10A1C0002020202040C2202020202020000000004D
:10A1D0002055E2FBF543203D2020202023C22020F3
:10A1E00020202020000000002049E2FBF541203D16
:10A1F000202020202024C02020202020000000003B
:10A200002049E2FBF542203D202020202025C020CF
:10A2100020202020000000002049E2FBF543203DE3
:10A2200020202020205EC0202020202000000000D0
:10A23000207441202020203D20202026B0432020D3
:10A240002020202000000000207442202020203DFB
:10A250002020202AB04320202020202000000000C1
:10A26000207443202020203D20202028B04320209F
:10A2700020202020000000002055E8EDE241203D94
:10A280002020202029C220202020202000000000A3
:10A290002055E8EDE242203D202020202DC2202044
:10A2A00020202020000000002055E8EDE243203D62
:10A2B000202020202BC2202020202000EEF2EAE0E7
:10A2C000EBE8E1F0F3E9F2E52055E8EDE2202000CB
:10A2D0002055F1E5F2E841203D202020207BC220DE
:10A2E00020202020000000002055F1E5F2E8422067
:10A2F0003D202020207DC2202020202000000000C2
:10A300002055F1E5F2E843203D202020205BC220CB
:10A3100020202020000000002050E2FBF5412020FA
:10A320003D202020205DC2F22020202000000000DF
:10A330002050E2FBF54220203D202020203CC2F2AC
:10A3400020202020000000002050E2FBF5432020C8
:10A350003D202020203EC2F22020202000000000CE
:10A36000C1DE020020CAC0CBC8C1D0CEC2CAC02044
:10A37000C1C0C9CFC0D1C0200000000020556F75FA
:10A380007441203D20202020215620202020202004
:10A390000000000020207365742076616C756520D4
:10A3A000556F7574412020200000000020556F7506
:10A3B0007442203D202020204056202020202020B4
:10A3C0000000000020207365742076616C756520A4
:10A3D000556F7574422020200000000020556F75D5
:10A3E0007443203D202020202356202020202020A0
:10A3F0000000000020207365742076616C75652074
:10A40000556F7574432020200000000020496F75AF
:10A410007441203D202020202024C0202020202006
:10A420000000000020496F757442203D202020204C
:10A430002025C020202020200000000020496F752A
:10A440007443203D20202020205EC020202020209A
:10A45000000000002055696E7641203D202020201C
:10A460002956202020202020000000002020736595
:10A47000742076616C75652055696E7641202020C8
:10A48000000000002055696E7642203D20202020EB
:10A490002D56202020202020000000002020736561
:10A4A000742076616C75652055696E764220202097
:10A4B000000000002055696E7643203D20202020BA
:10A4C0002B56202020202020000000002020736533
:10A4D000742076616C75652055696E764320202066
:10A4E00000000000C5A02690CAA02790AFF63860F3
:10A4F0002890CEA02990D3A02A90AFF644602B904C
:10A50000D6A02C90DBA02D90AFF654602E90DFA04B
:10A510002F90E4A03090AFF660603190E7A03290C9
:10A52000ECA03390AFF670603490F0A03590F5A0B9
:10A530003690AFF67C603790F8483890F8483990FC
:10A540003A904846F1B301293CD002293AD0032978
:10A550007ED004297CD005297AD0062979D0072914
:10A5600077D0082975D0092974D00A2972D00B290F
:10A5700070D00C296FD00D296DD00E296BD00F290A
:10A580006AD0102968D0112966D0122965D0132904
:10A5900063D0142961D015297ED016297CD01729C3
:10A5A0007AD0182979D0192977D01A2975D01B2982
:10A5B00074D01C2972D01D2970D01E296FD01F297C
:10A5C0006DD000E0ECE0202969D0212968D0222953
:10A5D00066D0232964D024297DD025297BD0262943
:10A5E00079D0272978D0282976D0292974D02A290A
:10A5F00073D02B2971D02C296FD02D296ED02E2904
:10A600006CD02F296AD0302969D0312967D03229FE
:10A6100065D033297DD034297BD000E09DE03529F9
:10A6200077D0362180F8041099F9040007EB8001F7
:10A63000D1E9012357F82010AFF6E400E7F7EEF96F
:10A640000120E7F779F9B74C01222121608805E064
:10A65000A8E0A9E0AAE0ABE0ADE0AEE0E6F735F8AF
:10A66000E08D01224021E6F730F8B4F85A000122CB
:10A670002321E6F72AF8208801222421E6F725F88D
:10A68000A08D01222521E6F720F8B4F85800012218
:10A690005E21E6F71AF804E091E093E094E095E09B
:10A6A00097E0207F00222621E6F70FF894F8480073
:10A6B00000222A21E6F709F894F8740000222821E4
:10A6C000E6F703F8608901222921E5F7FEFF012260
:10A6D000E08E2D2104E07FE080E082E083E049E12C
:10A6E000E5F7F3FFB4F8620001222B21E5F7EDFF57
:10A6F000208901227B21E5F7E8FFA08E01227D2140
:10A70000E5F7E3FFB4F8600001225B21E5F7DDFF28
:10A7100000E031E161684FF6E850814201DD00213F
:10A720006160216B814201DD00212163E16D814285
:10A7300001DD0020E0656068002280B25D21E5F760
:10A74000DEFE206B002280B23C21E5F7D8FEE06DF2
:10A75000002280B23E21E5F7D2FE734C20785328C8
:10A7600044D0662843D0262841D02D2840D0302818
:10A770003FD07E283ED08C283DD090283CD0694CDC
:10A780008434912839D0922840F0D883664898388C
:10A79000B0F8440048B365A36AA264A16FA0FEE3C9
:10A7A00000213FE703213DE706213BE7092139E787
:10A7B00080F804A038E7047136E7067134E780F8C2
:10A7C00004C031E703712FE705712DE780F804809D
:10A7D0002AE780F804B027E7242123E780F804E083
:10A7E00022E72A211EE72D211CE7FEE37BE1FDE3A2
:10A7F000FDE3FDE3FDE3FDE3FDE3FDE320556D61D6
:10A80000696E7341203D202020207B56202020208F
:10A8100000000000207365742076616C756520551A
:10A820006D61696E734120200000000020556D614C
:10A83000696E7342203D202020207D56202020205C
:10A8400000000000207365742076616C75652055EA
:10A850006D61696E734220200000000020556D611B
:10A86000696E7343203D202020205B56202020204D
:10A8700000000000207365742076616C75652055BA
:10A880006D61696E734320200000000020506F75D9
:10A89000744120203D20202020205D5720202020B2
:10A8A0000000000020207365742076616C756520BF
:10A8B000506F7574412020200000000020506F75FB
:10A8C000744220203D20202020203C5720202020A2
:10A8D0000000000020207365742076616C7565208F
:10A8E000506F7574422020200000000020506F75CA
:10A8F000744320203D20202020203E57202020206F
:10A900000000000020207365742076616C7565205E
:10A91000506F7574432020200000000074F1000087
:10A92000ACDE0200F805082010C2072020D1E1EEBD
:10A93000F0EAE02020323030302E30302E3030201F
:10A940000000000020CFCE20CFCBC8D12020202077
:10A9500020202020202020200000000020CFCE201A
:10A96000CCCA202020202020202020202020202091
:10A9700000000000302155E6332153E6F148B0F9DC
:10A980001E0007EB8004F2B1EFA00290F4A0039048
:10A99000F9A00490FE4847F82E00FE486060A060D1
:10A9A000022B02DD86F8048002E0A94200DA317150
:10A9B00099F9040007EB8001D1E9012357F8201031
:10A9C000F5A0FBF7F6B8FAA00290FF480390183004
:10A9D000049000F2947047F82E00EE486060A0608A
:10A9E000022B02DD86F8048002E0A94200DA317110
:10A9F00099F9040007EB8001D1E9012357F82010F1
:10AA0000AFF6AC40DDE7F1A00290F6A00390E0487D
:10AA10000490E0480590012B02DD8998307102E036
:10AA2000A94200DA317199F9040007EB800157F867
:10AA300020204B68F1A1F7A0E6F7F0FF0220E6F72F
:10AA40007BFFFA4C002240212088E5F73EFE0022E1
:10AA500060882321F5F746BBF54802901830039033
:10AA60001830049018300590F2A00690F048783025
:10AA70000790C7480890C7480990012B02DD8998C4
:10AA8000307102E0A94200DA317199F9040007EB54
:10AA9000800157F820204B68D8A1DEA0E6F7BEFF62
:10AAA0000220E6F749FFE14C0022A41D2121208865
:10AAB000E5F70BFE608800224021E5F706FEA0883E
:10AAC00000222321E5F701FEA41D00222088262173
:10AAD000E5F7FBFD608800222A21E5F7F6FD00225C
:10AAE000A0882821B6E794F90100F0B301287DD0B1
:10AAF00002287CD003287BD004287AD0052879D07E
:10AB0000062878D0D14DD24C072875D0082874D0AB
:10AB1000092873D0CF4D0A2871D00B2840F00E823F
:10AB20009C4BCDA01A461146E6F778FFD04C002387
:10AB30000A22D4F8840B012180B2E5F781FD94F854
:10AB40006A0B02220121E6F788FE94F8C701002370
:10AB500005220321E5F774FD94F87B0B00230F22F7
:10AB60000321E5F76DFD288800E00FE000230422B3
:10AB70000221E5F765FD6888002309220221E5F737
:10AB80005FFD00230E22A8880221D5E1814AB9A3E6
:10AB90001146BEA0E6F742FF00230422194640F208
:10ABA0001B40E5F74DFD00230B22194645F27820A6
:10ABB000E5F7F3FC634C002380340422208D02214E
:10ABC00080B2E5F73DFD608E00230522032180B2AF
:10ABD000E5F736FDDE34002360880A220221E5F71E
:10ABE0002FFD00230A22A088032109E024E034E09D
:10ABF000A8E144E286E233E371E382E3FCE3FCE3B1
:10AC0000E5F71EFDA4F5EF7000231322194690F816
:10AC10002C00E5F715FDA34C002305222088012117
:10AC2000E5F70EFD608800230B220121E5F708FD02
:10AC30000023A088112221E2564B9BA11A46A0A016
:10AC4000E6F7ECFEA448002221210078E5F73DFD5F
:10AC5000A248002240210078FEE34E4BA0A01A46F5
:10AC60001146E6F7DBFEA4480023132200881946AC
:10AC700080B2E5F7E5FCA1480023132200880121FA
:10AC800080B2E5F7DDFC9E480023132200880221F4
:10AC900080B2E5F7D5FC9B480023132200880321EE
:10ACA00080B2E5F7CDFC984C00230E22207819469F
:10ACB000E5F7C6FC607800230E220121E5F7C0FC11
:10ACC000A07800230E220221E5F7BAFCE0780023E9
:10ACD0000E220321E5F7B4FC8C4800684FF0000316
:10ACE00080B24FF003024FF00101E5F7A9FC1548CF
:10ACF000002380300322008F022180B2E5F7A0FC00
:10AD00008348032200230088114680B2E5F798FCAF
:10AD1000804C002305222088194680B2E5F790FC7C
:10AD20007D4D002305222888012180B2E5F788FCAB
:10AD3000208829880023401A80B205220221E5F7E5
:10AD40007FFCEBE0F8C0072020C1E0E9EFE0F1F183
:10AD5000204E312020202020202020200000000034
:10AD600020C1E0E9EFE0F1F1204E32202020202048
:10AD7000202020200000000020C1E0E9EFE0F1F1F8
:10AD8000204E332020202020202020200000000002
:10AD900028D40000B8630000CAC0CBC8C1D0CEC25E
:10ADA000CAC020C1C0C9CFC0D1D1CEC200000000EE
:10ADB00020427970617373204E31202020202020A2
:10ADC0002020202000000000C8E900002055E2E219
:10ADD000EEE43D2020202040C22020202020202002
:10ADE000000000002055EFFDF1203D202020202311
:10ADF000C22020202020202000000000202020D180
:10AE0000C8CBCEC2DBD520C2C2CEC4CEC220202049
:10AE100000000000202020202020CAC0CBC8C1D0C4
:10AE2000CEC2CAC020202020000000005CC2072043
:10AE3000AC23010020CFDDD12020F42E42202020A1
:10AE4000202AC220202020200000000010560010E0
:10AE5000125F0010FE5E0010C83520202020202048
:10AE60002020202020202020202020200000000062
:10AE700040F407202020202020202A2A2A2A2A2ABB
:10AE80002A2A202020202020000000002A303030F4
:10AE9000302A3030303030302A202020202020202E
:10AEA0000000000008000010CEF8E8E1EAE820EF1A
:10AEB000F0E8E5ECE0202020202020400000000009
:10AEC000CEF8E8E1EAE820EFE5F0E5E4E0F7E82095
:10AED0002020202100000000B1C40720B2C40720B8
:10AEE00043414E20202020202020202020202020F0
:10AEF000202020200000000082C4072084C40720F6
:10AF000086C4072088C40720E05E001080C10F407F
:10AF1000C80000107EC4072080C40720F94CA06838
:10AF20000023C0F3074005220321E5F789FBA06851
:10AF30000023000E0A2237E3E5F782FB0DF50B7DB7
:10AF4000BDE8F08FF0A3F6A2FB49FCA0E6F766FD92
:10AF5000002305221946FF480078E5F771FBFE48FB
:10AF6000002309220088194680B2E5F769FB4FF4F7
:10AF7000F8700AF02BFE002380B20D221946E5F787
:10AF80005FFBF6480023052201210078E5F758FB16
:10AF9000F348002309220088012180B200E0F4E395
:10AFA000E5F74EFB4FF4FA700AF010FE80B2002372
:10AFB0000D220121E5F744FBEA4800231322008A11
:10AFC000194680B2E5F73CFBE74C00230522A06957
:10AFD000022180B2E5F734FBE44D28880AF0F6FD43
:10AFE00000230A2280B2022107E0FDE3EFE25CE3E6
:10AFF000CCE3FAE3FAE3FAE3FAE3E5F721FB208C8A
:10B0000000230E220221E5F71BFBB4F908000222FF
:10B010005E21E5F725FA606E002380B20522032148
:10B02000E5F70EFB68880AF0D1FD80B200230A2202
:10B030000321E5F705FBB4F84E0000230E2203219F
:10B04000E5F7FEFAB4F9540002222621E5F708FAE2
:10B05000C74800230F2201210078E5F7F1FAC5481F
:10B06000002311220088012180B2E5F7E9FA4FF4AC
:10B07000FB700AF0ABFD002380B21322A5E2AE4BB9
:10B08000BDA01A461146E6F7C9FCC14800230722B5
:10B09000B0F84200194680B2E5F7D2FAB24C00236C
:10B0A0000A2294F83D001946E5F7CAFA002394F8FD
:10B0B00089000C221946E5F7C3FAB648132200218D
:10B0C0000078E6F7CAFBB448072201210068E6F7DA
:10B0D00073FBB248072202210068E6F76DFBB04817
:10B0E000072203210068E6F767FBAE48132202211E
:10B0F0000068E6F761FBAC48132203210068E6F71D
:10B100005BFB1BE78C4BA9A01A461146E6F786FCB1
:10B110009F4C00233C34062219462078E5F790FA2C
:10B1200000230A2219466078E5F78AFA00231022E4
:10B130001946A078E5F784FAA24C13220021A07FDB
:10B14000E6F78BFB94F90C00002380B2102201215A
:10B15000E5F776FA607B002313220121E5F770FA08
:10B1600094F93800002380B210220221E5F768FA32
:10B1700094F83900002313220221E5F761FA94F9CB
:10B180006400002380B210220321E5F759FA94F8F5
:10B190006500002313220321E5F752FA714C0023C6
:10B1A0004934022220780121E5F74AFAE51C002300
:10B1B000287806220121E5F743FAAE1D00233078F6
:10B1C00008220121E5F73CFAA71D002338780A225E
:10B1D0000121E5F735FA04F10C08002398F8000086
:10B1E0000C220121E5F72CFA022260780023114697
:10B1F000E5F726FA6878002306220221E5F720FA0F
:10B200007078002308220221E5F71AFA78780023E3
:10B210000A220221E5F714FA98F8010000230C2213
:10B220000221E5F70DFAA078002302220321E5F7B9
:10B2300007FAA878002306220321E5F701FAB0787F
:10B24000002308220321E5F7FBF9B87800230A223E
:10B250000321E5F7F5F9002398F802000C22A3E199
:10B26000354B59A01A461146E6F7D8FB554C032238
:10B27000203401216078E6F7F0FAA0780023072255
:10B280000121E5F7DDF920780A220121E6F7E5FA48
:10B2900094F82D0003220221E6F7DFFA94F82E003D
:10B2A000002307220221E5F7CBF994F82C000A22AB
:10B2B0000221E6F7D2FA032294F859001146E6F784
:10B2C000CCFA94F85A00002307220321E5F7B8F9D5
:10B2D00094F858000A220321E6F7BFFA2EE6164B2F
:10B2E0003FA01A461146E6F799FB2888002306225C
:10B2F000194680B2E5F7A4F9002303222088012132
:10B300007CE0CFE0004004402020202020202020AE
:10B3100020202020202020202020202600000000A7
:10B32000202020202020202020202020202020201D
:10B330002020205E00000000B8630000CAC5202065
:10B3400020202020202020202020202020202020FD
:10B35000000000001EC0072038C007201FC00720C3
:10B360003AC0072078C10720A8F3072000D80200C0
:10B3700020C007203CC0072020C0C2C0D0C8C820C1
:10B38000202020202020202020202020000000003D
:10B3900078C007200E0000102000001028000010C8
:10B3A000240000102C000010300000102A2A202059
:10B3B000202020202020202020202020202020208D
:10B3C00000000000F80508202A2A2A20202020203A
:10B3D00020202020202020202020202000000000ED
:10B3E000E831202020202020202020202020202084
:10B3F00020E8313500000000B9E0D7E0E5F720F99A
:10B400006088002303220221E5F71AF90322A088AD
:10B4100000231146E5F714F9E088002307220121F3
:10B42000E5F70EF92089002307220221E5F708F944
:10B430006089002307220321E5F702F9A089002390
:10B440000B220121E5F7FCF8E08900230B22022101
:10B45000E5F7F6F8208A00E001E100230B22032142
:10B46000E5F7EEF8608A00230F220121E5F7E8F8FE
:10B47000A08A00230F220221E5F7E2F8E08A0023E8
:10B480000F220321E5F7DCF8208B00231322012192
:10B49000E5F7D6F8608B002313220221E5F7D0F8F8
:10B4A000A08B61E0FF4B1A461146FFA0E6F7B6FA03
:10B4B000288800230622194680B2E5F7C1F8E08B00
:10B4C000002303220121E5F7BBF8208C002303228F
:10B4D0000221E5F7B5F80322608C00231146E5F759
:10B4E000AFF8A08C002307220121E5F7A9F8E08C32
:10B4F000002307220221E5F7A3F8208D002307226D
:10B500000321E5F79DF8608D00230B220121E5F76B
:10B5100097F8A08D00230B220221E5F791F8E08D2A
:10B5200000230B220321E5F78BF8208E00230F2246
:10B530000121E5F785F8608E00230F220221E5F74F
:10B540007FF8A08E00230F220321E5F779F8E08E23
:10B55000002313220121E5F773F8208F0023132223
:10B560000221E5F76DF8608F002313221CE0CD4B1C
:10B57000D3A01A461146E6F751FA2888002306227E
:10B58000194680B2E5F75CF8A08F00230322012161
:10B59000E5F756F8E08F002303220221E5F750F883
:10B5A000B4F84000002303220321C5E4BD4BCAA028
:10B5B0001A461146E6F732FA2888002304220121B0
:10B5C000E5F73EF86888002309220121B4E4C84B5E
:10B5D0001A4611460846E6F721FA94F90100C0B16F
:10B5E000012829D0022827D019283BD01A2844D076
:10B5F0001B284DD01C287FF484ADBE48BC4BC078BE
:10B600001A4601284FD0BC49BCA000BFE6F706FA95
:10B6100094E4C048B64B00681A46C00709D0BE493A
:10B62000BEA0E6F7FBF9B34800225D215C38408BF1
:10B6300098E3B149B9A0E9E701218140B548AC4B95
:10B6400000681A46014201D0B34900E0AA49B9A0F6
:10B65000E6F7E4F994F90100002280B22121E5F730
:10B6600034F86BE4A348A24B00781A46012802D0B4
:10B67000A149B6A0CAE7A849FBE79E489C4B407881
:10B680001A46012802D09C49B6A0BFE7A249FBE7B1
:10B690009848974B80781A46012802D09649B7A05F
:10B6A000B4E79D49FBE79C49AEE7BA4890F8230010
:10B6B000012814D0022814D0032814D0062814D04E
:10B6C0000C2814D0B4A10291B9A1039188B1BEA1F4
:10B6D0000491C3A105918649153106910CE0C6A1DC
:10B6E000F1E7CBA1EFE7D0A1EDE7D5A1EBE7DAA138
:10B6F000E9E77F491531049194F9011094F9042088
:10B70000914201DA217104E08A1A012A01DD4A1E00
:10B710002271022902D108B10220207194F904009B
:10B7200007EB800157F820204B68D149D1A0E6F7FC
:10B7300075F90220E6F700F9964C0022803440218A
:10B74000608DE4F7C2FF00222321A08DE4F7BDFF46
:10B7500000222421E08DE4F7B8FF00222521208E6D
:10B76000E4F7B3FF00225E21A08EE4F7AEFF60484D
:10B77000618E343800EB81006FF001022621E4F77E
:10B7800091FF00222821E08E69E746E394F9010049
:10B7900010B1012805D00AE0BCA3BCA2BBA1C1A086
:10B7A00003E0C6A3C5A2C5A1CAA0E6F737F994F97C
:10B7B00002000022401C80B22121E4F786FF94F9A8
:10B7C00002000022801C80B22121E4F77EFF94F960
:10B7D00002000022C01C80B22121E4F776FF94F918
:10B7E000020000EBC00004E013E3DCE16EE2C1E222
:10B7F000F4E2BE4D00EB400005EB80000A268069B4
:10B80000002290FBF6F080B25E21E4F75EFF94F92F
:10B810000200002200EBC00000EB400005EB8000BE
:10B820005E21D0F8840090FBF6F080B2E4F74DFF83
:10B8300094F90200002200EBC00000EB400005EB91
:10B8400080005E21D0F8F00090FBF6F080B2E4F7C3
:10B850003CFF94F90200012200EBC00000EB400025
:10B8600005EB80004021C06980B2E4F72EFF94F917
:10B870000200012200EBC00000EB400005EB80005D
:10B880004021D0F8880080B2E4F71FFF94F902004D
:10B8900000EBC00000EB400005EB8000D0F8F400A6
:10B8A00080B225E1B8630000E83136202020202056
:10B8B000202020202020202020E83330000000001D
:10B8C000E83331202020202020202020202020208C
:10B8D00020E8333300000000474C202020202020A7
:10B8E00020202020202020202020202000000000D8
:10B8F000ACDE0200D4C10720EC310100202020C0C2
:10B90000E2E0F0E8FF20D1CA2E204E342020202093
:10B9100000000000200000101C300100202020202A
:10B92000C0E2E0F0E8FF2020F1E5F2E8202020204E
:10B9300000000000202020C0E2E0F0E8FF20E1E06D
:10B94000F22E204E2120202000000000202020C0C8
:10B95000E2E0F0E8FF20D1CA2E204E312020202046
:10B9600000000000202020C0E2E0F0E8FF20D1CA63
:10B970002E204E322020202000000000202020C059
:10B98000E2E0F0E8FF20D1CA2E204E332020202014
:10B990000000000078C0072020E2FBEAEBFEF7E59C
:10B9A000ED2020202020202020202020000000004A
:10B9B00020C4EBE8F2E5EBFCEDEEF1F2FC202020F8
:10B9C0002028F72E0000000020EEF7E5F0E5E4ED7A
:10B9D000EEE520E2EAEBFEF7E5EDE8E50000000029
:10B9E00020203025202026305E202030403A302391
:10B9F0003A3024200000000020F0E0E720E220ECB4
:10BA0000E5F1FFF62020202020202020000000006B
:10BA100020F0E0E720E2203220ECE5F1FFF6E02024
:10BA2000202020200000000020F0E0E720E220336A
:10BA300020ECE5F1FFF6E0202020202000000000AF
:10BA400020F0E0E720E220EFEEEBE3EEE4E0202060
:10BA5000202020200000000020F0E0E720E220E38A
:10BA6000EEE42020202020202020202000000000C4
:10BA7000E8240100202020C0C2D2CECCC0D2C8D73A
:10BA8000C5D1CAC8C92020200000000020212020E4
:10BA900020205E2020202020202040202020202345
:10BAA00000000000204E20202055202020202020B3
:10BAB00049202020202050200000000020212020AC
:10BAC000202040202020202023202020202024204F
:10BAD00000000000204E202020492020202020505F
:10BAE00020202020207420200000000040F40720A7
:10BAF00001224021E4F7E9FD94F90200002200EB65
:10BB0000C00000EB400005EB80002321B0F93000BD
:10BB1000E4F7A6FC94F90200002200EBC00000EB61
:10BB2000400005EB80002321B0F99C00E4F798FC6D
:10BB300094F90200002200EBC00000EB400005EB8E
:10BB400080002321B0F90801E4F78AFC94F902008F
:10BB5000002200EBC00000EB400005EB8000242138
:10BB6000006A00B2E4F77CFC94F90200002200EBCA
:10BB7000C00000EB400005EB80002421D0F88C00D1
:10BB800000B2E4F76DFC94F90200002200EBC00063
:10BB900000EB400005EB80002421D0F8F80000B253
:10BBA000E4F75EFC34E5D5A00290DAA00390DFA0B4
:10BBB0000490E4A00590E9A00690EEA00790F3A001
:10BBC0000890F848099094F9010094F90410421A79
:10BBD000022A01DD801E01E0884200DA207194F91A
:10BBE000040007EB8001D1E9012357F82010EEA0F3
:10BBF000E5F714FF0120E5F79FFEF14C002221211B
:10BC0000B4F8600080B2E4F760FDB4F96400A0F11C
:10BC100032011E2905D80022402180B2E4F755FDEB
:10BC200005E06FF001024021E648E4F73BFDB4F87F
:10BC300062000022232180B2E4F747FDB4F96600D8
:10BC4000A0F132011E2905D80022242180B2E4F798
:10BC50003CFD05E06FF001022421DA48E4F722FD03
:10BC6000B4F9660032381E2807D8B4F868000022FC
:10BC7000252180B2E4F729FD05E06FF001022521BE
:10BC8000D048E4F70FFDB4F96A00A0F13201282989
:10BC900005D800225E2180B2E4F717FD05E06FF0C1
:10BCA00001025E21C748E4F7FDFCB4F96A003238AE
:10BCB000282804D800222621B4F86C0052E06FF046
:10BCC00001022621BF48E4F7EDFCA1E4BC4DBEA073
:10BCD0000290E87F98B1C2A00390C7A00490CCA0C6
:10BCE0000590B0480690042085F8250094F90100DD
:10BCF00094F90410421A022A07DD801E07E0A948C1
:10BD00000390C94804900120EEE7884200DA2071D0
:10BD100094F9040007EB8001D1E9012357F82010C2
:10BD2000C2A0E5F77BFE0120E5F706FEE87F6FF095
:10BD30000702012818D0022819D0D2102121C1A051
:10BD4000E4F7B0FC35F86E0F0022232180B2E4F74F
:10BD5000BCFC68880122242180B2E4F7B6FC0122F1
:10BD6000A888252180B27AE42121B8A0E8E7212122
:10BD7000BAA0E5E7BD48AC4BBDA2B0F8440010B195
:10BD8000C1A1C7A001E0CCA1D1A0E5F747FED648EC
:10BD900000230C220088012180B2E4F751FCD34833
:10BDA00000230F220088012180B2E4F749FCD0482B
:10BDB000002312220088012180B2E4F741FCCD4823
:10BDC000CFA1B0F900000090CB48B0F90030CB48CB
:10BDD000B0F90020CD480DF0AFFB19E4A348B0F84E
:10BDE000440030B1CA4B194603F1180201F130008A
:10BDF00003E0C8A3CDA2C7A1D2A0E5F70FFEC349B7
:10BE000000200939225C0A54401CC0B25028F9D3E2
:10BE100027E4C0A3C5A2BFA1CAA0E5F7FFFDBB49A7
:10BE200000200939225C0A54401CC0B25028F9D3C2
:10BE300017E42DE9F043C948016A41F40011016299
:10BE4000416B21F400114163016A21F0F861016244
:10BE5000C349CA6CC34B1A40CA64016C41F4807177
:10BE60000164416D21F4807141654FF46161491EA7
:10BE7000FDD1016C41F480710164416D41F4807128
:10BE80004165406BDFF8E49160F0F860820D09F1E4
:10BE90008009A9F25710C9F80C20494604780D69A9
:10BEA00041788378A2F5407605F07F074FF00108CE
:10BEB0004FF0000CA0F12900FF3E01D0AA421BD098
:10BEC00080F82DC0042C00D231B190F82E401CB95E
:10BED00080F82F8080F82850994203D380F82F8073
:10BEE00080F8287080F82EC0142180F82B1080F87C
:10BEF00029C080F82AC058E136E100002074F8EA31
:10BF00002E6D61783D2020202020202021B043206C
:10BF1000000000002074E2E5EDF22E6D61783D2016
:10BF20002020202040B04320000000002074F8EAC8
:10BF30002EF0E5E32E3D20202020202023B04320BA
:10BF4000000000002074EEF2EAEB2EEDE0E3F02EAC
:10BF50002020202024B04320000000002074E2EACA
:10BF6000EB2EEDE0E3F02E202020202025B0432012
:10BF7000000000002074EEF2EAEB2EE1E0F22E2049
:10BF8000202020205EB04320000000002074E2EA60
:10BF9000EB2EE1E0F22E20202020202026B04320AE
:10BFA0000000000028D40000202020CACBC8CCC04C
:10BFB000D2CACECDD2D0CECBDC20202000000000D3
:10BFC00078C00720541F010020C2FBE2EEE42020CD
:10BFD00020202020202020202120202000000000E0
:10BFE0002055EEF2EAEB2EED2EEF2EED2E20202046
:10BFF0002024C220000000002055E2EAEB2EED2EA6
:10C00000EF2EED2E202020202025C2200000000051
:10C010002054E72EED2EEF2EED2E20202020202084
:10C020002023F12E00000000B863000020CEF2EAC9
:10C03000EBFEF7E5EDE8E520CD2ECF2ECD2E20202E
:10C0400000000000C2FBEAEB2E000000D0E5EBE5AB
:10C0500020E2E5EDF22DF0E000000000D0E5EBE598
:10C0600020C0C22EC1C0D2320000000078C107201B
:10C0700020574731323233324C33202020202020C9
:10C08000202020200000000020D1E1EEF0EAE02096
:10C0900020303030302E30302E3030200000000084
:10C0A00020C2E5F0F1E8FF202020202020202020E1
:10C0B0002020202000000000446174652020202002
:10C0C00020303030302E30302E3030200000000054
:10C0D00056657273696F6E2020202020202020205A
:10C0E00020202020000000003AE102003CE1020094
:10C0F0003EE1020038E1020036E1020034E10200D4
:10C1000025642E25642E25640000000097C20720B8
:10C110002CA9010020446174652020202032303099
:10C12000302E30302E30302000000000536F667407
:10C13000776172652076657273696F6E20504C442A
:10C1400000000000536F6674776172652076657237
:10C1500073696F6E204350550000000000C0092035
:10C1600000C00240FF0FC0FF641CE4B280F8294009
:10C17000042C1AD3491CC9B280F829C080F82A10AF
:10C18000994212D380F8287080F82AC080F82F8056
:10C1900080F82E8090F82D1039B1590880F82B10B6
:10C1A000022902D8022180F82B10C9F81020BDE81E
:10C1B000F0832DE9F04FFB4887B090F82F0000285E
:10C1C00005F01987DFF8E0A30024AAF18005AAF89A
:10C1D0002A40F44AAAF82C40288F90709471104697
:10C1E000B2F9441090F828000A2917DAFD2811D076
:10C1F0007D280FD0FB280DD07B280BD0F72809D045
:10C20000772807D0EF2805D06F2803D0FE2801D06B
:10C210007E2803D1E5490C80E5490C70E24B983348
:10C22000F92819787ED00126E7287CD07928C7D054
:10C2300091467A2878D0A3F118029C46177F9CF982
:10C24000012098461346521C52B201925A1E52B215
:10C2500096467A1E52B27F1C00927AB202929CF9E4
:10C2600002C053297DD0D34A4FF47A7B002912684B
:10C27000039277D0CC4F4FF003089837142972D02F
:10C28000082971D0092970D089296FD08A296ED0E8
:10C290008B296DD030296CD08D296BD08E29FCD0A4
:10C2A0002829EED06C2966D06D2965D06E297DD005
:10C2B0006F29FCD082297AD0872979D0812978D03A
:10C2C000802977D0592976D03A461629FBD01729EC
:10C2D000F9D02929F7D02A29F5D06129F3D03229BC
:10C2E000F1D07F29EFD01746212965D02B297DD0A9
:10C2F0007B297CD0983A7C29B2F918707AB277D031
:10C30000102976D0492975D0512901F0A1845229EC
:10C3100001F072852F2901F0A286712901F063874F
:10C32000882902E093E0A5E0AFE001F08D87932932
:10C3300002F0D885942902F05887332903F0418010
:10C34000712903F0A180722903F0CF80732903F0D3
:10C350000081742903F0E981752903F01D82762993
:10C360000BE09FE030E1B6E2C5E3DDE2F4E215E385
:10C3700032E36DE394E3C7E3E0E303F06B827729F4
:10C3800003F0A282782903F0D582832903F00B837E
:10C39000842903F03B83852903F067841F2903F078
:10C3A00032853A2903F024863B2906E0E6E3F1E3EF
:10C3B000F1E3F1E3F1E3F1E3F1E303F066867029E1
:10C3C00003F0FC86862903F06F878F2904F07E80B6
:10C3D000562904F0AF80552904F00081572904F054
:10C3E000F182582904F06385392904E0F9E3F9E37F
:10C3F000F9E3F9E3F9E305F04F81632905F08A8158
:10C40000652905F014827D2905F0AE82DFF898C118
:10C4100069290CF1980C05F02A846729FBD06B2957
:10C4200005F02B846746662905F03D84E2462D29F8
:10C4300005F05C843D468C2905F02985902905F09E
:10C44000E2859129FBD09229F9D005F0D4BD53297A
:10C450000DD05548002380301A468169C0F81D1060
:10C46000017F80F821100B21532001F0DCBE002158
:10C4700005F0EFBB4C48532180308660002009F066
:10C4800025F94D49FF200860DFE792F83310104688
:10C4900029B180F8334000BF82F82D40D5E780F8FD
:10C4A0003360F9E74F46EF2813D0F72816D04546FA
:10C4B000012B1DD0052B3FD0072B45D0082B43D097
:10C4C000092B41D0FD2855D0FB2856D0FE285CD042
:10C4D000BBE70199404688F8011002E0404688F821
:10C4E00001E004710B22002108F1010002F075B88F
:10C4F000FD2809D1ACF1010C85F802C03C220021D5
:10C5000008F10200E8F753FC97F82800FB2807D150
:10C51000A8783C22401CA8700021A81CE8F747FC22
:10C5200097F82800FE2890D1A7F846402C706C7030
:10C53000AC70EC702C7188E77E2886D11F480168AA
:10C5400021F00101016080E7FE289DD1B7F8480085
:10C5500068B11B49002000BF21F81040401CC0B248
:10C560002128F9D31748A9F8484004806DE7A9F8B5
:10C5700048606AE70098287101E088F804200422E6
:10C58000002108F1040002F06FBE082307220621F3
:10C5900005208DE80F00042303220221012003F06F
:10C5A000F5BF000078C0072078C1072038C00720F9
:10C5B0001EC007202400001080C10F40004004402E
:10C5C000125F001010560010FD49FB28B1F91E80C3
:10C5D000B1F91420B1F920C002EB080901F1800281
:10C5E000B2F90C7019D0FD2829D0B1F91420B1F995
:10C5F0001E107B28114428D07E289CD06B2835D073
:10C600007D2838D0F72896D0EF2894D0772892D07C
:10C610006F2890D0FE2830D017E7EA480199417082
:10C6200010E0012100E000214944BCF1010F01D0DC
:10C63000002200E00122891A093102F06BBFE148B3
:10C6400080F801E0012FEED1EBE7012F0AD00020A6
:10C650000844BCF1010F07D00021401AD949093024
:10C66000487036E10120F3E70121F6E700231A467E
:10C6700019461F20F9E6D348F2E3DFF84893EBB1FF
:10C68000012F3AD05FF00000BCF1010F37D000223B
:10C69000801A801C98425CDA012F32D05FF00000D3
:10C6A00000EB0802BCF1010F2DD00020101A801CF5
:10C6B00098424EDBBCF1010F27D036E00398C24D03
:10C6C0000028A9D000231A4619466620E5F784F908
:10C6D00027464C4609E0491C48B26070202804DB1C
:10C6E00000210846E5F765F92F6094F901102A68E2
:10C6F00006FA01F01042EED0A7E60120C4E70122BD
:10C70000C6E70120CCE70120D0E7012F11D000209F
:10C71000181A801EC3B2002211468D20E5F75CF97D
:10C720005022AA49AA480DF0B1F8288C032802D05B
:10C730008BE60120ECE7BAF80C0099F9011001280A
:10C7400000D00020081AC01E0022C3B211468E205D
:10C7500028E0012F2ED0002000EB0802BCF1010FD1
:10C760002AD00020101A801C98422FDA012F25D0E1
:10C7700000200A18BCF1010F22D00020101A801CE2
:10C78000984223DBA3EB0800012F1BD00021401AA5
:10C79000BCF1010F18D000210844C01EC3B2002212
:10C7A00011468B20E5F718F95022884988480DF08A
:10C7B0006DF84AE60120CFE70120D3E70120D8E752
:10C7C0000120DBE70121E2E70121E5E7012F0FD09E
:10C7D00000200A18BCF1010F0CD00020101AC01C58
:10C7E000984209D100231A461946302002F0A9BE0A
:10C7F0000120EEE70120F1E7012F0ED000200A18FA
:10C80000BCF1010F0BD00020101A001D984208D176
:10C8100000231A4619466C209DE30120EFE7012012
:10C82000F2E7BCF1010F15D05FF00000C0F101008C
:10C83000B84200D000268819401D98420CD1002330
:10C840001A4619461620E5F7C7F83220E3F72DFD02
:10C8500005F0CFB80120E9E7012F0ED000200844F1
:10C86000BCF1010F0BD00022801A801D984208D124
:10C8700000231A4619467B206DE30120EFE70122D1
:10C88000F2E7012F0CD000200844BCF1010F09D0C1
:10C890000022801AC01D984206D189F80140D4E5D3
:10C8A0000120F1E70122F4E7012F0ED00020084417
:10C8B000BCF1010F0BD00021401A08309842EED194
:10C8C00000231A461946902045E30120EFE7012195
:10C8D000F2E75846DAE2002211461046E3F7B8FCC8
:10C8E00099F82800FD2802D0FB2873D00BE07A7855
:10C8F0003846521E52B27A70032A6CD0012A47D0B1
:10C9000099F8251053E1FE2844D040B99DE50094E4
:10C9100001940294039497F9020003F033BE0021BE
:10C9200003F0AEBB0020B1E25846E3F7BEFC0022A4
:10C9300011461046E3F78CFC99F82800FD2876D0C4
:10C94000FB2875D0F728EAD0A0E1417004228FE3DC
:10C95000781C18E6787859E3002211461046E3F770
:10C9600077FC99F82800FD2809D0FB28CBD17978ED
:10C970003846491C49B2797003297CDBC0E77978D5
:10C980003846491E49B27970032924D00129B7D10C
:10C990004470B5E779780429C1D1B8E7002211467F
:10C9A0001046E3F755FC99F82800FD289FD0FB2896
:10C9B00010D0FE281ED197F9010099F8251059E1F1
:10C9C000F8C0072010C207202400001044DF020036
:10C9D0007C0608207AE077E0002211461046E3F753
:10C9E00037FC99F828004D46FD28C8D0FB2802D016
:10C9F000FE2821D0F5E279783846491C49B2797091
:10CA0000032901DA80F8018095F82510781C4AB2D4
:10CA10000021E8F7CCF9AAF83E40AAF84040AAF86D
:10CA20004240B5F8480020B1A5F848400DE5A5E121
:10CA3000A5E1A5F8486008E599F8250097F90120D7
:10CA4000431E9A4253D10022BB781146912082E2C4
:10CA5000002211461046E3F7FBFB99F82800FD2859
:10CA60000AD0FB280CD0EF2814D07E2814D0F72849
:10CA700070D002F0A2BC30E0B9783846491E02E01E
:10CA8000B9783846491C8170A98AC91E4AB200216A
:10CA9000B81C78E57E70D8E4F24880F86D42D4E4A2
:10CAA000002211461046E3F7D3FB99F82800FD2831
:10CAB0003FF41DAFFB2809D0FE2811D091E20023DE
:10CAC0001A461946922046E2467019E77A783846A7
:10CAD000521C52B27A70032AF7DA80F801800FE70D
:10CAE00099F8250097F90120411E8A42E7D0824239
:10CAF0003FF415AFA9E45846E3F7D7FB99F82800AF
:10CB0000F728F5D005F074BA5846E3F7CEFB99F84C
:10CB10002800FD2804D0FB2806D0FE2809D094E484
:10CB200079783846491E3EE07978491C7970298B1E
:10CB30003DE097F90100B5F918109BE05846E3F77E
:10CB4000B4FB99F82800FD2805D0FB2807D0FE2863
:10CB50000CD07AE481E279783846491E02E079788F
:10CB60003846491C4170298B891C20E0B5F9180012
:10CB700097F90110801C8142BAD066E45846E3F769
:10CB800094FB99F82800FD28CAD0FB2808D0FE287D
:10CB90000FD05AE415E053E06FE07BE094E015E23B
:10CBA00079783846491C4170E98A2A8B11444AB287
:10CBB0005EE2B5F91610B5F9182097F90100114495
:10CBC00058E05846E3F771FB99F82800FD280DD08E
:10CBD000FB280FD097F90110012912D0FE282CD084
:10CBE00033E428E2B5E2F1E2FFE252E37978384635
:10CBF000491E02E079783846491C41700222012121
:10CC0000A6E6EF2806D06F2804D0F72806D07728AC
:10CC100004D008E0BAF83010491C02E0BAF830102D
:10CC2000491EAAF830100B2201218F48E8F7CAF8F4
:10CC3000BAF930104FF418702CE302299CD004E4A8
:10CC40005846E3F732FB99F82800FD2804D0FB286A
:10CC500006D0FE280AD017E479783846491E02E04B
:10CC600079783846491C4170698BA0E797F9010033
:10CC7000B5F91A108842E1D006E45846E3F715FBEF
:10CC800099F82800FD2879D0FB2878D0FE283FF4B9
:10CC900061AE1DE45846E3F708FB99F82800FD282B
:10CCA00004D0FB2806D0FE280AD011E47978384653
:10CCB000491E02E079783846491C41700822D7E1C4
:10CCC00078780828BAD036E43220E3F7EEFA99F8FB
:10CCD00028104F46EF290AD0F7290DD062481630A8
:10CCE000FD2912D0FB2917D0FE2920D023E45E486D
:10CCF00068304178491C03E05B4868304178491E40
:10CD000000F8011F02220021C5E25749683191F95C
:10CD10000110425C521C05E05349683191F9011041
:10CD2000425C521E4254084409220021ECE790F96B
:10CD300001104D4D01EB81014A0090F9001090F96E
:10CD4000020001EBC10303EB011102EB8101683525
:10CD50000844297880B2592912D0162978D0172989
:10CD600077D0612976D04F2975D0322974D02A29FD
:10CD700073D0292972D07F2971D04DE435E138E193
:10CD8000394A95F902108A3A394C535C374A394E80
:10CD9000DFF8E480552B40F2D2233AD0984233D1C9
:10CDA00032F91100552108F0BBFE344F397895F95E
:10CDB000020034F9100008F0B3FE397B95F9020047
:10CDC00036F9100008F0ACFEB7F9101095F9022002
:10CDD00038F9120008F0A4FE95F90200284931F94B
:10CDE000100045F2555108F09BFE95F902002549C7
:10CDF00031F91000002108F093FE95F90200224954
:10CE000031F91000002120E000210846E4F7D1FDAF
:10CE100051E09842F8D132F91100AA2108F080FEC1
:10CE2000164F397895F9020034F9100008F078FEB1
:10CE3000397B95F9020036F9100008F071FEB7F958
:10CE4000101095F9022038F9120008F069FE66E525
:10CE50001FE03AE042E052E05BE071E07EE088E013
:10CE6000DBE3000040F40720A8C107200CD8020033
:10CE700010D8020014D8020008D802002C4002404A
:10CE80001CD8020018D80200FCD70200E3F70DFA04
:10CE900032E4B82808D100210846E4F78AFD0023CF
:10CEA0001A461946102056E000210846E4F781FD95
:10CEB000BAF84400F0B3F84BF8A2FEA1CDF800B0E8
:10CEC000F54800BFE4F7D9FD16E4A0F540716939D3
:10CED000EAD10846E4F76DFDFFF7C8BBA0F5407145
:10CEE000B53991D10846E4F764FD00231A460121C3
:10CEF0006220E4F771FD0A2087F8300012E5A0F502
:10CF00008071273980D16E702C710A2089F8300029
:10CF10000EE4A0F54071E739E3D10846E4F749FD96
:10CF2000EA48047044708470C47004714471847160
:10CF3000C47100E044E04472847242F21070A5E7CC
:10CF40007D28CED10021AC780846E4F732FD0022DE
:10CF5000234611462B20E4F73FFDBAE47E28C0D1DA
:10CF600000210846E4F725FD00231A4619462C2027
:10CF7000F1E7A0F50071B33996D10846E4F719FD41
:10CF8000002140F6026008F07FFF00214FF460604E
:10CF900008F07AFF00210846E4F70BFDCC48BE4BB1
:10CFA0000460CC480460CC480460BAF84400CDF872
:10CFB00000B010B1C9A2CFA182E7D4A2D9A17FE766
:10CFC000B54BDEA2E3A1CDF800B079E75846E3F710
:10CFD0006CF999F82800FD2807D0FB2809D0FE2815
:10CFE0000BD0F7283FF433AF59E479783846491E1F
:10CFF000ABE479783846491CA7E497F9010040B1C1
:10D0000001280BD0022810D003280ED00428E9D024
:10D0100045E400231A461946292003E000231A4656
:10D0200019462D20E4F7D8FC12E4801E0022C3B27A
:10D0300011462A20F6E7002211461046E3F708F9C8
:10D0400099F82800FD280AD0FB280CD097F9011088
:10D050003D4679B1012902F0B0817C701FE47978F6
:10D060003846491E02E079783846491C4170012251
:10D0700000216DE4FE28B7D1BC48017801290CD10C
:10D08000BB4A95F902101278914206D10470B94852
:10D09000002104804FF4F870CEE5A878E4F780FD15
:10D0A000B5480078A0B1012817D065281DD06628A2
:10D0B00020D0672823D0682827D069282AD06A285A
:10D0C0002DD06C2831D06B282FD0642834D01DE4AB
:10D0D00040F6B830A9A3009025E040F6B830ADA3E3
:10D0E000B2A20090B7A1BDA0ECE640F6B830C1A353
:10D0F000009008E040F6B830C4A3009003E040F68A
:10D10000B830C8A30090CDA2ECE740F6B830D1A368
:10D11000009008E040F6B830D4A3009003E040F659
:10D12000B830D8A30090DDA2DCE740F6B830E1A328
:10D13000DAA2E6A10090D6E76878574B002840F6BF
:10D14000B830E8A2009002D0ECA1F248BAE6F2A111
:10D15000FBE700210846E3F793F80022114610464A
:10D16000E3F776F899F82800FD2809D0FB280BD0C2
:10D170007B2811D0F7283FF46AAEFE2810D055E482
:10D1800079783846491E02E079783846491C417062
:10D19000BAF81810491C0AE5BAF81800787045E486
:10D1A000BAF9181097F901204B1C9A4205D121B108
:10D1B00000231A4619467F2034E78A42DBD0002933
:10D1C000D9D000227B7811467C2035E2FD2809D099
:10D1D000FB287FF44CA9D648DDF8081000F8041F9E
:10D1E000002156E4D2480099F8E75846E3F75DF885
:10D1F0000F21A9F8581099F828004D46FB2832D085
:10D20000FD2831D07B2830D07D282FD0C84F97F90A
:10D21000011039B301292AD0022929D0042928D0A4
:10D22000052927D0062926D0082925D0092924D068
:10D230000A2923D00B2922D00C2921D00E2920D055
:10D240000F291FD011291ED012291DD013291CD03F
:10D2500014291BD015291AD0172904F0C9861829BA
:10D2600016D018E4DBE165E1A3E1CFE1D3E1E4E12D
:10D27000EAE1F6E1FCE107E212E220E228E22EE236
:10D280004BE2ABE2B1E2B7E2BDE23BE34CE35AE38F
:10D290008BE397E356E3FEE3B863000020202020F1
:10D2A00020EDE5E2E5F0EDFBE92121212020202021
:10D2B0000000000020202020202020CFE0F0EEEB16
:10D2C000FC2020202020202000000000E40A08206C
:10D2D0002400001020000010280000102020202032
:10D2E0002020EEF7E8F9E5ED212121202020202063
:10D2F00000000000202020C6F3F0EDE0EB20F1EE6E
:10D30000E1FBF2E8E920202000000000202020209E
:10D310002020636C656172202121212020202020A3
:10D320000000000020202020204576656E74206CCF
:10D330006F672020202020200000000020202020D7
:10D340002070617373776F72642021212120202067
:10D35000000000002020202020202057726F6E67E0
:10D360002020202020202020000000001EC00720B8
:10D370001FC0072038C0072021C0072020CFF0E8B9
:10D38000F7E8EDE020EDE5E8E7E2E5F1F2EDE02099
:10D3900000000000E2FBF0E0E2EDE8E2E0FEF9E888
:10D3A000E920E7E0F0FFE4200000000020EDE5E2E6
:10D3B000EEE7ECEEE6EDEE2E20C8E4E5F2202020CC
:10D3C000000000002020E5ECEAEEF1F2E820E1E0C8
:10D3D000F2E0F0E5E820202000000000C2EAEBFEC9
:10D3E000F7E5EDE8E520EAEEEDF2F0EEEBFF2020C8
:10D3F000000000002020202020EDE520E2E2E5E40E
:10D40000E5EDE0202020202000000000202020ED7D
:10D41000E520EFEEE4EAEBFEF7E5EDE0202020204A
:10D42000000000002020202020EFE5F0E5E3F0E5FB
:10D43000F2E02020202020200000000020EDE5E286
:10D44000EEE7ECEEE6EDEE2EC1E0F2E0F0E5FF20D7
:10D45000000000002020202020C0F1E8ECECE5F2E4
:10D46000F0E8FF2E202020200000000020C1E0F284
:10D47000E0F0E5FF20E7E0F0FFE6E0E5F2F1FF2075
:10D4800000000000C1E0F2E0F0E5FF20F0E0E7F08E
:10D49000FFE6E0E5F2F1FF20000000002020202060
:10D4A00020EDE5E2EEE7ECEEE6EDEE2E202020208A
:10D4B000000000002020202020C8E4E5F220CAC59A
:10D4C000C120B932202020200000000020E5ECEA35
:10D4D000EEF1F2E820E1E0F2E0F0E5E820B93120F9
:10D4E000000000002020202020C2CACBDED7C5CDFE
:10D4F00021212120202020200000000020202020A9
:10D5000020C1C0D2C0D0C5C8204E3220202020204B
:10D5100000000000982501002020202020C1C0D25A
:10D52000C0D0C5C8204E312020202020000000009F
:10D5300010C20720F94DAC706878401C40B268708A
:10D54000022812D0032812D0062812D0072812D0A1
:10D550000C2812D00D2813D00F2813D0102813D068
:10D56000152822D0162822D010E02E710EE00420BB
:10D570000BE0052002E0082007E00B20287105E001
:10D580000E2002E00E20F9E7112068701822002119
:10D59000681CE7F70CFC95F9010095F90410411A95
:10D5A000022944F32885801E2CE01420E6E717208A
:10D5B000EBE7DA4DAC706878401E40B26870032823
:10D5C0000AD007280AD00D280AD00F280AD0102820
:10D5D0000BD0162818D009E0022004E0062002E053
:10D5E0000C2000E00E20687000E069702422002109
:10D5F000681CE7F7DCFB95F9010095F904108842F7
:10D6000084F2F984287143E41520ECE7C34818211B
:10D61000847003F06DBDC1488470447038E4FE2806
:10D62000F1D195F83800002876D10023642089F8DC
:10D6300030001A4619464920FDE3FE28E3D10023B5
:10D640001A461946512005E0FE28DCD100231A466F
:10D6500019465220E4F7C0F95846E2F726FE03F0D7
:10D66000FFB9FE28CFD100231A4619462F201FE00C
:10D67000B5F85C0010B1A5F85C4001E0A5F85C606D
:10D68000B5F95C1086208BE1B5F85A0010B1A5F809
:10D690005A4001E0A5F85A60B5F95A1080207FE1A0
:10D6A00099F838000028BFD100231A461946932064
:10D6B000E4F792F95846E2F7F8FD3C7104E499F872
:10D6C00038000028B0D100231A4619469420EFE70D
:10D6D000FE2898D100231A46194688203BE4EF28FB
:10D6E00006D06F2804D0F72807D0772805D00FE49C
:10D6F000BAF802005446401C03E0BAF8020054464F
:10D70000401E60808548642201219638E7F75AFB65
:10D71000B4F90210FE2043E198E14FF4F073590090
:10D720004FF4B4574D008E007A004FF078084FF058
:10D73000F00C4FF48079EF2806D06F2804D0F7283A
:10D7400038D0772836D04FE4BAF904005446782808
:10D7500007D0F02808D0984219D0884206D1A58079
:10D7600016E0A4F804C013E0A38011E0A84201D1A0
:10D77000A6800DE0B04201D1A78009E0B84201D1F6
:10D78000A28005E0904202D1A4F8048000E0A180CC
:10D79000624878219438E7F715FBB4F9041048463D
:10D7A00008F0BEF9B4F9040000EB800040000BF073
:10D7B000CEF819E4BAF9040054467828E0D0F028ED
:10D7C000E2D09842CDD08842CED0A842DFD0B0423D
:10D7D000C5D0B842CCD09042D9D1CDE7FE2886D171
:10D7E00000231A461946832078E7FE28ABD1002390
:10D7F0001A461946852071E7FE28A4D100231A464F
:10D80000194671206AE797F90210B84601290AD033
:10D8100002290AD003290AD004290AD005290AD0EE
:10D8200006290BD00BE0012709E00A2707E064274F
:10D8300005E05F4603E042F2107700E0384F07EB67
:10D840008702520091467E280AD1404631B3491ED4
:10D85000817006220121801CE7F79EFA85F82D4091
:10D8600098F802000028A4D0DFF8B080A8F11808CA
:10D87000D8F80010B1FBF9F209FB121090FBF7F099
:10D88000009095F8281000FB07F4EF290AD06F29C3
:10D8900008D0F72908D0772906D009E0062188F8B2
:10D8A0000210DBE7401C00E0401E009085F82D6070
:10D8B000092200216846E7F7A5FA0098D8F8001079
:10D8C0007843091B0844C8F8000095F8280047462B
:10D8D000EF2805D06F2803D0F72801D0772805D18D
:10D8E0000E48104A01211838E7F78CFA386801B25F
:10D8F0004FF49F7008F014F93868000C01B24FF42F
:10D90000A0704DE0BAF80C10504609B1848100E0D7
:10D910008681BAF90C10762042E0000010C2072080
:10D92000A08601003F420F00FE2844F06483BAF84D
:10D93000442040F2EE3012B1AAF84440F1E3AAF8D4
:10D9400044600121EAE295F8381000297ED17D2457
:10D950003E27EF2801D06F280ED1BAF80E1050469E
:10D960003E2910D0A0F80E70BAF90E104FF4967040
:10D9700008F0D6F885F82D6095F82800F72804D02F
:10D98000772802D00BE4C481EEE7BAF80E105046B7
:10D990003E2908D0A0F80E70BAF90E104FF4967018
:10D9A00008F0BEF8ECE3C481F6E7FE28EAD10023D4
:10D9B0001A4619461720E4F70FF8E8F78EFE3220D2
:10D9C000FFF764BA5846E2F770FC99F828004C4615
:10D9D000FB2806D0FD2808D07B280ED0FE280ED0CC
:10D9E0003FE4FF484178491C02E0FD484178491E68
:10D9F0004170042257E3401CF0E30420EFE3F84DAC
:10DA00004FF49E7695F9010030B101284AD00228E2
:10DA10007ED003287DD010E1DC214FF4817008F026
:10DA20007FF8FD214FF4867008F07AF8BB214FF49F
:10DA3000877008F075F8BB214FF4827008F070F819
:10DA4000B6214FF4837008F06BF800E0F2E3172181
:10DA50004FF4847008F064F814214FF4857008F0D6
:10DA60005FF81821304608F05BF8FD214FF48E7006
:10DA700008F056F8BB214FF48F7008F051F8FD21E3
:10DA80004FF4907008F04CF8BB214FF4917008F0FF
:10DA900047F81E2100E063E24FF4927008F040F86E
:10DAA0001421C6E0DC214FF4817008F039F8FD2123
:10DAB0004FF4867008F034F8BB214FF4877008F0FB
:10DAC0002FF8BB214FF4827008F02AF8B6214FF4EA
:10DAD000837008F025F82D214FF4847008F020F8A9
:10DAE00028214FF4857008F01BF841F2FC213046E4
:10DAF00008F016F8FD214FF48E7008F011F8BB21E4
:10DB00004FF48F7008F00CF8FD214FF4907001E095
:10DB10000EE04FE008F004F8BB214FF4917007F0DD
:10DB2000FFFF46214FF4927007F0FAFF282180E0B2
:10DB3000DC214FF4817007F0F3FFFD214FF4867074
:10DB400007F0EEFFBB214FF4877007F0E9FFBB2120
:10DB50004FF4827007F0E4FFB6214FF4837007F0B2
:10DB6000DFFF64214FF4847007F0DAFF5A214FF48D
:10DB7000857007F0D5FF6E21304607F0D1FFFD21FB
:10DB80004FF48E7007F0CCFFBB214FF48F7007F07D
:10DB9000C7FFFD214FF4907007F0C2FFBB214FF487
:10DBA000917007F0BDFF5A214FF4927007F0B8FF53
:10DBB00096213EE0DC214FF4817007F0B1FFFD219A
:10DBC0004FF4867007F0ACFFBB214FF4877007F06D
:10DBD000A7FF4FF48277BB21384607F0A1FFB6219B
:10DBE000B81C07F09DFFB421381D07F099FFAA214A
:10DBF000B81D07F095FFDC21304607F091FFFD21AD
:10DC00004FF48E7007F08CFFBB214FF48F7007F03C
:10DC100087FFFD214FF4907007F082FFBB214FF486
:10DC2000917007F07DFF39464FF4927007F078FF4E
:10DC3000AA214FF4937007F073FF6878042803D18A
:10DC400000210846E3F7B5FE687884F83000DAE48E
:10DC50004F46EF2810D0F72812D0FE283EF407AC2C
:10DC600093B1012B31D0022B4DD0032B64D0042B68
:10DC70007ED0052B7DD0C6E459480199417011E250
:10DC8000574880F801E00DE2564C94F828108DF8C2
:10DC90000010FD2806D07D2804D0FB2805D07B2865
:10DCA00003D00FE0C8B2401C01E0C8B2401E8DF89E
:10DCB0000000172200216846E7F76EF89DF8000083
:10DCC00084F8280087F82D609DE4464C94F82410D1
:10DCD0008DF80010FD2813D07D2811D0FB2801D02D
:10DCE0007B28EFD1C8B2401E8DF800003B220021F6
:10DCF0006846E7F751F89DF8000084F82400E1E752
:10DD0000C8B2401CF0E7374D95F820108DF8001090
:10DD1000FD2805D07D2803D0FB2801D07B28D1D158
:10DD20008DF800403B2200216846E7F735F89DF862
:10DD3000000085F82000C5E72A4C94F82C108DF8D7
:10DD40000010FD2816D07D2814D0FB2801D07B2898
:10DD5000B8D1C8B2B0F101008DF800001F22012136
:10DD60006846E7F719F89DF8000084F82C00A9E749
:10DD700003E020E0C8B2401CEEE71A4C94F83810DB
:10DD80008DF80010FD2813D07D2811D0FB2801D07C
:10DD90007B2897D1C8B2401E8DF800000C220121CB
:10DDA0006846E6F7F9FF9DF8000084F8380089E737
:10DDB000C8B2401CF0E70B4CA18FFD2849B28DF88A
:10DDC000001017D07D2815D0FB2801D07B2896D1D4
:10DDD000B1F101018DF8001063220021684603E0D3
:10DDE00010C2072000400240E6F7D6FF9DF9000070
:10DDF000A08767E7491CEDE75846E2F756FA99F81D
:10DE000028204C46FB2A17D0FD2A2FD0FF4890F936
:10DE10000130DBB3012B5ED041F27A15AF1DA91E94
:10DE200041F27C1841F27E19022B7AD0042B77D074
:10DE3000052B61D042E4F6E1F44C6078401C607040
:10DE4000BAF8080058B105220021601CE6F7AFFFC0
:10DE500094F9010002281ED0032802D02EE40122EA
:10DE6000F2E70420607084F8048027E4E74C6078CF
:10DE7000401E6070BAF8080048B105220021601CFD
:10DE8000E6F795FF6078032803D017E405E0012248
:10DE9000F4E702206070207110E44FF48975EF2AD6
:10DEA00006D06F2A04D0F72A07D0772A05D005E4D8
:10DEB000BAF808005446401C03E0BAF8080054467B
:10DEC000401E2081D148032200219038E6F77AFFD6
:10DED000B4F9081021E0BAF80800544660B16FF0B8
:10DEE0000B014FF48A75EF2A0AD06F2A08D0F72A5F
:10DEF00009D0772A07D026E4FE2A3EF4B8AA22E405
:10DF00006089401C01E06089401E6081BF480D228D
:10DF10008E38E6F757FFB4F90A10284636E300E0DA
:10DF20007AE0FE2A0BD07E2A14D090F90200C0B10C
:10DF300001282ED002283BD003284ED039E40C46CD
:10DF4000084607F043FE012802D0012120461DE3C8
:10DF50000021FBE781780322491C00F8021F002101
:10DF60003BE3EF2A06D06F2A04D0F72A04D0772AA1
:10DF700002D0FDE3284626E028462AE0ADF800005E
:10DF8000FF2200216846E6F728FFBDF90010284669
:10DF90003FE0EF2A06D06F2A04D0F72A05D0772A6F
:10DFA00003D0E5E3454640460DE04546404610E0D7
:10DFB000EF2A06D06F2A04D0F72A08D0772A06D095
:10DFC000D6E34D46484607F001FE401CD6E74D46D5
:10DFD000484607F0FBFD401ED0E7EF2A06D06F2A27
:10DFE00004D0F72A07D0772A05D0C1E3384607F0D6
:10DFF000EDFD401C03E0384607F0E8FD401EADF89B
:10E000000000FF2200216846E6F7E7FEBDF9001098
:10E01000384607F085FDABE37E2A8FD1084607F02E
:10E02000D5FD7B4C012812D0284607F0CFFD20708B
:10E03000404607F0CBFD6070484607F0C7FDA07072
:10E04000384607F0C3FDE07006F051FB9AE4582013
:10E05000207093206070FE20A070E620F3E7584601
:10E06000E2F723F999F828104F46FB2916D0FD292D
:10E070001CD07B2975D0654890F90100F0B14FF4B0
:10E080008B79012835D04FF4177702285ED003280A
:10E0900068D004285CD0052871D073E45B484178CF
:10E0A000491C06E00522F8E30322F6E357484178CD
:10E0B000491E4170E98B0029F6D1F3E7EF2906D01C
:10E0C0006F2904D0F72905D0772903D05AE4A88A0C
:10E0D000401C01E0A88A401EA882212200214D4850
:10E0E000E6F770FEB5F914105FF09A0007F018FD1E
:10E0F000E8E5EF2906D06F2904D0F72915D0772954
:10E1000013D03FE4B5F91E0010B1012802D009E098
:10E11000EE8312E0288C012804D100BFA5F82080EE
:10E120000CE0F2E3EC832C8408E0B5F91E0058B152
:10E130000128F7D1288C0328F4D12E84B5F91E10BC
:10E14000FC2007F0EDFC25E0EE83E7E7E88B50B11B
:10E15000EF2923D06F2921D0F72922D0772920D089
:10E1600010E4FEE32AE0EF2906D06F2904D0F72956
:10E1700007D0772905D005E4288C401C03E09EE0F9
:10E1800036E2288C401E28842248032201210C30CC
:10E19000E6F718FEB5F920104846F7E1288B401C39
:10E1A00001E0288B401E28831A4804220021001D0C
:10E1B000E6F708FEB5F918103846E7E1E88B0028C5
:10E1C0007DD14FF49570EF2906D06F2904D0F7293F
:10E1D00006D0772904D03AE5314602E0FBE3B8E007
:10E1E00021466984D2E1288BC4B25846E2F75DF833
:10E1F00099F82800FB2819D0FD281CD07B283EF474
:10E200003AAA024991F90120002A05E010C207202C
:10E21000DC5500100CC1072013DBA24211DA4B7849
:10E22000002201217420E3F7D7FB10E5F94841787B
:10E23000491C03E0F3E3F7484178491E417062B29C
:10E240002BE3A24272D002E55846E2F72EF8B5F968
:10E250003A2001202F4602B1152099F828104D468A
:10E260004FF00D094FF0130BFB2929D0FD297ED06B
:10E270007B296ED040F2CE284FF434794FF4357BB1
:10E28000672967D0E34C94F90130F3B3012B7ED0BA
:10E29000022B7DD0042B7CD0062B7BD0082B7AD090
:10E2A000092B79D00A2B78D00B2B77D00D2B76D079
:10E2B0000F2B75D0112B74D0132B73D0ACE1FEE370
:10E2C000D44D42B2681C6978491C69700021E6F798
:10E2D0006EFD95F9010002281ED0032821D00528E3
:10E2E00025D0072827D00A283DD00B2826D00C2877
:10E2F00026D00D2826D00E2826D00F2826D010286C
:10E3000029D0112829D0122800E035E127D0132880
:10E3100027D0142829D09AE42879002885D12E7195
:10E3200021E00420687085F804801CE0F7E30620F3
:10E330006870052016E00820687014E00A2011E0DB
:10E3400085F801900C200DE00F2068700E2009E088
:10E350000DE0FCE347E011206870102002E085F832
:10E3600001B012202871AC7071E41520F0E3A94CC3
:10E3700042B2601C6178491E61700021E6F717FD0A
:10E3800094F9010014281BD012281CD00BE004E1E2
:10E3900011E194E10CE286E2A6E2C7E232E3B1E3E6
:10E3A000F2E3F2E3F2E310280FD00E280FD00C288E
:10E3B00010D0072810D0052810D0032811D046E42B
:10E3C00084F801B043E4112009E00F2007E084F84D
:10E3D00001903CE40B2002E0062000E00420607085
:10E3E00035E40220FBE701214FF4337007F098FB7E
:10E3F0000021404607F094FBC021484607F090FBFF
:10E40000A82140F2D22007F08BFB0121584607F0EB
:10E4100087FBFB2140F2D62007F082FBFF214FF45F
:10E42000367007F07DFBFF2140F2DA2007F078FB21
:10E43000FF214FF4377007F073FB002140F2DE201C
:10E4400007F06EFBC0214FF4437007F069FBA82171
:10E4500040F20E3007F064FB01214FF4447007F0E6
:10E460005FFBFE2140F2123007F05AFBA1214FF46E
:10E47000427007F055FBA22140F20A3007F050FB32
:10E48000312140F2DA3007F04BFB32214FF4777044
:10E4900007F046FB332140F2DE3007F041FB00215C
:10E4A0004FF4787007F03CFB002140F2E23007F0B7
:10E4B00037FBFF214FF4387007F032FBFF2140F2A9
:10E4C000E22007F02DFBFF214FF4397007F028FB05
:10E4D000FF2140F2E62007F023FBFF214FF43A70C2
:10E4E00007F01EFBFF2140F2EA2007F019FBFF2195
:10E4F0004FF43B7007F014FBFF2140F2EE2007F0D1
:10E500000FFBFF214FF43C7007F00AFBFF2140F2A4
:10E51000F22007F005FBFF214FF43D7007F000FBF0
:10E52000FF2140F2F62007F0FBFAFF214FF43E7086
:10E5300007F0F6FAFF2140F2FA2007F0F1FAFF2186
:10E540004FF43F7007F0ECFAFF2140F2FE2007F095
:10E55000E7FAFF214FF4407007F0E2FAFF2140F2A2
:10E56000023007F0DDFAFF214FF4417007F0D8FACE
:10E57000FF2140F2063009E0FE2904D0F72902D03D
:10E58000EF2943F0388522B1002103E007F0C8FAF3
:10E5900050E401214FF43370F8E7EAB3FE2903D0C9
:10E5A000F72901D0EF29F3D1B88F08B1002100E09D
:10E5B00001214046EAE77E2909D094F9020078B1AA
:10E5C00001282DD0022845D003285DD032E4A07860
:10E5D0000322401CA0700021A01CE6F7DDFB29E40B
:10E5E000EF2906D06F2904D0F72905D0772903D069
:10E5F00013E0F88F401C01E0F88F401EF8870548B3
:10E60000FF220021DA38E6F7E8FBB7F93E1048466A
:10E61000FFF7C6B910C20720F0E385F82D6009E4C2
:10E62000EF2913D06F2911D0F72901D07729F4D120
:10E6300037F8400F401E3880FF220021F848E6F7E7
:10E64000CCFBB7F9001040F2D220E1E737F8400FD9
:10E65000401CF0E7EF2913D06F2911D0F72901D022
:10E660007729DAD137F8420F401E3880EC48FF2274
:10E670000021801CE6F7B1FBB7F900105846C7E748
:10E6800037F8420F401CF0E7EF2914D06F2912D061
:10E69000F72901D07729C0D137F8440F401E3880C0
:10E6A000DF48FF220021001DE6F797FBB7F90010B5
:10E6B00040F2D620ACE737F8440F401CEFE77E2944
:10E6C00085D094F9020030B101281FD0022838D03B
:10E6D000032852D00FE4EF2914D06F2912D0F72964
:10E6E00001D0772999D137F8460F401E3880CC48A1
:10E6F000FF220021801DE6F770FBB7F900104FF4F0
:10E70000367085E737F8460F401CEFE7EF2914D045
:10E710006F2912D0F72901D0772988D137F8480F0F
:10E72000401E3880BE48FF2200210830E6F755FB26
:10E73000B7F9001040F2DA206AE737F8480F401CBA
:10E74000EFE7EF2915D06F2913D0F72901D07729EA
:10E7500087D137F84A0F401E3880B148FF22002188
:10E760000A30E6F73AFBB7F900104FF437704FE77D
:10E77000F1E337F84A0F401CEEE7EF2914D06F2978
:10E7800012D0F72901D0772985D137F84C0F401ED8
:10E790003880A348FF2200210C30E6F71EFBB7F9B2
:10E7A000001040F2DE2033E737F84C0F401CEFE753
:10E7B0007E2985D094F9020030B101281FD00228AB
:10E7C00038D0032851D041E4EF2914D06F2912D05A
:10E7D000F72901D0772985D137F87A0F401E388084
:10E7E0008F48FF2200213A30E6F7F7FAB7F9001018
:10E7F0004FF443700CE737F87A0F401CEFE7EF292E
:10E8000014D06F2912D0F72901D0772985D137F894
:10E810007C0F401E38808248FF2200213C30E6F702
:10E82000DCFAB7F9001040F20E30F1E637F87C0F51
:10E83000401CEFE7EF2914D06F2912D0F72901D03F
:10E84000772985D137F87E0F401E38807448FF2223
:10E8500000213E30E6F7C1FAB7F900104FF44470DA
:10E86000D6E637F87E0F401CEFE7EF2916D06F2968
:10E8700014D0F72901D0772986D1BAF80000544680
:10E88000401E20806648FF2200214030E6F7A5FAAE
:10E89000B4F9001040F21230BAE666E3BAF80000AC
:10E8A0005446401CEDE7EF2906D06F2908D0F72920
:10E8B0000AD077290CD010E0B7F87600401C0AE0A7
:10E8C000B7F87600801C06E0B7F87600401E02E03C
:10E8D000B7F87600801EA7F8760085F82D60B7F9A6
:10E8E00076104FF4427051E6EF2906D06F2908D018
:10E8F000F7290BD077290DD011E0B7F87800401C2C
:10E900000BE0B7F87800801C07E0F0E3B7F8780078
:10E91000401E02E0B7F87800801EA7F8780085F85E
:10E920002D60B7F9781040F20A302FE67E2907D122
:10E93000A0780822401CA0700021A01CE6F72CFA49
:10E9400095F82800374F4FF02008EF2801D06F28A6
:10E950002AD194F90220B85C401CC0B2B8542028D7
:10E9600000E0FDE314D3A0F121010F2901D23020F2
:10E970000AE0A0F13A01072901D2412004E0A0F108
:10E980005B01062902D26120B85404E07A2802D93A
:10E99000404607F80280C1B240F2DA3000EB420094
:10E9A00007F0BEF885F82D6095F82800F72802D00A
:10E9B000772843F0208394F902007A22395C491EBB
:10E9C000C9B23954202916D3A1F121030F2B03D248
:10E9D00007F8008010E0F8E3A1F13A03072B01D219
:10E9E000392104E0A1F15B03062B02D25A213954EC
:10E9F00002E07A2900D93A54395C40F2DA3202EB6B
:10EA0000400005E67E293FF4E2AD94F9020058B1DA
:10EA1000012824D002283DD0032858D005E4F4E290
:10EA200038C1072076580010EF2914D06F2912D072
:10EA3000F72902D077297FF4DBAD37F84E0F401E5F
:10EA40003880FF220021F948E6F7C7F9B7F900102E
:10EA50004FF43870DCE537F84E0F401CF0E7EF2933
:10EA600014D06F2912D0F72901D07729E3D137F8D4
:10EA7000500F401E3880ED48FF220021801CE6F731
:10EA8000ACF9B7F9001040F2E220C1E537F8500FB9
:10EA9000401CEFE7EF2916D06F2914D0F72901D0D9
:10EAA0007729C8D137F8520F401E3880DF48FF223F
:10EAB0000021001DE6F791F9B7F9001000E00DE222
:10EAC0004FF43970A4E537F8520F401CEDE7EF29F9
:10EAD00014D06F2912D0F72901D07729ABD137F89C
:10EAE000540F401E3880D148FF220021801DE6F7D8
:10EAF00074F9B7F9001040F2E62089E537F8540FB1
:10EB0000401CEFE77E293FF462AD94F9020038B172
:10EB1000012822D002283ED0032857D024E473E2F3
:10EB2000EF2916D06F2914D0F72901D077299DD16C
:10EB300037F8560F401E3880BC48FF2200210830AD
:10EB4000E6F74BF9B7F900104FF43A7060E52EE2A2
:10EB50001BE237F8560F401CEDE7EF2917D06F295D
:10EB600015D0F72901D077299BD137F8580F401ECF
:10EB70003880AE48FF2200210A30E6F72EF9B7F9B7
:10EB8000001040F2EA2043E53BE0B3E02AE137F829
:10EB9000580F401CECE7EF2914D06F2912D0F72949
:10EBA00001D077299AD137F85A0F401E38809F48F4
:10EBB000FF2200210C30E6F710F9B7F900104FF4EE
:10EBC0003B7025E537F85A0F401CEFE7EF2914D0CA
:10EBD0006F2912D0F72901D07729A8D137F85C0F17
:10EBE000401E38809148FF2200210E30E6F7F5F8EC
:10EBF000B7F9001040F2EE200AE537F85C0F401C30
:10EC0000EFE77E293FF4E3AC94F9020030B101282C
:10EC10001FD0022838D0032851D0B9E4EF2914D0EE
:10EC20006F2912D0F72901D077299DD137F85E0FCF
:10EC3000401E38807D48FF2200211030E6F7CDF8D5
:10EC4000B7F900104FF43C70E2E437F85E0F401C57
:10EC5000EFE7EF2914D06F2912D0F72901D07729D7
:10EC6000A0D137F8600F401E38807048FF22002185
:10EC70001230E6F7B2F8B7F9001040F2F220C7E41C
:10EC800037F8600F401CEFE7EF2914D06F2912D03E
:10EC9000F72901D0772985D137F8620F401E3880D7
:10ECA0006248FF2200211430E6F797F8B7F9001008
:10ECB0004FF43D70ACE437F8620F401CEFE7EF29EA
:10ECC00014D06F2912D0F72901D0772985D137F8D0
:10ECD000640F401E38805548FF2200211630E6F7A9
:10ECE0007CF8B7F9001040F2F62091E437F8640F91
:10ECF000401CEFE77E2985D094F9020030B101284D
:10ED00001FD0022838D0032851D041E4EF2914D075
:10ED10006F2912D0F72901D0772986D137F8660FED
:10ED2000401E38804148FF2200211830E6F755F890
:10ED3000B7F900104FF43E706AE437F8660F401CD4
:10ED4000EFE7EF2914D06F2912D0F72901D07729E6
:10ED500086D137F8680F401E38803448FF220021E2
:10ED60001A30E6F73AF8B7F9001040F2FA204FE40B
:10ED700037F8680F401CEFE7EF2914D06F2912D045
:10ED8000F72901D0772986D137F86A0F401E3880DD
:10ED90002648FF2200211C30E6F71FF8B7F90010C3
:10EDA0004FF43F7034E437F86A0F401CEFE7EF2967
:10EDB00014D06F2912D0F72901D0772986D137F8DE
:10EDC0006C0F401E38801948FF2200211E30E6F7E4
:10EDD00004F8B7F9001040F2FE2019E437F86C0F80
:10EDE000401CEFE77E2986D094F9020038B1012853
:10EDF00022D002283AD0032853D010E46CE0EF2947
:10EE000016D06F2914D0F72901D0772985D137F88A
:10EE10006E0F401E38800548FF2200212030E5F7A4
:10EE2000DCFFB7F900104FF440700EE446C1072034
:10EE300037F86E0F401CEDE7EF2913D06F2911D082
:10EE4000F72901D077299ED137F8700F401E3880FE
:10EE5000FF220021F948E5F7C0FFB7F9001040F2A2
:10EE600002300CE437F8700F401CF0E7EF2914D0A3
:10EE70006F2912D0F72901D0772984D137F8720F82
:10EE8000401E3880ED48FF220021801CE5F7A5FFD9
:10EE9000B7F900104FF441700CE437F8720F401CC2
:10EEA000EFE7EF2914D06F2912D0F72901D0772985
:10EEB00084D137F8740F401E3880E048FF220021CB
:10EEC000001DE5F78AFFB7F9001040F2063018E49C
:10EED00037F8740F401CEFE783428ED1FE293DF4D2
:10EEE000C6AA70E45846E1F7E0F999F82800FB2833
:10EEF00013D0FD283AD07B2858D0D049A83191F9B9
:10EF0000011049B302297BD004297AD0062979D08F
:10EF1000082978D00A2977D055E4C848A830417824
:10EF2000491C49B24170012908D003290AD005299A
:10EF30000DD0072911D0092914D015E00221417004
:10EF4000067111E00421417080F804800CE0062174
:10EF50004170052104E083E22AE008214170072185
:10EF6000017101E00A2141700A227AE1B34D0A22BF
:10EF7000A83500216878401E6870681CE5F717FF07
:10EF800095F90100092801D108200DE0072806D0D5
:10EF9000052806D0032806D001287DD013E40620DA
:10EFA00002E0042000E0022068700CE40A206DE119
:10EFB00099F8381049BBEF2806D06F2804D0F728FD
:10EFC00006D0772804D029E5B9F87400401C02E087
:10EFD000B9F87400401EA9F874009848E622DC21B4
:10EFE0007C38E5F7EFFEB9F974104FF4817006F044
:10EFF00097FDB9F87400233001B2A9F87A1005E042
:10F000000BE029E04AE099E07BE146E04FF48670AE
:10F0100006F086FD89F82D6000E599F83810E1BB0F
:10F02000EF2806D06F2804D0F72806D0772804D020
:10F03000F4E4B9F87A00401C02E0B9F87A00401E06
:10F04000A9F87A007D484FF48772F0217638E5F709
:10F05000B9FEB9F97A10D2E799F83810E9B9EF2872
:10F0600006D06F2804D0F72806D0772804D0D5E43E
:10F07000B9F87C00401C02E0B9F87C00401EA9F8F9
:10F080007C006E48C82200217438E5F79BFEB9F970
:10F090007C104FF48770BBE7F6E036E0002499F867
:10F0A00038104FF49672012779BB298D182907D0A3
:10F0B000A1F59053FC3B06D12A24342203270CE00F
:10F0C00016241A2209E06E2902D0DC2904D004E0BB
:10F0D00053247122052700E0AF24EF2808D06F28C1
:10F0E00006D0C846F72811D077280FD096E41AE347
:10F0F00068882146401C688050486E38E5F762FEFB
:10F10000B5F902104FF4847082E75DE0688821460B
:10F11000401E688049486E38E5F754FE6888C01B79
:10F1200002B2E01B01B245486C38E5F74BFEB5F979
:10F1300002104FF4847006F0F3FC4FE0002199F8C0
:10F1400038204FF496740127F2BB2A8D182A08D074
:10F15000A2F59053FC3B07D12821322403270DE070
:10F160005EE31421182409E06E2A02D0DC2A04D0C0
:10F1700004E050216E24052700E0AA21C846EF28AC
:10F1800006D06F2804D0F72820D077281ED045E479
:10F19000A8882246401CA88028486C38E5F712FE53
:10F1A000E01902B2A888384401B224486E38E5F765
:10F1B00009FEB5F904104FF4857006F0B1FCB5F9FD
:10F1C00002104FF484700DE066E04DE0A8882246FE
:10F1D000401EA88019486C38E5F7F4FDB5F9041015
:10F1E0004FF4857006F09CFC21E25846E1F75DF88B
:10F1F00099F828004F46FB2811D0FD2838D07B28ED
:10F200007CD00E49A83191F9011081B3022966D052
:10F21000042974D0062973D0082972D07EE40748E7
:10F22000A8304178491C49B24170012908D003290E
:10F230000AD005290DD0072910D011E068C1072098
:10F240000221417006710BE00421417080F80480B6
:10F2500006E0062141700521017101E0082141709D
:10F2600008220021FEF7C7BBE5F7A1FD56E410E038
:10F27000F74D082200216878401E6870681CE5F789
:10F2800096FD95F9010081E66C7047E4F0494870FD
:10F2900044E497F8381011B1E6F7CEFE3EE4EF28CB
:10F2A00006D06F2804D0F72806D0772804D035E49C
:10F2B00037F8760F401C02E037F8760F401E388092
:10F2C0004FF49672C821E348E5F77CFDB7F90010CA
:10F2D0004FF4827006F024FC07F8496C1EE497F89E
:10F2E00038100029D8D14FF49774EF280AD06F282E
:10F2F00008D0F7280AD0772808D00FE4F2E318E006
:10F300003BE05AE037F8780F401C02E037F8780FFE
:10F31000401E3880CF484FF49672C821801CE5F714
:10F3200051FDB7F90010204606F0FAFB07F84B6CC8
:10F3300073E497F838100029AED1EF2806D06F2873
:10F3400004D0F72806D0772804D066E437F87E0F7B
:10F35000401C02E037F87E0F401E3880BD48CD22A9
:10F360006E210830E5F72EFDB7F900104FF48370D9
:10F3700006F0D6FB07F8516C4FE497F838100029D7
:10F380008AD14FF49874EF2806D06F2804D0F7285C
:10F3900005D0772803D040E42888401C01E0288865
:10F3A000401E2880AB48C82269210A30E5F70AFDD3
:10F3B000B5F900102046FEF799BEFE283DF457A887
:10F3C0002BE45846E0F771FF99F828004C46FB28DB
:10F3D0000AD0FD280CD07B2811D0FE2812D09C49E1
:10F3E0004978022930D018E499484178491C02E054
:10F3F00097484178491E417099F825108AE099F89C
:10F40000250043E7924894F8251090F901008842BE
:10F41000D4D010B101280AD077E499F8210001284E
:10F4200003D00121A020FFF7B1B80021FAE794F83A
:10F430002100012889D199F82200012802D0012158
:10F44000A220F0E70021FBE794F82210012993D1D4
:10F45000EF2808D06F2806D0F72807D0772805D0E6
:10F4600084F82D6051E4A88C401C01E0A88C401E5B
:10F47000ADF80000182201216846E5F7A3FCBDF9AC
:10F480000010A420FEF7C5BD5846E0F70EFF99F81E
:10F490002800FD2804D0FB2806D0FE280AD034E43A
:10F4A0006B484178491E02E069484178491C417027
:10F4B000FEF7FABD664890F9010038B101280AD07C
:10F4C00002280DD003283DF42AAA1EE400231A4680
:10F4D0001946762035E000231A461946772030E099
:10F4E00000231A46194678202BE05846E0F7DDFE47
:10F4F00099F82800FD2804D0FB2806D0FE280BD060
:10F500007BE453484178491E02E051484178491C48
:10F510004170298B4AB2A4E64D48B5F9181090F90C
:10F5200001008842CFD030B1012806D002280CD08B
:10F5300003280CD061E4002300E0012300221146DF
:10F540007520E2F749FAFDF7EDB90223F6E7032348
:10F55000F4E75846E0F7A9FE99F82800FB2818D0F0
:10F56000FD281AD07B2823D0394C6FF0310594F94F
:10F57000011001291ED002295CD0032970D0042972
:10F580006FD005296ED006296DD007293FF415AF3D
:10F5900033E42F484178491C05E02D4890F90110CB
:10F5A000012903D0491E4170072229E10471FBE7BC
:10F5B00007206BE6264FC8461037FE2808D0EF28F4
:10F5C00018D06F2816D0F7281AD0772818D01EE048
:10F5D0001F4994F902000A3131F810201E4931F90F
:10F5E000100022B15FF0000106F09AFA0FE04FF030
:10F5F000FF31F9E794F9020037F81010491C04E0D4
:10F6000094F9020037F81010491E27F8101094F9E9
:10F610000200642207EB40002946E5F7D3FB94F98A
:10F6200002000E4D48E000BF35F91200DAE588F817
:10F630002D6056E4064FC8461C37FE2814D0EF282C
:10F6400022D06F2820D0F72824D0772822D028E095
:10F6500010C20720EEC0072024D802002AD80200DA
:10F6600035E03EE047E050E094F90200FD4931F812
:10F670001020FD4931F910001AB1002106F050FAAE
:10F680000FE04FF0FF31F9E794F9020037F810105E
:10F69000491C04E094F9020037F81010491E27F8BD
:10F6A000101094F90200642207EB40002946E5F7A8
:10F6B00089FB94F90200ED4D35F8100006F086FA4A
:10F6C00094F9022037F912108842B0D0ACE7FE2836
:10F6D000AFD1E44994F902000C3131F81020E4492B
:10F6E0001CE0FE28A5D1DF4994F90200123131F85F
:10F6F0001020E04912E0FE289BD1DA4994F902007B
:10F70000183131F81020DC4908E0FE2891D1D549A4
:10F7100094F902001E3131F81020D8498ABB00BF8D
:10F7200031F91000CDE000217DE65846E0F7BDFD3F
:10F7300099F82800FB280DD0FD2816D07B286FD023
:10F74000C849163991F90120012A20D0032A3FF433
:10F7500034AE23E4C34816384178491C49B241709D
:10F76000022912D180F801800FE0BE48163890F9C6
:10F770000110012906D0491E49B24170022903D067
:10F7800003E058E0047100E04670032238E0FE28F0
:10F79000DFD191F902003BE05846E0F786FD99F889
:10F7A0002810FB2911D0FD291AD07B292AD0AD4879
:10F7B000163890F90120012A26D0032A31D0042AD4
:10F7C0003CD0052A3FF48AAB26E4A6481638417897
:10F7D000491C49B24170022911D180F801800EE024
:10F7E000A048163890F90110012905D0491E49B2E8
:10F7F0004170022903D101E0047100E04670052246
:10F8000001212FE5052041E5FE29A2D190F9020052
:10F810009449483131F810100029994980D00AE004
:10F82000F8E3FE2995D18F4990F90200583131F85B
:10F830001020944972E731F9100074E7FE2988D14D
:10F84000884990F90200603131F8101000298E4982
:10F85000F1D165E75846E0F728FD99F82800FB2824
:10F86000B3D0FD28BCD07B283FF4A2AE7D49163929
:10F8700091F90110012904D003290BD0042917D0D4
:10F880006DE0FE28A0D177484830008800287C48E9
:10F890000BD007E0FE2897D172485030008800282E
:10F8A0007A4802D0B0F900003DE7B0F9000008E066
:10F8B000FE2889D16B486030008800287248F4D057
:10F8C000F0E74FF0FF31AEE55846E0F7EEFC99F86F
:10F8D0002800FB28C4D0FD2882D07B28C4D06149F1
:10F8E000163991F90110012904D003290BD00429FC
:10F8F00017D034E0FE2888D15A4848304088002884
:10F900005F480BD007E0FE288CD156485030408825
:10F9100000285E4802D0B0F9020004E7B0F9020006
:10F92000CFE7FE288BD14F486030408800285648EA
:10F93000F4D0F0E75846E0F7B8FC99F82800FB2827
:10F940008ED0FD288ED07B288ED04649163991F96D
:10F950000110012907D003290ED004291AD0052946
:10F960003FF42BAD13E4FE28FCD13E48483080889C
:10F97000002843480BD007E0FE28F3D13948503027
:10F9800080880028414802D0B0F90400CBE6B0F9E5
:10F99000040096E7FE28E5D13248603080880028D0
:10F9A0003948F4D0F0E75C465846E0F77EFC99F819
:10F9B0002820FB2A06D0FD2A09D07B2A0ED0FE2A59
:10F9C0000ED01AE0274816384178491C03E0254834
:10F9D00016384178491E4170022242E4022055E463
:10F9E0002049163991F901000028BBDB012804DC0D
:10F9F00000224B7811468420F6E31A4816384078E6
:10FA00000228AFD1FE2A3CF48AAF07E45846E0F75B
:10FA10004CFC144C99F828004E3CFB2815D0FD28CE
:10FA200041D07B2853D004F1380191F901207AB3F9
:10FA3000012A6DD0022A72D0032A71D0042A70D014
:10FA4000062A6FD0082A6ED0FEE0064816384178A4
:10FA5000491C49B2417005291BD004291ED0072931
:10FA60001FD02EE026C2072030D8020036D8020070
:10FA70003CD8020042D8020048D802004ED802000A
:10FA800054D8020064D802006CD802005CD802008E
:10FA900021E0062141700521017112E080F8048007
:10FAA0000FE008210CE0FA484178491E49B2417044
:10FAB000072902D0052902D003E0062100E0042135
:10FAC000417008220021401CE5F771F9BCE0F049C3
:10FAD00008204870B8E0FE2805D0EF280AD0F728A3
:10FAE0000FD0B1E0E8E091F9020034F8101081F095
:10FAF000010196E091F9020034F8101041F0010183
:10FB00008FE091F9020034F8101021F0010188E033
:10FB1000FE2809D0EF280ED0F72813D094E018E083
:10FB200033E04EE069E086E091F9020034F810100D
:10FB300081F0020175E091F9020034F8101041F0F3
:10FB400002016EE091F9020034F8101021F0020178
:10FB500067E0FE2804D0EF2809D0F7280ED073E024
:10FB600091F9020034F8101081F0040159E091F984
:10FB7000020034F8101041F0040152E091F9020043
:10FB800034F8101021F004014BE0FE2804D0EF28D7
:10FB900009D0F7280ED057E091F9020034F8101080
:10FBA00081F008013DE091F9020034F8101041F0B5
:10FBB000080136E091F9020034F8101021F0080134
:10FBC0002FE0FE2804D0EF2809D0F7280ED03BE024
:10FBD00091F9020034F8101081F0100121E091F940
:10FBE000020034F8101041F010011AE091F90200FF
:10FBF00034F8101021F0100113E0FE2804D0EF2893
:10FC000009D0F72810D01FE091F9020034F8101045
:10FC100081F4004105E091F9020034F8101041F43C
:10FC2000004124F810100FE091F9020034F8101090
:10FC300021F40041F5E7FE2806D100210846E1F74E
:10FC4000B8FE0020E0F731FB914D924E95F902008D
:10FC500036F8100005F0BAFF95F9022034F91210B9
:10FC6000884269D036F912005EE55846E0F71DFB80
:10FC700099F828004C46FB2814D0FD2816D07B2884
:10FC80001AD0834991F90110C1B1012931D002295B
:10FC90004AD0032963D004297FD005297BD00629C7
:10FCA0007AD012E47A484178491C02E078484178D9
:10FCB000491E417006222EE408207AE4EF2806D07F
:10FCC0006F2804D0F72805D0772803D018E4E888F7
:10FCD000401C01E0E888401EE8804FF49672142131
:10FCE0006D48E5F76FF8B5F906104FF48E70FEF722
:10FCF00090B9EF2806D06F2804D0F72805D07728D0
:10FD000003D017E42889401C01E02889401E28817F
:10FD100061484FF496721421801CE5F753F8B5F949
:10FD200008104FF48F70E2E7EF2806D06F2804D058
:10FD3000F72805D0772803D055E26889401C01E0F8
:10FD40006889401E688154484FF496721421001D42
:10FD5000E5F738F8B5F90A104FF49070C7E7EF28C7
:10FD600006D06F2804D0F72805D0772803D03AE2D0
:10FD7000A889401C01E0A889401EA88146484FF48C
:10FD800096721421801DE5F71DF8B5F90C104FF49B
:10FD90009170ACE701E01BE0FBE3EF2806D06F2891
:10FDA00004D0F72805D0772803D01CE2E889401C4E
:10FDB00001E0E889401EE88137484FF4967214212B
:10FDC0000830E4F7FFFFB5F90E104FF492708EE79C
:10FDD000EF2806D06F2804D0F72805D0772803D065
:10FDE00001E2288A401C01E0288A401E28822A4815
:10FDF0004FF4967214210A30E4F7E4FFB5F91010BD
:10FE00004FF4937073E75846E0F74FFA99F82810CB
:10FE1000FB2909D0FD2911D0C8467B2917D0B5F997
:10FE20001E00E0B101231BE019484178491C08E09D
:10FE3000AA8A02B101220A44D21CCEE514484178B4
:10FE4000491E4170E98B0029F2D00121F0E7E88BCF
:10FE500000B10120A98A01B10121084451E3002326
:10FE6000B5F914200AB1012700E000271F44084B10
:10FE7000FF1C93F901309F4233D128224D46EF29D0
:10FE80000CD06F290AD0F72921D077291FD010E094
:10FE900010C2072074D80200FEC00720BAF906106D
:10FEA0000A2903D01E2919D00A2100E01E21AAF830
:10FEB000061028220A21FB48E4F784FFBAF906104D
:10FEC0004FF4887005F02CFE85F82D408BE1BAF9CF
:10FED00006100A2902D02829E6D1E7E7AAF8062069
:10FEE000E7E708B1012400E000240AB1012700E09F
:10FEF00000273C449C4225D1422005F067FE00B219
:10FF0000ADF8100098F82810EF2906D06F2906D018
:10FF1000F72906D0772906D008E0401C04E00A3013
:10FF200002E0401E00E00A38ADF8100088F82D60AD
:10FF30004FF44872962104A8E4F744FFBDF910106D
:10FF40004220C0E408B1012400E000240AB10127E6
:10FF500000E000273C44641C9C421ED1A62005F012
:10FF600035FE00B2ADF8100098F828104446EF298D
:10FF700006D06F2906D0F72906D0772906D008E0E9
:10FF8000401C04E0801C02E0401E00E0801EADF832
:10FF9000100040F6B8325946F2E3FE2996D133B943
:10FFA0002AB10022012311465620FCF7D4BF0AB122
:10FFB000012100E000218B4204D1012802D1298CCB
:10FFC000012902D032B1012105E000231A46194669
:10FFD0005720EAE700218B427CF4A1AC0128FBD139
:10FFE000288C0328F8D100231A4619465820DCE74C
:10FFF0005846E0F75AF999F828004D46FB280AD0F0
:020000040002F8
:10000000FD280DD07B2875D0A649923191F90110B9
:1000100079B1F0E3BBE0A34892304178491C03E09A
:10002000A04892304178491E417001220021401CB5
:10003000F6E3202005F0CAFD00B2ADF8100095F8F7
:100040002810EF2906D06F2906D0F72906D0772986
:1000500006D008E0401C04E00A3002E0401E00E048
:100060000A38ADF8100085F82D604FF448720A2167
:1000700004A8E4F7A7FEBDF91010202023E4012115
:100080000020E1F796FCFCF74DBC5846E0F70DF96F
:1000900099F828004D46FB280FD0FD2812D07B2868
:1000A00075D08049923191F9011091B1012937D071
:1000B00002295BD003296BD095E07A4892304178D1
:1000C000491C03E0774892304178491E4170032271
:1000D000ACE73C2005F07AFD00B2ADF8100095F8D1
:1000E0002810EF2907D06F2907D0F72907D07729E3
:1000F00007D009E0F5E3401C04E00A3002E0401EAE
:1001000000E00A38ADF8100085F82D604FF4487211
:10011000962104A8E4F756FEBDF910103C20A3E593
:100120003E2005F053FD00B2ADF8100095F8281000
:10013000EF2906D06F2906D0F72906D0772906D0F7
:1001400008E0401C04E00A3002E0401E00E00A38EB
:10015000ADF8100085F82D604FF44872962104A880
:10016000E4F730FEBDF910103E207DE5402005F09B
:100170002DFD00B2ADF8100095F82810EF2908D039
:100180006F2908D0F72908D0772908D00AE038E08D
:10019000A7E0401C04E00A3002E0401E00E00A38FC
:1001A000ADF8100085F82D604FF44872962104A830
:1001B000E4F708FEBDF91010402055E55846E0F779
:1001C00074F899F828004D46FB280ED0FD2811D070
:1001D0007B2816D03349923191F90110B1B1012930
:1001E0003AD002297DD017E299E12E489230417829
:1001F000491C03E02B4892304178491E417002228D
:1002000014E72848923080F8018005E2262005F0A6
:10021000DDFC00B2ADF8100095F82810EF2906D0EB
:100220006F2906D0F72906D0772906D008E0401CB0
:1002300004E00A3002E0401E00E00A38ADF8100089
:1002400085F82D6040F22622C82104A8E4F7BAFD03
:10025000BDF91010262007E5282005F0B7FC00B2F4
:10026000ADF8100095F82810EF2906D06F2906D0B8
:10027000F72906D0772906D008E0401C04E00A30B0
:1002800002E0401E00E00A38ADF8100085F82D604D
:1002900040F22622C82104A8E4F794FDBDF910100D
:1002A0002820E1E47EC107205846DFF7FEFF99F8D9
:1002B00028104D46FB2915D0FD2917D07B291BD0CE
:1002C000FB4890F90100C8B101283DD0022861D057
:1002D000032870D004286FD005286ED006286DD072
:1002E0009AE112E2F2484178491C02E0F048417874
:1002F000491E4170062299E60620DEE4302005F012
:1003000065FC00B2ADF8100095F82810EF2906D072
:100310006F2906D0F72906D0772906D008E0401CBF
:1003200004E00A3002E0401E00E00A38ADF8100098
:1003300085F82D6040F22622C82104A8E4F742FD8A
:10034000BDF9101030208FE4322005F03FFC00B2E0
:10035000ADF8100095F82810EF2906D06F2906D0C7
:10036000F72906D0772906D008E0401C04E00A30BF
:1003700002E0401E00E00A38ADF8100085F82D605C
:1003800040F22622C82104A8E4F71CFDBDF9101094
:10039000322069E4342005F019FC00B2ADF81000F9
:1003A00095F82810EF290AD06F290AD0F7290AD02A
:1003B00077290AD00CE017E03CE061E0F5E3401C4F
:1003C00004E00A3002E0401E00E00A38ADF81000F8
:1003D00085F82D6040F22622C82104A8E4F7F2FC3B
:1003E000BDF9101034203FE4362005F0EFFB00B2D9
:1003F000ADF8100095F82810EF2906D06F2906D027
:10040000F72906D0772906D008E0401C04E00A301E
:1004100002E0401E00E00A38ADF8100085F82D60BB
:1004200040F22622C82104A8E4F7CCFCBDF9101044
:10043000362019E4382005F0C9FB00B2ADF81000F1
:1004400095F82810EF2906D06F2906D0F72906D095
:10045000772906D008E0401C04E00A3002E0401E84
:1004600000E00A38ADF8100085F82D6040F2262231
:10047000C82104A8E4F7A6FCBDF91010382060E5F7
:100480003A2005F0A3FB00B2ADF8100095F8281053
:10049000EF2906D06F2906D0F72906D0772906D094
:1004A00008E0401C04E00A3002E0401E00E00A3888
:1004B000ADF8100085F82D6040F22622C82104A86E
:1004C000E4F780FCBDF910103A203AE55C46584646
:1004D000DFF7EBFE99F82800FB2806D0FD2808D0AE
:1004E0007B280DD0FE280ED01EE071484178491CB3
:1004F00002E06F484178491E4170E98BFFF70AB866
:10050000E88B401CF9E6B5F91E206AB1684991F9FB
:100510000130934208DA4B78002211465720E1F768
:100520005BFA2046FCF7B2BC6149B5F91E2091F98F
:10053000011050E05F465846DFF7B7FE99F82800F3
:100540004E46FB2806D0FD2808D07B2822D0FE2866
:1005500022D03BE0564F7878401C02E0544F787828
:10056000401E7870A88A002142B2781CE4F71FFC74
:1005700086F82440009401940294039497F90100B2
:1005800071780844632316224FEA000108F091F8BD
:1005900042E08FE0A88AB0E6B5F91420B2B1444930
:1005A00091F90130934211DA4B780022114655201F
:1005B000E1F712FA042100940194029463231622B5
:1005C0000846039408F075F83846ABE73849B5F9A2
:1005D000142091F9011091426CD01DE05846DFF7CC
:1005E00064FE99F828004D46FB2816D0FD283DD022
:1005F0007B286DD02E4991F9012082B3032A7ED049
:10060000062A7DD0092A7CD00C2A7BD00F2A7AD0EA
:10061000122A79D0152A78D024E2254B5878401C2C
:1006200040B2587001281BD0022819D0042845D0A8
:10063000052843D0072843D0082841D00A2841D0B4
:100640000B283FD00D283FD00E283DD010283DD09C
:1006500011283BD0132806D0142804D02CE039E010
:1006600083F8018028E01520587025E0104B587859
:10067000401E40B2587001281DD002281BD004280B
:10068000EED00528ECD0072818D0082816D00A2864
:1006900016D00B2814D00D2814D00E2812D01028F4
:1006A00012D0112810D0132810D014280ED003E037
:1006B00010C20720FAE35C701522CCE10620D3E7D4
:1006C0000920D1E70C20CFE70F20CDE71220CBE7A0
:1006D000092012E6E72819D0EF2820D06F2828D06B
:1006E000F7282FD077287DF498AF0520CDE90004B6
:1006F0000294039491F9020069780844F0E12BE038
:1007000067E098E0C7E0F7E026E1F0E1CDE90064BA
:100710000294039491F9020069780844F6E10220FA
:10072000CDE900040294039491F902006978084429
:10073000FDE1CDE900840294039491F90200697807
:10074000084404E20420CDE900040294039491F9E2
:100750000200697808440BE2FE2812D0EF281AD074
:100760006F2822D0F7282AD07728BCD12520CDE9C0
:1007700000040294039491F902006978084412E29B
:10078000EAE32120CDE900040294039491F90200E8
:100790006978084419E22220CDE900040294039408
:1007A00091F902006978084427E22320CDE900048A
:1007B0000294039491F90200697808442EE22420FF
:1007C000CDE900040294039491F902006978084489
:1007D00035E2EF2810D06F2818D0F72821D07728DD
:1007E000C3D13520CDE900040294039491F90200AD
:1007F000697808443CE2EFE33220CDE9000402943A
:10080000039491F902006978084442E23320CDE96B
:1008100000040294039491F902006978084449E2C3
:100820001BE13420CDE900040294039491F9020005
:10083000697808444FE2EF280FD06F2817D0F728C7
:100840001FD0772891D14520CDE90004029403946C
:1008500091F902006978084456E24220CDE900048B
:100860000294039491F90200697808445DE2432000
:10087000CDE900040294039491F9020069780844D8
:1008800064E24420CDE900040294039491F902004B
:10089000697808446BE2EF280FD06F2817D0F7284B
:1008A00020D077289CD15520CDE9000402940394F0
:1008B00091F902006978084472E25220CDE90004FF
:1008C0000294039491F902006978084479E2532074
:1008D000CDE900040294039491F902006978084478
:1008E00085E2F4E35420CDE900040294039491F9E5
:1008F0000200697808448BE2EF280FD06F2817D0E8
:10090000F7281FD077289DD16520CDE900040294F7
:10091000039491F902006978084492E26220CDE9DB
:1009200000040294039491F902006978084499E262
:100930006320CDE900040294039491F902006978E0
:100940000844A0E26420CDE900040294039491F9E4
:10095000020069780844A7E2EF2812D06F281BD064
:10096000F72824D077289DD17520CDE90004029482
:10097000039491F90200697875230844EE22014638
:10098000CCE37220CDE900040294039491F90200B3
:10099000697872230844F1E77320CDE900040294DA
:1009A000039491F90200697873230844E6E7742000
:1009B000CDE900040294039491F90200697874234C
:1009C0000844DBE75846DFF770FC99F828004D46ED
:1009D000FB2816D0FD2846D07B283FF479AEFA4A92
:1009E000FA4992F9013083B3032B7BD0062B7AD0DE
:1009F000092B79D00C2B78D00F2B77D0122B76D0F7
:100A000030E0F14B5878401C40B2587001284AD071
:100A1000022848D0042812D0052810D0072810D06A
:100A200008280ED00A280ED00B280CD00D280DD087
:100A30000E280BD010280BD0112809D00AE0062070
:100A400007E0092005E00C2003E02FE00F2000E084
:100A50001220587012220021581CE4F7A8F900BF98
:100A600085F824405CE2D84B5878401E40B258705C
:100A7000012816D0022814D0042814D0052812D03A
:100A80000728DCD00828DAD00A28DAD00B28D8D0FA
:100A90000D28D8D00E28D6D01028D7D01128D9D1DB
:100AA000D4E75C70D6E783F80180D3E7E7281FD04E
:100AB000EF282DD06F283CD0F7284AD077287DF436
:100AC000ACAD0520CDE900040294039492F9020034
:100AD00000EB400202EBC00001EB800090F8270021
:100AE00005234BE746E0ACE0F7E042E192E187E224
:100AF000CDE900640294039492F9020000EB4002F5
:100B000002EBC00001EB800090F82700012335E7DD
:100B10000220CDE900040294039492F9020000EB54
:100B2000400202EBC00001EB800090F82700022396
:100B300024E7CDE900840294039492F9020000EBCB
:100B4000400202EBC00001EB800090F82700032375
:100B500014E70420CDE900040294039492F9020002
:100B600000EB400202EBC00001EB800090F8270090
:100B7000042303E7FE2819D0EF282FD06F283ED09A
:100B8000F7284DD077289AD12520CDE9000402948A
:100B9000039492F9020000EB400202EBC00001EB6B
:100BA000800090F827002523E8E6F6E32120CDE930
:100BB00000040294039492F9020000EB400202EB5D
:100BC000C00001EB800090F827002123EE220146AF
:100BD00007F06FFD85F82460FDF71FBD2220CDE9E9
:100BE00000040294039492F9020000EB400202EB2D
:100BF000C00001EB800090F827002223BEE62320EE
:100C0000CDE900040294039492F9020000EB400243
:100C100002EBC00001EB800090F827002323ADE633
:100C20002420CDE900040294039492F9020000EB21
:100C3000400202EBC00001EB800090F82700242363
:100C40009CE6EF2816D06F2825D0F72834D07728D7
:100C5000C2D13520CDE900040294039492F9020038
:100C600000EB400202EBC00001EB800090F827008F
:100C7000352383E63220CDE900040294039492F9EF
:100C8000020000EB400202EBC00001EB800090F894
:100C90002700322372E63320CDE900040294039446
:100CA00092F9020000EB400202EBC00001EB800071
:100CB00090F82700332361E63420CDE90004029444
:100CC000039492F9020000EB400202EBC00001EB3A
:100CD000800090F82700342350E6EF2816D06F28C4
:100CE00025D0F72834D07728B2D14520CDE90004AB
:100CF0000294039492F9020000EB400202EBC00060
:100D000001EB800090F82700452337E64220CDE92B
:100D100000040294039492F9020000EB400202EBFB
:100D2000C00001EB800090F82700422326E6432014
:100D3000CDE900040294039492F9020000EB400212
:100D400002EBC00001EB800090F82700432315E67A
:100D50004420CDE900040294039492F9020000EBD0
:100D6000400202EBC00001EB800090F82700442312
:100D700004E6EF2816D06F282AD0F72839D0772834
:100D8000B2D15520CDE900040294039492F90200F7
:100D900000EB400202EBC00001EB800090F827005E
:100DA0005523EBE55220CDE900040294039492F917
:100DB000020000EB400202EBC00001EB800090F863
:100DC00027005223DAE5000010C20720F8050820AA
:100DD0005320CDE900040294039492F9020000EB41
:100DE000400202EBC00001EB800090F82700532383
:100DF000C4E55420CDE900040294039492F9020062
:100E000000EB400202EBC00001EB800090F82700ED
:100E10005423B3E5EF2816D06F2825D0F72834D017
:100E20007728ADD16520CDE900040294039492F9AE
:100E3000020000EB400202EBC00001EB800090F8E2
:100E4000270065239AE56220CDE90004029403940B
:100E500092F9020000EB400202EBC00001EB8000BF
:100E600090F82700622389E56320CDE9000402940D
:100E7000039492F9020000EB400202EBC00001EB88
:100E8000800090F82700632378E56420CDE9000412
:100E90000294039492F9020000EB400202EBC000BE
:100EA00001EB800090F82700642367E5F3E35846E0
:100EB000DFF7FBF999F828002A211B2227274D4646
:100EC0004FF02D0CFB282CD0FD287BD07B287AD02E
:100ED000F84991F90110F1B3032975D0062974D0AE
:100EE000092973D00C2972D00F2971D0122970D022
:100EF00015296FD018296ED01B296ED01E296DD0F0
:100F000021296CD024296BD027296AD02A2969D0BD
:100F10002D2968D0302967D0332970D036296FD079
:100F2000CBE3E44843785B1C5BB24370012B68D091
:100F3000022B66D0042B58D0052B56D0072B56D049
:100F4000082B54D00A2B54D00B2B52D00D2B52D03F
:100F50000E2B50D001E0CDE0F3E3102B4DD0112B40
:100F60004BD0132B4ED0142B4CD0162B4CD0172B10
:100F70004AD0192B7ED01A2B7CD01C2B46D01D2B8F
:100F800044D01F2B44D0202B42D0222B42D0232BE5
:100F900040D0252B6FD0262B6DD0282B26D0292B87
:100FA00024D02B2B68D02C2B66D02E2B34D02F2B7B
:100FB00032D0312B32D0322B30D0342B30D0352BB5
:100FC0002ED02FE031E091E0C3E0F0E01FE14EE1F0
:100FD00080E1AFE1D2E1F6E16DE318E23BE25EE2EF
:100FE00081E2A4E2C7E2EAE20DE306217CE0092106
:100FF0007AE00C2178E00F2176E0122174E026E3FC
:1010000084E367E015216FE018216DE01E216BE09D
:10101000212169E0242167E0302165E0332163E08C
:10102000362161E03622FFF701B8A24843785B1E03
:101030005BB24370012B4BD0022B49D0042B49D01B
:10104000052B47D0072BD0D0082BCED00A2BCED0E3
:101050000B2BCCD00D2BCCD00E2BCAD0102BCAD042
:10106000112BC8D0132BC8D0142BC6D0162BC9D027
:10107000172B02E031E032E033E0C3D0192BC3D0AC
:101080001A2BC1D01C2B28D01D2B26D01F2BBDD036
:10109000202BBBD0222BBBD0232BB9D0252BB9D0F2
:1010A000262BB7D0282B1AD0292B18D02B2B1BD0AE
:1010B0002C2B19D02E2B14D02F2B12D0312BABD0A0
:1010C000322BA9D0342BA9D0352BABD1A6E7F5E232
:1010D0004470A7E780F80180A4E74270A2E7477058
:1010E000A0E780F801C09DE741709BE77148372178
:1010F0004170E2E2E72812D0EF2816D06F281BD00B
:10110000F7281FD077287FF467AD0520CDE90004CC
:10111000029403460394EE223D2108465AE0CDE9AD
:101120000064029401230394F5E70220CDE9000452
:10113000029403460394EEE7CDE90084029403236E
:101140000394E8E70420CDE90004029403460394E5
:10115000E1E7E72811D0EF2815D06F281AD0F7283B
:101160001ED07728CFD10520CDE900040294034694
:101170000394EE223E2108462CE0CDE9006402945F
:1011800001230394F5E70220CDE90004029403460D
:101190000394EEE7CDE90084029403230394E8E787
:1011A0000420CDE90004029403460394E1E7E72814
:1011B00013D0EF2817D06F281CD0F72820D077281D
:1011C000A1D10520CDE900040294034603943F21F8
:1011D000EE22084607F06DFAFEE4CDE900640294C1
:1011E00001230394F3E70220CDE9000402940346AF
:1011F0000394ECE7CDE90084029403230394E6E72B
:101200000420CDE90004029403460394DFE7FE289E
:101210000ED0EF2816D06F281BD0F72820D07728C3
:10122000DAD12520CDE9000402940346039472E745
:101230002120CDE90004EE2203463D210294084618
:101240000394C5E42220CDE90004029403460394EC
:1012500061E72320CDE900040294034603945AE792
:101260002420CDE9000402940346039453E7FE28AA
:101270000ED0EF2816D06F281ED0F72823D077285D
:10128000AAD12520CDE9000402940346039470E717
:101290002120CDE90004EE2203463E2102940846B7
:1012A000039495E42220CDE90004029403460394BC
:1012B0005FE7000010C207202320CDE9000402945C
:1012C0000346039455E72420CDE900040294034625
:1012D00003944EE7FE280ED0EF2816D06F281BD0BF
:1012E000F72820D077289BD12520CDE9000402944F
:1012F000034603946BE72120CDE90004EE22034668
:101300003F2102940846039462E42220CDE90004C0
:101310000294034603945AE72320CDE90004029483
:101320000346039453E72420CDE9000402940346C6
:1013300003944CE7EF280CD06F2811D0F72816D073
:1013400077289DD13520CDE900040294034603940B
:10135000E1E63220CDE90004029403460394DAE684
:101360003320CDE90004029403460394D3E63420ED
:10137000CDE90004029403460394CCE6EF280DD097
:101380006F2812D0F72817D07728ACD13520CDE9B7
:101390000004029403460394EBE643E23220CDE9D5
:1013A0000004029403460394E3E63320CDE90004ED
:1013B000029403460394DCE63420CDE90004029451
:1013C00003460394D5E6EF280CD06F2811D0F728F8
:1013D00016D0772887D13520CDE900040294034642
:1013E0000394F4E63220CDE900040294034603940A
:1013F000EDE63320CDE90004029403460394E6E6CB
:101400003420CDE90004029403460394DFE6EF287C
:101410000CD06F2811D0F72816D0772891D145200D
:10142000CDE9000402940346039474E64220CDE91A
:1014300000040294034603946DE64320CDE90004C2
:1014400002940346039466E64420CDE90004029426
:10145000034603945FE6EF280CD06F2811D0F728DD
:1014600016D0772891D14520CDE900040294034697
:1014700003947EE64220CDE90004029403460394DF
:1014800077E64320CDE9000402940346039470E616
:101490004420CDE9000402940346039469E6EF2852
:1014A0000CD06F2811D0F72816D0772892D145207C
:1014B000CDE9000402940346039488E64220CDE976
:1014C000000402940346039481E64320CDE900041E
:1014D0000294034603947AE64420CDE90004029482
:1014E0000346039473E6EF280CD06F2811D0F72839
:1014F00016D0772892D15520CDE9000402940346F6
:10150000039408E65220CDE90004029403460394B4
:1015100001E65320CDE90004029403460394FAE562
:101520005420CDE90004029403460394F3E5EF2828
:101530000CD06F2811D0F72816D0772892D15520DB
:10154000CDE9000402940346039412E65220CDE94B
:1015500000040294034603940BE65320CDE90004F3
:1015600002940346039404E65420CDE90004029457
:1015700003460394FDE5EF280CD06F2811D0F7281F
:1015800016D0772892D15520CDE900040294034665
:1015900003941CE65220CDE9000402940346039410
:1015A00015E65320CDE900040294034603940EE6A9
:1015B0005420CDE9000402940346039407E6EF2883
:1015C0000CD06F2811D0F72816D0772892D165203B
:1015D000CDE900040294034603949CE56220CDE922
:1015E000000402940346039495E56320CDE90004CA
:1015F0000294034603948EE56420CDE9000402942E
:101600000346039487E5EF280CD06F2811D0F72804
:1016100016D0772892D16520CDE9000402940346C4
:101620000394A6E56220CDE90004029403460394E6
:101630009FE56320CDE9000402940346039498E5F6
:101640006420CDE9000402940346039491E5EF2859
:101650000CD06F2811D0F72816D0772892D16520AA
:10166000CDE90004029403460394B0E56220CDE97D
:101670000004029403460394A9E56320CDE9000425
:10168000029403460394A2E56420CDE90004029489
:10169000034603949BE5F9E35846DEF706FE99F806
:1016A00028004D46FB2809D0FD283AF4E4AFFF4955
:1016B00091F9011029B1012928D081E1FB48467038
:1016C0007EE1242004F082FA00B2ADF8100095F813
:1016D0002810EF2906D06F2906D0F72906D07729E0
:1016E00006D008E0401C04E0801C02E0401E00E040
:1016F000801EADF8100041F28832642104A8E3F79F
:1017000061FBBDF910102420FCF74AB9FE283EF415
:10171000B6AC55E15846DEF7C8FD99F828104C469E
:10172000FB293DF4C1AEFD293DF4BAAEDF4890F986
:10173000010038B101282BD002284ED0032872D0E6
:101740003EE11DE0A62004F041FA00B2ADF8100021
:1017500094F82810EF2906D06F2906D0F72906D073
:10176000772906D008E0401C04E0801C02E0401EFF
:1017700000E0801EADF8100040F6B83240F26C7107
:1017800004A8E3F71FFBBDF91010A620FCF741BC2D
:10179000A82004F01BFA00B2ADF8100094F828104D
:1017A000EF2906D06F2906D0F72906D0772906D071
:1017B00008E0401C04E0801C02E0401E00E0801EA7
:1017C000ADF8100040F6B83240F26C7104A8E3F7AF
:1017D000F9FABDF91010A820D8E7AA2004F0F6F90C
:1017E00000B2ADF8100094F82810EF2906D06F2948
:1017F00006D0F72906D0772906D008E0401C04E07F
:10180000801C02E0401E00E0801EADF8100040F693
:10181000B83240F26C7104A8E3F7D4FABDF91010A5
:10182000AA20B3E7FFE7FE293EF429ACE3E35846DC
:10183000DEF73BFD99F828004C46FB280AD0FD282E
:101840009A480BD090F9010090B1012835D00228B8
:1018500058D07FE095484178491C01E04178491E05
:1018600000F8011FE98A4AB20021E3F7A0FA71E00B
:10187000A62004F0ABF900B2ADF8100094F82810DF
:10188000EF2906D06F2906D0F72906D0772906D090
:1018900008E0401C04E0801C02E0401E00E0801EC6
:1018A000ADF8100040F6B83240F26C7104A8E3F7CE
:1018B00089FABDF91010A62048E0A82004F086F9A6
:1018C00000B2ADF8100094F82810EF2906D06F2967
:1018D00006D0F72906D0772906D008E0401C04E09E
:1018E000801C02E0401E00E0801EADF8100040F6B3
:1018F000B83240F26C7104A8E3F764FABDF9101035
:10190000A82023E0AA2004F061F900B2ADF810008D
:1019100094F82810EF2906D06F2906D0F72906D0B1
:10192000772906D008E0401C04E0801C02E0401E3D
:1019300000E0801EADF8100040F6B83240F26C7145
:1019400004A8E3F73FFABDF91010AA2004F0E8F864
:1019500084F82D605548B5F9161090F901008842B9
:101960002ED194F82800D1E64D46FB2807D0FD285B
:1019700009D07B283EF4C0ACF72809D00FE04B48D3
:101980000199FEF796B9494880F801E0FEF792B94F
:10199000002B3AF46CAD032BFBD0042BF9D0434F52
:1019A0007BB1012B28D0DFF80891B8464FF4806B4B
:1019B000032B4CD0042B76D0052B75D0062B74D07E
:1019C00019E3FE2817D10022BB7811465920E0F711
:1019D00003F8364897F90210F238405C552808D0D1
:1019E0004FF47A60009033A338A23EA143A0E0F701
:1019F00044F8E4F772FEFEE22C4C243CEF2806D0BB
:101A00006F2808D0F7280AD077280CD010E034F8D7
:101A10001C00401C0AE034F81C000A3006E034F8D0
:101A20001C00401E02E034F81C000A3824F81C0098
:101A300004EB4C004FF4FA620021E3F7C3F997F985
:101A40000200344A34F9101032F910005CE6FE2826
:101A500075D1002540F6026004F0B8F807B24FF4E3
:101A6000606004F0B3F800B200903F2F61DC002604
:101A70005DE000BF0BEB401005A904F080F99DF874
:101A8000140042284AD19DF8151098F902008142AD
:101A900044D19DF816004B2840D16D1C2DB209EBA6
:101AA0000501009838E04EE08AE0C7E010C2072048
:101AB000F30A0820202020202020E4E0EDEDFBE5C3
:101AC000212121202020202000000000202020EFC4
:101AD000F0E5E4F8E5F1F2E2F3FEF9E8E520202094
:101AE0000000000020202020F3EDE8F7F2EEE6E809
:101AF000F220E2F1E5202020000000002020C2E2D8
:101B0000E5E4E5EDE8E520E1E0F2E0F0E5E82020BD
:101B10000000000004D8020001F8010C4FF0FF3271
:101B200040210098DEF703FE761C36B20090BE42DC
:101B3000A0DB002298F802301146672039E03EE031
:101B4000AAF8184057E2FE2839D1002540F6026075
:101B500004F03CF807B24FF4606004F037F800B2CC
:101B600080463F2F20DC00261CE000BF0BEB481016
:101B700005A904F004F99DF81400422809D19DF844
:101B800016005A2805D16D1C2DB209EB050101F88C
:101B9000018C4FF0FF3240214046DEF7C8FD761C35
:101BA000804636B2BE42E1DBF94800221146837816
:101BB0006920DFF711FFAAF818503F2DC0DC1AE2A8
:101BC000FE2849D1002540F6026003F0FFFF07B26E
:101BD0004FF4606003F0FAFF00B280463F2F27DC2D
:101BE0000026DFF8AC9321E00BEB481005A904F0C8
:101BF000C6F89DF8140042280FD19DF8151099F9E8
:101C00000200814209D19DF81600572805D16D1CAC
:101C1000E0492DB2294401F8018C4FF0FF324021F8
:101C20004046DEF784FD761C804636B2BE42DBDBE2
:101C3000D7480022114683786B20BAE7FE280BD1E3
:101C4000D348F23810F80C0055283AF410AC6FF075
:101C500003010020DFF7ADFECDE1FD281AD0FE28FC
:101C600008D010E000210CF10100FDF7FDBAFB28BF
:101C70000CD0F2E7BB42E8D0BDE1FB2806D0FD283E
:101C800008D0FE2809D0F728DFD0B4E101988CF8FD
:101C90000100E7E78CF801E0E4E7BB42D5D001DCC6
:101CA0008CF80440A7E1FE2818D1BB4D039806FA32
:101CB00003F1884328600AD111E0491C48B27870CA
:101CC000202804DB00210846DFF773FE2C6097F91B
:101CD00001102A6806FA01F01042EED08BE10021D3
:101CE0000846DFF766FE2C6085E100BFAB4A99F835
:101CF0002310D28E571C521EBFB292B281B3FD2860
:101D000008D0FB280DD0ABB16146012B4AD0042B83
:101D100064D069E08CF801E0BEF1030F64D10221C8
:101D200005E001998CF8011003295DD104218CF89C
:101D3000011059E0F72804D0EF2816D0FE2814D05F
:101D40001FE001292BD0022919D0032904D006292C
:101D500022D00C2902D004E0022003E0062001E09A
:101D600044E00C2089F823000BE00129F4D002297B
:101D700012D00329F2D00629F3D00C290FD089F80C
:101D8000236099F82310BA2003F0CAFE99F82300C3
:101D900018B3DFF7CDFF27E089F82380F1E789F852
:101DA0002340EEE7EF2806D06F2804D0F72806D0AE
:101DB000772804D006E089F82D60EF8602E089F8E4
:101DC0002D60EA867548182201213630E2F7FAFFC5
:101DD000E88E01B2AC2003F0A3FE05E0FE2803D19B
:101DE000212008708CF8016004224BE0FD2807D008
:101DF000FB2808D05BB1012B21D0022B3BD040E067
:101E00008CF801E03DE001998CF8011039E0F728E9
:101E100004D0EF2806D0FE2804D005E00C2089F875
:101E2000230001E089F8236099F82310BA2003F019
:101E300077FE99F8230020B3DFF77AFF21E0EF283F
:101E400006D06F2804D0F72806D0772804D006E003
:101E500089F82D60EF8602E089F82D60EA864F4808
:101E6000142201213630E2F7ADFFE88E01B2AC203A
:101E700003F056FE05E0FE2803D100210846DFF7F7
:101E800098FD022200210AF10100EEE669E05846C1
:101E9000DEF70BFA99F828004F46FB2811D0FD28F1
:101EA00012D095F90110C1B140F6C412012925D014
:101EB000022949D0032975D0042952D0052970D0B0
:101EC00099E06878401C01E06878401E687099F8D5
:101ED0002500002142B2681CC7E6F87F012808D01F
:101EE000022809D087F81F6099F81F10E820FCF736
:101EF0004DBB0220F877F7E7FC77F5E7F97F81B370
:101F0000EF2806D06F2808D0F7280AD077280CD001
:101F100010E0B7F87000401C0AE0B7F87000801CB1
:101F200006E0B7F87000401E02E0B7F87000801EAF
:101F3000A7F87000194864211038E2F743FFB7F999
:101F40007010EC20FCF7D2B8EF2806D06F2809D02B
:101F5000F7280BD077280DD011E0B7F87200401C9D
:101F60000BE045E0B7F87200801C06E0B7F872009D
:101F7000401E02E0B7F87200801EA7F87200074802
:101F800064210E38E2F71EFFB7F97210EE20D9E790
:101F900010C20720F30A082024000010F8C0072010
:101FA00000E022E0EF2806D06F2808D0F7280AD0FA
:101FB00077280CD010E0B7F86E00401C0AE0B7F8A4
:101FC0006E00801C06E0B7F86E00401E02E0B7F815
:101FD0006E00801EA7F86E003C220A21FF48E2F73F
:101FE000F1FEB7F96E10F020ACE799F8201011B9A6
:101FF000FE283AF494ACF94900206E3981F82F009C
:1020000007B0BDE8F08F5846DEF74FF999F8280081
:10201000EEE7F349C8054160002101610321017029
:10202000AA210172552101727047AA214807017245
:102030005521017270472DE9F041E84C01266E3CB4
:10204000E8482675A17F39B1016A41F080610162DB
:10205000416B81F080614163B4F85410491C09B2AE
:10206000A4F8541002297CDB0025A4F85450E6742F
:102070004069C0F3C06184F82610D84894F827203E
:102080009230914202D0828C521C828484F82710B4
:10209000D549D64BD64F0A78B3F900309A4207DAC1
:1020A00002F10102D2B20A709A4204DB3E7002E0F1
:1020B00001DD0D703D70B4F85610491C09B2A4F84A
:1020C0005610142902DBA4F85650A675B4F84A102D
:1020D000491C09B2A4F84A100A2964DBA4F84A5042
:1020E0006675C18C491C09B2C184B1F5FA7F03DB66
:1020F000C584818C41848584B4F84C0042F2107709
:10210000401C00B2A4F84C000A280BDBA4F84C5089
:10211000E67503F0B7FAB4F94200B84202DA401C9F
:10212000A4F84200B4F84E00401C00B2A4F84E00DF
:10213000142807DBA4F84E502676207F08B12577B7
:1021400000E02677B4F85000401C00B2A4F850001C
:10215000322808DBA4F850506676607F10B16577AE
:1021600001E020E06677B4F85200401C00B2A4F809
:102170005200642817DBA4F85250A676B4F9440044
:10218000B84202DA401CA4F84400B4F9580010B177
:10219000401EA4F85800B4F84800002803D195491F
:1021A0000888401C0880BDE8F08170471CB592A1EA
:1021B000DFF84C82D1E90001CDE90001914840F2FD
:1021C000D241A8F800100068844C04F192042087E2
:1021D00003F026F9A4F58070012585778A484FF42D
:1021E000FA610068B0FBF1F14FF0E020491E416157
:1021F000072101617B4E306820F000603060306C58
:1022000040F080003064306C40F480703064306E98
:1022100040F000703066B06F40F00070B06703F0BF
:10222000FAFA7A48401EFDD1212003F005FB0D206B
:1022300003F002FB112003F0FFFA442003F0FCFA44
:10224000734947F6FF7048808880C88008814881BC
:102250008881C881088248828882C882088348832E
:102260008883C88348848884C8840885488588858D
:10227000C885088648868886C886088748878887EC
:10228000C88764490880488004F020F804F04BFABD
:1022900004F001F860491120087260480025604B85
:1022A0000570B4F8440010B15EA264A101E069A217
:1022B0005CA15B48DFF7B2FBE2F735FEE0F72FF9F0
:1022C000306840F400603060B06940F40060B06194
:1022D0008621642003F024FC4FF41651002005F001
:1022E00027FE03F0ACFC02F083FA4C4806221838B3
:1022F00001788DF8051041788DF8041080788DF8FC
:1023000003006946594809F0F9FA40F2DA3003F05F
:102310005DFC574F38704FF4777003F057FC10F0A6
:10232000FF00787001D0202800D17D7040F2DE30AF
:1023300003F04CFC10F0FF00B87001D0202800D151
:10234000BD704FF4787003F041FC10F0FF00F8709E
:1023500001D0202800D1FD7040F2E23003F036FCBD
:1023600010F0FF00387101D0202800D13D714FF4EA
:10237000797003F02BFC10F0FF00787101D0202859
:1023800000D17D7140F2E63003F020FC10F0FF0038
:10239000B87101D0202800D1BD714FF47A7003F0DC
:1023A00015FC10F0FF00F87101D0202800D1FD715C
:1023B00040F2EA3003F00AFC10F0FF00387201D05E
:1023C000202800D13D727D724FF43377384603F0F8
:1023D000FDFBA8F80000DFF804B04BE0E6C00720E2
:1023E00080841E0000C0092012560010B6C40720C9
:1023F000B4C4072010560010007304323C4600009D
:102400003E0B082080C10F40F855001080A9030042
:10241000760B082066C407200040024010C2072047
:10242000B863000020202020202045746865726E6B
:102430006574202020202020000000002020202083
:10244000C8EDE8F6E8E0EBE8E7E0F6E8FF2020205A
:1024500000000000202020696E697469616C697A4F
:102460006174696F6E2020200000000000000010E1
:1024700000C007200BF1120B3846BBF83A10A8F841
:10248000021003F0A3FB01281BD1B4F84400C64B93
:1024900020B1AFF27002AFF25C0103E0AFF24C0288
:1024A000AFF28001C048DFF7B9FAE4F71FF9BF487F
:1024B00003F046FF09F004F8BC4803F041FFE3F7DE
:1024C000D7FDBB483A27BB49B0F900004FF00208DE
:1024D000022802D001282DD03FE0B74AB2F900000F
:1024E00038B34FF03C0990FBF9F081F80080B34914
:1024F000924608804FF4FF7003F068FBBAF90010B1
:10250000411A91FBF9F0AE4908804FF4FF7003F0D7
:102510005DFBBAF90010401AC0EB001080004FF4C8
:102520006161B0FBF1F201FB1200A6490880A648E8
:10253000058012E001200870A448A5490088C0B2B7
:10254000087000EB400101EB0010A24901EB800094
:10255000A2498561A04800880870FFF75AFDBBF8C2
:102560002800B0F5166F06D0B0F5965F03D0A0F541
:10257000B851703905D19A494FF4AF700880994924
:10258000088005F0FAFFB4F90400A14600EB8000D2
:10259000400006F0DCF9B4F9040040F6B83191FBD4
:1025A000F0F001B290480229018002DA4146A0F819
:1025B000008089B2891C01808C4A032100200AF026
:1025C0005BFF8B49087018B140F2E9310AF078FFDF
:1025D000884B0A22002101200AF098FB864C84F8DF
:1025E0003B0018B14FF4FB710AF0D4FB0F20A4F8A4
:1025F00058007848DFF804A29830DFF804B2DFF81A
:10260000048280F86D52A57709F04AF99AF8001013
:1026100019B18AF8005006F047FB9BF8001019B179
:102620008BF8005005F08DFE7748017811B10570E8
:1026300004F02AFDA07C00B1A574207D48B1B8F952
:102640000000C82802DA401CA8F800002575DFF752
:10265000A4FFE07C20B1E57406F04FF806F04BFBD8
:10266000607D30B16575E07808B9F9F7E2FBF9F7FC
:10267000A0FDA07D10B1A575E3F7B3FFE07D40B3E9
:102680000AF0ECFE0121C9F86410E575E0F703FAE1
:10269000E4F71AFAE4F72AF8E07810B9434803F0AF
:1026A0004FFEA8F80050DDF703FEE2F701FBDDF76F
:1026B000FFFDE1F77DFFE1F77DFBE0F757F9E0F77C
:1026C000DEFFE0F7C2FBE0F79BFEE0F7CBFEE0F7B2
:1026D0004DFE207EC0B12576E07828B903F01EF9C2
:1026E000E07808B902F084F8306A40F08060306227
:1026F000DFF7C0FBE0F73AF9E07808B9E2F78CFBC6
:10270000E2F706F900F08EFC607E00B16576A07EEF
:10271000A8B3A576E07808B9FFF787FCDFF754FB8C
:10272000DFF792FB02F0EAFFDFF700FBDFF7E1FEE5
:10273000E2F7CCF994F831007F1C401CFFB284F81A
:1027400031003C2F06D3002703F0C0FD03F0EBFF60
:1027500003F0A1FDE2F7BAF9E1F7E7FD94F83200E2
:102760000A2802D2401C84F83200E3F7EDFE01F0A3
:10277000DFFFE0F7E3FCE3F7D1FE03F00CFAE07EC5
:1027800000283FF440AFE57660790028F9D00A28A8
:102790003FF639AF401E10F0FF0060717FF433AF99
:1027A000142060712FE70000B8630000D8060820ED
:1027B00038C007201EC007201400001012000010AF
:1027C00060C007205EC00720100000103AC007203C
:1027D0001FC00720A8F307203CC0072020C0072007
:1027E000060000105CC00720B6C407209345020015
:1027F000C4550010058B020078C00720B4C4072020
:1028000099C407202AC00720AEC407202DE9F84F3D
:102810009E460A9B202931D2CC1701EB5475EC104F
:1028200026466FF03C077C4325F0070500EB440487
:102830004D1BDFF8E8A704F5B774002A34D0A0B226
:10284000C5F10701C9B24FF0010404FA01F40244D2
:10285000514611DC25E023B1012B05D0022B06D017
:1028600008E00D5C254304E00D5C654001E00D5C73
:1028700025400D54401C80B28242ECDCBDE8F88F4C
:1028800023B1012B05D0022B06D008E00D5C2543B7
:1028900004E00D5C654001E00D5C25400D54401ED8
:1028A00080B28242ECDBE9E7BEF1000FE6D0B2B2C3
:1028B00001EB0E064FEAE67406EB5477ADB2A9467B
:1028C00027F00705C7F3CF04A6EB0505AFB277DD08
:1028D000A24244D1C8463FE023B1012B13D0022BC2
:1028E00024D035E0C2F1030101EB4105C5EB8111B4
:1028F00000EB4106C8F1070C1AF80610012505FA8D
:102900000CF529430FE0C2F1030101EB4105C5EBD2
:10291000811100EB4106C8F1070C1AF806100125D9
:1029200005FA0CF569400AF8061011E0C2F103013E
:1029300001EB4105C5EB811100EB4105C8F1070C26
:102940001AF80560012101FA0CF18E430AF80560BE
:1029500008F101081FFA88F8B845BDD38CE0CD17FF
:1029600001EB557CCCF3CF05C5F1030505EB45061E
:10297000C6EB851500EB45082CF007054E1BFF251F
:10298000F5407144CE1701EB56760096C6F3CF069C
:10299000C6F1030606EB460CCCEB861600EB4606AA
:1029A000B346009E26F00706891B89B2C1F10806CE
:1029B000FF21B1402BB1012B0ED0022B19D023E007
:1029C0005EE01AF808C04CEA050C0AF808C01AF8CC
:1029D0000BC04CEA010C09E01AF808C08CEA050C9F
:1029E0000AF808C01AF80BC08CEA010C0AF80BC0F0
:1029F0000AE01AF808C02CEA050C0AF808C01AF810
:102A00000B608E430AF80B60A11A01297FF74BAFC8
:102A1000511C1FFA81FC2DE023B1012B0DD0022B9C
:102A200019D023E0CCF1030101EB4105C5EB811185
:102A300000EB41054FF0FF360AE0CCF1030101EB5A
:102A40004105C5EB811100EB41051AF80560F6431D
:102A50000AF805600AE0CCF1030505EB4506C6EB74
:102A6000851500EB450600210AF806100CF1010C53
:102A70001FFA8CFCA445CFD3BEF1000FBFF613AFF5
:102A8000A24240D1A9F1010139E023B1012B12D0BA
:102A9000022B22D032E0C2F1030404EB4405C5EB63
:102AA000841400EB440CC1F107061AF80C40012510
:102AB000B5402C430EE0C2F1030404EB4405C5EB22
:102AC000841400EB440CC1F107061AF80C400125F0
:102AD000B5406C400AF80C4010E0C2F1030404EB6E
:102AE0004405C5EB841400EB440CC1F107061AF849
:102AF0000C500124B440A5430AF80C50491E89B279
:102B0000B942C2D2BAE623B1012B26D0022B43D060
:102B100062E0C2F1030101EB4105C5EB811100EB5D
:102B2000410CC9F108061AF80C504FF0FF0909FAD8
:102B300006F10D430AF80C50C4F1030101EB410505
:102B4000C5EB811100EB410129FA07F91AF8015090
:102B500045EA09050AF801503EE0C2F1030101EB24
:102B60004105C5EB811100EB410CC9F108061AF8CB
:102B70000C50FF2101FA06F675400AF80C50C4F11A
:102B8000030505EB4506C6EB851500EB4505F94049
:102B90001AF805604E401DE0C2F1030101EB41054A
:102BA000C5EB811100EB410CC9F108061AF80C5075
:102BB000FF2101FA06F6B5430AF80C50C4F10305EB
:102BC00005EB4506C6EB851500EB4505F9401AF8FF
:102BD00005608E430AF80560111B012992DD521E23
:102BE00091B22BE023B1012B0DD0022B19D023E0A1
:102BF000C1F1030202EB4205C5EB821200EB420574
:102C00004FF0FF360AE0C1F1030202EB4205C5EBCB
:102C1000821200EB42051AF80560F6430AF80560D7
:102C20000AE0C1F1030505EB4506C6EB851500EB8F
:102C3000450600220AF80620491E89B2A142D1D8D1
:102C40001CE62DE9F8470446DDE9090517468A46E2
:102C50009946E61948B90CE04B46002251462046F9
:102C60000095FFF7D3FD641C24B2A642F4DABDE858
:102C7000F887002220460095FFF7C8FD0AEB0900FF
:102C80008046401E01B200233A4620460095FFF7D9
:102C9000BDFD761EC9F1000034B203B20FFA88F10F
:102CA000002220460095FFF7B1FD784202B20023D2
:102CB000514620460095FFF7A9FDD8E72DE9F843D6
:102CC00081460E461D46002022B1022A1AD1002458
:102CD00080462CE00024804612E03719621B002356
:102CE00039464846CDF80080FFF790FD2A1B0023A7
:102CF00039464846CDF80080FFF788FD641CE4B2F1
:102D0000AC42EAD3BDE8F883371B621B0023394687
:102D10004846CDF80080FFF779FD2A1B002339468D
:102D20004846CDF80080FFF771FD641CE4B2AC4268
:102D3000EAD3E7E72DE9F8474FF0FF35C3F1200369
:102D40009D4005EA020323FA01F200929DF8021069
:102D5000DFF8C88289469DF80310099C8A4608EB73
:102D600000019DF800709DF801C018F8002091F84E
:102D70007A3091F8F45091F86E6184B17A4008F895
:102D8000002083EA0C0381F87A3085EA090581F88E
:102D9000F45086EA0A0600BF81F86E6167E73A439D
:102DA00008F8002043EA0C0381F87A3045EA090567
:102DB00081F8F45046EA0A06EEE72DE9FC4F074693
:102DC0000CA88A46B0E8100316469B4600251CE076
:102DD00005FB0480611E5B46415C8DF80710A11E57
:102DE000415C8DF80610E11E415C8DF80510211F35
:102DF000405C8DF80400781900B2CDF8009051467F
:102E0000019AFFF797FF6D1C2DB2B542E0DBBDE8DC
:102E1000FC8F2DE9FF4F96B0814624A8DDF88C5039
:102E2000B0E8100C002020260DF1400808F80060E2
:102E3000401C00B20A28F9DB002004E0115C08F80D
:102E40000010401C00B29842F8DB2B27002D02DA5C
:102E5000684205B22D2700214FF00A0C0DF14C00FD
:102E600095FBFCF20CFB12554554491C49B215B2B6
:102E70000A29F5DB01250021092200E045B110F8FF
:102E800002C0BCF1000F03D1A24201DD865405E06F
:102E9000855C303585540025491CC9B2521E52B29A
:102EA000002AEBDA2D2F02D14754491CC9B26CB16C
:102EB0004AB205E0851815F8015C8554521E52B2DD
:102EC000A242F7DC2E22491C0255C9B2002207E0BB
:102ED000AAEB0204855C4444521C04F8015C52B223
:102EE0008A42F5DB002001AC1BE000BF18F800109F
:102EF0004B4E01EB410200EB400116F8125004F872
:102F0000115006EB420204EB410155784D70957863
:102F10008D70D578CD7015790D715279401C4A713C
:102F200000B29842E2DB002503EB43060EE0605D51
:102F30008DF84F0009EB050000B20823CDF800B072
:102F4000139A1799FFF7F6FE6D1C2DB2B5EB460FDD
:102F5000EDDB1AB0BDE8F08F2DE9F04796B0804662
:102F60008A460020DDF884901E9C202510A90D546F
:102F7000401C00B20A28FADB002003E0155C0D5467
:102F8000401C00B29842F9DB002C01DA604204B226
:102F9000002013AE5FF00A0294FBF2F502FB154429
:102FA0003454401C40B22CB20A28F5DB002001AC9E
:102FB00019E00A5C1A4F02EB420200EB400517F8D9
:102FC000126004F8156007EB420204EB45055678E1
:102FD0006E709678AE70D678EE7016792E71527942
:102FE000401C6A7100B29842E3DB002503EB430604
:102FF0000EE0605D8DF84F0008EB050000B208237D
:10300000CDF800905146139AFFF794FE6D1C2DB237
:10301000B5EB460FEDDB16B0BDE8F087D80608200B
:1030200078D802002DE9F05FFF48DFF800943521E1
:103030000088A9F80A00FE4809F180040088A9F870
:103040000C00FC480088A9F80E00FB480088A9F88D
:103050001000FA480088A9F8120009F1D6000170A2
:10306000362180F88010F6480068E06242F2107065
:10307000A062F4480088182806D0A0F59051FC39C9
:1030800005D14BF680300AE045F6C05007E06E28C7
:1030900002D0DC2802D003E0EB4800E0EB48A0625D
:1030A000EB48B0F90020EB48012AB0F9000004D049
:1030B00001280ED003280FD011E0A16A6431A1626B
:1030C000012802D0032802D010E00A310DE01E31A1
:1030D0000BE0A16A0A3101E0A16A1E31A162DE495A
:1030E0000988012902D1A16A491CA162DB4909882A
:1030F000A9F81410DA490988A9F81610D9490968FD
:10310000A9F81810D8490988A9F81A10D7490988C8
:10311000A9F80210A9F80420A9F8060040F60260F8
:1031200002F054FDA9F80800D1484FF00108A2466A
:103130000188A9F85C104188A9F85E108088A9F878
:103140006000CC480188A9F862104188A9F8641091
:103150008088A9F86600C8480168C848A163B349D7
:103160000088A9F86800B148B431B030A0F80080F8
:10317000C348B0F90000A0F5AA42553A01D1C148B0
:103180000088DFF804E308800EF14606DFF8FCB2A1
:10319000002006F1460706F58C7C00EBC00101EB30
:1031A0004102431C0BEB82022EF81030916926F885
:1031B0001010D16927F81010B349148ED23121F8BC
:1031C0001040B34C116A24F8101092F83A1001F034
:1031D000F7042CF8104092F857506146012D01D0A9
:1031E0001DB106E044F4807401E024F4807421F8F9
:1031F000104092F83B40E40731F8104002D044F40C
:10320000007401E024F400742CF81040A04CD16A42
:103210008C3424F810104634916A24F81010516A46
:1032200004F1460222F81010D8B22128B5D39949EA
:1032300009F11C004B88A9F81C300C88A9F81E4025
:103240004A68A9F820200D7FA9F82250B1F808C0DB
:10325000A9F824C04E89A9F826604F7FA9F82870E4
:103260008D4F3F88A9F82A70038244828282C582EA
:10327000A0F818C04683B1F829208283CA8DC28382
:103280008A8D02840A6B428491F8482082848A8E57
:10329000C284CA8E0285B1F8552001F158014285D9
:1032A0004A8882850A88C2854A6802860A7F4286E1
:1032B0000A8982864A89C2865C4FB1F8291007F1D3
:1032C000BC07A9F85410754D75A087F800800168F7
:1032D000C5F856104168C5F85A10DFF8CCC100890E
:1032E000A5F85E009CF8002007F104014FF00000F3
:1032F000012A7ED00870DFF8B4B14C4ABBF8003028
:10330000C432002B76D01070694B1C78474BC83301
:10331000012C70D0187002247C70AE462C4665A536
:103320002E68C4F86A606E68C4F86E602D89A4F8CF
:1033300072509CF80140012C6DD04870BBF80240DF
:10334000002C69D050705A4C6478012C65D05870AC
:1033500003245AA5BC702E68CEF87E606E68CEF845
:1033600082602D89AEF886509CF80240E646012C1A
:1033700054D08870BBF80440002C50D09070DFF817
:1033800030C19CF80240012C4AD098700424FC7093
:10339000424C4CA580342E68C4F812606E68C4F8A4
:1033A00016602D8965839EF80340012C39D0C870C2
:1033B000BBF80610002935D082F803009CF80310F2
:1033C000012930D0D87041490A88AAF80C20404A17
:1033D00051461288AAF80E203E4A1288AAF81020F8
:1033E0003D4A1288AAF812203C4A1288AAF81420F2
:1033F00002E0D9E0DBE0DDE0394A1288AAF81620C5
:10340000384A12880A83384A12884A83374A12880F
:103410008A83374A6EE0D0E0D2E0D4E0D6E0D8E04C
:10342000DAE0DCE0DEE0E0E092C10720C00000105E
:103430009AC1072094C1072096C1072098C1072090
:10344000F8C1072020C10720B0AD0100605B030078
:1034500016C1072018C107201AC107208AC10720FA
:103460008CC10720FCC10720B4C107200CC1072074
:1034700062C2072068C207200CC20720ACC1072027
:10348000F4C10720ECC10720E458001040F40720E5
:10349000FC590010F80508208EC10720805B001041
:1034A00053686F636B000000D0C107206EC2072015
:1034B000D4C10720536D6F6B65000000446F6F72BD
:1034C000000000002020202020000000A0C10720D4
:1034D000D8C0072068000010F0C307206A00001061
:1034E000F2C30720E0C00720DEC00720E4C00720A9
:1034F000E2C00720FE4C1288CA83B4F900200A8477
:10350000B4F902304B84FB4DB4F904408C842D880F
:10351000A9F86E50F84D2D88A9F87050F74D2D88F8
:10352000A9F87250F64D2D88A9F87450F54D2D88E4
:10353000A9F87650F44D2D88A9F87850F34D2D88D0
:10354000A9F87A50F24D2D88A9F87C50F14D2D88BC
:10355000A9F87E50F04D2D880D80F04D2D884D80BE
:10356000EF4D2D888D80EF4D2D88CD80EE4D2D882F
:103570000D81EE4D00212D88AAF80A50EC4EDFF89F
:10358000B4C3814606F10C05481C70541CF8017048
:1035900077B305F80180C1B20C29F5D3E648028063
:1035A00043808480BDE8F09F81F80080A3E682F824
:1035B0000080A9E683F80080ADE681F80180BDE6D1
:1035C00082F80180BFE683F80180C1E681F80280BD
:1035D000D0E682F80280D2E683F80280D6E681F84F
:1035E0000380E5E682F80380E8E683F80380EAE6F4
:1035F00005F80190CFE710B501280DD1CE4C4FF45E
:103600009F70503CE16A02F075FCE16ABDE8104031
:103610004FF4A27002F06EBC10BD70B501280AD143
:10362000C64D002404F56570295D02F02DFC641C74
:10363000E4B2402CF6D370BDBF480C380178C048C6
:10364000B0F9000011B1002102F06ABA4FF0FF3169
:10365000FAE7B9480C384178B948B0F9020019B115
:103660005FF0000102F05CBA4FF0FF31FAE7B248B8
:103670000C388178B248B0F9040019B15FF000014C
:1036800002F04EBA4FF0FF31FAE7AB480C38C17880
:10369000AB48B0F9060019B15FF0000102F040BA82
:1036A0004FF0FF31FAE77047012806D1A248D03821
:1036B000B0F96E10862002F033BA7047012806D1A7
:1036C0009D48D038B0F97010802002F029BA7047B8
:1036D00010B5012813D19B48007800280FD19648D7
:1036E000E622DC215E38E1F76DFB9348D038B0F973
:1036F0007210BDE810404FF4817002F011BA10BD95
:1037000010B5012814D18F480078002810D18A48BC
:103710004FF48772F0215C38E1F754FB8648D038CB
:10372000B0F97410BDE810404FF4867002F0F8B99B
:1037300010BD10B5012813D18248007800280FD1A0
:103740007D48C82200215A38E1F73CFB7A48D0383E
:10375000B0F97610BDE810404FF4877002F0E0B980
:1037600010BD10B501281BD176480078002817D16C
:103770007148CD226E215838E1F724FB6E4CCD22E2
:10378000D03C04F17800B4F97A10491DE1F71AFB36
:10379000B4F97810BDE810404FF4827002F0C0B95F
:1037A00010BD10B501281BD166480078002817D13C
:1037B0006148C82269215638E1F704FB5E4C692153
:1037C000D03C04F17A00B4F97820521FE1F7FAFAFC
:1037D000B4F97A10BDE810404FF4837002F0A0B93C
:1037E00010BD10B5012810D153484FF49672142122
:1037F0005038E1F7E7FA50485038B0F90010BDE80A
:1038000010404FF48E7002F08BB910BD10B5012836
:1038100010D149484FF4967214214E38E1F7D2FA8C
:1038200045485038B0F90210BDE810404FF48F7091
:1038300002F076B910BD10B5012810D13E484FF402
:10384000967214214C38E1F7BDFA3B485038B0F974
:103850000410BDE810404FF4907002F061B910BD43
:1038600010B5012810D134484FF4967214214C3809
:10387000E1F7A8FA30485038B0F90610BDE810401A
:103880004FF4917002F04CB910BD10B5012814D15D
:103890002C480078002810D127484FF49672142144
:1038A0004838E1F78FFA24485038B0F90810BDE8DD
:1038B00010404FF4927002F033B910BD10B50128DA
:1038C00014D120480078002810D11B484FF496727C
:1038D00014214638E1F776FA17485038B0F90A1043
:1038E000BDE810404FF4937002F01AB910BD00000B
:1038F00056C20720D4C00720D2C00720ECC0072042
:10390000F2C00720F4C00720EEC00720F6C0072051
:10391000FAC00720FCC00720FEC0072000C1072016
:1039200002C1072004C1072006C1072008C10720E3
:10393000BE5B0010320B0820900100108058001070
:1039400054D80200B0C0072010B50128CED1FF48DE
:1039500000780028CAD1FE4800214FF496740088F0
:10396000182806D0A0F59052FC3A05D12A2134241B
:103970000BE016211A2408E06E2802D0DC2803D0C0
:1039800003E05321712400E0AF212246F148E1F722
:1039900019FA2246EF4CEF487C3CB4F97E10491DE1
:1039A000E1F710FAB4F97C10BDE810404FF48470D0
:1039B00002F0B6B89AE710B5012897D1E34800782D
:1039C000002893D1E24800214FF49672008818280D
:1039D00006D0A0F59053FC3B05D1282132220BE004
:1039E0001421182208E06E2802D0DC2803D003E05E
:1039F00050216E2200E0AA21D648801CE1F7E2F9AE
:103A0000D4487C38B0F97E10BDE810404FF4857082
:103A100002F086B86AE77047704770477047704792
:103A200070477047704770477047704770477047DE
:103A300070477047704710B5012813D1C54845F24B
:103A400055517C380346B0F96A40CA43E41EB3F9C5
:103A50006C30062C10D2DFE804F00609030F0303D4
:103A6000A0F86A1042E75B1E172B02D8A0F86A2064
:103A70003CE74EF6EF61F3E74EF6EE61F0E72DE935
:103A8000F04385B00446DDE90C890D4616461F4615
:103A90001422B1A1684605F0F9FE0A20B4FBF0F14A
:103AA00000FB114230328DF8012030318DF80010CA
:103AB000B04901EB85010A88ADF8032089788DF8BB
:103AC0000510B6FBF0F100FB116230318DF80710E4
:103AD000B7FBF0F130328DF8082000FB1172303165
:103AE0008DF80B10B8FBF0F130328DF80C2000FB94
:103AF000118230328DF80F2030318DF80E10B9FB65
:103B0000F0F100FB119030308DF8120030318DF85B
:103B10001110684605B0BDE8F0832DE9F04707466F
:103B20008C4890B05A3000EBC7144E229249204680
:103B300005F067FE4FF4606002F048F87A424021D9
:103B4000DCF7F5FD400100F5806005460DA902F0A7
:103B500016F90BA9281D02F012F903A905F10800B6
:103B600002F00DF904A905F10C0002F008F90CA906
:103B700005F1100002F003F909A905F1140002F0A3
:103B8000FEF89DF8340004F1280555284FD0202672
:103B90004FF0400850286DD06E495A3101EBC711E3
:103BA00001F1290215319246894642287ED05328D8
:103BB0007DD172A00E22016821608088A0809DF8CE
:103BC000350071A131306071E01D05F01AFE9DF8DD
:103BD00012109DF81100CDE900019DF810309DF8FC
:103BE0000C209DF80D109DF80E00FFF748FF0146D0
:103BF0001322484605F005FE9DF836004C287DD07E
:103C000054287CD055287BD075287AD062A00168D2
:103C1000C4F829108088A4F82D00FF2084F82F0014
:103C20005FF030059DF8300041286BD083E29DF8AD
:103C30003600522873D132225AA1204605F0E1FD08
:103C40009DF812109DF81100CDE900019DF810308B
:103C50009DF80C209DF80D109DF80E00FFF70FFF4A
:103C6000014604F11100142205F0CBFD14225BA1E2
:103C7000284652E017225FA1204605F0C2FD9DF8BC
:103C800012109DF81100CDE900019DF810309DF84B
:103C90000C209DF80D109DF80E00FFF7F0FE014678
:103CA00004F11700132205F0ACFD01E03AE036E024
:103CB000284884F82A805A309DF8302000EBC7103D
:103CC0002B30412A03D19DF83110412923D050A037
:103CD0000168C4F82B104168C4F82F100089A4F8BB
:103CE000330084F835609DF826109DF82500CDE955
:103CF00000019DF824309DF8311004E0FAE100E263
:103D00000BE20DE213E29DF83200FFF7B8FE014628
:103D100004F1360028E20D2241A105F072FD10B039
:103D2000BDE8F0879DF83600002543280DD1152207
:103D30003FA1204605F065FD9DF812109DF8110089
:103D4000CDE900019DF810307EE0BFE0B0C0072053
:103D500020C107203C01001030302FFFEDE22F3052
:103D600030202030303A30303A30302020202020AF
:103D70002020000078DE0200D8E00200C1CFD12070
:103D8000B920202020202000202020C0E2E0F0E800
:103D9000FF212121402020004020F4E8E3EDFF2016
:103DA00020000000C2EAEBFEF7E5EDE8E520C8C11F
:103DB000DDCFE040202020202020202020202020B7
:103DC00020202020202020202020202020202020F3
:103DD0002020202020202020202000004020202003
:103DE00020202020202020202020202020202020D3
:103DF00000000000C0E2E0F0E8FF20EFE8F2E0FEA3
:103E0000F9E5E920F1E5F2E820402020000000007B
:103E100020F3F1F2F0E0EDE5EDE0202020000000DD
:103E200020EDE520F3F1F2F0E0EDE5EDE0202000FB
:103E3000C1E0F2E0F0E5FF2E2020C0E2E0F0E8FF74
:103E400021212120402020009DF80C209DF80D10FC
:103E50009DF80E00FFF713FE01461322484605F0B9
:103E6000D0FC84F828801622FCA1504605F0C9FC3D
:103E70009DF83020FF4800EBC7103F30412A03D1A6
:103E80009DF83110412926D0AFF27C000168C4F8BA
:103E90003F104168C4F843100089A4F8470084F833
:103EA00049609DF826109DF82500CDE900014A25BE
:103EB0009DF824309DF831109DF83200FFF7DFFDAA
:103EC000014604F14A00132205F09BFC9DF83600E0
:103ED0005A2807D04EE00D22AFF2BC0105F091FC4C
:103EE0004C25F3E760192022E3A105F08AFC9DF838
:103EF00012109DF81100CDE900012035EDB29DF8BA
:103F000010309DF80C209DF80D109DF80E00FFF765
:103F1000B6FD01466019132205F073FC1335E8B2B3
:103F200004F80080401C9DF83020C5B2412A03D11E
:103F30009DF83100412849D06119D8A00B3503689C
:103F40000B6043684B60008908818E729DF82610D3
:103F50009DF82500CDE90001EDB29DF824309DF8D3
:103F600031109DF83200FFF78AFD014660191322D7
:103F700005F047FC9DF836004B287FF4D0AE601961
:103F80001D22CAA105F03DFC9DF812109DF81100FC
:103F9000CDE900011D35EDB29DF810309DF80C20E3
:103FA0009DF80D109DF80E00FFF769FD01466019A0
:103FB000132205F026FC1335E8B204F80080401CFB
:103FC0009DF83020C0B2412A08D00BE060190D22C4
:103FD000BEA105F016FC0D35EDB2CBE79DF8311012
:103FE000412941D0ADA321181D680D605D684D6069
:103FF0001B890B818E720B30C5B29DF826109DF87F
:104000002500CDE900019DF824309DF831109DF880
:104010003200FFF734FD01462C441322204605F000
:10402000F0FB2722ADA1204605F0EBFB9DF80F0029
:104030009DF8131000EB012001B20A2091FBF0F271
:1040400000FB12113031A17212B292FBF0F100FBB1
:1040500011223032227209B251B191FBF0F200FB11
:1040600012113031E17104E020440D2297A154E691
:10407000E6719DF82E109DF82F2001EB022109B268
:1040800091FBF0F200FB12113031A17512B292FBDC
:10409000F0F100FB11223032227509B231B191FBEF
:1040A000F0F200FB12113031E17400E0E6749DF88B
:1040B0002C109DF82D2001EB022109B291FBF0F2AA
:1040C00000FB1211303184F8231012B292FBF0F190
:1040D00000FB1122303284F8212009B239B191FB62
:1040E000F0F200FB1210303084F8200017E684F85C
:1040F000206014E6142284A1284605F082FB4125A5
:1041000090E588A033250168C4F829104168C4F8F7
:104110002D100089A4F8310084E5102285A101E06A
:10412000102289A1504605F06CFB39257AE59DF8EF
:10413000310041281AD060190D2288A105F061FBD9
:104140009DF826109DF82500CDE900010D35EDB252
:104150009DF824309DF830209DF831109DF83200F4
:10416000FFF78DFC014660191322D6E560190F2276
:104170007EA1D2E52DE9F0413E4C0027D63CDFF888
:1041800000C2277025780CF805706D1CEDB2257003
:10419000642DF7D37A4DCC3501262F806670A8B1F7
:1041A0002E80277007E000BF0CF807E07F1CFFB2ED
:1041B0002770642F05D2FFB210F807E0BEF1000FA0
:1041C000F2D1072025F81600761C66704FF6FF76B0
:1041D000B1420AD02888401C2880A4F85610607884
:1041E000082125F81010401C6070B2420AD02888BF
:1041F0000921401C2880A4F85820607825F8101068
:10420000401C6070B3420AD028880A21401C2880D4
:10421000A4F85A30607825F81010401C6070594896
:10422000144CB0F900300A3CFF2B16D05648B0F9B8
:104230000000FF2811D05549B1F90010FF290CD01A
:10424000534AB2F90020FF2A07D0237060704C4B0C
:10425000A170E270CC3303229CE09FE0C1E0F2E069
:10426000F0E5FF20EDE520EEE1EDE0F0F3E6E5ED31
:10427000E02C200096010010C1E0F2E0F0E5FF2EF6
:104280002020C2FBF0E0E2EDE8E2E0FEF9E8E92000
:10429000E7E0F0FFE42040202000000020E7E0E21B
:1042A000E5F0F8E5ED20202000000000C1E0F2E09C
:1042B000F0E5FF2E2020CAEEEDF2F0EEEBFC20E55B
:1042C000ECEAEEF1F2E820402020000020EDE520AD
:1042D000E7E0E2E5F0F8E5ED202000002C2055EDC8
:1042E000E0F72020202C20C22C2055EAEEED2020E3
:1042F000202C20C22C2043E1E0F2202020202C2082
:10430000C02AF7200000000040EEF2EAEBFEF7E8DA
:10431000EBF1FF2020202020202020202020202022
:10432000000000004020EFE5F0E5E3F0E5E22020AA
:10433000200000004020E7E0E2FBF8E5EDEE20552C
:10434000E2FBF52E202000004020E7E0EDE8E6E566
:10435000EDEE2055E2FBF52E202000002C2020F36E
:10436000F1F2F0E0EDE5EDE0202020002C20EDE57D
:1043700020F3F1F2F0E0EDE5EDE020200000000098
:104380005A5B001046C1072048C107204AC10720D8
:104390004CC107200621204608F0EEFA6A48B0F921
:1043A0000030FF2B18D06948B0F90000FF2813D067
:1043B0006749B1F90020FF2A0ED06649B1F9001013
:1043C000FF2909D023706070A270E170624B032254
:1043D0000621624808F0D0FA6148B0F90030FF2B9E
:1043E00018D06048B0F90000FF2813D05E49B1F939
:1043F0000010FF290ED05D4AB2F90020FF2A09D033
:1044000023706070A170E270534B03220621534861
:1044100008F0B2FA5648B0F90030FF2B18D05548D2
:10442000B0F90000FF2813D05349B1F90020FF2A4A
:104430000ED05249B1F90010FF2909D023706070E5
:10444000A270E170444B03220621444808F094FA1C
:104450004B48B0F90030FF2B1AD04A48B0F90000A1
:10446000FF2815D04849B1F90020FF2A10D047494C
:10447000B1F90010FF290BD023706070A270E170B9
:10448000BDE8F0410322344B0621344808F074BAE9
:10449000BDE8F081012806D130484C38B0F90E1043
:1044A000D02001F03DBB7047012806D12B484C3885
:1044B000B0F91010F42001F033BB7047012806D189
:1044C00026484C38B0F91210F62001F029BB70478D
:1044D000012806D121484C38B0F91410F82001F019
:1044E0001FBB7047012806D11C484C38B0F9161084
:1044F000FA2001F015BB7047012806D117484C3847
:10450000B0F91810D82001F00BBB7047012806D174
:1045100012484C38B0F91A10D62001F001BB704790
:10452000012806D10D484C38B0F91C10DC2001F0F0
:10453000F7BA7047012806D108484C38B0F91E1068
:10454000DA2001F0EDBA70474EC1072050C10720B4
:1045500052C1072054C10720265C00108C010010B6
:1045600056C1072058C107205AC107205CC1072047
:104570005EC1072060C1072062C1072064C1072017
:1045800066C1072068C107206AC107206CC10720E7
:1045900070472DE9F04F93468B4A5488641C548031
:1045A0001478A0427ED19488DFF820E2641C9480C5
:1045B0000D78AEF800504D78AEF802508D78AEF818
:1045C0000450C978AEF80610AEF808B013F8286F9A
:1045D000AEF80A605978AEF80C109D78AEF80E501F
:1045E00041EA0621DB7845EA0125AEF81030794929
:1045F000641C9480764843EA0523B1F9001018182A
:10460000C1EB4113C3EB012100EB011872484FF0DD
:104610000006B8FBF0FCC2E90A860CF10101C2E910
:1046200008C1304656815489034600F26D10A50733
:1046300000D1401C814203D81846091AD18004E0F9
:10464000641CA3B25381642BEDD3D0621681012088
:104650009081D1885489614D8946A2469389B0B230
:10466000A70735F813600644B6B2168103D1022BB2
:1046700001D1761C1681B6B2B14203D81081081A56
:10468000D08104E05B1C98B290810D28E6D3ACEB9E
:104690000C1000EB4000C0EB001008EBC0134FF40F
:1046A000616400E021E0B3FBF4F081B204FB10345C
:1046B0003C25B4FBF5F0136383B205FB1040118277
:1046C00084B253829482AEF814905846BBF17B0FAB
:1046D0000BD14348017203710470A0F81CA09189AA
:1046E0000176D1890173A0F12000BDE8F08F38B5C3
:1046F000354C207800281AD0302008F0B5FE03464B
:10470000E32018700020587006209870EC20D870B4
:10471000312119734E20587399733420D873302087
:1047200000907B2204F11801207808F007FF38BDC3
:1047300070B5254CE08A08B1401EE082294E3088D1
:10474000002840D02848008800283CD0E069002894
:1047500039D0401EE06136D10520E08241F2781068
:1047600001F034FA184D183501281FD041F27A10A3
:1047700001F02CFA287041F27C1001F027FA6870E1
:1047800041F27E1001F022FAA8704FF48C5001F033
:104790001DFAE870FFF7ABFFB6F9000001280DD055
:1047A00002280ED003280ED110480BE058202870A4
:1047B00093206870FE20A870E620EAE74FF461605D
:1047C00000E00548E06170BDC45500105E0B082094
:1047D000003EE84382C107208051010040E1020011
:1047E0002040024080C1072032C10720803A0900E2
:1047F0002DE9F05F4FF4967001F0E8F9FF49088069
:10480000102001F0E3F9FE4C2080122001F0DEF9C7
:1048100060802C2001F0DAF9FA4C20802E2001F083
:10482000D5F96080142001F0D1F9F74C20801620D2
:1048300001F0CCF96080182001F0C8F9F34C208019
:104840001A2001F0C3F960801C2001F0BFF9F04C80
:1048500020801E2001F0BAF96080202001F0B6F916
:10486000EC490880242001F0B1F9EB4908802620AA
:1048700001F0ACF9E94C2080282001F0A7F9608014
:104880002A2001F0A3F9A080302001F09FF9E44C28
:104890002080322001F09AF96080342001F096F9EE
:1048A000A080362001F092F9DE4C2080382001F003
:1048B0008DF960803A2001F089F9A0803C2001F058
:1048C00085F9D94908803E2001F080F9D749088050
:1048D000402001F07BF9D6490880422001F076F9AA
:1048E000D4490880A62001F071F9D34C2080A8207B
:1048F00001F06CF96080AA2001F068F9A0807820AE
:1049000001F064F9CD4908807E2001F05FF9CC49BF
:104910000880C62001F05AF9CA490880C82001F071
:1049200055F9C9490880822001F050F9C74908802B
:10493000842001F04BF9C6490880862001F046F931
:10494000C4490880902001F041F9C34908809220B1
:1049500001F03CF9C1490880942001F037F9C049C1
:104960000880962001F032F9BE4908809A2001F0B3
:104970002DF9BD49212208800021BB48E0F722FA29
:104980004FF4177001F022F9B84C208040F25E20FD
:1049900001F01CF9B64D288040F2662001F016F9AE
:1049A000B44908804FF41A7001F010F9B249088038
:1049B000208829880844B1490880802001F006F940
:1049C000AF490880BC2001F001F9AE490870BE2053
:1049D00001F0FCF8AC490880C42001F0F7F8AB49BD
:1049E0000880CA2001F0F2F8A9490880CC2001F023
:1049F000EDF8A8490880CE2001F0E8F8A649088023
:104A00004FF4197001F0E2F8A4490880D02001F0B9
:104A1000DDF8A3490880D22001F0D8F8A149088028
:104A2000D42001F0D3F8A0490880D62001F0CEF8B8
:104A30009E490880D82001F0C9F89D490880DA20F5
:104A400001F0C4F89B490880DC2001F0BFF89A49C6
:104A50000880EC2001F0BAF898490880EE2001F0B7
:104A6000B5F897490880F02001F0B0F89549088022
:104A7000F22001F0ABF894490880F42001F0A6F888
:104A800092490880F62001F0A1F891490880F820A9
:104A900001F09CF88F490880FA2001F097F88E49C0
:104AA0000880FC2001F092F88C4D00B20B28288081
:104AB00001D3002028804FF48B7001F087F8DFF8D5
:104AC0002082A8F800004FF4957001F07FF8854926
:104AD0000880FE2001F07AF8834908804FF4807046
:104AE00001F074F8814908804FF4817001F06EF88C
:104AF0007F4908804FF4827001F068F87D49088092
:104B00004FF4837001F062F87B4908804FF497708E
:104B100001F05CF8794908804FF4987001F056F87C
:104B2000774908804FF4847001F050F87549088087
:104B30004FF4857001F04AF8734908804FF486708D
:104B400001F044F8714908804FF4877001F03EF895
:104B50006F4908804FF4887001F038F86D4908807B
:104B60004FF4897001F032F86B4908804FF48A7075
:104B700001F02CF8694908804FF48E7001F026F896
:104B8000674908804FF48F7001F020F8654908806C
:104B90004FF4907001F01AF8634908804FF4917057
:104BA00001F014F8614908804FF4927001F00EF89A
:104BB0005F4908804FF4937001F008F85D49088060
:104BC000762001F003F85C4908804FF4D17000F0C2
:104BD000FDFF5A4908804FF4D27000F0F7FF584C9F
:104BE00020804FF4D37000F0F1FF564E30804FF428
:104BF000D47000F0EBFFDFF85091A7E086C10720EA
:104C0000BEC30720C2C307203E000010C6C3072052
:104C100042000010CAC307204C000010CCC307207C
:104C2000A200001030C40720D2C307204E0000109D
:104C3000D4C307205000001046000010D6C3072040
:104C400054000010DAC30720600000105600001066
:104C5000DCC30720D4C007205A000010E0C307209F
:104C60005C000010E2C307200CC1072010C1072020
:104C70000EC1072012C1072014C107206C000010CC
:104C8000D2C007207C00001030C10720E4C30720F9
:104C9000E6C3072062000010E8C30720640000108C
:104CA000D8C00720DAC00720DCC00720DEC00720FC
:104CB000E0C00720E2C00720E4C00720E8C00720CA
:104CC000EAC00720E6C00720EEC3072068000010F6
:104CD000F0C307206A000010F2C3072016C10720A6
:104CE00018C107201AC107207AC107207CC10720FC
:104CF000ECC00720EEC00720F6C00720F0C0072058
:104D0000F8C00720FAC00720FCC00720F2C0072027
:104D1000F4C007207EC1072080C1072082C1072080
:104D2000FEC0072000C1072002C1072004C10720E0
:104D300006C1072008C1072084C10720E0C1072061
:104D4000E4C10720E8C10720F4C10720A9F800004A
:104D50004FF4D87000F03AFFFF4F38804FF4D57011
:104D600000F034FFDFF8F4A3AAF800004FF4E0707D
:104D700000F02CFFFA4948804FF4E17000F026FF64
:104D800060804FF4E27000F021FF70804FF4E37018
:104D900000F01CFFA9F802004FF4E87000F016FFC5
:104DA00078804FF4E47000F011FFAAF80200A02010
:104DB00000F00CFFEB490870A22000F007FFEA4961
:104DC0000870A42000F002FFE8490880C02000F02D
:104DD000FDFEE7490880C22000F0F8FEE5490880A2
:104DE0004FF49E7000F0F2FEE34908804FF49F708C
:104DF00000F080FFE14908604FF4A37000F0E6FE88
:104E0000DF4908804FF4A47000F0E0FEDD4908801F
:104E10004FF4A57000F0DAFEDB4908804FF4A6706D
:104E200000F068FFD94908604FF4A77000F062FFF6
:104E3000D74908604FF4A87000F0C8FED549088033
:104E40004FF4A97000F0C2FED34908804FF4AA7055
:104E500000F0BCFED14908804FF4AB7000F0B6FE04
:104E6000CF4908804FF4A07000F0B0FECD49088013
:104E70004FF4A17000F0AAFECB4908804FF4A27055
:104E800000F038FFC94908604FF4017000F09EFE41
:104E9000C749088040F2062000F098FEC549088006
:104EA0004FF4027000F092FEC349088040F20A20DD
:104EB00000F08CFEC14908804FF4037000F086FEBC
:104EC000BF49088040F20E2000F080FEBD490880F6
:104ED0004FF4047000F07AFEBB49088040F21220C3
:104EE00000F074FEB94908804FF40D7000F06EFEBA
:104EF000DFF8DCB25E46ABF8000040F2362000F08E
:104F000065FEB44F38804FF40E7000F05FFEB24C77
:104F1000208040F23A2000F059FEDFF8C0A2AAF843
:104F200000004FF40F7000F051FEDFF8B492A9F8C2
:104F3000000040F23E2000F049FE70804FF41070F7
:104F400000F044FE788040F2422000F03FFE608096
:104F50004FF4117000F03AFEAAF8020040F2462029
:104F600000F034FEA9F802004FF4127000F02EFE9B
:104F7000B08040F24A2000F029FEB8804FF4137050
:104F800000F024FEA08040F24E2000F01FFEAAF8A0
:104F9000040056464FF4147000F018FEA9F80400FF
:104FA0004F4640F2522000F011FEABF806004FF4DD
:104FB000157000F00BFE8749C88040F2562000F0C3
:104FC00005FEE0804FF4167000F000FEF08040F225
:104FD0005A2000F0FBFDF880E02000F0F7FD814949
:104FE0000880BA2000F0F2FD7F490870AC2000F084
:104FF000EDFD7E490880AE2000F0E8FD7C49088088
:10500000B02000F0E3FD7B490880B22000F0DEFD17
:1050100079490880B42000F0D9FD78490880B6208D
:1050200000F0D4FD76490004000C088001D00D2862
:1050300001D300200880B82000F0C8FD7149088025
:105040004FF4187000F0C2FD6F49088040F26220F2
:1050500000F0BCFD6D4908804FF4337000F0B6FDE0
:105060006B49088040F2CE2000F0B0FD694908800D
:105070004FF4347000F0AAFD6749088040F2D22056
:1050800000F0A4FD654908804FF4357000F09EFDE6
:105090006349088040F2D62000F098FD61490880FD
:1050A0004FF4367000F092FD5F49088040F2DA203C
:1050B00000F08CFD5D4908804FF4377000F086FDEC
:1050C0005B49088040F2DE2000F080FD59490880ED
:1050D0004FF4437000F07AFD5749088040F20E30DB
:1050E00000F074FD554908804FF4447000F06EFDE7
:1050F0005349088040F2123000F068FD51490880A1
:105100004FF4387000F062FD4F49088040F2E22011
:1051100000F05CFD4D4908804FF4397000F056FDF9
:105120004B49088040F2E62000F050FD49490880D4
:105130004FF43A7000F04AFD4749088040F2EA20F7
:1051400000F044FD454908804FF43B7000F03EFDFF
:105150004349088086E00000ECC10720F0C1072029
:10516000E0C1072099C007209AC007201CC1072072
:10517000D6C007205E00001020C10720F8C107201C
:10518000F4C307206E000010F6C30720740000105F
:1051900000C407207800001004C407207A00001023
:1051A00006C4072070000010F8C30720FCC30720C6
:1051B0001AC2072020C2072026C207202CC20720BF
:1051C00032C2072038C207203EC2072044C207204F
:1051D0006EC2072076C207207EC2072086C2072043
:1051E00008C4072010C407209BC007202EC1072039
:1051F00022C1072024C1072026C1072028C107207B
:105200002AC107202CC10720A8C107207E0000105A
:1052100032C1072034C1072036C1072038C107201A
:105220003AC107203CC107203EC1072040C10720EA
:1052300042C1072044C1072072C1072074C1072062
:1052400076C1072078C1072046C1072048C1072042
:105250004AC107204CC107204EC1072050C107207A
:1052600052C1072040F2EE2000F0B0FC5549088002
:105270004FF43C7000F0AAFC5349088040F2F22041
:1052800000F0A4FC514908804FF43D7000F09EFCF2
:105290004F49088040F2F62000F098FC4D49088004
:1052A0004FF43E7000F092FC4B49088040F2FA2027
:1052B00000F08CFC494908804FF43F7000F086FCF8
:1052C0004749088040F2FE2000F080FC45490880F4
:1052D0004FF4407000F07AFC4349088040F20230FD
:1052E00000F074FC414908804FF4417000F06EFCFE
:1052F0003F49088040F2063000F068FC3D490880D4
:105300004FF4427000F062FC3B49088040F20A30E2
:1053100000F05CFC394908804FF48C7000F056FCBA
:10532000374C20804FF48D7000F050FC6080354E7B
:10533000002400BF04F5657000F0A1FC3055641C2A
:10534000E4B2402CF6D3304F002440F2DA3600BFEE
:1053500006EB440000F093FC3855641CE4B20A2CC0
:10536000F6D34FF4F97000F031FC284908804FF46F
:10537000F87000F02BFC264908804FF4FA7000F01A
:1053800025FC244908804FF4FB7000F01FFC2249E3
:105390000880B5F90000062801D305202880B8F957
:1053A0000010032906D0022904D0012902D00121CE
:1053B000A8F8001040F2EE3000F008FC1749088011
:1053C000BDE8F09F54C1072056C1072058C10720EF
:1053D0005AC107205CC107205EC1072060C10720B9
:1053E00062C1072064C1072066C1072068C1072089
:1053F0006AC107206CC107206EC1072070C1072059
:10540000D8C10720805800107658001014000010F2
:1054100038C007203AC007203CC00720BCC1072085
:1054200030B54E482021C0F8A01100BFD0F8A0111F
:105430004906FBD500F180000322C0F884204FF418
:105440000031C0F828114FF00001C0F82C114FF0C6
:105450000103C0F88C30424C446003604FF0AA0353
:10546000C3604FF05504C460A0F18000D0F88850AC
:105470006D01FBD540F8802FC360C460C0F8881070
:10548000384A4264C0F848118168A0F180006FEA90
:1054900011618A073449D0F80C2102F0030207D0C9
:1054A00092B3012A46D0022A4AD0032A51D13BE0C6
:1054B0002AB1012A11D0022A27D0032A49D150F853
:1054C000882FC2F30E02521C53000268C2F3074237
:1054D000521CB3FBF2F2254B0CE050F8882FC2F3BC
:1054E0000E02521C53000268C2F30742521CB3FB67
:1054F000F2F21F4B5A43C36FA0F18800DBB203F1F5
:105500000103B2FBF3F223E00EE050F8882FC2F360
:105510000E02521C53000268C2F30742521CB3FB36
:10552000F2F24FF4FA43E5E7D0F804210F4BD2B280
:10553000521C0BE0D0F804210D4BD2B2521C05E0F6
:10554000D0F804214FF4FA43D2B2521CB3FBF2F26A
:105550000A6043F23A01016030BD000000C00F4014
:105560004F0003004AF10040F855001000093D00CB
:105570008096980070B542F22734614300220223DE
:10558000FF240425012660B1012809D13948436070
:10559000C26081610460456146604168C907FCD111
:1055A00070BD4FF040204360C2608161046045617E
:1055B00046604168C907FCD170BD4FF04021012011
:1055C00008602D480168491C01602C4900200870C2
:1055D0002B48016821F0FF01091D0160016841F0BD
:1055E00080710160704723490120086022484168AA
:1055F000491C41607047012110B11E48416070474D
:105600004FF04020FAE7002110B11A48416070477E
:105610004FF04020FAE728B11648416841F00201F6
:10562000416070474FF04020F7E710B50022124C60
:10563000032318B1012808D0002010BD22604FF0CC
:10564000402081614361012004E06260094881617A
:105650004361022000F002F8012010BD00F01F029B
:105660000121914040094FF0E02202EB8000C0F898
:105670000011704700800040FC55001009C0072051
:10568000004003404E48016A41F0004101624D492B
:105690004A68D30709D04C4B1B8833B1836B43F066
:1056A000004383630620887003E0C36B43F000432C
:1056B000C363500848604878401E10F0FF004870EF
:1056C00003D12020487088684860704710B53D4A73
:1056D000002320244F2908D0412909D052290BD07A
:1056E000532908D15360936004E0C2E9010301E04B
:1056F00050609060547010BD906010BDF0B5314C9A
:1057000000252078401CC0B22070092800D92570DF
:105710002E482F4900680978084303D052214FF0E2
:10572000333041E02C492B48DFF8B0C0B1F900100C
:105730002B4AB0F9023001EB81061278DCF8001038
:10574000B3EB460F01DA552A1DD0254BB0F94E7048
:105750005B78B7EB460F01DA552B14D0214EB0F928
:105760000870B6F900607642B74201DA552A0FD0C8
:10577000B0F95420B24201DA552B09D090F83F20FD
:1057800092070ED109E0C1B952214FF001300BE070
:1057900099B952214FF0011006E090F88B00800774
:1057A00005D051B952210520FFF790FF05E05321A4
:1057B0000020FFF78BFFCCF80050E570F0BD000033
:1057C00000C0092004560010D4C007202400001097
:1057D0007EC00720A8F307205600001000C2072053
:1057E0001EC10720580000109148016841F0404157
:1057F0000160416821F003014160416841F00C0102
:105800004160416841F0300141608A481421C16023
:105810003821016070478848016C41F400510164EF
:10582000C16D41F40051C1658449491EFDD1416DEE
:1058300041F400514165704710B57F4C0246206825
:1058400040F400602060606940F400606061FFF730
:10585000CBFF0021606920F400606061491CC9B27F
:105860000529F7D3104600F0EFF80020616921F414
:1058700000616161401CC0B20528F7D30020616956
:1058800041F400616161401CC0B20528F7D3BDE856
:10589000104000F0E1B870B5674C0246206840F453
:1058A00000602060606940F400606061FFF79CFF69
:1058B0000021606920F400606061491CC9B20529BB
:1058C000F7D35F4D0020012AE88002D0022A05D0DC
:1058D0000EE0002000F0B8F8E88009E0002000F0B9
:1058E000B3F8574DAD1D6870002000F0ADF828707A
:1058F0000020616921F400616161401CC0B205288B
:10590000F7D30020616941F400616161401CC0B2BD
:105910000528F7D3BDE8704000F09EB82DE9F041AE
:105920000820FFF789FF0120FFF7B5FF444CE0880E
:10593000C00751D120783830C0B2FFF77DFF022078
:10594000FFF7A9FF20893F4B401C2081207888B1B8
:105950006078E18803EB400200251184401CA1809F
:10596000C0B225706070102801D328466570C0074A
:1059700008D02DE06178E08823F8110060800120D4
:10598000207016E0DFF8B8C00CF10A0C00221146B6
:1059900003EB401636F81170491CC9B23A4410297D
:1059A000F8D311092CF81010401CC0B20228EDD316
:1059B00075B12120FFF740FF0D20FFF73DFF207854
:1059C00040B11120FFF738FFBDE8F041442033E734
:1059D0002020EFE71020F5E7BDE8F08110B5184C66
:1059E0002078401C00F0010020702030FFF724FFD9
:1059F0000D20FFF721FF20781030C0B2FFF71CFF09
:105A00004420FFF719FF0820FFF716FF0120FFF7DA
:105A100042FFE088C007F6D120783830C0B2FFF7E7
:105A20000BFF0220FFF737FF2089401C208110BDAB
:105A300000C002400000024000C00920C0D40100A4
:105A40005CC40720760B0820FC4988604868000683
:105A5000FCD58868C0B27047F948016821F0404120
:105A60000160416821F003014160416821F00C01AF
:105A70004160416821F030014160F0490020086038
:105A80007047EF48016841F040410160416821F0F2
:105A900003014160416841F00C014160416841F0FF
:105AA00030014160E5482021C1600160704700B5C8
:105AB000FFF7E7FFE34A106840F480101060D069F8
:105AC00040F48010D0610620FFF7BEFF106840F45C
:105AD00080101060906940F4801090615DF804EBD4
:105AE000BAE700B5FFF7CDFFD64A106840F4801042
:105AF0001060D06940F48010D0610520FFF7A4FF4A
:105B0000FF20FFF7A1FF0346106840F480101060EB
:105B1000906940F480109061FFF79EFF184600BD29
:105B20002DE90340FFF7DDFFC007FBD1FFF7BFFF03
:105B3000FFF7A7FFC34A106840F480101060D069D7
:105B400040F48010D0610220FFF77EFF9DF8010035
:105B5000FFF77AFF9DF80000FFF776FF9DF804003D
:105B6000FFF772FF9DF805301846FFF76DFF1068CC
:105B700040F480101060906940F4801090611068CB
:105B800040F480101060906940F480109061FFF73D
:105B900063FF18460CBD10B5AB4CB4F900000A28E1
:105BA00001DA401C2080B4F9020045F2AA51884273
:105BB0000BD02088032802D10220FFF7B1FF2088F4
:105BC000042802D1A1490120087010BD2DE901402F
:105BD000FFF787FFC007FBD1FFF753FF994A106813
:105BE00040F480101060D06940F48010D061032030
:105BF000FFF72AFF9DF80100FFF726FF9DF8000040
:105C0000FFF722FFFF20FFF71FFF0346FF20FFF7EC
:105C10001BFF03EB0023106840F4801010609069B4
:105C200040F480109061106840F48010106090691A
:105C300040F480109061FFF70FFF184608BD00B5D3
:105C40000220FFF7C3FF804948800020088000BD84
:105C50007B48016841F040410160416821F0030147
:105C60004160416841F00C014160416841F0300100
:105C7000416072482021C16038210160704701B540
:105C8000FFF72FFFC007FBD1FFF7FBFE6D4A10683F
:105C900040F480101060D06940F48010D06110682A
:105CA00040F480101060D06940F48010D06103206F
:105CB000FFF7CAFE9DF80100FFF7C6FE9DF8000041
:105CC000FFF7C2FEFF20FFF7BFFE0346106840F457
:105CD00080101060906940F480109061106840F46A
:105CE00080101060906940F480109061FFF7B4FE5E
:105CF000184608BD2DE93140FFF7F3FEC007FBD180
:105D0000FFF7BFFE4F4A106840F480101060D06962
:105D100040F48010D0610320FFF796FE9DF801004B
:105D2000FFF792FE9DF80000FFF78EFEFF20FFF7C1
:105D30008BFE0346FF20FFF787FE0446FF20FFF798
:105D400083FE0546FF20FFF77FFE05EB002004EBF6
:105D5000002003EB0023106840F48010106090696D
:105D600040F480109061106840F4801010609069D9
:105D700040F480109061FFF76FFE184638BD13B5F0
:105D80004FEA0104FFF7ADFEC007FBD1FFF779FE34
:105D90002C4A106840F480101060D06940F48010E4
:105DA000D0610320FFF750FE9DF80100FFF74CFE85
:105DB0009DF80000FFF748FEFF20FFF745FE20702A
:105DC000FF20FFF741FE6070FF20FFF73DFEA0704F
:105DD000FF20FFF739FEE070106840F4801010607B
:105DE000906940F480109061106840F48010106059
:105DF000906940F480109061BDE81C402CE677B5B6
:105E00000D461646FFF76DFEC007FBD1FFF739FEC2
:105E10000C4B186840F480101860D86940F480106A
:105E2000D8610320FFF710FE9DF80100FFF70CFE7C
:105E30009DF80000FFF708FE002410E0000002407B
:105E400000C0024000C009206AC407207BC00720B0
:105E5000FF20FFF7F9FD641C05F8010BE4B2B44222
:105E6000F6D3186840F480101860986940F48010E8
:105E70009861186840F480101860986940F48010A8
:105E80009861BDE87E40E7E513B50C46FFF729FEB3
:105E9000C007FBD1FFF70BFEFFF7F3FD574A106871
:105EA00040F480101060D06940F48010D06102206E
:105EB000FFF7CAFD9DF80100FFF7C6FD9DF8000041
:105EC000FFF7C2FD2046FFF7BFFD0346106840F410
:105ED00080101060906940F480109061106840F468
:105EE00080101060906940F480109061FFF7B4FD5D
:105EF00018461CBD2DE90340FFF7F3FDC007FBD199
:105F0000FFF7D5FDFFF7BDFD3C4A106840F4801057
:105F10001060D06940F48010D0610220FFF794FD3A
:105F20009DF80100FFF790FD9DF80000FFF78CFD44
:105F30009DF80400FFF788FD9DF80500FFF784FD3C
:105F40009DF80600FFF780FD9DF807301846FFF723
:105F50007BFD106840F480101060906940F4801060
:105F60009061106840F480101060906940F48010D7
:105F70009061FFF771FD18460CBD13B54FEA01049F
:105F8000FFF7AFFDC007FBD1FFF791FDFFF779FDEC
:105F90001A4A106840F480101060D06940F48010F4
:105FA000D0610220FFF750FD9DF80100FFF74CFD86
:105FB0009DF80000FFF748FD2078FFF745FD607869
:105FC000FFF742FDA078FFF73FFDE3781846FFF7A3
:105FD0003BFD106840F480101060906940F4801020
:105FE0009061106840F480101060906940F4801057
:105FF0009061FFF731FD18461CBD000000C009206C
:106000002DE9F84FE0F772FBFF4BDFF800A400200A
:10601000C1018E4600247A21414300910099002558
:1060200001EBC40109B28B460EEB051121440EB2FF
:1060300000219955DFF8D8C3594607221AF8017094
:10604000B946FF0705D09F5D1CF8028047EA0807A4
:106050009F554FEA59080AF80180491C521E52B256
:1060600009B2002AEADA6D1CEDB2082DDCD3641CFB
:1060700064B20F2CD2DB401CC0B20428C8D3BDE8E8
:10608000F88FE4490A6842F480720A608A6942F42F
:1060900080728A6100EB4000800000E0401E002812
:1060A000FCD1C86940F48070C8617047D9490A685A
:1060B00042F480720A608A6942F480728A6142F610
:1060C000E062504300E0401E0028FCD1C86940F463
:1060D0008070C8617047CF48016A21F07F5101622A
:1060E000816B41F40011816300BF00BF00BF00BF9E
:1060F00000BF00BF00BF00BF00BF00BFC16B41F4C5
:106100008021C16300BF00BF00BF00BF00BF00BF50
:1061100000BF00BF00BF00BF816B41F4002181635D
:106120004FF00C01491EFDD1416B8900FCD4704732
:10613000B84A00B50346106A40F440201062106A65
:1061400040F400101062FFF7C6FF00BF00BF00BFA1
:1061500000BF00BF00BF00BF00BF00BF00BF906B0B
:1061600040F48020906300BF00BF00BF00BF00BFAD
:1061700000BF00BF00BF00BF00BFD06B40F40010E5
:10618000D06300BF00BF00BF00BF00BF00BF00BFA3
:1061900000BF00BF00BF106A40F07F501062906BDC
:1061A00040EA83509063D06B6FEA0301C9B240EAC2
:1061B0008150D06300BF00BF00BF00BF00BF00BF61
:1061C00000BF00BF00BF00BFD06B40F40020D06311
:1061D00000BF00BF00BF00BF00BF00BF00BF00BFC7
:1061E00000BF00BF184600BD8A4A00B50346106ACA
:1061F00040F430101062FFF76EFF00BF00BF00BF19
:1062000000BF00BF00BF00BF00BF00BF00BFD06B1A
:1062100040F48020D06300BF00BF00BF00BF00BFBC
:1062200000BF00BF00BF00BF00BFD06B40F4001034
:10623000D06300BF00BF00BF00BF00BF00BF00BFF2
:1062400000BF00BF00BF106A40F07F501062906B2B
:1062500040EA83509063D06B6FEA0301C9B240EA11
:106260008150D06300BF00BF00BF00BF00BF00BFB0
:1062700000BF00BF00BF00BFD06B40F40020D06360
:1062800000BF00BF00BF00BF00BF00BF00BF00BF16
:1062900000BF00BF00BD30B55FF0000404F1800016
:1062A000C0B2FFF7A1FF8020FFF79EFF002500206E
:1062B000FFF73EFF0020FFF73BFF6D1CEDB2082DFE
:1062C000F5D3641CE4B2202CE8D330BD70B552483D
:1062D000401EFDD14F48016A41F07F510162016AC1
:1062E00041F470110162016841F0C0410160C1696F
:1062F00041F08041C1614FF416742146491EFDD121
:10630000816941F0804181612046401EFDD13F20DE
:10631000FFF76AFF4FF4E16635466D1EFDD13F2061
:10632000FFF762FF641EFDD10C20FFF75DFF761EB4
:10633000FDD170BD00B5FFF7C9FF5DF804EBAAE71A
:106340002DE9F041FFF75CFE3448017809B10021E6
:1063500000E00121002601704FEA060404F18000EC
:10636000C0B2FFF741FF8020FFF73EFF0025264F18
:1063700000E015B90120FFF784FEB85D761C36B247
:10638000FFF7D6FE6D1CEDB2102DF2D3641CE4B203
:10639000202CE3D3BDE8F08110B51F48401EFDD18D
:1063A0001FA325A22AA130A0DBF738FB00227B2106
:1063B0002320DAF78AF9BDE810400020C0E715482D
:1063C000016A21F07F510162816B41F40011816308
:1063D00000BF00BF00BF00BF00BF00BF00BF00BFC5
:1063E00000BF00BFC16B41F48021C16300BF00BF8B
:1063F00000BF00BF00BF00BF00BF00BF00BF00BFA5
:10640000816B41F480113BE0B60B0820D8060820D0
:106410005AE1020000C00920804F12006EC407201C
:1064200035362020C8EDE8F6E8E0EBE8E7E0F6E8EE
:10643000FF2020380000000035202020EDE520EF6F
:10644000EEE4EAEBFEF7E5EDE02020360000000088
:106450003320202020C1E0F2E0F0E5FF20B9232026
:10646000202020340000000031202020202020C0E7
:10647000C2C0D0C8DF212020202020320000000030
:106480008163416B8900FCD47047A94A00B503467B
:10649000106A40F480201062106A40F440101062CC
:1064A000FFF78DFF00BF00BF00BF00BF00BF00BFF0
:1064B00000BF00BF00BF00BFD06B40F48020D0639E
:1064C00000BF00BF00BF00BF00BF00BF00BF00BFD4
:1064D00000BF00BFD06B40F40010D06300BF00BF0E
:1064E00000BF00BF00BF00BF00BF00BF00BF00BFB4
:1064F000106A40F07F501062906B40EA83509063C6
:10650000D06B6FEA0301C9B240EA8150D06300BF8B
:1065100000BF00BF00BF00BF00BF00BF00BF00BF83
:1065200000BFD06B40F48010D06300BF00BF00BF3D
:1065300000BF00BF00BF00BF00BF00BF00BF00BD65
:106540007B4A00B50346106A40F480201062106A4E
:1065500040F440101062FFF732FF00BF00BF00BFE1
:1065600000BF00BF00BF00BF00BF00BF00BF906BF7
:1065700040F48020906300BF00BF00BF00BF00BF99
:1065800000BF00BF00BF00BF00BFD06B40F40010D1
:10659000D06300BF00BF00BF00BF00BF00BF00BF8F
:1065A00000BF00BF00BF106A40F07F501062906BC8
:1065B00040EA83509063D06B6FEA0301C9B240EAAE
:1065C0008150D06300BF00BF00BF00BF00BF00BF4D
:1065D00000BF00BF00BF00BFD06B40F48010D0638D
:1065E00000BF00BF00BF00BF00BF00BF00BF00BFB3
:1065F00000BF00BF00BD40F0B800F5E5F4E540F095
:10660000C000F1E54A484FF48021C1634FF4001106
:1066100081634FF40021816300BF00BF00BF00BF52
:10662000426B9200F9D4C16370474FF0000000BF85
:10663000401C00B26428FADB704730B50346FFF710
:10664000E1FF3B494FF400108863C210CA63821017
:106650008A6344108C638D6B45EA83558D63CD6BE3
:10666000DB43DBB245EA8353CB63CA63CC63C863C5
:1066700030BD3048416821F040514160816821F0CF
:1066800030018160816821F0C0018160816821F45E
:1066900040718160816821F440618160416821F42A
:1066A00040514160416821F440414160416821F41A
:1066B00040314160416821F440214160416821F44A
:1066C00040114160416821F440014160416821F07E
:1066D00040714160416821F0406141601448016AA5
:1066E000154A11430162016841F4701101600021F3
:1066F000C26B42F08042C263491C0A29F8DB4FF0AA
:1067000000014FF4FA7200BF491C9142FBDB0021EB
:106710004CF25032836B43F080438363491C9142B7
:10672000F8DBE22089E7AF205EE5AE205CE5000003
:1067300000C0092000C002400000C07F70477047C1
:10674000704770472DE9F04FDFF808A44FF09E0C1A
:10675000BAF90E20531C1BB29946FF4D002605F5D1
:10676000807B05F5C07E0EEB82030BEB82040829CB
:1067700024D84FF4702707EA014145F8221005F1AB
:106780008001D04641F822C007780BF8227041788A
:1067900061708178A170C178E17004790EF82240AF
:1067A0004179597081799970C079D870A8F80E90A4
:1067B000B9F1080F01DBAAF80E608FE14FF4002752
:1067C000102956D8DFF890C345F822709E270CF1A7
:1067D000800CB9F1080F4CF8227090F800800BF88B
:1067E000228090F8018084F8018090F8028084F87B
:1067F000028090F8038084F8038090F804800EF8FB
:10680000228042795A7082799A70C279DA705F4632
:1068100074465346AAF80E9000DBDE8108394FF427
:10682000702202EA0142BAF90E100BEB810345F81F
:1068300021209E224CF82120027A07F82120427A5A
:106840005A70827A9A70C27ADA70027B04F8212038
:106850000EEB8102437B5370837B9370C07BD070BF
:10686000491C08B25146AAF80E000828A5DBCE81C3
:1068700034E118297ED8DFF8E08245F8227008F16B
:1068800080084FF09E0C48F822C090F800800BF86A
:10689000228090F801C084F801C090F802C084F80A
:1068A00002C090F803C084F803C090F804C00EF84A
:1068B00022C042795A7082799A70C279DA7074462D
:1068C0005346AAF80E90B9F1080F00DBDE81BAF941
:1068D0000E20DFF884920BEB820345F8227009F159
:1068E00080099E2749F8227090F808C00BF822C052
:1068F00090F809C083F801C090F80AC083F802C07C
:1069000090F80BC083F803C0037B04F8223004EB3B
:10691000820C437B8CF80130837B8CF80230C37B84
:10692000521CD0468CF8033012B24346A8F80E2011
:10693000082A00DBDE8110394FF4702202EA01439D
:10694000B8F90E10424645F8213049F82170077C0D
:106950000BF821700BEB8103477C5F70877C9F7085
:10696000C77CDF70037D04F821300EEB8104437D8A
:10697000637000E007E0837DA370C07DE070491C78
:1069800008B2D081A6E020297DD8DFF8CC8145F877
:10699000227008F180084FF09E0C48F822C090F851
:1069A00000800BF8228090F801C084F801C090F8B4
:1069B00002C084F802C090F803C084F803C090F8C5
:1069C00004C00EF822C042795A7082799A70C27956
:1069D000DA705346AAF80E90B9F1080F00DBDE8199
:1069E000BAF90E205C4B4FF09E0C803345F82270B4
:1069F00043F822C0047A0BF822400BEB8203447A5E
:106A00005C70847A9C70C47ADC70047B0EF822403F
:106A10000EEB8203447B5C70847B9C70C47B521CB5
:106A2000D046DC7012B2D9464346A8F80E20082A98
:106A300000DBDE81B8F90E20474B45F82270803329
:106A40000EEB820743F822C0047C09F8224009EBD0
:106A50008203447C5C70847C9C70C47CDC70047D0C
:106A60000EF82240447D7C70847DBC70C47D521C35
:106A7000FC7012B273464446A8F80E20082A00DBC8
:106A8000E681183900E029E04FF4702202EA014261
:106A9000B8F90E10444645F821202F4A803242F8BA
:106AA00021C0077E09F8217009EB8102477E5770EB
:106AB000877E9770C77ED770027F03F821200EEB88
:106AC0008103427F5A70827F9A70C07FD870491CC0
:106AD00008B2E081082801DBA8F80E609AF80010DF
:106AE000504600291AD0B0F910101C4A55F8213030
:106AF0001363194B803353F8213053635BF8213013
:106B000093635EF82130D36321235360491C09B29B
:106B10000182082900DB06828AF80060BDE8F08F58
:106B20002DE9F04FDFF82CA00D4D00269AF8032038
:106B300005F1400B531CDBB2994605F1600E4FF096
:106B40009E0C0EEB82030BEB820408292DD84FF428
:106B5000702707E070C407203C5C00100040044030
:106B60003C5E001007EA014145F8221005F12001C2
:106B7000D04641F822C007780BF822704178617046
:106B80008178A170C178E17004790EF822404179D2
:106B9000597081799970C079D87088F80390B9F1EB
:106BA000080F01D38AF8036084E14FF4002710290D
:106BB00054D845F82270DFF810C69E27B9F1080FA7
:106BC0004CF8227090F800800BF8228090F8018039
:106BD00084F8018090F8028084F8028090F80380A5
:106BE00084F8038090F804800EF8228042795A706D
:106BF00082799A70C279DA705F46744653468AF891
:106C0000039000D3DE7008394FF4702202EA01428B
:106C10009AF803100BEB810345F821209E224CF8D3
:106C20002120027A07F82120427A5A70827A9A70DB
:106C3000C27ADA70027B04F821200EEB8102437BDA
:106C40005370837B9370C07BD070491CC8B251468F
:106C50008AF803000828A7D3CE702BE118297ED824
:106C6000DFF8648545F822704FF09E0C48F822C08A
:106C700090F800800BF8228090F801C084F801C0E1
:106C800090F802C084F802C090F803C084F803C0F2
:106C900090F804C00EF822C042795A7082799A7036
:106CA000C279DA70744653468AF80390B9F1080F36
:106CB00000D3DE709AF80320DFF80C950BEB82030B
:106CC00045F822709E2749F8227090F808C00BF80A
:106CD00022C090F809C083F801C090F80AC083F878
:106CE00002C090F80BC083F803C0037B04F8223085
:106CF00004EB820C437B8CF80130837B8CF80230F0
:106D0000C37B521CD0468CF80330D2B2434688F87D
:106D10000320082A00D3DE7010394FF4702202EAF3
:106D2000014398F80310424645F8213049F8217094
:106D3000077C0BF821700BEB8103477C5F70877C2D
:106D40009F70C77CDF70037D04F821300EEB810457
:106D5000437D6370837DA370C07DE07000E003E03D
:106D6000491CC8B2D070A1E020297ED8DFF8588431
:106D700045F822704FF09E0C48F822C090F8008031
:106D80000BF8228090F801C084F801C090F802C08E
:106D900084F802C090F803C084F803C090F804C0DF
:106DA0000EF822C042795A7082799A70C279DA70EC
:106DB00053468AF80390B9F1080F00D3DE709AF8B1
:106DC0000320D0464FF09E0C45F82270FE4BD9466A
:106DD00043F822C0047A0BF822400BEB8203447A7A
:106DE0005C70847A9C70C47ADC70047B0EF822405C
:106DF0000EEB8203447B5C70847B9C70C47B521CD2
:106E0000DC70D2B2434688F80320082A00D3DE7033
:106E100098F80320EC4B45F8227043F822C0047C1C
:106E200009F8224009EB8203447C5C70847C9C70EE
:106E3000C47CDC70047D0EF822400EEB8207447D9A
:106E40007C70847DBC70C47D521CFC70D2B27346D1
:106E5000444688F80320082A00D3E67018394FF416
:106E6000702202EA0142444600E023E098F8031051
:106E700045F82120D44A42F821C0077E09F8217044
:106E800009EB8102477E5770877E9770C77ED77067
:106E9000027F03F821200EEB8103427F5A70827F2C
:106EA0009A70C07FD870491CC8B2E070082801D31E
:106EB00088F803609AF801105046002918D001792B
:106EC000C24A55F821301363BF4B53F82130536346
:106ED0005BF8213093635EF82130D3632123536044
:106EE000491CC9B20171082900D306718AF80160F2
:106EF00014E670B50022072420E000BFB2FBF4F5D1
:106F00006B18A5EBC5051544DBB215F0FF0F01D1D9
:106F10000025C554C55C6D062D0EC554865CF6076C
:106F200002D045F0010501E005F0FE05C554835C83
:106F30005B0843F080038354521CD2B28A42DDD3F3
:106F4000B1FBF4F20A44521C05E0435C43F08003B9
:106F50004354491CC9B28A42F7D870BD2DE9F04F9D
:106F600009AC9B4FB4E8004D9A4C4FF4002607F152
:106F70008009B4F90E504FF09E0C47F8256007F5D4
:106F8000807649F825C006F8250006EB850041709B
:106F90008270C37006F1800000EB850200F8258046
:106FA00082F801A082F802B082F803E06D1C29B2D9
:106FB0000022E181202900DBE2812178002917D01D
:106FC000B4F91010844B57F821501D6359F8215023
:106FD0005D6356F821509D6350F82100D86321204D
:106FE0005860491C08B22082202800DB22822270CF
:106FF00094E52DE9F04F09AC734FB4E8004D754CA2
:10700000203F4FF40026E578DFF8BC914FF4C77CB1
:1070100047F8256007F1400649F825C006F8250025
:1070200006EB850041708270C37006F1200000EB12
:10703000850200F8258082F801A082F802B082F86B
:1070400003E06D1CE9B20022E170082900D3E27070
:107050006178002916D021795C4B57F821501D63C7
:1070600059F821505D6356F821509D6350F8210076
:10707000D86321205860491CC8B22071082800D369
:10708000227162704AE570472DE9F84FDFF844B18C
:107090004D4900258431DBE908744878401C48706C
:1070A0004E48F9B28A4690F902200092914203D1EB
:1070B000C7F30721912921D0494A4A49C7F3072339
:1070C000B2F90020484814320E784FF00109DD2B48
:1070D00025D0DE2B42D04149DFF810E1DA2B91F8C0
:1070E00000C05BD0424840F6B832D82BB0F900104F
:1070F00069D0D92B7ED0DA2B7DD03BE3C7F3074193
:10710000DD29FAD1390EDD29F7D140780628F4D1EE
:107110000A230022D921D720DDF7E6FD1BE00AF083
:107120003F011429E9D39142E7DA891BC9B201EB87
:10713000C10101EB4101C7F3074200F8212000EB38
:1071400081003A0E42708470210AC170210C0171D5
:10715000210E41711BE08BF802500BE30AF03F0156
:107160001429CAD39142C8DA891BC9B201EBC10103
:1071700001EB410100EB81003A0C8271390EC171C3
:107180000472210A4172210C8172210EC172C575EF
:107190000A2180F8331080F84C90DCE70AF03F01B8
:1071A000142944D3914242DA8A1BD2B202EBC206BE
:1071B00006EB460600EB86003B0C03733B0E437365
:1071C0008473230A18E042E05C5E001000800440F3
:1071D0003C5C001070C407200040044010C207202F
:1071E0000CC1072079C0072040F40720F8050820CB
:1071F00086C1072042E1B9E2C373C4F30748260EF3
:1072000080F8108046740A23C57580F8333080F802
:107210004C90B8F14F0F08D8BCF1910F05D10098F0
:10722000904202D1F94800F808608BF802503D29DD
:1072300093D1F748610705D444F3072101F5FA71AA
:10724000018000E00580F3491420088097E20AF0ED
:107250003F003D2885D3F04B1E88761C1E80C4F36A
:1072600007434FEA14663E2903EB06234AD0C3F3D3
:107270000D0300BFC7F307464FEA176C06EB0C2C53
:107280001FFA8CF6934271D241F288329642FAD2BA
:10729000DFF888833D2837D03E2835D03F2833D0CB
:1072A0008EF827003E297646AEF800C0E1B2C4F35E
:1072B000072273D001EB02218A0000EB400101EBB1
:1072C000C00106EB8101A1F58051230EC1F888258C
:1072D000C4F3074202EB0322C2F30D02A1F8862594
:1072E000210E01F0800200EB400101EBC00106EB32
:1072F0008101A1F5805191F8A8359A4272D081F8A8
:10730000A95590E09BB2B5E700EB400202EBC00349
:107310000EEB8306A6F580563E2986F8AB05E1B252
:10732000C4F30722A6F884C501EB022116D0890018
:10733000C6F88815C4F30741220E01EB0221C1F300
:107340000D0100BFA6F88615210E96F8A82501F0BC
:10735000800191420BD086F8A95516E0C6F8881531
:10736000C4F30741220E01EB0221EBE739E096F866
:10737000A9250A2A02D2521C86F8A925D2B2022ACD
:1073800003D996F8A82586F8A72586F8A815090632
:1073900008EB000103D501F83D9C02E023E001F871
:1073A0003D5C96F8A715090600299D49014402DABB
:1073B00001F83D9C01E001F83D5C86F8AA5596F87D
:1073C000AC1531B900233C381A464321C0B2DEF770
:1073D00016FD86F8AC95D6F88805002801DAC6F8BF
:1073E0008855C7E111E001EB022200EB400101EBFF
:1073F000C00106EB8101A1F58051230EC1F888255B
:10740000C4F3074202EB032268E791F8A9350A2B7F
:1074100005D25B1CDBB281F8A935022B03D991F8A8
:10742000A83581F8A73581F8A825120604D508EB00
:10743000000303F83D9C03E008EB000202F83D5C0A
:1074400091F8A715090600297549084402DA00F8E1
:107450003D9C01E000F83D5C86F8265096F8280037
:1074600028B900231A4643210120DEF7C8FC86F81C
:10747000289070680028B4DA75607BE10AF03F005C
:107480003D28AED3644B5E88761C5E80E3B2C4F3C5
:1074900007263E2903EB062345D0C4F307464FEAEF
:1074A000146C06EB0C26C3F30D03C6F30D069342D2
:1074B00097D2964295D2DFF86CC1DFF86C813D28F7
:1074C0003AD03E2838D03F2836D03B0C8EF81C30BE
:1074D0003B0E3E2976468EF81D30E1B2C4F30722FA
:1074E00072D001EB0221C1F30D0200EB400101EB70
:1074F000C00306EB8301A1F580514FEA1463A1F8A4
:107500008C25C4F3074202EB0322C2F30D0200BF35
:10751000A1F88E25C4F307210A0675D50CEB0003EC
:1075200003F83D9CF2E0C4F307464FEA146C06EB07
:107530000C269BB2B6B2BAE700EB400303EBC006E1
:107540000EEB8606A6F580563A0E96F8A2359A42BC
:1075500002D086F8A3550DE096F8A3350A2B02D287
:107560005B1C86F8A335DBB2022B03D996F8A23553
:1075700086F8A13586F8A2253A0C86F8A0253E2982
:10758000E1B2C4F3072201EB02211ED0C1F30D01C9
:10759000A6F88C15C4F30741220E01EB0221C1F3BA
:1075A0000D0100BFA6F88E15210EC4F3072201F0CD
:1075B000C00102F0C00241EA920196F8A52591426D
:1075C0000BD086F8A65516E089E0A6F88C15C4F312
:1075D0000741220E01EB0221E4E796F8A6250A2ACC
:1075E00002D2521C86F8A625D2B2022A03D996F8F6
:1075F000A52586F8A4250D4A86F8A5158B06024414
:1076000016D502F83D9C15E07CE000007C060820C1
:10761000B000001040C40720FE5E0010C1C107206A
:10762000B2000010B5000010B8000010C4C107205F
:1076300002F83D5CFD4ACB06024402D502F83D9CAF
:1076400001E002F83D5CFA4A0B06024402D502F85A
:107650003D9C01E002F83D5C4A06F649014402D532
:1076600001F83D9C01E001F83D5C96F8A4158A06FE
:1076700004D50CEB000303F83D9C03E00CEB000287
:1076800002F83D5CCA0608EB000202D502F83D9CF8
:1076900001E002F83D5C0A0604D5E74B034403F819
:1076A0003D9C03E0E44A024402F83D5C490600299F
:1076B000E249014402DA01F83D9C01E001F83D5C39
:1076C00086F8AA5596F8AC1531B900233C381A460D
:1076D0004321C0B2DEF793FB86F8AC954AE001EB9C
:1076E000022200EB400101EBC00306EB8301A1F590
:1076F00080514FEA1463A1F88C25C4F3074202EBD2
:10770000032205E70CEB000202F83D5C490604D5B4
:1077100008EB000202F83D9C03E008EB000101F8D1
:107720003D5C4FEA14610A0604D5C34B034403F8D9
:107730003D9C03E0C04A024402F83D5C490604D582
:10774000BE4A104400F83D9C03E0BC49084400F8E0
:107750003D5C86F8265096F8280020B90023432186
:107760001A46012068E086F8289003E00AF03F00FE
:107770003D2804D00AF01F01082960D075E0B04808
:107780008188491C8180C4F307404F2805D8BCF18B
:10779000920F02D1AB49220E0A54AB4BE0B2AB4977
:1077A0001E78DFF8ACC2B04201D00D7009E00A7853
:1077B0000A2A01D2521C0A70D1B2022901D98CF8CE
:1077C0000060A4491870C20602D581F8009000E05C
:1077D0000D70A149420702D581F8009000E00D70BC
:1077E00001079E4802D580F8009000E005709CF8E3
:1077F00000009B49C20602D581F8009000E00D70A0
:107800009849420702D581F8009000E00D70010709
:10781000954802D580F8009000E005708EF826505B
:107820009EF82800764600289DD10023A8F13C0848
:107830001A46432108F0FF00DEF7E1FA93E7C7F3A9
:107840000720DE2811D189483A0C894B02804480F8
:10785000220C82803232962A03D882881A80854A86
:107860001570808818808BF80250092910D1C7F351
:107870000720DE280CD1804AC7F3074010807F4ADA
:10788000380E0A28107001D27D4805708BF802501E
:107890000A290AD1C7F30720DE2806D1794938140E
:1078A0000880794804608BF802508BF80650BDE8D8
:1078B000F88F634810B542380188491C018073492C
:1078C0000A6A734B1A422ED14288521C4280086ABF
:1078D0005B4BC0F3090000EB4000363B0C6A03EB46
:1078E00080006C4A14406C4A14434A6AC2F30A028C
:1078F00022438C6A4460CC6A42F040728460026029
:107900005868C2B26548302A07D04279521C427189
:107910001868C0F30342002003E00022F7E7401C90
:10792000C0B29042FBD30420486010BD30B55C4823
:10793000016A574A114248D1016A414AC1F309011B
:1079400001EB4101363A856A02EB8101534B223249
:107950005C7A1555641C856AE4B22D0A1555641CC1
:10796000856AE4B22D0C1555641C856AE4B22D0EAF
:107970001555641CC56AE4B21555641CC56AE4B2A9
:107980002D0A1555641CC56AE4B22D0C1555641CEE
:10799000C56AE4B22D0E1555641C5C72026A3D4C3A
:1079A00022403D4C2243446AC4F30A041443826AD1
:1079B0004A60C26A8A6044F040720A60816AC9B251
:1079C000302905D05979491C59710421416030BDD5
:1079D0000021F9E7314AD079401CD071184842386B
:1079E0004189491C4181B2F90E30B2F91000274992
:1079F00083425BD02B4B53F820300B63294B8033F1
:107A000053F820304B63284B53F820308B63264BC0
:107A1000803353F82030CB6321234B60401C00B2ED
:107A20001082082844DB0020108241E0CAC10720F0
:107A3000C7C10720CDC1072042C4072045C4072085
:107A4000FE5E00107C0608208000001013C4072092
:107A500012C40720B6C00720B4C00720B5C0072055
:107A6000B8C00720BB000010B7C007202AC40720F9
:107A7000AAC10720AAC00720A000001028C4072020
:107A8000BAC30720ACC107200CC207200040044045
:107A9000000400C000000FC00020000170C40720D7
:107AA000008004403C5C00103C5D00100120107020
:107AB000C8687047864A8749508B401C5083D378EA
:107AC000107983421CD0844B53F820300B63824BD7
:107AD000203353F820304B637F4B403353F8203032
:107AE0008B637D4B603353F82030CB6321234B6095
:107AF000401CC0B21071082804D30020107101E0AE
:107B000001205070C8687047744910B50A6842F483
:107B100000520A6072490A6822F00F020A600A687D
:107B200042F005020A606A4A4FF0000191816D4BF4
:107B30004FF001021A606C4C22602161A16060610B
:107B400021604FF0190000F0B7F8032020610120F8
:107B500010BD624910B50A6842F480420A6060496B
:107B60008A6822F470328A600A6942F4A0320A619B
:107B7000574A4FF0000191815A4B4FF001021A60B1
:107B8000544C22602161A160606121604FF01900B6
:107B900000F092F803202061012010BDF0B5514C97
:107BA000012222604A4B9D894B4A8C3215B943F21F
:107BB000FF751560B3F90C50022D01DB0020F0BDFC
:107BC000C1F30A0141EA4035002007E000EB400123
:107BD00052F8211089B2A94204D8401CB3F90C1004
:107BE0008842F3D300EB400652F8261042F82650A4
:107BF0009D896D1C9D8107E0401C00EB400652F8FA
:107C0000265042F826102946B3F90C50A842F3D367
:107C100000206060354D01460DE000BF01EB4107DB
:107C200052F8376002EBC707FF68001DBFB207EBD1
:107C3000064640C5491CB3F90C60761C06EBD676A7
:107C4000B1EB660FEAD3A060E060206160610020C4
:107C500020600120F0BD244810B5C0681C4CE061D4
:107C6000E069C00705D0FFF724FE608A00F101003B
:107C70006082E069800704D5FFF7ACFEA08A401C53
:107C8000A0821448C068E061A07A401CA072E0693C
:107C9000C00708D0FFF74AFEE08A00F10100E08249
:107CA0004FF000002072E069800704D5FFF702FF63
:107CB000208B401C208310BD00F01F020121914049
:107CC00040094FF0E02202EB8000C0F8001170473D
:107CD00070C40720008004403C5E0010C4C00F4008
:107CE00000C0024000C00340004004400080034048
:107CF00030B503780122FF4C06E000BF10F8015FA9
:107D0000E35C6B40521CD2B28A42F7D3184630BDB6
:107D100030B503780122F84C06E000BF10F8015F8F
:107D2000E35C6B40521CD2B28A42F7D3184630BD96
:107D300030B5F2494FF48064CA89A242FDD032B90D
:107D4000EF4B1D7D15F0600F01D0187030BDED4D6B
:107D50004B89E8545B1C98B24881A04201D10020B5
:107D60004881521CCA8130BDFFB509ADD0CD8DF818
:107D700000108DF801208DF8023000258DF80340A9
:107D80008DF804608DF8057029466C4603E0625C4E
:107D90005540491CC9B28142F9D380EA0501221835
:107DA000205451700A2100259170C61C04E0605DCA
:107DB000FFF7BEFF6D1CEDB2B542F8D3FFBD70B545
:107DC0008FB0002213466C4604E0C55CE5546A405F
:107DD0005B1CDBB28B42F8D3C8208DF80A00601818
:107DE00061544A4042700A2200258270CE1C04E091
:107DF000605DFFF79DFF6D1CEDB2B542F8D30FB08B
:107E000070BDF7B59AB00E4615466421684601F07C
:107E10006FFD1620FFF78CFF0A20FFF789FF9DF802
:107E2000680080F01C04FFF783FF9DF86900444060
:107E3000FFF77EFF9DF86A004440FFF779FF9DF849
:107E40006B004440FFF774FF002704E0F05D4440FE
:107E5000FFF76EFF7F1CAF42F8D3AD1DE8B2444080
:107E6000FFF766FF2046FFF763FF0A20FFF760FF7A
:107E70001DB0F0BD00B58FB01E216846FFF79FFF13
:107E80000FB000BD00B5A0488FB022210068ADF84A
:107E900000009E480078ADF802009D480088ADF8CB
:107EA00004009C480088ADF806009B480088ADF8A7
:107EB00008009A480088ADF80A0099480088ADF893
:107EC0000C0098480088ADF80E0097480088ADF87F
:107ED00010006846FFF773FFD2E700B58A488FB0FD
:107EE00034210068ADF8000088480078ADF8020041
:107EF00087480088ADF8040086480088ADF8060081
:107F000085480088ADF8080084480088ADF80A006C
:107F100083480088ADF80C0082480088ADF80E0058
:107F200081480088ADF810006846FFF748FFA7E7D2
:107F30002DE9F0477F4A7D4E7D4F12684FF00309CF
:107F4000930854084FF0830C4FF00708D50820B170
:107F5000012828D00020BDE8F087306820F0F0002C
:107F60003060306840F050003060D7F8A801C0F3AE
:107F70008110012808D0022803D0032803D01A4614
:107F800002E0224600E02A465D4E86F80CC0100949
:107F9000B0FBF1F0010A3171307086F80C9086F870
:107FA0000880052024E0306920F00F00306130693E
:107FB00040F00A003061D7F8A801C0F30120012881
:107FC00008D0022803D0032803D01A4602E0224634
:107FD00000E02A46584E86F80CC01009B0FBF1F0BC
:107FE000010A3171307086F80C9086F808800620FE
:107FF00000F0EFF9C6F804800120ACE73F490A8998
:10800000002AFDD04D48CB88C05C5B1C9BB2CB8066
:10801000B3F5806F01D10023CB80521E0A817047D7
:108020002DE9F043DFF8D8C0DCF80800DFF80C8158
:10803000C0F34204314800224FF4806981880B4626
:10804000491C8DB20189491C8EB20121032C1CD020
:10805000022C25D0062C33D0012C14D19CF81430DE
:108060009B0632D50170C18900290CD0491EC181FF
:10807000244B81895B5C8CF80030491C89B281817A
:10808000494500D18281BDE8F0839CF8144014F08A
:108090009E0F03D004619CF80000F4E7E407F2D0DF
:1080A0009CF8004008F80340417085804D4505D09C
:1080B00006814E45E7D102818170E4E78280F7E7CF
:1080C000016941F480710161DDE70270DBE7F0B521
:1080D0001A4C7225643C6526207889B072287DD1BF
:1080E000607865287BD1A078612878D1E078642811
:1080F00075D125E062E1020062E2020098C4072027
:1081000000C00040B8630010200000101EC007200F
:108110008AC107208CC1072094C1072096C107207F
:1081200098C1072016C4072056C2072000C002408D
:1081300000C00F40F855001000000140B85F00106B
:1081400006212046FFF7D4FDA17988425AD10621A5
:108150002046FFF7DDFDE179884253D1207961792E
:1081600000EB012080B2ADF814000746FDF7C2FD18
:108170000790381DFDF7BEFD06908DF800508DF874
:10818000016061208DF8020064208DF803009DF8E5
:1081900014008DF804009DF815008DF805009DF879
:1081A0001C008DF806009DF81D008DF807009DF855
:1081B0001E008DF808009DF81F008DF809009DF83D
:1081C00018008DF80A009DF819008DF80B009DF835
:1081D0001A008DF80C009DF81B0001E012E07AE017
:1081E0008DF80D000E216846FFF782FD8DF80E0018
:1081F0000E216846FFF78CFD8DF80F0010216846B0
:10820000FFF7DDFD2078772865D16078722862D18C
:10821000A07869285FD1E07874285CD1207965283E
:1082200059D10F217148FFF763FDE17B884252D19C
:108230000F216E48FFF76CFD217C88424BD160799D
:10824000A17900EB012087B2ADF81870E0798DF8C4
:108250001C00207A8DF81D00607A8DF81E00A07A2F
:108260008DF81F00E07A8DF82000207B8DF821002A
:10827000607B8DF82200A07B8DF82300384607999B
:10828000FDF738FE381D0899FDF734FE77208DF88C
:1082900000008DF8015069208DF8020074208DF8DF
:1082A00003008DF804609DF818008DF805009DF816
:1082B00019008DF8060007216846FFF719FD8DF8B3
:1082C000070007216846FFF723FD8DF80800092104
:1082D0006846FFF774FD09B0F0BD084400B2B0F580
:1082E000806F02DBA0F5806000B2002802DA00F5A2
:1082F000806000B2704770B53C4B06466433002284
:10830000985D0A281BD1911E3046FFF7E6FF1D5CE1
:10831000002408E0511B891E3046FFF7DEFF185C81
:108320004440521CD2B2AA42F4D94FF0FF31304639
:10833000FFF7D3FF185CA04201D1012070BD0020DF
:1083400070BD2DE9F0412A4C0025A07828B1A58008
:10835000E5802581A570BDE8F08120890028FAD04C
:10836000A0884FF0FF32114600B2FFF7B6FF1F4F53
:108370006437385C0A28EED1A0886FF0020100B2A1
:10838000FFF7ABFF3E5C642EE5D2A088114600B239
:10839000FFF7A3FFFFF7AFFF0028DCD0F01C41423E
:1083A000A08800B2FFF799FFE08000220F4B08E0A1
:1083B000E088114600B2FFF790FF385C9854521CD9
:1083C000D2B2B242F4D3A088E0802581BDE8F0416A
:1083D0007DE600F01F020121914040094FF0E022AC
:1083E00002EB8000C0F8001170470000545F0010DD
:1083F00098C4072010B5FDF72BFCEA4C206840F02C
:1084000002002060E06940F00200E061C020FDF75A
:108410001BFB206840F002002060A06940F00200D1
:10842000A06110BD70B506460D46FDF711FCDD4C90
:10843000206840F002002060E06940F00200E06146
:108440000220FDF701FB3046FDF7FEFA2846FDF756
:10845000FBFA206840F002002060A06940F00200B2
:10846000A061284670BD70B50546FDF7F1FBCD4C07
:10847000206840F002002060E06940F00200E06106
:108480007821491EFDD10320FDF7DEFA2846FDF7CD
:10849000DBFA5520FDF7D8FA216841F0020121608E
:1084A000A16941F00201A16170BD2DE9F0410746CB
:1084B0000D461646FDF7CCFBBA4C206840F0020092
:1084C0002060E06940F00200E0610520FDF7BCFAA1
:1084D0003846FDF7B9FA2846FDF7B6FA3046FDF7FB
:1084E000B3FA206840F002002060A06940F002006A
:1084F000A061BDE8F08110B5FDF7AAFBA94C20688A
:1085000040F002002060E06940F00200E0610C20D1
:10851000401EFDD1A020FDF797FA5520FDF794FAF3
:10852000216841F002012160A16941F00201A161CD
:1085300010BD70B50446FDF78BFB9A4D286840F0DE
:1085400002002860E86940F00200E86124B1012CD3
:1085500004D0022C04D004E0812402E0822400E054
:1085600084242046FDF770FA286840F00200286055
:10857000A86940F00200A86170BD10B5FFF73AFF8E
:108580000E20FFF770FF0421B1EB501F04D08022B2
:10859000E0210F20FFF789FF7820401EFDD14FF426
:1085A0009670FDF76CFB3E287DD0C1212A20FFF795
:1085B00039FFFE212920FFF735FF03212820FFF78F
:1085C00031FF20216020FFF72DFF20217020FFF7D1
:1085D00029FF7548401EFDD1FF212020FFF722FF13
:1085E000FF212120FFF71EFFFF210020FFF71AFFC8
:1085F000FF210120FFF716FFFF210420FFF712FFE4
:10860000FF210520FFF70EFFFF212420FFF70AFFBF
:10861000E0212520FFF706FF31210820FFF702FFA8
:10862000C0210920FFF7FEFE00211020FFF7FAFE0F
:1086300000211120FFF7F6FE00211420FFF7F2FEC3
:1086400000211520FFF7EEFE00211820FFF7EAFEBB
:1086500000211920FFF7E6FE13215120FFF7E2FE6B
:10866000C0215220FFF7DEFE13214120FFF7DAFE82
:10867000C0214220FFF7D6FE13213120FFF7D2FEA2
:10868000C0213220FFF7CEFE0522E7210F20FFF7A1
:108690000CFF06212B20FFF7C5FE4448401EFDD1EC
:1086A00000210C2000E002E0BDE81040BAE6C32142
:1086B0007CE72DE9F04709AC0026B4E800073C4C04
:1086C000DDF820C0E578082D00D3E670394FE57855
:1086D000785578196D1C01720274037680F820C0F9
:1086E00080F8288080F8309080F838A0E8B2E070F8
:1086F000072800D9E670BDE8F08770B5FFF7FBFEEC
:108700002B4C207060701C20FFF7ADFE60711D20A7
:10871000FFF7A9FEA0712D20FFF7A5FEE0712078DC
:10872000810713D5244E002505F17600C0B2FFF76E
:108730009AFE70556D1CEDB2082DF5D30022022172
:108740002C20FFF7B2FE0120A07070BD10F0540F76
:10875000FBD100221C212C20FFF7A7FE2079E17815
:108760008842F2D0134E0025217906EBC500415C0A
:1087700005F13600C0B2FFF755FE6D1CEDB2082DB5
:10878000F2D308213520FFF74DFE0020FFF7D1FE80
:108790002079401CC0B220710728D6D90020207152
:1087A00070BD000000C00920C0D40100804F12003D
:1087B000ACC40720B867001090C4072070B5044609
:1087C0004FF6FF7000224AF201050DE0A35C58400D
:1087D0000823C6074FEA500000D068405B1E1BB25A
:1087E000002BF6D1521C12B28A42EFDB70BD0000A2
:1087F000B848016821F003010160016841F040417F
:108800000160416821F003014160416841F00C01C1
:108810004160416841F030014160AF481421C160BE
:108820002021016070472DE9F04102460E46FFF716
:10883000DFFF1821491EFDD1A84D286840F0010036
:108840002860E86940F00100E8611007400EFDF77C
:10885000FBF80024A24F04E0385DFDF7F5F8641C36
:1088600024B2B442F8DB286840F001002860A8690F
:1088700040F00100A861BDE8F08170B502460D46E8
:10888000FFF7B6FF1820401EFDD1944C206840F041
:1088900001002060E06940F00100E0611007400E37
:1088A000FDF7D2F82846FDF7CFF8206840F0010028
:1088B0002060A06940F00100A06170BD10B50246C3
:1088C000FFF796FF1821491EFDD1844C206840F027
:1088D00001002060E06940F00100E06102F00F005B
:1088E000802141EAC000FDF7AFF8FF20FDF7ACF8AA
:1088F000216841F001012160A16941F00101A161FC
:1089000010BD10B580210320FFF7B7FF41210020E3
:10891000FFF7B3FF00210120FFF7AFFFBF210320C6
:10892000FFF7ABFF10210220FFF7A7FF0321084646
:10893000FFF7A3FF06210220FFF79FFF012102207E
:10894000FFF79BFF3021BDE810400F2095E76549F8
:1089500070B5B1FBF0F1C1F30724CDB26249B1F9B2
:108960000010282902D01E2902D007E05F4900E04C
:108970005F49B1FBF0F0C0F30724C5B280210320AA
:10898000FFF77BFF29460020FFF777FF21460120F4
:10899000FFF773FFBF210320FFF76FFF10210220B5
:1089A000FFF76BFF03210846FFF767FF0621022050
:1089B000FFF763FF01210220FFF75FFFBDE8704072
:1089C00030210F2059E74B4A454B91785854491CA8
:1089D000C8B29070202801D1002090707047FFB578
:1089E00009ADD0CD8DF800108DF801208DF8023042
:1089F00000258DF803408DF804608DF80570294638
:108A00006C4603E0625C5540491CC9B28142F9D30F
:108A100080EA05012218205451700A210025917026
:108A2000C61C04E0605DFFF7CEFF6D1CEDB2B542E1
:108A3000F8D3FFBD2DE9F0470920FFF73FFF2D4C8C
:108A400000262070A0B10025DFF8AC802B4FDFF8A6
:108A5000B09008E0A07900284FF0000011D0FFF797
:108A60002DFF6D1CEDB22078854201D2052DF1D38A
:108A70000820FFF723FF0122607040280BD02671E9
:108A800011E0FFF71BFF397808F80100491C397025
:108A900089F80060E5E72079052801D2401C2071A3
:108AA000C0B2052814D06671A17849B1E07881423E
:108AB00006D0607920B1A2710020FFF7B4FEA67045
:108AC0000520FFF7FBFE400600D5A671BDE8F08744
:108AD0006271E9E700C002400000024000C00920C6
:108AE00016680010688909007EC10720A0252600AD
:108AF000389C1C00B8C40720F867001013560010FB
:108B0000125600102DE9F041574E1446327890422B
:108B100045D1564A1078401C107000297ED0544828
:108B200001297CD04FF00008022979D0052936D1DF
:108B3000A2F114002178417061788170A178C17030
:108B4000E17801712179417161798171A179C171F6
:108B5000E1790172217A4172617A8172A17A454D7F
:108B6000C172E1792970A2796A70607A237A00EB88
:108B7000032000B2A880E37AA77A03EB07233E4FD5
:108B80001BB2EB80B7F90070BA4263D14000A86015
:108B90005806000EA870042902D006292CD059E0EE
:108BA000093004F0ABF807462078387060787870A8
:108BB000A078B870E078F870A9780A46C91C080A4D
:108BC000387179716878B8712878F8713A7200F064
:108BD000FDF90020294908E0AA683B180244401C1E
:108BE00051F82220C0B212785A723A7A8242F3D8EF
:108BF000AA78394609322AE00C2004F07FF80146B1
:108C00002078087060784870A0788870E078C87024
:108C100081F8048006204871687802E022E01CE0B8
:108C20001EE088712878C871B5F90420D01702EBCE
:108C300010631812087210464872B5F90620D01752
:108C400002EB1063181288721046C8720C2230783A
:108C500004F072FA0020BDE8F0810121017001E00A
:108C600080F800800120F6E7B3C00720CA0D082075
:108C70003CC40720C0C407207AC1072064E3020077
:108C8000C84910B50A894AF2010342400A81082006
:108C900092B2D4074FEA520200D05A40401E00B2AE
:108CA0000A810028F4D110BD10B5BF48BD4CC17871
:108CB000827801EB0221A1804179027901EB022146
:108CC00089B2E18040782070042811D1491E7E29A4
:108CD0000ED800F07BF9A0884100E160E0884006F2
:108CE000000E607001440020B1F5003F01D8A07073
:108CF00010BD607010BD2DE9F05F0920FFF7DEFDAB
:108D0000AA4DAB4F0026287088B10024DFF8988266
:108D1000DFF8A09206E03878E8B30020FFF7CEFD38
:108D2000641CE4B22878844201D2052CF3D3DFF826
:108D3000748298F8010000287ED00820FFF7BEFD5D
:108D40009D4D00282870F7D0002498F80220DFF805
:108D50006C92DFF86CA201214FF46F7BF2B3397093
:108D6000FFF746FD1820401EFDD1D9F8001041F054
:108D70000101C9F80010D9F81C1041F00101C9F82F
:108D80001C10FCF761FE98F8021098F8010081426F
:108D900070D20024C5E0FFE75FF0010008EB00019E
:108DA00018F80020401CC0B201F8012C0828F5D3A7
:108DB0000020FFF783FD88F8070099F8000041467E
:108DC000082801D189F800607E480A78B0F90000CF
:108DD0008242A5D14878032805D000E015E0042898
:108DE00001D006289CD106216F48FFF7E7FC98F8D0
:108DF000062098F8071002EB0121884290D17248B2
:108E00000821067089F800108AE7402814D13970CB
:108E10004FF6FF704446A8F80800FFF7E9FC182059
:108E2000401EFDD1D9F80010C84641F00101C9F833
:108E30000010D9F81C1000E0ABE041F00101C9F8C6
:108E40001C10FCF701FE5F4D2888C0B2FCF7FCFD4A
:108E5000288880B2FFF714FF2078FCF7F5FD207812
:108E6000FFF70EFF6078FCF7EFFD6078FFF708FF73
:108E7000002518E05FE000218946E1680844217878
:108E8000042905D1584503D25AF8200000788146BC
:108E90004846FCF7D9FD4846FFF7F2FEA078401C93
:108EA0006D1CA070EDB2A0786178884201D23D2D92
:108EB000E1D3C0B2C9B288420AD13D2D08D220897F
:108EC000C0B2FCF7C1FDA078401C6D1CA070EDB2D3
:108ED0006178C0B2884206D93D2D04D22089000AAB
:108EE000FCF7B2FD667040464BE000229246C26835
:108EF00098F800001144042806D1594504D230489E
:108F000050F82100007882465046FCF79DFD5046FF
:108F1000FFF7B6FE98F80210491C641C88F802108E
:108F2000E4B298F8021098F801204046914202D22B
:108F30002A789442D9D398F8021098F80100814217
:108F40000ED1287884420BD2B8F80800C0B2FCF7E2
:108F50007BFD98F80200401C641C88F80200E4B213
:108F600098F8020098F80110884209D928788442BC
:108F700006D2B8F80800000AFCF766FD88F8016020
:108F80004846016841F001010160816941F0010139
:108F900081610520FFF792FC400600D53E70BDE8D8
:108FA000F09F000014560010F8670010B8C40720A6
:108FB000BEC4072013560010B9C4072000C0092002
:108FC00064E302007AC1072012560010F0B53B4856
:108FD0003B490022008848B13A4803888B80438887
:108FE000CB8043680B81007F488109E036480088C8
:108FF000888036480088C8803548006808814A81E2
:10900000344D354F0020A5F1210300BF00EBC00413
:1090100004EB440407EB840494F83A6006F0F70686
:109020002E541A5494F8576016B142F0010601E02C
:1090300022F001061E5494F83B40E407F4B202D03B
:1090400044F0020401E024F002041C54401CC0B2AD
:109050002128DBD321480A7001240378012B00D199
:109060000C701F4B1D78012D03D10D7845F00205C2
:109070000D704A704578012D00D14C705D78012D3E
:1090800003D14D7845F002054D708A708578012D29
:1090900000D18C709D78012D03D18D7845F00205AB
:1090A0008D70CA70C078012800D1CC70D8780128A2
:1090B00003D1C87840F00200C870F0BD16C1072087
:1090C00024560010F80508208CC107208AC107200B
:1090D000FCC107205768001040F40720D0C10720CA
:1090E000D4C10720C1F12002904010B5FC4A4FF4D2
:1090F000007453150EE0002801DA946500E0D46591
:1091000000BF00BF00BF936500BF00BF00BFD365B5
:109110004000491E0029EED110BD70B50546F1484A
:109120000078012813D04FF0A04045F4807181628F
:109130000121416200210213436BDB0702D0491C6D
:109140009142F9D300214162056BA8B270BDE44C95
:10915000206C40F40070206420214FF0FF30FFF7B6
:10916000C1FF04210620FFF7BDFF05210120FFF705
:10917000B9FF05212846FFF7B5FF00F0CBF94FF006
:10918000000528464FF480714FEA4505A16500BFF0
:1091900000BF00BFE165626D920501D545F0010594
:1091A000401C1028F0D300F0B5F9CEE770B50546A5
:1091B000CC480C46007801280ED04FF0A04245F470
:1091C00080709062D46200201113536BDB0702D0D1
:1091D000401C8842F9D370BDC148016C41F4007154
:1091E000016420214FF0FF30FFF77CFF04210520B0
:1091F000FFF778FF05210120FFF774FF05212846BE
:10920000FFF770FF02210846FFF76CFF1021204690
:10921000FFF768FFBDE8704000F07CB92DE9FC471E
:10922000B04C0025362025700090694662680846DB
:10923000904701982521B1EB106F01D101202070DA
:10924000A948016841F080410160A948A7498160AF
:109250002178002960D0016921F470210161A048C2
:10926000016C41F4807101644FF0A0444FF44F4011
:1092700020607820C4F800016420401EFDD14FF02A
:109280000208C4F80080302060604001606143F251
:109290000F7020611227E7607801C4F800014FF4D5
:1092A0000060A0616426761EFDD1A5614FF40041E7
:1092B0000020FFF77BFF4FF480190020FFF72DFF00
:1092C00010F4084F02D0761C4E45F6D30220FFF76B
:1092D00024FF06460320FFF720FF4FF6F0710840F9
:1092E000844940EA064088420DD14FF440510020A5
:1092F000FFF75CFF00260120FFF70FFF800602D476
:10930000761C4E45F7D300264FF480391020FFF726
:1093100004FFC10709D105E0C16821F00F01491D13
:10932000C160A1E7761C4E45F0D341070CD56168BA
:1093300041F001016160D4F8001141F48061C4F88A
:1093400000111521A16000E0A760800701D5A5618B
:1093500002E04FF48070A0616748818821644188F1
:1093600061640088A064654B654EA3F16401002030
:1093700001F1200200EB400703EB472741F8307072
:1093800001EBC0077E6042F8305002EBC007401C82
:109390007D600428EED3C4F80811C4F80C21032022
:1093A000C4F81001C4F8185154490020554E24390E
:1093B00001F1180200EB400306EB432341F8303083
:1093C00001EBC0035D6042F82050401C0328F1D33C
:1093D00004F1AC0421676267C4F87880E5674FF058
:1093E0002600C4F854014FF08800C4F8380F4FF637
:1093F000FF70C4F83C0F606D40F00300606554F8E6
:10940000AC0D40F001002060BDE8FC873E484FF005
:109410008051016070473D484FF0805101607047B6
:10942000F0B54FF0A045D5F82811344E0388243EFE
:10943000021D56F83140DB1C9B0803D080CA5B1E1E
:1094400080C4FBD1008806EBC102401E40F04040C2
:10945000491C5060032900D10021C5F82811F0BD36
:1094600070B54FF0A04533E0C5F8E80F00072FD5E1
:10947000D5F8184128E02148443850F8340041001C
:109480001CD5C0F30A06F61E40F2EA518E4215D8EA
:109490001F49084212D146F0004000F0A5FC68B117
:1094A000164A011D643AF61C52F83420B30803D062
:1094B00040CA5B1E40C1FBD102F01AFE641C042CA2
:1094C00000D10024C5F81841D5F81401A042D2D12A
:1094D000D5F8E00FD5F8E41F0840C5D170BD0000F5
:1094E00000C0092030560010C4C00F4005011550BF
:1094F00000C00240905C002000000010440E0820D4
:10950000FF0500804426082000E100E080E100E043
:109510000000901B0748016C21F4007101644FF4B6
:109520008071816500BF00BF00BFC16500BF00BF83
:1095300000BF704700C009200FB41CB5084B06AA35
:109540007B4469460090059800F09BFA0446002091
:10955000694600F0A9FA20461CBC5DF814FB000027
:109560006505000070B50446856900683026C106AF
:1095700000D42026C00708D070BDD4E901213046B0
:109580009047206A00F1010020626D1EF5D570BD84
:1095900070B5044685690068C00708D170BDD4E97C
:1095A000012120209047206A00F1010020626D1EF9
:1095B000F5D570BD70B505460C46012A05D0286862
:1095C000800600D5EA69002302E0012305E05B1C68
:1095D000934202D2E05C0028F9D1A869E618C01ACB
:1095E000A861286A184428622846FFF7BBFF04E0F8
:1095F000D5E9012114F8010B9047B442F8D328466D
:10960000FFF7C6FF70BD00002DE9F04107460025B9
:1096100010687529394616A411D0AFF300800028D0
:1096200003DAC0F1000013A407E039688A0701D506
:1096300011A402E0490704D510A4012501E0AFF30D
:10964000008000210A2307F1240607E0B0FBF3F2B3
:1096500003FB1200303070541046491C0028F5D12D
:109660002B4622463846BDE8F04100F0A9B900007B
:10967000000000002D0000002B0000002000000072
:109680002DE9F05F044689464FF0000ADFF830B15B
:10969000FB44C0F820A02046E168884700287ED01F
:1096A000252806D0D4E901219047206A401C206279
:1096B000F1E700255F462046E168884720280646F6
:1096C00009DB312E07D207EB060010F8200C10B191
:1096D00028430546EFE7A80701D525F00405C4F89F
:1096E0001CA00027C4F818A02A2E09D0304600F08C
:1096F000FDFA50B304EB8700303E804686611CE0E3
:10970000D9F8001004EB870209F104009161814649
:109710002046E1688847012F064618D1E0690028F5
:1097200020DA25F020051DE0D8F8180000EB8000B5
:1097300006EB40003038C8F818002046E16888473A
:10974000064600F0D3FA0028EED1012F0AD02E2EC3
:1097500008D12046E16888477F1C0646022F45F065
:109760002005C1DBA069002803DA404245F001056D
:10977000A061E80701D025F0100586B1A6F14100EF
:10978000192802D8203645F400654A46314620465D
:1097900025604D46D6F7F4FC60B1012800E00BE0EF
:1097A00005D0ED1D25F007000830814673E72D1D1B
:1097B000A94670E7304675E7206ABDE8F09F0000D3
:1097C0001C60000010B5431C02E010F8011B71B1D1
:1097D0008107FAD14FF0013202C88C1A8C4314EA87
:1097E000C211F9D0C01A0A0603D0C01E10BDC01A9B
:1097F00010BD0A0401D0801E10BD0902FCD0401E1D
:1098000010BD032A40F2308010F0030C00F01580E8
:1098100011F8013BBCF1020F624498BF11F801CB73
:1098200000F8013B38BF11F8013BA2F1040298BFD8
:1098300000F801CB38BF00F8013B11F0030300F042
:109840002580083AC0F0088051F8043B083A51F8E6
:1098500004CBA0E80810F5E7121D5CBF51F8043BEB
:1098600040F8043BAFF30080D20724BF11F8013B5E
:1098700011F801CB48BF11F8012B24BF00F8013BC0
:1098800000F801CB48BF00F8012B704710B5203A13
:10989000C0F00B80B1E81850203AA0E81850B1E8A9
:1098A0001850A0E81850BFF4F5AF5FEA027C24BF5F
:1098B000B1E81850A0E8185044BF18C918C0BDE856
:1098C00010405FEA827C24BF51F8043B40F8043B1F
:1098D00008BF7047D20728BF31F8023B48BF11F8D4
:1098E000012B28BF20F8023B48BF00F8012B70472E
:1098F0004FF0000200B5134694469646203922BF29
:10990000A0E80C50A0E80C50B1F12001BFF4F7AF73
:10991000090728BFA0E80C5048BF0CC05DF804EB55
:10992000890028BF40F8042B08BF704748BF20F8C3
:10993000022B11F0804F18BF00F8012B7047000078
:109940004FF0013C50F8042B51F8043B9A4221D1CE
:10995000A2EB0C03934313EACC1317D150F8042B5A
:1099600051F8043B9A4215D1A2EB0C03934313EA3E
:10997000CC130BD150F8042B51F8043B9A4209D177
:10998000A2EB0C03934313EACC13DBD04FF000009F
:10999000704700BFD01A01BAB1FA81F101F0180185
:1099A00022FA01F0CB40C1F12001DBB2C0B2C01AF3
:1099B0002CFA01F3D11A914311EAC311E6D1704791
:1099C0002DE9F04704460D469246994600F12400E1
:1099D00080462168880604D5E06921F010012160E5
:1099E00000E001200027A84201DDA0EB0507A169E6
:1099F00007EB050202EB0300A1EB0000A061206869
:109A0000C00602D42046FFF7ADFD002608E0D4E9E9
:109A100001211AF806009047206A401C761C20623B
:109A20004E45F4DB2068C0060AD52046FFF79AFDB4
:109A300006E0D4E9012130209047206A401C2062D2
:109A4000381EA7F10107F4DC07E0D4E9012118F87A
:109A500005009047206A401C2062281EA5F10105E0
:109A6000F3DC2046FFF794FD21680220090600D4AC
:109A70000120BDE8F087000001694A1C02610878F6
:109A8000704700B58FB0CDE901310021059105493E
:109A90007944CDE9031011466846FFF7F1FD0FB098
:109AA00000BD0000E5FFFFFF0A6802F8010B0A6035
:109AB000704710B5436913B1AFF3008001E0FFF7C1
:109AC00079FD012010BD126800F124010A70002206
:109AD0004A700122EDE711684FF0FF32E9E72DE906
:109AE000F0470F46914680460446002614F8015B75
:109AF0002DB100F031F80068405DC007F6D12B2D84
:109B000002D02D2D18D0641E4A463946204600F05A
:109B10002BF827B13968A14201D1C7F800804FF076
:109B2000020471050BD54042002803DDD6F7E2FBA5
:109B30000460A007BDE8F08746F48066E4E70028EB
:109B4000F8DAD6F7D7FB04606FF00040F2E70000C8
:109B5000004870479C38082010B500F079F8001DC7
:109B600010BD00BFD93B00002DE9F05F82460446DE
:109B70008B461546641C0027B9460078302801D072
:109B80009DB113E014F8010B0127782803D0582861
:109B900001D045B10AE00DB1102D07D1002714F80E
:109BA000010B102502E0082500E00A250026B0463A
:109BB0000FE005FB080005FB06F1012701EB10464D
:109BC00080B2B6F5803F804601D30120814614F86B
:109BD000010B294600F040F80028EADABBF1000F3B
:109BE00004D0641E07B95446CBF80040B9F1000F09
:109BF00006D0D6F77FFB02210160C81EBDE8F09FAA
:109C000048EA0640FAE77546FFF7A2FFAE460500B0
:109C10006946534620F00700854618B020B5D6F7B0
:109C2000E1FABDE820404FF000064FF000074FF08A
:109C300000084FF0000B21F00701AC46ACE8C0096A
:109C4000ACE8C009ACE8C009ACE8C0098D46704773
:109C500000487047BC3808203A2800D2303820F03D
:109C60002002412A01D3A2F137004FF0FF3288428F
:109C700000D20246104670470446AFF300802046EB
:109C8000D6F79EFA00487047A038082001491820EE
:109C9000ABBEFEE726000200704700B5002200F0D0
:109CA00007F8C04380B2010241EA102080B200BD33
:109CB00005E000BF30F8023B891E5BBA1A44012957
:109CC000F8DC11B1007802EB002290B200EB1240F8
:109CD00000EB104080B27047084400EB104080B2A7
:109CE0007047010241EA102080B27047014601200E
:109CF00030390A2900D300207047000070B50D46A6
:109D000009890E18374902EB420001EBC0043020EC
:109D100030706078A11C001D70700620B0706078F3
:109D2000F0706278301D01F0E9FD6078001DA880B8
:109D3000811CE980217801F07F0129703154287855
:109D4000402813D006DC022818D0042809D00628A1
:109D500027D10BE0412833D0422831D0432820D1ED
:109D60002EE02069FFF72EFD82B200E0E27B6A80E0
:109D7000E8882169304401F0C1FD12E0E07B002257
:109D8000012802D0022821D103E0206990F90020A7
:109D900002E02069B0F900202946304602F042FC7A
:109DA0006880AA88701C6988115470786988084492
:109DB0007070E88869882A8908441044288170BD39
:109DC000E07B0022012806D0022807D00428E3D136
:109DD00020690268E0E720690278DDE720690288EF
:109DE000DAE70000A42100102DE9F0470027DFF892
:109DF000909000280CDA2349D9F8002020F0004088
:109E00000968024401EB4101B2EB910F18D8012718
:109E100005460F3020F003060FB9FFF7FCFA1A4C85
:109E2000D4E90002011B891AB1420CD20446006831
:109E30000028F5D127B9FFF7E9FA0020D6F7E2F9B3
:109E40000020BDE8F08772B1101921680160206020
:109E500000F10808C0F80460D9F800103144C9F8CE
:109E6000001027B105E004F108086660F4E7FFF789
:109E7000CDFAA8F800500020A8F802004046E0E71C
:109E800040560010B4D70200F0C407202DE9F04777
:109E90000746894690460026284C294D0BE020783D
:109EA00038B10422394604F10A0001F017FD0128F7
:109EB00035D00E34761C28888642F0DB214938469E
:109EC00001F0C6FCD0B91F4804220021001D01F09A
:109ED0002BFD10B10020BDE8F0870026174C0AE0EA
:109EE000207830B106224946201D01F0F7FC0128F8
:109EF0001AD00E34761C28888642F1DB404600F0EA
:109F000027F80028E7D00D49C0EBC00001EB400462
:109F10000E3C0422394604F10A0001F0EFFC06224F
:109F20004946201D01F0EAFC07480088E070074818
:109F30000078A070032020700120CCE780ED07207E
:109F4000BAD7020060380820BCD70200BED7020092
:109F5000F0B50546012116480E46164A03E003787F
:109F600053B10E30491C13889942F8DD1248104B4A
:109F70000488002001210DE0067045700846F0BD00
:109F80005F78012F04D1DF78A74201D83C4608460C
:109F90000E33491C1788B942F2DD0028EFD0044A7D
:109FA000C0EBC00102EB410101F80E6D4D70F0BD38
:109FB00080ED0720BAD70200BCD702002DE9F04798
:109FC00081460F4600253D4C3D4E0BE0207838B1D0
:109FD0000422494604F10A0001F080FC012815D052
:109FE0000E346D1C30888542F0DB3649484601F05E
:109FF0002FFCDFF8C880334D01284FF0040209D050
:10A000000021281D01F090FCE8BB1DE0207803280A
:10A010004ED350E04946281D01F060FC012806D1CE
:10A0200004220021281D01F07FFC00B900273846DA
:10A03000FFF78EFF06003CD0C6EBC60108EB4104DB
:10A040000E3C042249461DE000271C4C0BE0207802
:10A0500038B10422291D04F10A0001F03FFC012857
:10A06000D4D00E347F1C30888742F0DB0020FFF70D
:10A070006FFF06001DD0C6EBC60108EB41040E3C85
:10A080000422291D00E013E004F10A0001F036FC6F
:10A0900006220D49201D01F031FC0C480078A0700B
:10A0A0000B480078E070304600F012F90220207072
:10A0B0000020BDE8F0872046FBE7000080ED072088
:10A0C000BAD702006038082036F30200BED702007B
:10A0D000BFD702002DE9F0470026DFF8D480DFF873
:10A0E000D490B246344F5DE0B9F80050691C89B293
:10A0F000A9F800103A88914201D3A9F800A02F498D
:10A10000C5EBC50001EB40042078C8B3E07820B16E
:10A11000401E10F0FF00E07043D1607801280AD1A2
:10A120000422274904F10A0001F0D8FB012806D0D7
:10A130006078012818D010F0FF0F02D031E084F8C9
:10A1400001A004221F4904F10A0001F0C7FB012805
:10A1500017D02078032818D0A07800B3401E10F044
:10A16000FF00A0701BD012E02078032817D0A07841
:10A17000A8B1401E10F0FF00A07010D0022005E032
:10A180000FE011480088E0700BE00420207098F880
:10A190000000E070681CBDE8F04700F099B884F852
:10A1A00000A0761C388886429EDBBDE8F087000060
:10A1B000BFD70200E8C40720BAD7020080ED07200D
:10A1C000643808203CF30200BCD702002DE9F041BE
:10A1D00006460025134C00F10E08134F0DE02078C1
:10A1E00048B1012807D0042204F10A01404601F0D9
:10A1F00075FB012806D00E346D1C38888542EEDBD5
:10A20000BDE8F081062206F10801201D01F076FB71
:10A2100006480088E07006480078A070032020708F
:10A22000EEE7000080ED0720BAD70200BCD702009D
:10A23000BED702002DE9F04105460E462A20FFF761
:10A24000D3FD044605F1080106220F46001D01F06A
:10A2500055FB06221C4904F10A0001F04FFB4FF4A4
:10A26000C16020824FF4807060820820A0820620A6
:10A27000A0750420E075268304F1240006223946E7
:10A28000064601F03BFB05F10E0104F12A00042211
:10A29000054601F033FB06220B4904F11A0001F0D8
:10A2A0002DFB0422094904F1200001F027FB0122C3
:10A2B00031462846FFF7EAFD2046FFF7B1F8204671
:10A2C000BDE8F04100F022BA00000010603808201C
:10A2D00070B505462A20FFF787FD0446062223496C
:10A2E000001D01F00BFB0622214904F10A0001F0D8
:10A2F00005FB4FF4C16020824FF480716182082019
:10A30000A0820620A0750420E0752183062218494A
:10A3100004F11A0001F0F2FA0422164904F12000B7
:10A3200001F0ECFA4FF0060265B1002104F12400BF
:10A3300001F0F2FA1049C5EBC50001EB400104221F
:10A34000091F06E0094904F1240001F0D7FA094980
:10A35000042204F12A0001F0D1FA2046FFF760F848
:10A360002046BDE8704000F0D1B9000036F302008D
:10A37000000000106038082080ED0720F0B50023B1
:10A380001D461C4600268A5DA2F14107192F01D8FF
:10A390003A4618E0A2F16107192F01D8473A12E0B6
:10A3A000A2F13007092F01D8121D0CE02B2A04D08E
:10A3B0002F2A04D03D2A04D013E03E2203E03F229E
:10A3C00001E000226D1C761C42EA8313042EDAD3CE
:10A3D0001A0C02701A0A42708370E41CC01C091D1A
:10A3E00015B1641B15B103E0392CCBD300210170EA
:10A3F0002046F0BD10B58A880C891346E31A9BB23B
:10A40000921E4B80802B02D28418637011E0FF2BC8
:10A4100006D8521E812483185C704C889C7008E01A
:10A42000921E831882245C704C88240A9C704C888D
:10A43000DC700B7883548A8010BD70B505460878AF
:10A440000C4602281646104613D003F0FDF8A188EA
:10A45000091AE180891E89B2A18022786A54A288F3
:10A46000691C5054324621462846BDE8704002F02F
:10A47000D9B801F01FF8EAE700207047704770472D
:10A48000002070472DE9F0470546084669790729FD
:10A4900078D200EB0208040075D04FF000094CA1FF
:10A4A00000F0CCF8012806D04DA1204600F0C6F8F7
:10A4B00001286AD072E00E344EA1204602F0A2FBC1
:10A4C000012809D054A1204602F09CFB0128264611
:10A4D00021D0A8F101073CE0687940F001005CE080
:10A4E00052A102F08FFB012815D13420FFF77CFC2C
:10A4F000342206F10901686200F079FF6A6A801E61
:10A5000002F80090E880687940F00100687168887E
:10A5100040F4007034E04146304600F053F9060044
:10A52000DED13BE030783B2808D00D2836D00A2811
:10A5300034D02F2806D02B2804D009E070782028AA
:10A540002CD005E03CA1701C02F05CFB012803D07C
:10A55000761CBE42E6D321E04020FFF745FC4022B6
:10A560002146686200F043FF6A6A801E02F800908C
:10A57000E880687940F001006871688840F4006004
:10A5800068800BE021E01FE0FFE710342046D5F79C
:10A59000A1FEA860687940F002006871414620463B
:10A5A00000F0FCF808B1044679E720780D280BD1BB
:10A5B00060780A2808D1687940F00400687107289B
:10A5C00002D1A01C404500D30020BDE8F087000068
:10A5D000436F6E74656E742D547970653A20000077
:10A5E000436F6E74656E742D4C656E6774683A20A7
:10A5F000000000006170706C69636174696F6E2F98
:10A60000782D7777772D666F726D2D75726C656E0C
:10A61000636F6465640000006D756C7469706172CD
:10A62000742F666F726D2D6461746100626F756E58
:10A63000646172793D000000786D6C0010B5DF2216
:10A640000BE004785C40144201D0002010BDFF22D2
:10A650002D2B00D1DF22401C491C0B78002BF0D1A0
:10A66000012010BD06220249001D01F037B900008B
:10A670000000001070B5044600F12205204E0422AF
:10A680002049284601F02AF938BB0422002104F1B0
:10A690001E0001F049F908B1002070BD28780E2194
:10A6A000B1EB101F0ED101202071002060715E20DF
:10A6B000A071687800F07F00E071A8782072E878D7
:10A6C00060720FE0284601F0D5F830B90121284624
:10A6D000FFF774FC0028E0D0061D06223146201D3D
:10A6E00001F00CF90622084904F10A0001F006F90C
:10A6F000082020822046FEF793FE012070BD000056
:10A7000036F302003CF302000000001070B5002890
:10A710002AD0A0F10806154C0025FEF77CFE09E0C2
:10A72000254624682068800703D0FEF76FFE0220CC
:10A7300010E064B1B442F3D10D4861680B4B02687C
:10A74000511A01609C4209D10020606008E0FEF7C8
:10A750005DFE0120BDE87040D5F754BD206828603B
:10A76000BDE87040FEF752BE70BD0000F0C4072087
:10A770004056001010B50346074C084600224FEA29
:10A78000036301464FEA4000594000D560405B003A
:10A79000521C082AF5D310BDB71DC1040246491E3C
:10A7A00006E003780D2B02D143780A2B02D0401C1F
:10A7B0008842F6D3904201D0884201D100207047F0
:10A7C000801C70470246491E07E003783B2B0CD0E3
:10A7D0000D2B08D00A2B06D0401C8842F5D390429E
:10A7E00001D0884205D1002070474378202BF6D055
:10A7F000F2E7801C704701784278090641EA02417D
:10A800008278C07841EA02210843704710B50246B9
:10A81000CB880C7800201344022C03D11A7812063E
:10A8200000D5401E0022498803E09C5C521C44EA8B
:10A8300000209142F9DC10BD012070472DE9F04164
:10A84000067907460D46102E23D2DFE806F00808E9
:10A850000A0C12121416181A1C220E1E200824A408
:10A8600018E026A416E028A414E0FFF709FE04006F
:10A8700010D12CA40EE02EA40CE030A40AE033A4E6
:10A8800008E035A406E037A404E03AA402E041A4BD
:10A8900000E046A44CA1284602F09CF980462844DA
:10A8A00054A102F097F9804405EB0800214602F01C
:10A8B00091F900EB0804012E15D00C2E13D0F86985
:10A8C00048B128194FA102F085F904442919F86903
:10A8D00002F0C4FE044428194EA102F07BF9204482
:10A8E00080B2BDE8F081281950A102F073F9F1E7B8
:10A8F000746578742F68746D6C0D0A0074657874D3
:10A900002F6373730D0A00006170706C696361746A
:10A91000696F6E2F782D6A617661736372697074E6
:10A920000D0A0000746578742F786D6C0D0A0000B4
:10A93000696D6167652F6769660D0A00696D6167FA
:10A94000652F6A7065670D0A00000000696D616718
:10A95000652F626D700D0A00696D6167652F706EFD
:10A96000670D0A00696D6167652F782D69636F6EE9
:10A970000D0A00006170706C69636174696F6E2FFD
:10A98000782D73696C7665726C696768742D617077
:10A99000700D0A006170706C69636174696F6E2F6D
:10A9A00078616D6C2B786D6C0D0A00006170706CB5
:10A9B00069636174696F6E2F6F637465742D73744E
:10A9C0007265616D0D0A0000485454502F312E31CC
:10A9D00020323030204F4B0D0A5365727665723A43
:10A9E000204B65696C2D455745422F322E310D0A9B
:10A9F00000000000436F6E74656E742D54797065AD
:10AA00003A2000004C6173742D4D6F64696669656E
:10AA1000643A2000436F6E6E656374696F6E3A200E
:10AA2000636C6F73650D0A0D0A0000004361636873
:10AA3000652D436F6E74726F6C3A206E6F2D63617B
:10AA40006368650D0A0000002DE9F0414FF4987726
:10AA500004460E46B94233D0A6F58070913831D005
:10AA6000032831D027A1204602F0B4F8054620443F
:10AA70002CA102F0AFF80544BE4217D060192FA1F7
:10AA800002F0A8F80544A6F5807091380ED160193F
:10AA900031A102F09FF805446019384902F09AF894
:10AAA0000544601936A102F095F80544601935A1F6
:10AAB00002F090F80544BE4208D1A8B2BDE8F0818A
:10AAC00036A1D0E73CA1CEE742A1CCE760194849C6
:10AAD00002F080F8A6F580760544913E0DD0032E55
:10AAE0000DD04449601902F075F8054460194249D7
:10AAF00002F070F8284480B2E0E74049F2E74049AC
:10AB0000F0E70000485454502F312E3120353031B9
:10AB1000204E6F7420496D706C656D656E74656450
:10AB20000D0A00005365727665723A204B65696CB8
:10AB30002D455745422F322E310D0A00436F6E745A
:10AB4000656E742D747970653A20746578742F6819
:10AB5000746D6C0D0A0000005757572D41757468CD
:10AB6000656E7469636174653A204261736963203C
:10AB70007265616C6D3D202200000000D4D7020098
:10AB8000220D0A00436F6E6E656374696F6E3A2022
:10AB9000636C6F73650D0A0D0A0000004854545031
:10ABA0002F312E3120333034204E6F74204D6F649E
:10ABB00069666965640D0A00485454502F312E317E
:10ABC0002034303120556E617574686F72697A6512
:10ABD000640D0A00485454502F312E312034303443
:10ABE000204E6F7420466F756E640D0A00000000E1
:10ABF0004CF40200F9F3020087F4020040F3020073
:10AC00009EF30200704700207047000070B50446B4
:10AC10000078202804D1002070BD641C2E2805D0A7
:10AC2000207830F02001F8D10B2070BD0A4E0025AD
:10AC300005EB450006EB4001204601F0E3FF01284B
:10AC400003D06D1C102DF3D3EEE705EB450006EBAA
:10AC50004000407970BD0000D6F20200002070472D
:10AC6000002070470020704770B50025044605702D
:10AC70004088400602D5E06AFFF7C4FF60880006FE
:10AC800002D5A06AFFF7BEFF6088C00504D5002288
:10AC900011460320FFF7F2FB6088000504D500226F
:10ACA00011460420FFF7EAFB206A10B1FFF72EFDE2
:10ACB0002562606A10B1FFF729FD6562E5602561D4
:10ACC000A582658070BD00002DE9F05F0446154641
:10ACD0001E4600208246884A884B17E000EB40075A
:10ACE00002EB071700F101007F78A7420ED110F0A8
:10ACF000FF0736D007EB470002EB0014303C062973
:10AD00002FD2DFE801F007161212181F1F78B84281
:10AD1000E4DB26E0207808B902202070314628467E
:10AD2000FFF78AFD00281DD0E3E02046FFF79CFFD7
:10AD3000DFE003204CE0A18A206908442061A4F8E8
:10AD400014A0D6E0052E0CD92078DFF8B4914FF08E
:10AD5000090B05EB0608032806D008287ED0092831
:10AD60007DD00020BDE8F09F66A1284601F04AFF93
:10AD700001280DD065A1284601F044FF012829D003
:10AD800064A1284601F03EFF012845D00A201FE0BB
:10AD90006088324640F4806060802946204600F09A
:10ADA00059F92078072814D020223F21A81D00F04F
:10ADB00011FB08B180F800A0AD1D2846FFF726FF63
:10ADC00020712946204600F0A9F80120E06065E0E6
:10ADD00020708EE032462946204600F03BF920786C
:10ADE000072876D020223F21681D00F0F3FA0600E4
:10ADF00008D089F80070701CC9F80480FFF73FFB89
:10AE000086F800A06D1D2846FFF700FF2071294637
:10AE1000204600F083F835E032462946204600F00F
:10AE200019F92078072864D084F805A0324629460D
:10AE30002046FFF727FB06004FF0080A0BD060887A
:10AE400080050AD489F8007031462046C9F804808C
:10AE500000F048FA08B984F800A001E020E039E0E9
:10AE6000A81DFFF7D3FE2071A91D204600F056F85B
:10AE7000207808283DD06088800503D584F800B08C
:10AE80003EB328E06088C00708D07820FEF7ACFF0A
:10AE90002062204601F042F9052099E7042097E757
:10AEA000324629462046FFF7EDFA060021D0608899
:10AEB000800502D584F800B00DE089F800703146B5
:10AEC0002046C9F8048000F00DFA00283FF44AAF8C
:10AED000D8E70EE02E4689F80070A8EB0601C9F805
:10AEE0000480A9F802103146204600F04FF90028EE
:10AEF000C8D1012036E7000048EE0720CFD7020076
:10AF0000D4C4072048454144202F00004745542021
:10AF10002F000000504F5354202F00002DE9F04126
:10AF20000446087800270D46202801D141A50127B5
:10AF30007820FEF759FFDFF8088106460020295CDB
:10AF40003154295C31B1202904D00D2902D0401C94
:10AF50007728F4D3002131543046FFF781FE10B337
:10AF60006188CA0704D12279012A0BD00C2A09D0A2
:10AF700041F040016180E0624FF00040E060C807AE
:10AF800004D04CE041F08101618036E03046FFF7AB
:10AF900065FE30B1E169814203D1618841F0100161
:10AFA0006180E0613BE0304601F01FFE0246002078
:10AFB000414602E0934205D0401C51F83030002B4E
:10AFC000F8D126E02BB36188CA0704D12279012A7F
:10AFD0000DD00C2A0BD008EBC000CB074268E26210
:10AFE000C2684068A2EB0000E06008D017E041F0C2
:10AFF000010108EBC00061804068A0620FE01148C9
:10B00000E26903689A4202D141F010016180006850
:10B01000C7E7012F08D0608840F004006080304608
:10B02000BDE8F041FFF772BB012007A520710027A2
:10B0300084E70000696E6465782E68746D00000016
:10B04000A0F6020010F50200696E6465782E636751
:10B05000690000002DE9F047064640880725924622
:10B060000F46400500D501253548007808B925F080
:10B0700001054FF000080C464FF00709C6F81C8088
:10B0800055E0E80705D02FA12046FFF7D7FA0128A1
:10B0900010D0A80705D531A12046FFF7CFFA012827
:10B0A00025D068073DD532A12046FFF7C7FA012811
:10B0B00030D036E0153425F0010521462046FFF753
:10B0C0005DF93049204601F09DFD01280CD12D4845
:10B0D000FEF778FB044420783A2805D1601C04462A
:10B0E0002949FEF72DFCE0B186F8009019E01134F3
:10B0F00025F0020500203218215C9175215C2C2975
:10B1000004D00D2902D0401C0528F4D3304480F827
:10B11000168006E0133425F00405204600F076F989
:10B12000F06107EB0A012046FFF738FB04460CB13B
:10B13000002DA6D1E80701D086F80090BDE8F08781
:10B14000D0D70200417574686F72697A6174696F53
:10B150006E3A2042617369632000000041636365B9
:10B1600070742D4C616E67756167653A2000000050
:10B1700049662D4D6F6469666965642D53696E6318
:10B18000653A2000E8D702004C5600102DE9F04146
:10B1900005464079494E0C46C00652D47088E9886D
:10B1A000884279D9421A2146686A01F00DFA0028CE
:10B1B00070D0E988001D0C187ED041A12046FFF711
:10B1C0003DFA01280FD1153427460AE042A138463E
:10B1D00001F018FD01280DD038467168FFF7F2FA2A
:10B1E0000746002FF2D120467168FFF7D7FAD0B199
:10B1F0000446E2E70A370A222221384600F0EAF83C
:10B200000028F0D000210170C01B82B23946012015
:10B21000FFF734F9688840F480706880687940F0FE
:10B2200020006871DFE720780D2845D160780A2872
:10B2300042D16879A41C40F0100068717068A04287
:10B240003AD96979C1F30110032835D17088AA6809
:10B250004906A2EB0001A9600FD4E98888421CD9F5
:10B26000421A2146686A01F0AFF9B0B1801E001B96
:10B2700082B221460220FFF701F9A86804281BD2F8
:10B28000002211460320FFF7F9F8688820F4807047
:10B2900068800120BDE8F0810EE0EA88A968706846
:10B2A00002F108039942E2D2511A401A697908382A
:10B2B00041F040016971DAE70020EBE7D4C40720D0
:10B2C000436F6E74656E742D446973706F73697427
:10B2D000696F6E3A2000000066696C656E616D658D
:10B2E0003D2200002DE9F041384D04460F466868C4
:10B2F0004FF00006A0EB010082B26A80618860799D
:10B3000009051CD5010706D4A16891420ED940F069
:10B31000080060712661206910442061A16888429C
:10B3200004D239460520FFF7A9F840E03946042049
:10B33000FFF7A4F8608820F40060608043E0000715
:10B340001FD4A068904204D839460020FFF796F831
:10B350003AE01F4980B2E0800A68B0EB920F01D951
:10B360009008E08080B2FEF73FFD60626A8839464F
:10B3700000F0C4FA68882061607940F008006071CC
:10B3800015E0E088216981420AD2401A824200D247
:10B390001046626A531802463946184600F0AEFA63
:10B3A0006988206908442061A168884202D200208F
:10B3B000BDE8F081E2880020616AFFF75FF8606A0B
:10B3C000FFF7A4F9666226610120F1E7D4C40720E3
:10B3D000B4D7020005E0934207D00D2B05D023B16E
:10B3E000401C03788B42F6D170470020704710B59F
:10B3F000002307E00C783CB15B1C04700A2C03D0DE
:10B40000401C491C9342F5D398B210BD2DE9F0477A
:10B4100004460C30D4F75EFFA0F2B275872D29D810
:10B4200040F26D106843691CDFF8848000EB9107DF
:10B43000002604F1080900BF08EB8601484601F028
:10B44000E1FB012802D0761C0C2EF5D30C2E11D076
:10B4500017484C30012E30F81600074404D9A807CD
:10B46000B0F1004000D17F1C601DD4F733FF401EB7
:10B470001E2802D90020BDE8F0873D1804F1110014
:10B48000D4F728FF05EB450100EBC10504F11400DA
:10B49000D4F720FFC5EB051100EB810504F117007F
:10B4A000D4F718FFC5EB051100EB8100E3E70000BE
:10B4B00072F20200002800DAC043400002F0C4B873
:10B4C00010B5FDF7A8FF00F06DF8074800213C22F9
:10B4D000818006490988C1800549064800F00EFAB6
:10B4E000BDE81040D4F78FBE44560010B8D7020014
:10B4F00076D702006038082030B5002106480B4698
:10B500000124064A03E0037044700E30491C15887C
:10B51000A942F8DB30BD000080ED0720BAD7020059
:10B5200010B5FDF778FFFDF779FEFFF7E5FF04485A
:10B53000002101604160BDE81040FDF767BF0000D9
:10B54000E0C407202DE9F0410126114C0025114FE0
:10B5500019E0E5602561A582658010482562656275
:10B5600002880D4B0021052001F0D0FB6070012105
:10B57000217030B10A49098801F00CFC012800D182
:10B5800025703034761C38788642E2DDBDE8F081E3
:10B5900048EE0720CFD70200C9AC0200CCD702008A
:10B5A000D2D702000649054809684218121F002137
:10B5B000026011604160034801607047F0C40720D9
:10B5C000B4D702004056001070B5104C104800254A
:10B5D00065700178C90701D00121617000780D49BB
:10B5E0004008A0700948093001F0F4FA20720A4AB4
:10B5F0000321002001F040FF207018B1074909889D
:10B6000001F05EFF0648056070BD00004438082068
:10B61000F2D7020000C007205DC60200EED702008C
:10B62000DCC40720034802782C2042430021024852
:10B6300000F072B9C1D702006056001004480078CB
:10B6400000EB400082000021024800F065B90000D4
:10B65000C0D702000CEE0720F8B504460F46808ADA
:10B66000FEF73FFB054621880E30814245D3A07C82
:10B670000421B1EB101F40D1264907EB870001EBF5
:10B68000800104F122000422064600F027F958BB8D
:10B6900004222149304600F021F928BB6FBB3178E4
:10B6A0000E223046B2EB111F04D1D4F7CFFD012892
:10B6B00015D00EE004223146684600F01FF9154807
:10B6C0000099026880684A40024202D10843401C47
:10B6D00005D02046FEF7C6FF78B1E07E02E0E07EAE
:10B6E000022801D0112808D104F1120000F016F848
:10B6F00018B9208B30F0C00001D00020F8BDA07C2C
:10B700000007800E00F10E016180281A20800120C0
:10B71000F8BD0000603808203CF3020001780907FA
:10B72000890EFEF7BABA00002DE9F041214C80469F
:10B73000214F2078C0070AD02049404600F088F801
:10B7400040BB0422FF21404600F0EEF810BB1B4D29
:10B7500020781435800704D52946404600F078F853
:10B7600000BB164E20782836400704D531464046A7
:10B7700000F06EF8D0B92078800702D52078000755
:10B7800010D42078400702D52078C0060ED4207847
:10B79000C00704D0002038700848BDE8F081207848
:10B7A000800703D5012038702846F6E7022038705C
:10B7B0003046F2E7B2D70200EAC40720603808201A
:10B7C0002DE9F0410446DDF818800F461646012A9F
:10B7D00008D0022E06D0062E04D0112E02D0002052
:10B7E000BDE8F081194D45216888401C688020889B
:10B7F000A174143080B2E374FEF773FAA0826888F3
:10B80000FEF76FFAE0820020208384F81A80E67643
:10B81000A0833846FFF788FF0146042204F11E008A
:10B8200000F06CF80422394604F1220000F066F8BA
:10B8300004F11200FFF772FFA083208822302080DD
:10B8400029782046BDE8F041D4F7FBBCEAC40720C4
:10B8500018B50C4601460422684600F04FF82068EF
:10B8600000994840A168084201D0002018BD01207D
:10B8700018BD000038B5044601460422684600F0B1
:10B880003DF80648826800980243521C01D000200F
:10B8900038BD02492046FFF7DBFF38BD603808207D
:10B8A0000C4800218278012A04D0017080F8011030
:10B8B000D4F7B8BC817081880122491C8BB2838087
:10B8C000C1888B4204D1044B1B881944C18042704B
:10B8D0000270EDE744560010B8D7020010B508E03A
:10B8E00003780C78A34201D0002010BD401C491CF5
:10B8F000521E002AF4D1012010BD000030B51346BD
:10B9000006E000BF054611F8014B401C2C705B1E81
:10B91000002BF7D1104630BD03E000BF00F8011B3B
:10B92000521E002AFAD170473AB103788B4201D0F7
:10B9300000207047401C521EF6E7012070470000AF
:10B940002DE9F04781460D461A4C00261A4FDFF8C4
:10B950006C8029E06A886078824223D8E988A01C3C
:10B960004944FFF7BBFFE8B198F803006178A128CC
:10B97000688802D0884215D30DE0884204D1396826
:10B98000761C8E4213D018346178814203D9081A8C
:10B99000A9890844A881A889E17B0844A881304688
:10B9A000BDE8F0871834761C38688642D2DB4FF049
:10B9B000FF30F5E7A421001030E1020044380820F0
:10B9C00070B51E4B02EB420203EBC2040A78412A17
:10B9D0000BD006DC022A08D0042A1DD0402A2AD126
:10B9E00016E0422A01D0432A25D1FEF70FFFE17B62
:10B9F000012904D0022905D004291CD105E02169C0
:10BA0000087016E02169088013E02169086010E0E1
:10BA10004A88042A07D00EE04A88E37B9A420AD873
:10BA200025690023AB544A88C98801442069FFF77F
:10BA300065FF012070BD002070BD0000A421001032
:10BA400070B50A898A8002EB000302F102001D78BA
:10BA500086B20D70CE80587802060FD500F07F04B4
:10BA6000042C1FDC3019C8800020024604E00602C6
:10BA70009818521C80783043A242F8DBCB884C895E
:10BA80001A18A2420EDC48800B81302D06D0A02D62
:10BA900004D0A12D02D0A32D00D00A81487818B17E
:10BAA000A84201D0002070BD012070BD7047000089
:10BAB00070B501882A2941D3418A4FF48073994295
:10BAC0003CD1818A082939D1817D062936D1C17DB1
:10BAD000042933D1028B00F11204B2F5806F2DD00E
:10BAE0000ADC4FF4007500F12A009A4217D0AA42EE
:10BAF00024D10422124909E024304FF41065B2F534
:10BB0000006F0FD0AA4219D106220E49FFF7E6FEB8
:10BB1000002813D02046BDE87040FEF757BB042232
:10BB2000074901E006220749FFF7D8FE002805D0A3
:10BB300029462046BDE87040FEF77CBB70BD000082
:10BB4000603808200000001070472DE9F8430446D3
:10BB50004188001D0E18258830462946FEF79DF8BD
:10BB600028B9307848B3082801D1707810B1002086
:10BB7000BDE8F88305F12200FEF736F900F126074B
:10BB8000002139707970018580462A1F311D381DCA
:10BB9000FFF7B4FE29463846FEF77FF87880A8F80C
:10BBA00000508023009340460023012204F11E012F
:10BBB000FFF706FE4046FEF7A9FD0120D8E700008A
:10BBC0002DE9F05F428800F1040B02EB0B050646FD
:10BBD000287B6FF0030101EA900014287ED331889E
:10BBE00081427BD30244081A1FFA80F8728006F162
:10BBF0001201284601F00CF95FEA000A06F11E075F
:10BC00006DD000220421381DFEF752F802460421AF
:10BC10003846FEF74DF80146F07EFEF75DF8014626
:10BC20003088FEF759F8024631882846FEF740F87A
:10BC3000C0430004000C51D10AEB4A0101EBCA00D9
:10BC4000F9494FF0100901EB800414F82C0D0B2872
:10BC500079D2DFE800F04444C4F9F7F6F5F4F3F2E2
:10BC60000600687B410704D5A07840F00800A0706A
:10BC7000CEE1810713D5C00630D5281DFEF7BBFDE8
:10BC8000A169401C884229D105F10800FEF7B3FDE7
:10BC90006169884222D100BF84F82290B0E1D4E9E2
:10BCA000041291423FD0C00618D505F1080007469E
:10BCB000FEF7A1FD01466069814215D12061002196
:10BCC000204601F087FBA078221D40F00800A070FC
:10BCD000A76A238904215046B84701E07DE0CCE003
:10BCE000A07820F008001DE0A07840071BD538465A
:10BCF000FEF781FD01466069001F814213D120617A
:10BD0000676A042238883918363107F13A00FFF79C
:10BD1000F5FD3A21384600F051FA04203880A07829
:10BD200020F00400A070281DFEF765FDA16988427F
:10BD30000AD0281DFEF75FFDA169401C8842ABD1E7
:10BD4000A08BE083A8E76AE1A178B8F1000F41F089
:10BD50000800A0700DD0E08958B17188A66A01EB87
:10BD60000B02434605215046B047A16901EB08008C
:10BD7000A061687BC00717D0D4E90401884213D1C1
:10BD8000221DA56A238902215046A847A069401CAC
:10BD9000A0616069401C6061112084F82200504657
:10BDA00001F04CFA08211BE1A178B8F1000F21F055
:10BDB0000800A0700FD084F822906078000707D5A3
:10BDC000E089404502D9A0EB080000E00020E081B6
:10BDD000504601F033FAA08BE083BDE8F09F687B0A
:10BDE000410701D50221FBE0C10601D4800704D43C
:10BDF0003946284601F0AEFAF4E7221DA66A2389E7
:10BE000000215046B047C0B32946504601F05CF9C6
:10BE100000F0B6FF2061401C6061281DFEF7EBFCBE
:10BE2000401CA061122084F82200504601F006FA5E
:10BE3000A07820F00100A07053E0E6E0BDE0A3E0B0
:10BE40008FE062E036E0FFE7687B41077AD4C10704
:10BE500014D005F10800FEF7CEFC61698842BCD120
:10BE6000281DFEF7C8FC401CA0616069206184F8B1
:10BE70002290504601F0E2F911E040E0C10616D5EB
:10BE800005F10800FEF7B7FC61698842A5D1281DBD
:10BE9000FEF7B1FCA16988429FD160692061221D33
:10BEA000A56A238901215046A8470A2198E0800706
:10BEB00093D424E0687B410744D4122636EA00017B
:10BEC00011D080071BD52946504601F0FDF8281DEA
:10BED000FEF791FC401CA06184F82260504601F0FE
:10BEE000ADF903217CE005F10800FEF784FC6169EF
:10BEF0008842B4D12946504601F0E6F8B0E7394609
:10BF00002846BDE8F05F01F025BA687B41077FD481
:10BF1000C10718D005F108000646FEF76CFC616900
:10BF2000884205D03046FEF766FC2169884296D1EA
:10BF3000281DFEF760FC404400F10100A06160692B
:10BF400020611AE064E0C0067FF547AF05F1080004
:10BF5000FEF751FC01466069814297D106212061BC
:10BF60003EE0687B410753D4C0073FF436AF281D3D
:10BF7000FEF741FC4044401CA06184F822905046EA
:10BF800001F05CF909212BE0687B410740D4C10630
:10BF900009D505F10800FEF72EFC014660698142D3
:10BFA000A7D12061EEE7C007DFD0281DFEF723FCF4
:10BFB000404400F10100A0616EE6687B410727D490
:10BFC000C10612D505F10800FEF715FC01466069AF
:10BFD00081428ED1206160780221C00700D1012109
:10BFE0002046BDE8F05F01F0FFB9C007BDD0281DB5
:10BFF000FEF701FC4044401CA061112084F822009F
:10C000005046BDE8F05F01F019B9687B4107CAD519
:10C01000221DA56A238903215046A847DBE7BDE816
:10C02000F05F0520D4F7EEB8605600102DE9F84314
:10C0300005464188001D0C18A088FDF752FE08280F
:10C0400048D30127284EDFF8A48047E03078022843
:10C0500042D16088FDF745FE718888423CD117F0D7
:10C06000FF0737D0717905F11E09890724D5E088CB
:10C0700010B30022042105F12200FDF719FE02464B
:10C0800004214846FDF714FE0146E87EFDF724FE34
:10C090008046A088FDF725FE4146FDF71DFE80463F
:10C0A000A088FDF71EFE014642462046FDF700FE31
:10C0B000C0430004000C0DD12088FDF712FE02469B
:10C0C00028884946083883B20093B56804F108030C
:10C0D0003846A847BDE8F8830C367F1C98F8000066
:10C0E0008742B3DDF6E700000CEE0720C0D7020060
:10C0F000084A30B4D2E90034591C01F01F01A142B2
:10C1000005D0054C44F82300116030BC704730BCAA
:10C11000FEF7FCBAE0C407207868001070B504464A
:10C1200040882E260025000623D57822216AA06AA1
:10C13000FEF769FD0028206A0ED000782328F4D08D
:10C1400020790C2814D1206AFDF73CFB216A421E9D
:10C150008A5C0A2A04D00AE00670206A4570EFE77C
:10C160000246921E401E8A5C0D2A00D1401E0D54CC
:10C1700070BDA06A226A0178012905D0022905D084
:10C18000032905D0167070BD742102E0632100E020
:10C1900069211170236A20220221401C5A70027802
:10C1A000042A06D3236A4E1C401C5A543146772E6B
:10C1B000F5D3226A5554A06270BD000070B50180AD
:10C1C000A0F108040F31606821F00305A8420CD9E2
:10C1D000FDF721F96068411B04480268511A0160AB
:10C1E0006560BDE87040FDF711B970BD40560010A4
:10C1F00070B5FFF75BFC27480078012801D1FDF7F7
:10C2000069FF2549D1E90020824241D0234A52F8F2
:10C210002040401C00F01F004860208A082806D0FB
:10C22000B0F5C16F2FD12046FFF742FC2BE0002173
:10C230002046FFF711FA10B304F11E00042200217A
:10C240000546FFF771FB28B9012204F10A012846CF
:10C25000FDF71CFEE07E012806D0022808D0062843
:10C260000ED011280FD107E02046FFF76EFC0AE040
:10C270002046FFF769FC06E02046D3F7DEFF02E028
:10C280002046D3F7DCFF2046BDE87040FEF73EBAFB
:10C2900070BD000045560010E0C40720786800100B
:10C2A0002DE9F05F002505274FF0010BA946DFF8C7
:10C2B000D882B64E3DE198F800103278404691425F
:10C2C00002D9594680F800B0C9B2B14801EB41012A
:10C2D00000EB011414F8300D0B2811D2DFE800F048
:10C2E000061006101180FEFD1010FC00607800F0B2
:10C2F00031FD0228F1D2A7496078098800F04AFD93
:10C3000011E16088410702D54FF4CA7528E1C106E2
:10C3100002D54FF4987523E1A18A0029F0D1D4E920
:10C3200003128A4216D3C1070DD0410605D520F06D
:10C3300040006080E06AFEF765FC2046FFF7EEFEF5
:10C340002770BDE8F09F607800F096FC2046FEF76D
:10C350008BFCD2E0607800F0ABFD054600F0CEFC2F
:10C3600082466088002681070AD440F0020060807F
:10C3700051462046FEF762FA0646608840057ED4A4
:10C3800061880AEB0600A5EB0605490615D5E36AA8
:10C390000146AAB21846FEF765FC0746A8420AD233
:10C3A000E06AFEF72FFC608820F040006080C4F84F
:10C3B0000CB0C4F82C90B8B20AE0D4E90321521AA8
:10C3C000AA4200D92A46E36A1944FFF797FA80B2D5
:10C3D000A082304482B26078514600F0ADFE8CE01D
:10C3E000206A0078632815D004DC232877D02E2813
:10C3F00004D1A8E7692873D074280BD0607800F0C6
:10C400000FFC2046FEF730FC98F80000401C88F82E
:10C41000000096E7607800F04BFD064600F06EFCE9
:10C42000074660880025810717D440F0020060802D
:10C4300039462046FEF702FA05460EE0701B216AD7
:10C4400082B2891C7819FEF7D2FF054405F1780005
:10C45000B0424AD82046FFF761FE206A007874286F
:10C46000ECD0632837D1DFF820A104F1080B0AF1E2
:10C47000040A6088000701D4C4F8089000E079E05D
:10C4800098F800108AF80010701B82B2206A79199F
:10C49000801C5B46FDF7F0FFC0F30D010D44010465
:10C4A000618802D541F0080101E021F008016180B6
:10C4B00040041AD405F1F000B04216D80807E3D4BE
:10C4C0002046FFF72BFE206A00786328D1D0206A2F
:10C4D00000787428B2D004E040E03CE021E01CE0A9
:10C4E00011E0608840F020006080AAB2A2826078EB
:10C4F000394600F021FE0620207098F80010491CF3
:10C5000088F800101DE7216A2046891CFEF706FD09
:10C510000420C4F81090207013E72046FFF7FEFDBA
:10C520005EE7A08A50B198F80010491C88F8001006
:10C530006D1C30788542FFF4BEAE02E7277060883C
:10C5400010F0280F02D12046FFF7E8FD608820F0A8
:10C5500020006080F5E640F2911501E040F2F5150B
:10C56000607800F0A5FC00F0C9FB82462946FEF782
:10C570006BFA06466078B2B2514600F0DDFD607895
:10C5800000F07AFB3DE70000D0C40720CFD70200BF
:10C5900048EE0720D2D702000848007801280BD1C6
:10C5A0000748084A817813680B4413604278D20721
:10C5B00002D081F0010181707047000044560010E4
:10C5C00044380820DCC4072070B506000C46154628
:10C5D0001CD019E060782D2814D120782D2803D0A4
:10C5E000A0782D2808D00DE03146A01C00F00AFBF1
:10C5F000012807D1204670BD3146E01C00F002FB47
:10C60000012805D0A41CAD1E012DE3D8002070BD6B
:10C61000601C70BD0A0E02700A0C42700A0A827019
:10C62000C170704770B5054608780E46022814465A
:10C6300010460FD001F008F8F18802460420294482
:10C64000904202DC230E01F8013B2402401EF7D188
:10C65000104670BDFEF72EFFEEE700002DE9FF4FFC
:10C66000C34D8FB098462A781C99824244D117292D
:10C6700042D30027ADF80C70ADF80E104FF0300A21
:10C68000ADF810708DF805A001A91846FFF7D8F98C
:10C6900090B302268DF8056001A94046FFF7D0F956
:10C6A00050B301A94046FEF7B1F828BB04208DF82D
:10C6B000050001A94046FFF7C3F9E8B1BDF806201F
:10C6C000287A824218D1BDF80A1001EB080005F162
:10C6D0000901FFF703F978B18DF8057001A940460B
:10C6E000FFF7AEF940B19DF80400E870A02807D02C
:10C6F000A12805D0A32803D0002013B0BDE8F08FF7
:10C70000BDF8080001A960F31F44814602208DF89E
:10C7100005004046FFF794F90028EDD001A94046F6
:10C72000FEF774F8686001A94046FFF789F9002810
:10C73000E2D001A94046FEF769F80028DCD1BDF837
:10C740000AB001A94046FFF77BF90028D4D001A91F
:10C750004046FEF75BF80028CED1BDF80A608DF8A0
:10C7600005A001A94046FFF76BF90028C4D00020BE
:10C7700060F3070460F30F243DE000BFC4F307201B
:10C78000401CC0B260F30F240090142848D88DF8E4
:10C7900005A001A94046FFF753F90028ACD00620B8
:10C7A0008DF8050001A94046FFF74AF90028A3D0FB
:10C7B00001A94046FFF7C4F8071E01DA02206FE026
:10C7C000009805A901EB400001A920F8027C002097
:10C7D0008DF805004046FFF733F900288CD0E87843
:10C7E000A3283BD0634807EB470100EBC100416938
:10C7F00009B100208847BDF80C00BDF80E10884232
:10C80000BCD35B48C078A3280DD0BDF8100089B216
:10C810000844801D80B2ADF81000B0F5B86F42D961
:10C82000012060F30704002060F30F24BDF80E0020
:10C8300000F01AFE0746BDF80E204146FFF75EF8ED
:10C84000A22007F8090007F80B40C4F30720B855E9
:10C85000BDF80E30009328783B4682E0454907EB4F
:10C860004700009011F830009DF8042000F07F038D
:10C870009A4201D0032013E0000601D504200FE006
:10C880003A4601A94046FFF79BF840B13948009964
:10C8900000EBC10041690029ADD00120AAE70520C5
:10C8A00060F30704C2E700F0DFFD054606F109006A
:10C8B0001FFA80FBADF80CB00027C4F3072407E093
:10C8C00005A801A930F817202846FDF717FA7F1CA4
:10C8D000BC42F5DC57468DF804A0ADF808B001A9BC
:10C8E0002846FDF787FD224C6068FEF7E3FD00F166
:10C8F0000802BDF80800B31A801A80B2ADF808002B
:10C9000003EB0801491C2844FEF7F8FFA2208DF82C
:10C91000040001A92846FDF76DFD227ABDF8080044
:10C92000521D801A80B2ADF80800A9EB020303EB98
:10C9300008012844FEF7E2FF8DF8047001A928469B
:10C94000FDF758FDBDF80C10BDF808000E1A20B117
:10C95000411932462846FEF7D1FFB3B20093207842
:10C960002B46DDE9101200F0E9FD0120C5E60000CC
:10C9700044380820A42100102DE9FF4F85B08146DE
:10C980001D468B4E00248B4F08E00922711C8AA0A3
:10C99000FEF7A4FF012804D01836641C38688442CE
:10C9A000F3DB3868844250D0069806284DD802D26E
:10C9B0004FF00000079000261DB135F8026B142ED1
:10C9C00043DC002006E000BF35F810103A689142C1
:10C9D0003BDA401CB042F7DBB9F1000F01D1DFF8C0
:10C9E000E4910020ADF810000746DFF8C48113E0A1
:10C9F00035F8170000EB400108EBC100BDF810103E
:10CA00004278C37B11449B1D1944ADF81010416955
:10CA100009B1002088477F1CB742E9DBDFF8A8A1F5
:10CA200004EB440208EBC2089AF8081098F80F00CB
:10CA300008442530BDF81010ADF80E00084480B24F
:10CA4000ADF81000B0F5B86F03D9002009B0BDE80B
:10CA5000F08F00F009FD0446BDF80E00ADF80C00A3
:10CA6000002706E035F8172001A92046FDF746F912
:10CA70007F1CB742F6DBBDF80E004FF0300BADF86F
:10CA800008008DF804B001A92046FDF7B3FC43204F
:10CA90008DF804004D4801A902682046FDF7CDFC41
:10CAA00002208DF8040001A92046079AFDF7C5FC75
:10CAB00001A92046069AFDF7C0FCBDF808004021F8
:10CAC000801F80B2ADF808002154BDF80810671C23
:10CAD0000426CE554846FEF727FE0146BDF808203D
:10CAE000A01C10440422FEF709FF98F80F00BDF8BF
:10CAF0000810ADF80600081AADF80A00801E80B2D2
:10CB0000ADF8080006212154BDF80810BDF8060054
:10CB1000C855BDF80A00BDF806202044D8F810100A
:10CB2000FEF7ECFEA4208DF8040001A92046FDF7D5
:10CB300061FCBDF808009AF808105546401AADF897
:10CB40000A00801E80B2ADF808002654BDF8081017
:10CB50009AF80800C855BDF80A001B499AF8082041
:10CB600020440931FEF7CAFE02208DF8040000229D
:10CB700001A92046FDF761FC8DF804B001A920460B
:10CB8000FDF738FCBDF80C10BDF808000E1A20B1F6
:10CB9000011932462046FEF7B1FEB3B200930C49AC
:10CBA000287823460A88494600F0C8FC01204DE752
:10CBB000A421001030E10200082B0601020101024D
:10CBC00000000000F3D7020044380820DCC407202E
:10CBD000F0D7020000220B7803700B781BB1401CC9
:10CBE000491C521CF7E71046704710B50446002058
:10CBF00004E001461046FDF7BDFD641C2278002AC2
:10CC0000F7D110BD06E00378934201D000207047B1
:10CC1000401C491C0A78002AF5D101207047000009
:10CC200010B510B31249097888421ED800EB4001B4
:10CC3000104A01EBC00102EB810414F82C1D0B29F2
:10CC400013D2DFE801F0120A060C0C0C0C0C0C06D7
:10CC50000C000121204600F0C7FB012010BD04217B
:10CC600084F8221000F0EAFAF3E7002010BD00007B
:10CC7000C1D702006056001010B578B31D4909787D
:10CC8000884234D800EB40011B4A01EBC00102EBA3
:10CC90008104112114F82C2D921E092A27D2DFE8D5
:10CCA00002F01105111B1B1B1B1B130084F8221023
:10CCB0002169491C21616169491C13E0204600F08B
:10CCC00093FB09E00121F9E7D4E904239A4206D055
:10CCD000A07840F00100A070012010BD07E084F8AA
:10CCE0002210591C616100F0A9FA0521E6E7002035
:10CCF000F3E70000C1D702006056001010B53630CF
:10CD0000FDF772F8362141803A3010BD2DE9F0412F
:10CD10000F2804D81BB101250C4C0D4E06E0002055
:10CD2000BDE8F081277847B12C346D1C3778BD42BF
:10CD3000F8DD0420D3F766FAF1E70126267060706B
:10CD4000E170A362A283E8B2EAE700006056001037
:10CD5000C1D7020018B108490978884201D9FF20DB
:10CD6000704700EB400101EBC000044901EB80007B
:10CD700010F82C0C70470000C1D70200605600105C
:10CD800003484FF6FF71008801EB00407047000038
:10CD90004856001010B5C0B11B4A1278904214D802
:10CDA00099B100EB400202EBC000184A02EB800090
:10CDB0002C384278D20708D0826A32B10278012A30
:10CDC00005D0022A03D0092A01D0002010BD02227A
:10CDD0000270002282700281418140F2B45181814F
:10CDE00041F21C11C181511EC0E90421826180F809
:10CDF000222080F82320426204220021001DFEF739
:10CE00008BFD012010BD0000C1D70200605600104C
:10CE10002DE9F04105460127234C01F10C08234E72
:10CE200017E02078022812D02888FCF75AFF2189C1
:10CE300088420CD16888FCF754FF6189884206D18A
:10CE400004224146201DFEF749FD012809D02C345B
:10CE50007F1C30788742E4DD687B10F0150F20D10D
:10CE600002E0F8B2BDE8F08180071AD501270E4C28
:10CE700014E0207802280FD16888FCF732FF61891E
:10CE8000884209D104224146201DFEF737FD28883B
:10CE9000FCF727FF2081E4E72C347F1C30788742A1
:10CEA000E7DD0020DEE7000060560010C1D7020079
:10CEB00000EB400101EBC000054901EB800040F2AE
:10CEC000B45130F8200C884200D9084680B270472F
:10CED000605600102DE9F0477448754B007898B102
:10CEE000754A0021734814780BE0028C0AB1521E77
:10CEF0000284012C03D1C28B0AB1521EC2832C3092
:10CF0000491C1A789142F0DB00264FF011084FF0CF
:10CF1000020A6A4F6A4D9946A8E0297899F80000FC
:10CF2000814201D9012028702878624900EB400233
:10CF300002EBC00001EB800414F82C0D0B2877D213
:10CF4000DFE800F09090905959778677776C06006B
:10CF5000D4E90420A178A0EB0200C90700D038B1C1
:10CF6000E18B91B100287DD0208C00287AD120E07F
:10CF7000A07820F00100A07084F822806069401C35
:10CF80006061287800F05AF911E084F82280606925
:10CF9000401C6061287800F051F9A078221D40F013
:10CFA0000800A070A66A238902212878B0470521CD
:10CFB00075E094F82300A8B104F11C04401EE07150
:10CFC0004FF01800A071A1684FF0000328780A887C
:10CFD000164600F045F9A06806803888A0802088B1
:10CFE00060805FE00021204600F0F4F9A07840F076
:10CFF0000800A07042E0208CD0B994F82300E0B380
:10D00000401E84F82300287800F018F92178388829
:10D01000032901D02B480088208443E0208C38B9B4
:10D0200060785146C00700D10121204600F0DCF9AC
:10D0300018E0208CB0B994F82300F0B1401E84F8B9
:10D04000230084F82280287800F0F8F83888E3E795
:10D05000208C38B994F8230078B1401E84F823005E
:10D06000388820842878401C2870761C99F8001095
:10D070008E42FFF452AFBDE8F087FFE7042084F84A
:10D080002200287800F0DAF8221DA66A23890321FD
:10D090002878B04760785146C00700D1012120466A
:10D0A00000F0A2F92878401C2870E4E744560010EC
:10D0B000C1D702006056001045560010C4D70200C8
:10D0C00038560010C8D70200F0B50A7B6FF0030392
:10D0D00003EA9204143C2BD01431002240F2B453E2
:10D0E00024E08D5C002D23D0012D02D0022D18D11B
:10D0F00001E0521C1AE08E187578042D11D100EB56
:10D1000040050C4F05EBC005768807EB85052C3DE7
:10D1100076BA9E4200D91E46AE81AE7846F002062F
:10D12000AE708D186D78002D02D02A44A242D8D35B
:10D13000F0BD0000605600102DE9F047A1F13A065D
:10D14000074670881546362802D00020BDE8F087D3
:10D15000F7B33648007887424CD807EB470034498C
:10D1600000EBC70001EB800414F82C0D0A2841D114
:10D17000D4E9041081423DD155B3A189A94200D21E
:10D180000D462844606105F136013046FFF716F878
:10D190003146204600F01EF960784FF0180A40072B
:10D1A0002CD5042D2AD9A07840F00400A0703A2094
:10D1B000FCF71AFE80467119363104223A30FEF728
:10D1C0009DFB102084F822000023281F82B200E07B
:10D1D00010E091463146384600F042F884F822A02B
:10D1E0004B4604224146384600F03AF84046FDF7E7
:10D1F0008DFA0FE03046FDF789FAA6E7A078002304
:10D2000020F00400A07084F822A02A463146384657
:10D2100000F026F80748358000882084064800780A
:10D2200084F82300A08BE08301208FE7C1D70200A0
:10D2300060560010C4D70200C2D7020070B5054680
:10D240003A20FCF7D1FD0446002301461A46284641
:10D2500000F006F82046BDE87040FDF757BA000020
:10D260002DE9F8430D461746984678B137490978B5
:10D27000491C88420AD800EB400101EBC000344948
:10D2800001EB80042C3CA089B84202D20020BDE80A
:10D29000F88305F126066089FCF723FD308020899C
:10D2A000FCF71FFD70802169301D4144FFF7B2F982
:10D2B00006F10800A169FFF7ADF95020307394F82A
:10D2C00022007073E089FCF70CFDF08100203082B1
:10D2D0007082A07881070ED520F00200A07040F285
:10D2E0000240688705F13A07A089FCF7FAFC7880CC
:10D2F000602030730427201DFEF716FA0022042157
:10D30000FCF7D6FC02460421201DFCF7D1FC0146A7
:10D310000620FCF7E1FC01461437B8B28046FCF762
:10D32000DBFC024639463046FCF7C2FCC04380B203
:10D33000FCF7D7FC3082A5F8008080230093E378C7
:10D340000622211D2846FEF73BFAA0E7C1D70200BE
:10D350006056001070B51D4E05461D4B3278407B5F
:10D3600002EB420404EBC20203EB820440072CD41C
:10D370000422201DFEF7C2FA2888FCF7B2FC2081A7
:10D380006888FCF7AEFC60810020E070697BC9060C
:10D390000BD505F10800FDF72EFA2061042084F872
:10D3A0002200281DFDF727FA07E02061142084F8E9
:10D3B0002200281DFDF71FFA401CA0613078BDE84F
:10D3C0007040401CC0B2FFF739BF70BDC1D702002A
:10D3D0006056001070B50446406A0D4608B1FDF76E
:10D3E00095F9656270BD000070B504460170164D78
:10D3F00000200B291BD2DFE801F01C1C1C200C159F
:10D4000015151506120011490988218484F8230096
:10D410000DE00F490F4A09882184117805E0A08B9F
:10D42000E0830AE02A880121228484F82310E08323
:10D4300070BD00212046FFF7CDFF074928882084D2
:10D44000087884F8230070BDC4D70200C6D7020054
:10D45000CAD70200CED70200C2D70200014901207C
:10D46000887070474456001010B52A30FCF7BCFC99
:10D470002A2141802E3010BD70B51AB101240E4B07
:10D480000E4D05E0002070BD1E7846B10C33641CC3
:10D490002E78B442F8DD0320D2F7B4FEF2E701257E
:10D4A0001D705D7001F003015971187100205880E2
:10D4B000E0B29A6070BD00000CEE0720C0D70200F9
:10D4C000F0B518B11A4A1378984201D90020F0BD7E
:10D4D000184B00EB400003EB80040C3C19BB1648D2
:10D4E00000254FF4806C4FF47C4E0188491C89B2B2
:10D4F0000180614501D2A0F800C000210D4B0688D3
:10D5000007E05F88B74202D11F78012F04D80C339F
:10D51000491C1778B942F4DB1378994202D06D1C8C
:10D520007545E2DBB1B26180022020700120F0BDC0
:10D53000C0D702000CEE07203C5600102DE9F8433E
:10D54000A3F12E0405466088089F894690462A2844
:10D5500002D00020BDE8F883002D52D03848007872
:10D5600085424ED8042200214846FEF7DDF9F0BB83
:10D57000B8F1000F45D04FF4B860874200D9074694
:10D58000304905EB450001EB800616F80C0D02282A
:10D5900037D1708858B304F12605FCF7A2FB288028
:10D5A0004046FCF79EFB688007F108081FFA88F0E8
:10D5B0000746FCF796FBA8800020E8807079C0073A
:10D5C00028D04846FEF7B0F800220421FCF770FB93
:10D5D000024604214846FCF76BFB01461120FCF78C
:10D5E0007BFB01463846FCF777FB024600E008E08B
:10D5F00041462846FCF75CFBC0430004000C04D005
:10D6000005E02046FDF782F8A3E74FF6FF70FCF730
:10D6100068FBE880278099F8000080230E21B1EB99
:10D62000101F00D1737800933379112249462046A8
:10D63000FEF7C6F805462046FDF768F8284689E754
:10D64000C0D702000CEE072040F001010420820543
:10D6500001E00902401E9142FBD370472DE9FC47CF
:10D660003C23B0FBF3F28A46B2FBF3F103FB120951
:10D6700003FB11281822B1FBF2F002FB1015C11CAC
:10D680000722B1FBF2F302FB131640F2B551B0FBD7
:10D69000F1F301FB13019A0000241D4801E0C91AAF
:10D6A000641C30F814308B42F9D9194F13190C202F
:10D6B00017F1520707EB4002022832F8022C02D978
:10D6C000022C00D1521C914201D2401EF2E7891A6D
:10D6D0000F4A03F2B273921D02EB8002121F0C4834
:10D6E000CDE90023491C363000EB86020B4609A128
:10D6F0005046FBF721FF0446504443462A4609A101
:10D70000CDF80090FBF718FF2044BDE8FC8700002F
:10D710006CF2020025732C20253032642025732002
:10D720002564000020253032643A253032643A25E1
:10D7300030326420474D540D0A00000010B5002916
:10D740000AD00878002807D005487844FCF7F8F894
:10D75000002801D0002010BD0248784410BD000010
:10D760003E2000003620000010B5FCF78BFA4FF089
:10D770000001016010BDC0A8016CC0A801FEFFFF40
:10D78000FF00C2190281C2190282000000000000DD
:10D790000000000000000000000000000000000089
:10D7A0000000000000000000000000000000000079
:10D7B00000003900902800000A000A0096000402C8
:10D7C000050705006400020014000A0014000706A3
:10D7D00000005000456D62656464656420574542F1
:10D7E000205365727665720061646D696E00A100F8
:10D7F000A20014C0A801090B0D0F0E00AC01CA0154
:10D80000AE01CC01B001D001A601C401A001BE014E
:10D81000A201C001A401C201AA01C801A801C60158
:10D820001400160004021402240206021602260244
:10D830000802180228020A021A022A020C021C021A
:10D840002C020E021E022E021002200230021202D0
:10D850002202320234023E024802520236024002E2
:10D860004A025402380242024C0256023A02440270
:10D870004E02580218011A01000000000000007F4B
:10D880003E1C080000080C0E0C087F495149457FDA
:10D890007F414141417F0000000000000000000086
:10D8A0000000000000000000000000000000000078
:10D8B0000000000000000000000000000000000068
:10D8C0000000000000000000000000000000000058
:10D8D0000000000000000000000000000000000048
:10D8E0000000000000000000000000000000000038
:10D8F0000000000000000000000000000000000028
:10D900000000000000000000000000000000000017
:10D910000000000000000000000000000000000007
:10D9200000000000000000000000000000000000F7
:10D9300000000000000000000000000000000000E7
:10D94000005F000000000000000000143E143E14C0
:10D9500000242A7F2A1200231308646200364955E6
:10D96000225000000000060000003E4100000000C0
:10D9700000413E000014083E08140008083E080854
:10D98000000050300000000808080808000000608F
:10D990006000004020100804003E5149453E000050
:10D9A000427F4000004261514946002141454B31D0
:10D9B000001814127F10002745454539003C4A499C
:10D9C000493000017109050300364949493600060E
:10D9D0004949291E00003636000000005636000076
:10D9E000000008142200001414141414000022145F
:10D9F000080000020151090600324979413E007ECB
:10DA00001111117E007F49494936003E41414122B2
:10DA1000007F4141221C007F49494941007F09099B
:10DA20000901003E41415172007F0808087F000053
:10DA3000417F4100002040413F01007F0814224106
:10DA4000007F40404040007F020C027F007F0408BE
:10DA5000107F003E4141413E007F09090906003E1A
:10DA60004151215E007F0919294600464949493143
:10DA70000001017F0101003F4040403F001F204066
:10DA8000201F003F4038403F006314081463000724
:10DA90000870080700615149454300007F410000BC
:10DAA000000408102040000000417F000004020133
:10DAB0000204004040404040000000000000002000
:10DAC00054545478007F4844443800384444442037
:10DAD00000304848507E00385454541800087E09DD
:10DAE000010200085454543C007F100808700000E4
:10DAF000447D4000002040443D00007E102844004A
:10DB00000000417F4000007C04180478007C080479
:10DB10000478003844444438007C14141408000885
:10DB20001414147C007C0804040800485454542045
:10DB300000043F444020003C4040207C001C20402A
:10DB4000201C003C4030403C004428102844000C7D
:10DB50005050503C004464544C440000083641008E
:10DB60000000007F000000004136080000000000B7
:10DB700000000000000000000000000000000000A5
:10DB80000000000000000000000000000000000095
:10DB90000000000000000000000000000004060774
:10DBA000060400000000000000000000000000006B
:10DBB0000000000000000000000000000000000065
:10DBC0000000000000000000000000000000000055
:10DBD0000000000000000000000000000000000045
:10DBE0000000000000000000000000000000000035
:10DBF0000000000000000000000000000000000025
:10DC00000000000000000000000000000000000014
:10DC10000000000000081C3E7F0000000000000023
:10DC2000007F3E1C0800081838180800000000009B
:10DC300000000000000000000000000000000000E4
:10DC400000000000000000000000000000000000D4
:10DC5000001C3E3E3E1C00000000000000000000D2
:10DC60000000000000000000007C5554450000004A
:10DC700000000000000000000000000000000000A4
:10DC80000000000000000000000000000000000094
:10DC90000000000000000000000006090906000066
:10DCA000242E2400000000000000000000000000FE
:10DCB0000000000000000000000000000000000064
:10DCC0000000000000000000003855545518007C8A
:10DCD00010207B0B0000000000000000000000008E
:10DCE0000000000000000000000000000000000034
:10DCF0000000203038302000007E1111117E007F9E
:10DD000049494931007F49494936007F01010103F2
:10DD100000603E21217F007F494949410077087F0B
:10DD20000877004149494936007F2010087F007F6D
:10DD30002011087F007F0814224100407E01017FEE
:10DD4000007F020C027F007F0808087F003E4141EF
:10DD5000413E007F0101017F007F09090906003E65
:10DD6000414141220001017F0101004728100807BD
:10DD7000001C227F221C006314081463007F4040B3
:10DD800040FF00070808087F007F407F407F007F3A
:10DD9000407F40FF00017F484870007F4438007F8B
:10DDA000007F4848483000224149493E007F083EF4
:10DDB000413E00462919097F002054545478003C04
:10DDC0004A4A4931007C54542800007C0404040C65
:10DDD00000603824247C003854545418006C107CA3
:10DDE000106C004444545428007C2010087C007CB3
:10DDF0002012087C007C1028440000403804047C79
:10DE0000007C0810087C007C1010107C0038444412
:10DE10004438007C0404047C007C1414140800388A
:10DE2000444444000004047C0404000C5050503C62
:10DE30000018247E2418004428102844007C404008
:10DE400040FC00001C10107C007C407C407C007C6E
:10DE5000407C40FC00047C505020007C5020007C22
:10DE6000007C50505020002844545438007C103816
:10DE7000443800085434147C20202000FFEDE200D8
:10DE8000F4E5E200ECE0F000E0EFF000ECE0E900A7
:10DE9000E8FEED00E8FEEB00E0E2E300F1E5ED0076
:10DEA000EEEAF200EDEEFF00E4E5EA00202020209B
:10DEB0002020202020202020202020202020202062
:10DEC0000020C2FBF5EEE42020202020202020208E
:10DED0002020202020002030253A305E3A302620B5
:10DEE000303C2F3E20202F307B2000202020006A55
:10DEF000616E00666562006D617200617072006D36
:10DF00006179006A756E006A756C006175670073EF
:10DF10006570006F6374006E6F7600646563000067
:10DF20006162636465660000000000006162636412
:10DF300065660000000000006162636465660000C1
:10DF40000000000020202020202020202020202051
:10DF500020202020202020202020202020202020C1
:10DF600020202020202020202020202020202020B1
:10DF700020202020202020202020202020202020A1
:10DF80002020202020202020202020202020202091
:10DF90002020202000000000303132333435363765
:10DFA000383941424344454600000000000000006B
:10DFB0000000000000000000000000000000C000A1
:10DFC00006E0000770800730C00730E006307006BA
:10DFD000303806701C06E00F06C00706000000007F
:10DFE0000000C00006E0000770800730C00730E086
:10DFF00006307006303806701C06E00F06C00706B3
:10E00000000000000000C0FF01E0FF0370000730C7
:10E010000006300006300006300006700007E0FF02
:10E0200003C0FF010000000000000000000000002D
:10E0300000000000000000000000000000000000E0
:10E0400000000600600600600C00300C0030180074
:10E050001818001830000C30000C30000C6000065E
:10E06000600006C00003C0000380810180810100C0
:10E07000810000C30000C300006600006600003C91
:10E0800000003C00001800001800001800003C00D0
:10E09000003C0000640000660000C20000C30000F5
:10E0A000C300808101808101800003C00003400023
:10E0B0000660000660000430000C30000C180018E8
:10E0C0001800180C00300C003006006006006000DC
:10E0D0000000000000000000202020202020202040
:10E0E0002020202020202020202020202020202030
:10E0F0002020202020202020202020202020202020
:10E10000202020202020202020202020202020200F
:10E1100020202020202020202020202020202020FF
:10E120002020202020202020004FDC000239000089
:10E130002C0200000A000C00A904E80706001100E8
:10E1400000001F001C001F001E001F001E001F00FB
:10E150001F001E001F001E001F00010204081020E7
:10E160004080000E1C123836242A707E6C624846AD
:10E17000545AE0EEFCF2D8D6C4CA909E8C82A8A66F
:10E18000B4BACEC0D2DCF6F8EAE4BEB0A2AC86885F
:10E190009A942E20323C16180A045E50424C66684F
:10E1A0007A74929C8E80AAA4B6B8E2ECFEF0DAD41F
:10E1B000C6C8727C6E604A445658020C1E103A342F
:10E1C00026285C52404E646A78762C22303E141A1F
:10E1D0000806BCB2A0AE848A9896CCC2D0DEF4FA0F
:10E1E000E8E62A243638121C0E005A544648626C5F
:10E1F0007E70CAC4D6D8F2FCEEE0BAB4A6A8828C6F
:10E200009E90E4EAF8F6DCD2C0CE949A8886ACA25E
:10E21000B0BE040A18163C32202E747A68664C424E
:10E22000505EB8B6A4AA808E9C92C8C6D4DAF0FE1E
:10E23000ECE25856444A606E7C722826343A101E2E
:10E240000C0276786A644E40525C06081A143E301E
:10E25000222C96988A84AEA0B2BCE6E8FAF4DED00E
:10E26000C2CC002A547EA882FCD67A502E04D2F862
:10E2700086ACF4DEA08A5C7608228EA4DAF0260C46
:10E280007258C2E896BC6A403E14B892ECC6103A86
:10E29000446E361C62489EB4CAE04C661832E4CE26
:10E2A000B09AAE84FAD0062C5278D4FE80AA7C565E
:10E2B00028025A700E24F2D8A68C200A745E88A216
:10E2C000DCF66C463812C4EE90BA163C4268BE9436
:10E2D000EAC098B2CCE6301A644EE2C8B69C4A60F6
:10E2E0001E34765C2208DEF48AA00C265872A48EB6
:10E2F000F0DA82A8D6FC2A007E54F8D2AC86507A96
:10E30000042EB49EE0CA1C364862CEE49AB0664C35
:10E310003218406A143EE8C2BC963A106E4492B875
:10E32000C6ECD8F28CA6705A240EA288F6DC0A201D
:10E330005E742C06785284AED0FA567C0228FED445
:10E34000AA801A304E64B298E6CC604A341EC8E205
:10E350009CB6EEC4BA90466C123894BEC0EA3C1625
:10E3600068420000CCC40720CCC407202956001006
:10E37000285600102B5600102A5600102D5600105B
:10E380002C5600102F5600102E56001057C2072092
:10E3900056C2072017C1072016C107200DC107204C
:10E3A0000CC10720CCC4072011C007208FC1072053
:10E3B0008EC10720010608200006082059F4072016
:10E3C00058F407205DF407205CF4072061F407206F
:10E3D00060F4072071F4072070F4072069F4072027
:10E3E00068F4072065F4072064F4072036680010FD
:10E3F000576800106DF407206CF40720CCC4072088
:10E40000CCC40720CCC40720CCC40720C5F4072007
:10E41000C4F40720C9F40720C8F40720CDF407206E
:10E42000CCF40720DDF40720DCF40720D5F4072026
:10E43000D4F40720D1F40720D0F407203768001067
:10E4400058680010D9F40720D8F40720CCC407205E
:10E45000CCC40720CCC40720CCC4072031F507204A
:10E4600030F5072035F5072034F5072039F507206A
:10E4700038F5072049F5072048F5072041F5072022
:10E4800040F507203DF507203CF5072038680010CF
:10E490005968001045F5072044F50720CCC4072033
:10E4A000CCC40720CCC40720CCC407209DF507208E
:10E4B0009CF50720A1F50720A0F50720A5F507206A
:10E4C000A4F50720B5F50720B4F50720ADF5072022
:10E4D000ACF50720A9F50720A8F50720396800103A
:10E4E0005A680010B1F50720B0F50720CCC407200A
:10E4F000CCC40720CCC40720CCC4072009F60720D1
:10E5000008F607200DF607200CF6072011F6072065
:10E5100010F6072021F6072020F6072019F607201D
:10E5200018F6072015F6072014F607203A680010A1
:10E530005B6800101DF607201CF60720CCC40720DE
:10E54000CCC40720CCC40720CCC4072075F6072014
:10E5500074F6072079F6072078F607207DF6072065
:10E560007CF607208DF607208CF6072085F607201D
:10E5700084F6072081F6072080F607203B6800100C
:10E580005C68001089F6072088F60720CCC40720B5
:10E59000CCC40720CCC40720CCC40720E1F6072058
:10E5A000E0F60720E5F60720E4F60720E9F6072065
:10E5B000E8F60720F9F60720F8F60720F1F607201D
:10E5C000F0F60720EDF60720ECF607203C68001077
:10E5D0005D680010F5F60720F4F60720CCC407208C
:10E5E000CCC40720CCC40720CCC407204DF707209B
:10E5F0004CF7072051F7072050F7072055F7072061
:10E6000054F7072065F7072064F707205DF7072018
:10E610005CF7072059F7072058F707203D680010DE
:10E620005E68001061F7072060F70720CCC4072060
:10E63000CCC40720CCC40720CCC40720B9F70720DE
:10E64000B8F70720BDF70720BCF70720C1F7072060
:10E65000C0F70720D1F70720D0F70720C9F7072018
:10E66000C8F70720C5F70720C4F707203E68001049
:10E670005F680010CDF70720CCF70720CCC4072037
:10E68000CCC40720CCC40720CCC4072025F8072021
:10E6900024F8072029F8072028F807202DF807205C
:10E6A0002CF807203DF807203CF8072035F8072014
:10E6B00034F8072031F8072030F807203F680010B1
:10E6C0006068001039F8072038F80720CCC407200C
:10E6D000CCC40720CCC40720CCC4072091F8072065
:10E6E00090F8072095F8072094F8072099F807205C
:10E6F00098F80720A9F80720A8F80720A1F8072014
:10E70000A0F807209DF807209CF80720406800101B
:10E7100061680010A5F80720A4F80720CCC40720E2
:10E72000CCC40720CCC40720CCC40720FDF80720A8
:10E73000FCF8072001F9072000F9072005F9072058
:10E7400004F9072015F9072014F907200DF907200F
:10E750000CF9072009F9072008F907204168001083
:10E760006268001011F9072010F90720CCC40720B7
:10E77000CCC40720CCC40720CCC4072069F90720EB
:10E7800068F907206DF907206CF9072071F9072057
:10E7900070F9072081F9072080F9072079F907200F
:10E7A00078F9072075F9072074F9072042680010EE
:10E7B000636800107DF907207CF90720CCC407208E
:10E7C000CCC40720CCC40720CCC40720D5F907202F
:10E7D000D4F90720D9F90720D8F90720DDF9072057
:10E7E000DCF90720EDF90720ECF90720E5F907200F
:10E7F000E4F90720E1F90720E0F907204368001059
:10E8000064680010E9F90720E8F90720CCC4072064
:10E81000CCC40720CCC40720CCC4072041FA072071
:10E8200040FA072045FA072044FA072049FA072052
:10E8300048FA072059FA072058FA072051FA07200A
:10E8400050FA07204DFA07204CFA072044680010C0
:10E850006568001055FA072054FA0720CCC4072039
:10E86000CCC40720CCC40720CCC40720ADFA0720B5
:10E87000ACFA0720B1FA0720B0FA0720B5FA072052
:10E88000B4FA0720C5FA0720C4FA0720BDFA07200A
:10E89000BCFA0720B9FA0720B8FA0720456800102B
:10E8A00066680010C1FA0720C0FA0720CCC4072010
:10E8B000CCC40720CCC40720CCC4072019FB0720F8
:10E8C00018FB07201DFB07201CFB072021FB07204E
:10E8D00020FB072031FB072030FB072029FB072006
:10E8E00028FB072025FB072024FB07204668001093
:10E8F000676800102DFB07202CFB0720CCC40720E5
:10E90000CCC40720CCC40720CCC4072085FB07203B
:10E9100084FB072089FB072088FB07208DFB07204D
:10E920008CFB07209DFB07209CFB072095FB072005
:10E9300094FB072091FB072090FB072047680010FD
:10E940006868001099FB072098FB0720CCC40720BB
:10E95000CCC40720CCC40720CCC40720F1FB07207F
:10E96000F0FB0720F5FB0720F4FB0720F9FB07204D
:10E97000F8FB072009FC072008FC072001FC072002
:10E9800000FC0720FDFB0720FCFB07204868001067
:10E990006968001005FC072004FC0720CCC4072090
:10E9A000CCC40720CCC40720CCC407205DFC0720C2
:10E9B0005CFC072061FC072060FC072065FC072049
:10E9C00064FC072075FC072074FC07206DFC072001
:10E9D0006CFC072069FC072068FC072049680010D0
:10E9E0006A68001071FC072070FC0720CCC4072067
:10E9F000CCC40720CCC40720CCC40720C9FC072006
:10EA0000C8FC0720CDFC0720CCFC0720D1FC072048
:10EA1000D0FC0720E1FC0720E0FC0720D9FC072000
:10EA2000D8FC0720D5FC0720D4FC07204A6800103A
:10EA30006B680010DDFC0720DCFC0720CCC407203D
:10EA4000CCC40720CCC40720CCC4072035FD072048
:10EA500034FD072039FD072038FD07203DFD072044
:10EA60003CFD07204DFD07204CFD072045FD0720FC
:10EA700044FD072041FD072040FD07204B680010A2
:10EA80006C68001049FD072048FD0720CCC4072012
:10EA9000CCC40720CCC40720CCC40720A1FD07208C
:10EAA000A0FD0720A5FD0720A4FD0720A9FD072044
:10EAB000A8FD0720B9FD0720B8FD0720B1FD0720FC
:10EAC000B0FD0720ADFD0720ACFD07204C6800100D
:10EAD0006D680010B5FD0720B4FD0720CCC40720E9
:10EAE000CCC40720CCC40720CCC407200DFE0720CF
:10EAF0000CFE072011FE072010FE072015FE072040
:10EB000014FE072025FE072024FE07201DFE0720F7
:10EB10001CFE072019FE072018FE07204D68001074
:10EB20006E68001021FE072020FE0720CCC40720BD
:10EB3000CCC40720CCC40720CCC4072079FE072012
:10EB400078FE07207DFE07207CFE072081FE07203F
:10EB500080FE072091FE072090FE072089FE0720F7
:10EB600088FE072085FE072084FE07204E680010DF
:10EB70006F6800108DFE07208CFE0720CCC4072094
:10EB8000CCC40720CCC40720CCC40720E5FE072056
:10EB9000E4FE0720E9FE0720E8FE0720EDFE07203F
:10EBA000ECFE0720FDFE0720FCFE0720F5FE0720F7
:10EBB000F4FE0720F1FE0720F0FE07204F6800104A
:10EBC00070680010F9FE0720F8FE0720CCC407206B
:10EBD000CCC40720CCC40720CCC4072051FF072099
:10EBE00050FF072055FF072054FF072059FF07203B
:10EBF00058FF072069FF072068FF072061FF0720F3
:10EC000060FF07205DFF07205CFF072050680010B1
:10EC10007168001065FF072064FF0720CCC407203F
:10EC2000CCC40720CCC40720CCC40720BDFF0720DC
:10EC3000BCFF0720C1FF0720C0FF0720C5FF07203A
:10EC4000C4FF0720D5FF0720D4FF0720CDFF0720F2
:10EC5000CCFF0720C9FF0720C8FF0720516800101C
:10EC600072680010D1FF0720D0FF0720CCC4072016
:10EC7000CCC40720CCC40720CCC40720290008201E
:10EC8000280008202D0008202C0008203100082032
:10EC900030000820410008204000082039000820EA
:10ECA0003800082035000820340008205268001081
:10ECB000736800103D0008203C000820CCC40720E9
:10ECC000CCC40720CCC40720CCC407209500082062
:10ECD0009400082099000820980008209D00082032
:10ECE0009C000820AD000820AC000820A5000820EA
:10ECF000A4000820A1000820A000082053680010EC
:10ED000074680010A9000820A8000820CCC40720BF
:10ED1000CCC40720CCC40720CCC4072001010820A4
:10ED2000000108200501082004010820090108202D
:10ED300008010820190108201801082011010820E5
:10ED4000100108200D0108200C0108205468001053
:10ED5000756800101501082014010820CCC4072094
:10ED6000CCC40720CCC40720CCC407206D010820E8
:10ED70006C0108207101082070010820750108202D
:10ED80007401082085010820840108207D010820E5
:10ED90007C010820790108207801082055680010BE
:10EDA000766800108101082080010820CCC407206B
:10EDB000CCC40720CCC40720CCC40720D90108202C
:10EDC000D8010820DD010820DC010820E10108202D
:10EDD000E0010820F1010820F0010820E9010820E5
:10EDE000E8010820E5010820E40108205668001029
:10EDF00077680010ED010820EC010820CCC4072042
:10EE0000CCC40720CCC40720CCC40720CCC4072026
:10EE1000CCC40720CCC40720CCC40720CCC4072016
:10EE2000CCC40720CCC40720CCC40720CCC4072006
:10EE3000CCC40720CCC40720CCC40720CCC40720F6
:10EE4000CCC40720CCC40720CCC40720CCC40720E6
:10EE5000CCC40720CCC40720CCC40720CCC40720D6
:10EE6000CCC40720CCC40720CCC40720CCC40720C6
:10EE7000CCC40720CCC40720CCC40720CCC40720B6
:10EE8000CCC40720CCC40720CCC40720CCC40720A6
:10EE9000CCC40720CCC40720CCC40720CCC4072096
:10EEA000CCC40720CCC40720CCC40720CCC4072086
:10EEB000CCC40720CCC40720CCC40720CCC4072076
:10EEC000CCC40720CCC40720CCC40720CCC4072066
:10EED000CCC40720CCC40720CCC40720CCC4072056
:10EEE000CCC40720CCC40720CCC40720CCC4072046
:10EEF000CCC40720CCC40720CCC40720CCC4072036
:10EF0000CCC40720CCC40720CCC40720CCC4072025
:10EF1000CCC40720CCC40720CCC40720CCC4072015
:10EF2000CCC40720CCC40720CCC40720CCC4072005
:10EF3000CCC40720CCC40720CCC40720CCC40720F5
:10EF4000CCC40720CCC40720CCC40720CCC40720E5
:10EF5000CCC40720CCC40720CCC40720CCC40720D5
:10EF6000CCC40720CCC40720CCC40720CCC40720C5
:10EF7000CCC40720CCC40720CCC40720CCC40720B5
:10EF8000CCC40720CCC40720CCC40720CCC40720A5
:10EF9000CCC40720CCC40720CCC40720CCC4072095
:10EFA000CCC40720CCC40720CCC40720CCC4072085
:10EFB000CCC40720CCC40720CCC40720CCC4072075
:10EFC000CCC40720CCC40720CCC40720CCC4072065
:10EFD000CCC40720CCC40720CCC40720CCC4072055
:10EFE000CCC40720B5C10720B4C10720FB05082009
:10EFF000FA050820270608202606082053060820C0
:10F0000052060820F9050820F805082025060820E2
:10F01000240608205106082050060820FD05082077
:10F02000FC05082029060820280608205506082087
:10F0300054060820CCC4072014060820CCC407209E
:10F0400040060820CCC407206C06082001060820D2
:10F05000000608202D0608202C0608205906082046
:10F060005806082003060820020608202F0608205C
:10F070002E0608205B0608205A06082022060820D3
:10F08000210608204E0608204D0608207A06082092
:10F0900079060820CCC40720CCC40720CCC40720A4
:10F0A000CCC40720CCC40720CCC40720CCC4072084
:10F0B000CCC40720CCC40720CCC40720CCC4072074
:10F0C000CCC40720CCC40720CCC40720CCC4072064
:10F0D000CCC407204BC207204AC2072051C20720D8
:10F0E00050C20720CD060820CC060820CF060820F5
:10F0F000CE0608204DC207204CC2072053C207206D
:10F1000052C20720D1060820D0060820D3060820C6
:10F11000D20608204FC207204EC2072055C2072042
:10F1200054C20720D5060820D4060820D706082098
:10F13000D6060820CCC40720CCC40720CCC40720A6
:10F14000CCC40720CCC40720CCC40720CCC40720E3
:10F15000CCC40720CCC40720CCC40720CCC40720D3
:10F16000CCC40720CCC40720CCC40720CCC40720C3
:10F17000CCC40720CCC40720CCC40720CCC40720B3
:10F1800024560010CCC4072025560010CCC40720FC
:10F1900026560010CCC407202756001095000010FA
:10F1A00094000010CCC40720CCC40720CCC4072096
:10F1B000CCC40720CCC40720CCC40720CCC4072073
:10F1C000CCC407204BC207204AC2072051C20720E7
:10F1D00050C20720CD060820CC060820CF06082004
:10F1E000CE0608204DC207204CC2072053C207207C
:10F1F00052C20720D1060820D0060820D3060820D6
:10F20000D2060820CCC40720CCC40720CCC40720D9
:10F21000CCC4072035E1020034E1020037E10200EE
:10F2200036E1020039E1020038E102003BE1020070
:10F230003AE102003DE102003CE102003FE1020050
:10F240003EE10200F9C10720F8C10720FBC10720F9
:10F25000FAC10720CCC40720CCC40720CCC40720A7
:10F26000CCC40720CCC40720CCC407206D016D019D
:10F270006E014A616E00466562004D617200417028
:10F2800072004D6179004A756E004A756C004175D7
:10F290006700536570004F6374004E6F76004465DD
:10F2A00063004D6F6E0054756500576564005468C7
:10F2B0007500467269005361740053756E0000005A
:10F2C0001F003B005A0078009700B500D400F300FF
:10F2D000110130014E0168746D0000006367780011
:10F2E000000C6367690000016373730000026A73B6
:10F2F00000000003786D6C00000478736C0000055A
:10F300006769660000066A70670000076A706567D3
:10F310000007626D70000008706E67000009696385
:10F320006F00000A78617000000D78616D6C000E4E
:10F3300070687000000FFFFFFFFFFFFFFFFFFFFF80
:10F340003C68323E4854545020312E302034303105
:10F35000204572726F722E20556E617574686F72DF
:10F36000697A6564204163636573733C2F68323E3C
:10F37000596F7520617265206E6F742061757468B5
:10F380006F72697A656420746F206163636573735B
:10F390002074686973207365727665722E003C680C
:10F3A000323E4854545020312E30203430342045E1
:10F3B00072726F722E2046696C65204E6F74204603
:10F3C0006F756E643C2F68323E54686520726571BB
:10F3D0007565737465642055524C20776173206E97
:10F3E0006F7420666F756E64206F6E207468697329
:10F3F000207365727665722E003C68323E48545424
:10F400005020312E3020353031204572726F722EEF
:10F41000204E6F7420496D706C656D656E74656407
:10F420003C2F68323E54686520726571756573744F
:10F430006564204D6574686F64206973206E6F7415
:10F4400020737570706F727465642E003C6865611E
:10F45000643E3C7469746C653E4B65696C20456D17
:10F460006265646465642057454220536572766521
:10F47000723C2F7469746C653E3C2F686561643E14
:10F480003C626F64793E003C68723E3C62723E3C76
:10F49000693E4B65696C20456D62656464656420F6
:10F4A000574542205365727665722056322E3030B1
:10F4B0002C20323031303C62723E3C6120687265F3
:10F4C000663D687474703A2F2F7777772E6B656975
:10F4D0006C2E636F6D3E207777772E6B65696C2E8F
:10F4E000636F6D3C2F613E202D20456D6265646425
:10F4F000656420446576656C6F706D656E7420542C
:10F500006F6F6C733C2F693E3C2F626F64793E00D5
:10F51000B76E174C3C686561643E3C7469746C65F9
:10F520003E4B65696C20456D626564646564205777
:10F530004542205365727665723C2F7469746C6520
:10F540003E3C2F686561643E3C626F647920737451
:10F55000796C653D226261636B67726F756E642DB5
:10F56000636F6C6F723A2023623765346666223EA1
:10F570003C68323E456D626564646564205745426F
:10F58000205365727665723C2F68323E3C703E5463
:10F5900068697320697320746865206465666175A5
:10F5A0006C7420706167652E20546865204854543F
:10F5B0005020536572766572206973203C623E6EFE
:10F5C0006F7420636F6E666967757265642E3C2F79
:10F5D000623E3C62723E506C65617365207265618B
:10F5E000642074686520646F63756D656E74617402
:10F5F000696F6E20686F7720746F20636F6E666925
:10F6000067757265207468652048545450205365AE
:10F61000727665722E203C2F703E3C68723E3C69CB
:10F620003E4B65696C20456D626564646564205776
:10F630004542205365727665722056322E30302C4A
:10F640002032303039203C62723E3C612068726565
:10F65000663D687474703A2F2F7777772E6B6569E3
:10F660006C2E636F6D3E207777772E6B65696C2EFD
:10F67000636F6D3C2F613E202D20456D6265646493
:10F68000656420446576656C6F706D656E7420549A
:10F690006F6F6C733C2F693E3C2F626F64793E0044
:10F6A0005DDDC19114F50200000000009FF602002C
:10F6B000040000080000000000000002000100003B
:10F6C000102B0601040182831F19010050726F760E
:10F6D00065726B6120737669617A692E20CFF0EED6
:10F6E000E2E5F0EAE020F1E2FFE7E82E00554B55B5
:10F6F0003230334C414E00536B7970653A64616E21
:10F70000696C6F765F6161004E6F766F73696269D5
:10F7100072736B2C20527573736961004669727342
:10F72000742041524D20534E4D50206167656E74D8
:10F7300020666F722053696250726F6D4175746FED
:10F740006D6174696B61000098F8020000000010A0
:10F750004C560000080100000408030000C0072008
:10F76000F004000008010000040803004C560010DB
:10F77000AC220000640100003C080300F0C4072034
:10F780000C74000064010000100100004300000040
:10F79000F8FFFFFF004040404040404040404141B2
:10F7A0004141414040404040404040404040404056
:10F7B00040404040400502020202020202020202F0
:10F7C00002020202022020202020202020202002ED
:10F7D000020202020202909090909090101010107D
:10F7E0001010101010101010101010101010101019
:10F7F00002020202020288888888888808080808AD
:10F800000808080808080808080808080808080878
:10F8100002020202400000000000000000000000A0
:10F8200000000000000000000000000000000000D8
:10F8300000000000000000000000000000000000C8
:10F8400000000000000000000000000000000000B8
:10F8500000000000000000000000000000000000A8
:10F860000000000000000000000000000000000098
:10F870000000000000000000000000000000000088
:10F880000000000000000000000000000000000078
:10F8900000000000000000002501020304033558A9
:10F8A0000202FF0A0159181330314061626364405B
:10F8B0006566676840696A6B6C40125A200109628C
:10F8C00080FA32800A6B3280FA33800A6B3380FA16
:10F8D00034800A6B3480FA35800A6B3580FA3680C2
:10F8E0000A6B3680FA37800A6B3780FA38800A6BE9
:10F8F0003880FA39800A6A3980EB31308019120970
:10F900006A80FA31800A6B3180FA32800A6B328069
:10F91000FA33800A6B3380FA34800A6B3480FA350C
:10F92000800A6B3580FA36800A6B3680FA37800A97
:10F930006B3780FA38800A6B3880FA39800A6A3966
:10F9400080EB3230801912096A80FA31800A6B31FB
:10F9500080FA32800A6B3280FA33800A6B3380FA85
:10F9600034800A6B3480FA35800A6B3580FA368031
:10F970000A6B3680FA37800A6B3780FA38800A6B58
:10F980003880FA39800A6A3980EB333080191209DD
:10F99000698001FF01FF01FF01FF01FF01FF01FF7E
:10F9A00001FF01FF01FF01FF01FF01FF01FF01FF57
:10F9B00001FF01FF011F600A84082B0601020101FB
:10F9C00001552A1CF7025A8618490E114C0AC1F635
:10F9D0000A5AC3186203AE04DCC407204862045B01
:10F9E00010F73069186205DB09ED1862065B130831
:10F9F000785A821862075C0129E1301A0C1818083D
:10FA0000040182831F19064C14635A5B3A10309923
:10FA100018194C0C1002160118194C0B1102181869
:10FA20001A08180A101A181B0101D80A11681819A7
:10FA30008A5B046C189A04181A0390138058BD103E
:10FA40001B3602301A046022C2F94819C00B110299
:10FA5000C41829C00A10C6181A02900B1102CA183D
:10FA600019900B1102CC1819900C1002962118292C
:10FA700090ED4AC407201829900A11CE4829900A0F
:10FA800011D0181A07180A10D2182A03A80A11D47C
:10FA90001829A80A11D61829A80A11D81829A86A5D
:10FAA000DA187A0D180808120401010102E4581846
:10FAB0000C130202E6180C130302E8180C130402DC
:10FAC000EA180C130502EC180C130602EE180C13BE
:10FAD0000702F0180C130802F2180C130902F418AC
:10FAE0000C130A02F6180C130B02F8180C130C0274
:10FAF000FA180C130D02FC180C130E02FE18130F4B
:10FB0000020A1259180C13100202180C13110204E5
:10FB1000180C13120206180C13130208180C1314F5
:10FB2000020A180C1315020C180C1316020E180CEE
:10FB300013170210180C13180212180C13190214C0
:10FB4000180C131A0216180C131B0218180C131C8D
:10FB5000021A180C131D021C180C131E021E180C7E
:10FB6000131F0220180C13200222180C1221022449
:10FB7000180D130201022A180C1302022C180C1380
:10FB800003022E180C13040230180C13050232184D
:10FB90000C13060234180C13070236180C13080253
:10FBA00038180C1309023A180C130A023C180C13EB
:10FBB0000B023E180C130C0240180C130D024218D5
:10FBC0000C130E0244180C130F0246180C131002EB
:10FBD00048180C1311024A180C1312024C180C137B
:10FBE00013024E180C13140250180C13150252185D
:10FBF0000C13160254180C13170256180C13180283
:10FC000058180C1319025A180C131A025C180C130A
:10FC10001B025E180C131C0260180C131D026218E4
:10FC20000C131E0264180C131F0266180C1320021A
:10FC300068180C1221026A180D1303010270180CC7
:10FC400013020272180C13030274180C13040276C8
:10FC5000180C13050278180C1306027A180C1307F7
:10FC6000027C180C1308027E180C13090280180C71
:10FC7000130A0282180C130B0284180C130C028650
:10FC8000180C130D0288180C130E028A180C130F8F
:10FC9000028C180C1310028E180C13110290180C01
:10FCA00013120292180C13130294180C13140296D8
:10FCB000180C13150298180C1316029A180C131727
:10FCC000029C180C1318029E180C131902A0180C91
:10FCD000131A02A2180C131B02A4180C131C02A660
:10FCE000180C131D02A8180C131E02AA180C131FBF
:10FCF00002AC180C132002AE180C122102B0180D21
:10FD000013040102B6180C130202B8180C130302F4
:10FD1000BA180C130402BC180C130502BE180C13FD
:10FD20000602C0180C130702C2180C130802C418EC
:10FD30000C130902C6180C130A02C8180C130B0284
:10FD4000CA180C130C02CC180C130D02CE180C138D
:10FD50000E02D0180C130F02D2180C131002D41874
:10FD60000C131102D6180C131202D8180C1313021C
:10FD7000DA180C131402DC180C131502DE180C131D
:10FD80001602E0180C131702E2180C131802E418FC
:10FD90000C131902E6180C131A02E8180C131B02B4
:10FDA000EA180C131C02EC180C131D02EE180C13AD
:10FDB0001E02F0180C131F02F2180C132002F41884
:10FDC0000C122102F6180D13050102FC180C130287
:10FDD00002FE181303020A125A180C130402021826
:10FDE0000C13050204180C13060206180C13070264
:10FDF00008180C1308020A180C1309020C180C132B
:10FE00000A020E180C130B0210180C130C02121815
:10FE10000C130D0214180C130E0216180C130F02FB
:10FE200018180C1310021A180C1311021C180C13BA
:10FE300012021E180C13130220180C13140222189D
:10FE40000C13150224180C13160226180C13170293
:10FE500028180C1318022A180C1319022C180C134A
:10FE60001A022E180C131B0230180C131C02321825
:10FE70000C131D0234180C131E0236180C131F022B
:10FE800038180C1320023A180C1221023C180D13DA
:10FE900006010242180C13020244180C1303024616
:10FEA000180C13040248180C1305024A180C130608
:10FEB000024C180C1307024E180C13080250180CB1
:10FEC00013090252180C130A0254180C130B025691
:10FED000180C130C0258180C130D025A180C130EA0
:10FEE000025C180C130F025E180C13100260180C41
:10FEF00013110262180C13120264180C1313026619
:10FF0000180C13140268180C1315026A180C131637
:10FF1000026C180C1317026E180C13180270180CD0
:10FF200013190272180C131A0274180C131B0276A0
:10FF3000180C131C0278180C131D027A180C131ECF
:10FF4000027C180C131F027E180C13200280180C60
:10FF500012210282180D1307010288180C130202E5
:10FF60008A180C1303028C180C1304028E180C133D
:10FF7000050290180C13060292180C13070294182D
:10FF80000C13080296180C13090298180C130A0295
:10FF90009A180C130B029C180C130C029E180C13CD
:10FFA0000D02A0180C130E02A2180C130F02A418B5
:10FFB0000C131002A6180C131102A8180C1312022D
:10FFC000AA180C131302AC180C131402AE180C135D
:10FFD0001502B0180C131602B2180C131702B4183D
:10FFE0000C131802B6180C131902B8180C131A02C5
:10FFF000BA180C131B02BC180C131C02BE180C13ED
:020000040003F7
:100000001D02C0180C131E02C2180C131F02C418C4
:100010000C132002C6180C122102C8180D13080177
:1000200002CE180C130202D0180C130302D2180CC3
:10003000130402D4180C130502D6180C130602D8A8
:10004000180C130702DA180C130802DC180C130939
:1000500002DE180C130A02E0180C130B02E2180C53
:10006000130C02E4180C130D02E6180C130E02E830
:10007000180C130F02EA180C131002EC180C1311D1
:1000800002EE180C131202F0180C131302F2180CE3
:10009000131402F4180C131502F6180C131602F8B8
:1000A000180C131702FA180C131802FC180C131969
:1000B00002FE18131A020A125B180C131B02021814
:1000C0000C131C0204180C131D0206180C131E023C
:1000D00008180C131F020A180C1320020C180C121B
:1000E00021020E180D1309010214180C1302021636
:1000F000180C13030218180C1304021A180C130519
:10010000021C180C1306021E180C13070220180CF0
:1001100013080222180C13090224180C130A0226D1
:10012000180C130B0228180C130C022A180C130DB0
:10013000022C180C130E022E180C130F0230180C80
:1001400013100232180C13110234180C1312023659
:10015000180C13130238180C1314023A180C131548
:10016000023C180C1316023E180C13170240180C10
:1001700013180242180C13190244180C131A0246E1
:10018000180C131B0248180C131C024A180C131DE0
:10019000024C180C131E024E180C131F0250180CA0
:1001A00013200252186C210254187A0C18231201E1
:1001B000EE028AC10720181A02180A118C182203AD
:1001C0000B1104FC181A04300B104AC2181A051837
:1001D0000A1150181A0648FCCC0608181A07300AEB
:1001E000114C301A08180A1152181A09480A11D06D
:1001F000481A0A300A114E301A0B180A1154181AEC
:100200000C480A11D4480A150DD80A150ED80A153B
:100210000FD80A1510D80A1511D80A1412D81B13B2
:10022000013022DC194FC9181A02180A11DE181AF7
:1002300003180A11E0181A04180A11E2181A05180E
:100240000A11E4181A06180A11E6181A07180A11F2
:10025000F8181A08180A11EA181A09180A11EC18DD
:100260001A0A180A11EE181A0B180A11F0181A0CAB
:10027000180A11F2181A0D180A11F4181A0E180A91
:1002800011F6180A150FC019110B1102FA181A11DC
:10029000180A11FC181A12180A11FE181A1318114C
:1002A0000A1001181A14180A1102181A15180A113E
:1002B00004181A16180A1106181A17180A1108181D
:1002C0001A18180A110A181A19180A110C181A1AE9
:1002D000180A110E181A1B180A1110181A1C180ADD
:1002E0001112181A1D180A1114181A1E1822DAE908
:1002F00018192B116B0294187A0D186F0501010162
:10030000027048B9180C1202027218080810020193
:10031000024CC40720180C1202024E180E110301E1
:10032000029821480D120302029A180D12040102CC
:1003300050480D120402025218197A0A1274A80DBC
:100340001205020276180D120601029C780D1206A3
:1003500002029E180D1207010254785D0702025630
:10036000187B020C181B08010F1A2A78BC373A02B6
:10037000181A02180A102C901B0B01010B12BE5BFD
:10038000180C130201BF180C130301C0180C13043E
:1003900001C1180C130501C2180C130601C3180C77
:1003A000130701C4180C130801C5180C130901C662
:1003B000180C130A01C7180C130B01C8180C120CE7
:1003C00001C9180D13020101CA180C130201CB1840
:1003D0000C130301CC180C130401CD180C130501E8
:1003E000CE180C130601CF180C130701D0180C13EC
:1003F0000801D1180C130901D2180C130A01D318E3
:100400000C130B01D4186C0C01D5187A0C18230CA2
:10041000010C10021C01181A02180A111E181A03E6
:10042000180A1120181A04180A1122181A05180A95
:100430001124181A06180A11261822070B1104781D
:10044000181A08306A281879D815010204014602E2
:100450000AC107209A84181307041C1308F7C63131
:10046000AA021812054C012CE11889305808190904
:10047000010101039660C9180D1202031602180C3F
:1004800013030396180D1204031603180C13050327
:1004900096180D1206031604180C13070396180D70
:1004A0001208031605180C13090396180D120A03F7
:1004B0001606180C130B0396180D120C03160718CA
:1004C0000C130D0396180D120E031608180C130FBB
:1004D0000396180D1210031609180C131103961821
:1004E0000D121203160A180C13130396180D12148A
:1004F00003160B180C13150396180D121603160C81
:10050000180C13170396180D121803160D180C1358
:10051000190396180D121A03160E180C131B0396C6
:10052000180D121C03160F180C131D0396180D122C
:100530001E031610180C131F0396180D1220031615
:1005400011180C13210396180D1222031612180C01
:1005500013230396180D1224031613180C132503E6
:1005600096180D1226031614180C13270396180D4F
:100570001228031615180C13290396180D122A03B6
:100580001616180C132B0396180D122C0316171899
:100590000C132D0396180D122E031618180C132F7A
:1005A0000396180D1230031619180C133103961800
:1005B0000D123203161A180C13330396180D123449
:1005C00003161B180C13350396180D123603161C50
:1005D000180C13370396180D123803161D180C1338
:1005E000390396180D123A03161E180C133B039686
:1005F000180D123C03161F180C133D0396180D120C
:100600003E031620180C133F0396184D4003162185
:10061000187B020C181B0A010F132E01BD10A936FE
:1006200002181A02181A3018DABD181A05181A32E8
:1006300018DAD1181A06181A3418CB0137181A0705
:10064000181A3618DA33181A08181A3818DA63180C
:100650001A09181A3A18DAA3181A0A181A3C18CBE9
:100660004939181A0B181A3E18DAB7181A0C181A42
:100670004018DAE3481A0D181A4218CB0D38181A28
:100680000E181A4418DA37181A0F181A4618DA61B1
:10069000181A10181A4818DA8B181A11181A4A184A
:1006A0001ABD187B820D181B0F01011A7C1841C955
:1006B000180C1302017D180C1303017E180C120490
:1006C000017F180D1302010180180C13020181181B
:1006D0000C13030182185C04018318AA02181D037D
:1006E000010184181B3936F0B9181C02018518FA6B
:1006F00053181C03018618FA6F181C040187181A76
:100700008B18B9780D1204010188900D13040201B1
:1007100089180C1303018A180C1004018B181B1183
:1007200001010B12A021180C130201A1180C1203D5
:1007300001A2180D1202010290600D130202029232
:10074000180C120302941808081003010158C4077A
:1007500020180C13020159185C03015A187A021868
:100760002B0402D80D1028400240180C1202023C43
:1007700018191A0A13241809153019A80A13201871
:100780000C1202013818570401022AE102C9180AA2
:100790001402A80A1505300D1205020129180A15C0
:1007A00006300A1506300A1507300D120702012D12
:1007B000180A1508300A1508300A1509300A1509F3
:1007C000300A150A300A150A300A150B300A150BC3
:1007D000300A150C300A150C300A150D308A0D3010
:1007E0007A041815010207044C20CCF618011806EB
:1007F000185893FEE63C0339093D0613F11FFF1F0D
:100800000100000007567075626C6963031A580294
:100810001403143203FF1416015B120102B3020029
:100820000CFF48656C6C6F20576F726C6401250279
:0C083000B20A0B25010128093660011FE7
:04000005000000CD2A
:00000001FF
