:020000040000FA
:10000000D07E0010CD010000D1010000D30100001E
:10001000D5010000D7010000D90100000000000058
:10002000000000000000000000000000DB010000F4
:10003000DD01000000000000DF0100003F1D0200A4
:10004000E3010000EB52020017530200E30100003D
:10005000E30100003D830200E3010000E301000032
:10006000E3010000E3010000E3010000E301000000
:10007000E3010000E3010000E3010000E3010000F0
:10008000E3010000E3010000E3010000E3010000E0
:10009000E3010000E3010000695F0000E3010000EC
:1000A000E3010000837F0200E3010000E3010000A0
:1000B0007D970200E3010000E3010000E30100007E
:1000C000E3010000E3010000E301000000F002F89A
:1000D00000F06DF80AA090E8000C82448344AAF175
:1000E0000107DA4501D100F062F8AFF2090EBAE873
:1000F0000F0013F0010F18BFFB1A43F0010318475C
:100100000CF902004CF902000A444FF0000C10F800
:10011000013B13F0070408BF10F8014B1D1108BF85
:1001200010F8015B641E05D010F8016B641E01F825
:10013000016BF9D113F0080F1EBF10F8014BAD1C75
:100140000C1B09D16D1E58BF01F801CBFAD505E093
:1001500014F8016B01F8016B6D1EF9D59142D6D3ED
:10016000704700000023002400250026103A28BF15
:1001700078C1FBD8520728BF30C148BF0B60704719
:10018000642929F0CF83732929F033860020704732
:100190001FB52DF077FC29F0E9FE040000200021B6
:1001A0002DF05AFC401C60601FBD10B510BD29F039
:1001B000B8FE1146FFF7ECFF21F077FE29F0EAFECA
:1001C00003B4FFF7F2FF03BC29F0EEFE0848004736
:1001D000FEE7FEE7FEE7FEE7FEE7FEE7FEE7FEE7F7
:1001E000FEE7FEE703480449044A054B7047000058
:1001F000CD000000D06A0010D07E0010D076001034
:10020000D0760010FEE710B52BF018FB2BF0A4FB06
:100210002BF096FB2BF024FBAFF30080BDE81040E1
:100220002BF060BB10B52CF071F92CF0E1FF2CF035
:10023000C5F9BDE810402CF03DBB2CF085B82BF083
:100240004DBE09B1002070472AF0A2BB00207047C4
:100250001E4BDA601870597070471C48C16800293D
:100260000DD0491EC1600AD1194902780A7042783E
:100270004A700A710021C17001714171817170472A
:10028000124A1161907070471048016900290BD023
:10029000491E016108D10E4A817811700021517008
:1002A000C1700171417181717047084908817047BF
:1002B0000648B0F90810002907D0491E09B201818B
:1002C000002902D1084601F074BB704768C00720BE
:1002D000AC01001070B5064600F00CF80468054645
:1002E00030460A22002129F088FD2C6070BD70473D
:1002F0007047704700487047703E0820FFFFFFFFBF
:10030000002801DA404200B270470020F94A20215B
:100310001154401CC0B2C828FAD370470146F54AB0
:100320000020401CC0B2135C8B4201D0C828F8D317
:10033000704710B50021F04C0A2200BFB0FBF2F369
:1003400002FB13006054491CC9B218460529F5D3B5
:1003500010BDF0B5E94B0121202719700521E64AAF
:10036000002601E01C7844B1541814F8015C25B94A
:10037000814202D904F8017C05E0541814F8015DAB
:10038000303525701E70491E11F0FF01EAD1F0BD15
:1003900070B50D461446002802DAC043401C00B276
:1003A000FFF7C7FF601CC0B2FFF7D3FF2846FFF777
:1003B000B5FFFF2819D0D04ACE4B0021A14201D26F
:1003C000555C13E004D14FF02E051D54555C03E03D
:1003D000555C202D03D04CB11E1806F8015C401E60
:1003E000491CC9B2C0B20529E8D370BD1D54F6E757
:1003F000F0B50D461446002801DA404200B2FFF77E
:1004000098FF601CC0B2FFF7A4FF2846FFF786FFE5
:10041000B94AB84B002164B9555C202D09D0561853
:100420007678202E03D12D261F1807F8016C1D5455
:100430000FE0A14201D2555CF9E704D14FF02E053F
:100440001D54555C02E0555C202D02D01E1806F8A4
:10045000015C401E491CC9B2C0B20529DBD3F0BD06
:10046000FEB52B23002802DA404200B22D230025DE
:100470000A266C4690FBF6F706FB170060556D1CCC
:100480006DB238B20A2DF5DB0126002509202027A0
:1004900000E046B114F800C0BCF1000F03D1904257
:1004A00001DD275405E0265C3036265400266D1CFD
:1004B000EDB2401E40B20028EBDA2D2B02D163557D
:1004C0006D1CEDB26AB168B205E0231813F8013C67
:1004D0002354401E40B29042F7DC2E206D1CA054E5
:1004E000EDB20846FFF71AFF0021824A04E0635C80
:1004F000461A491C935549B2A942F8DBFEBDFEB528
:100500002B23002801DA40422D2300250A266C46C1
:10051000074690FBF6F006FB107767556D1C6DB231
:100520000A2DF5DB012600250920202700E046B131
:1005300014F800C0BCF1000F03D1904201DD275434
:1005400005E0265C3036265400266D1CEDB2401EB8
:1005500040B20028EBDA2D2B02D163556D1CEDB2B1
:100560006AB168B205E0231813F8013C2354401E19
:1005700040B29042F7DC2E206D1CA054EDB208462C
:10058000FFF7CCFE00215B4A04E0635C461A491C7D
:10059000935549B2A942F8DBFEBDFEB52B260028D3
:1005A00001DA40422D2600240A276D46844690FB3E
:1005B000F7F007FB10CC05F804C0641C64B20A2CE9
:1005C000F4DB0127002009244FF0200C00E04FB19C
:1005D00015F804E0BEF1000F04D19C4202DD05F8DD
:1005E00004C005E02F5D30372F550027401CC0B2F6
:1005F000641E64B2002CEADA2D2E02D12E54401C67
:10060000C0B26BB144B205E02E1916F8016C2E553C
:10061000641E64B29C42F7DC2E24401CEC54C0B231
:1006200001EB810102EB8101CAB20021314B04E0F0
:100630006C5C561A491C9C5549B28142F8DBFEBDE0
:1006400070B50D4616461C46FFF773FE601CC0B21F
:10065000FFF77FFE05EB850006EB8000C1B2264A5E
:10066000244B0020A04201D2155C5D5406D3155CDA
:10067000202D03D04CB15E1806F8015C491E401CC9
:10068000C0B2C9B20528EDD370BD5D54F6E710B510
:100690000C46FFF743FE17490CB1032200E0042289
:1006A0000A5410BD30B5044608461546FFF736FE1D
:1006B000FF2809D00F4A2178002905D04319641C6E
:1006C000401CD154C0B2F6E730BD70B50D4614469B
:1006D000FFF72FFE601CC0B2FFF73BFE2846FFF776
:1006E0001DFE054B034A002154B95D5C202D07D047
:1006F000155415E030020010E8C00720B0030010C8
:10070000A14201D25D5CF3E704D14FF02E051554F0
:100710005D5C02E05D5C202D02D0161806F8015CDD
:10072000401E491CC9B2C0B20529DDD370BD801876
:1007300001D5084402E0884200DB401AC0B270478D
:100740002DE9FE4F04460D464FF4606025F0D6F8C3
:1007500062424021FFF7EBFF400100F58060044654
:1007600002A925F0A4F9694604F1080025F09FF9D3
:1007700001A904F10C0025F09AF92846FFF7CEFDF7
:100780009DF80860402430232125DFF8F0A3FC49C0
:1007900020224FF0C20C4FF04F094FF0230B552E83
:1007A00025D04FF0D1084FF0410E572E72D0542E65
:1007B00071D0502E70D0E227492E6ED04FF04209F2
:1007C000422E6BD04F2E6AD0442E69D0532E5FD16B
:1007D000BAF80060002E75D0C1260E54401CC0B27D
:1007E000CF260E54401CC0B201F80080FEE39DF8F5
:1007F0000A60522E18D1BAF8006056B101F800C054
:10080000401CC0B2EA260E54401CC0B2EB260E5467
:1008100008E001F80090401CC0B26E260E54401C47
:10082000C0B20A54401CC0B20A54401CC0B20A54A0
:10083000401CC0B20A54401CC0B2E8E30B54401C38
:10084000C0B23A220D54401CC0B20A54401CC0B27F
:100850000B54401CC0B20C54401CC0B20A54401C83
:10086000C0B200220B54401CC0B201F800B09DF889
:1008700004002121FFF729FF9DF8050000224021F7
:10088000FFF723FF9DF8060000222321FFF71DFF3D
:10089000BDE8FE8F0DE09EE076E1F9E188E2F7E346
:1008A000F7E300BF00EB810000224021FFF7FAFED2
:1008B000EEE79DF80A604FF02D094E2E03D0492E29
:1008C0004AD01FE1E7E3BAF800600EB3C8260E5421
:1008D000401CC0B2CD260E54401CC0B23E2601F8CA
:1008E00000C0401CC0B201F80090401CC0B20E54C1
:1008F000401CC0B2C52601F80080401CC0B20E5496
:10090000401CC0B2D2260E54401CC0B2DC2660E0AF
:100910004FF0490C01F800C0401CC0B24E270F54E4
:10092000401CC0B256260E54401CC0B23E2601F8F0
:100930000090401CC0B20E54401CC0B24D260E5454
:10094000401CC0B201F800E0401CC0B201F800C079
:10095000401CC0B20F54D3E0BAF80060CEB101F829
:100960000080401CC0B2C5260E54401CC0B2D22626
:100970000E54401CC0B2DC260E54401CC0B23E26B1
:1009800001F80090401CC0B20E54401CC0B2C826F2
:100990008EE04D260E54401CC0B24FF0490C01F8B9
:1009A00000E0401CC0B24E2701F800C0401CC0B29D
:1009B0003E260F54401CC0B201F80090401CC0B24B
:1009C0000E54401CC0B201F800C0401CC0B20F540D
:1009D00092E00E5494E09DF80A6052274E2E02D009
:1009E000492E4AD091E0BAF800601EB3CF260E54CB
:1009F000401CC0B2D0260E54401CC0B2C8270F54B1
:100A0000401CC0B2CE270F54401CC0B20E54401C34
:100A1000C0B2C5260A54401CC0B201F80080401C78
:100A2000C0B20E54401CC0B2D2260E54401CC0B2FC
:100A3000DC2620E050260E54401CC0B249260F543C
:100A4000401CC0B20E54401CC0B201F80090401CC3
:100A5000C0B20F54401CC0B24D270A54401CC0B253
:100A60000F54401CC0B201F800E0401CC0B20E544C
:100A7000401CC0B24E260E5445E0BAF800600EB3DA
:100A8000CF260E54401CC0B2D0270F54401CC0B219
:100A9000C8260E54401CC0B24FF0CE0801F80080AA
:100AA000401CC0B20F54401CC0B20A54401CC0B21B
:100AB0000E54401CC0B2CD260E54401CC0B201F8EA
:100AC00000C01DE050260E54401CC0B249260F54F1
:100AD000401CC0B20E54401CC0B201F80090401C33
:100AE000C0B20F54401CC0B20A54401CC0B20E54D5
:100AF000401CC0B24E260E54401CC0B2562668E7B9
:100B0000401CC0B20A54401CC0B2DFF878C00A547E
:100B1000401C9DF80060BCF83C70C0B2BE427ED064
:100B20000A54401CC0B20B54401CC0B20D54401CAF
:100B3000C0B20C54401CC0B20A54401CC0B20A548B
:100B4000401CC0B200220B54401CC0B201F800B0DF
:100B50009DF802002121FFF7B8FD9DF8000000225A
:100B60002321FFF7B2FD9DF80100401E0C2802D39F
:100B700001208DF80100BAF8000083E05601001052
:100B80003002001000400240BAF80060D1467EB149
:100B9000CF260E54401CC0B201F80080401CC0B2E9
:100BA0000A54401CC0B20A54401CC0B20A5411E09E
:100BB0004D260E54401CC0B2492601F800E0401CEE
:100BC000C0B20E54401CC0B24E260E54401CC0B2DF
:100BD00053260E54401CC0B2DFF8ACC40A54401C6B
:100BE000C0B20A54401CC0B20A54401CC0B20A54DD
:100BF000401CC0B20A54401CC0B20A54401C9DF8AC
:100C00000060BCF83C70C0B2BE420ED19DF80160DD
:100C10009CF83870BE4208D19DF8026000E0E3E322
:100C20009CF82C70BE423FF409AE0A54401CC0B27E
:100C30000B54401CC0B20D54401CC0B20C54401C9C
:100C4000C0B20A54401CC0B20A54401CC0B20022B8
:100C50000B54401CC0B201F800B09DF802002121E5
:100C6000FFF733FD9DF8000000222321FFF72DFD43
:100C70009DF80100401E0C2802D301208DF80100D0
:100C8000B9F800009DF8011000287ED0FF4809E661
:100C9000BAF80060F6B3C8260E54401CC0B2ED2668
:100CA0000E54401CC0B2B9460F54401C00F0FF0C5B
:100CB0009DF8090009280DD2313001F80C000CF123
:100CC000010C0CF0FF00C0260E54401CC0B201F80D
:100CD00000903EE0A0F109065A2E62D2401C0A277D
:100CE000B0FBF7F606F1300801F80C800CF1010CAE
:100CF00007FB16000CF0FF0C303001F80C000CF173
:100D0000010C0CF0FF00C0260E54401CC0B201F8CC
:100D1000009043E0FFE749260E54401CC0B26E2607
:100D20000E54401CC0B276260E54401C00F0FF0C3E
:100D30009DF80900092810D2313001F80C000CF19F
:100D4000010C0CF0FF0001F800E0401CC0B26C2662
:100D50000E54401CC0B20A5420E0A0F109065A2EDD
:100D60001FD2401C0A27B0FBF7F606F1300801F845
:100D70000C800CF1010C07FB16000CF0FF0C30305E
:100D800001F80C000CF1010C00E0F3E30CF0FF00A3
:100D900001F800E0401CC0B26C260E54401C00F06C
:100DA000FF0C01F80C200CF1010C0CF0FF00B2E27A
:100DB0009DF80A604E2E32D0432E7ED04F2E7DD02D
:100DC000492E7CD0462E7BD0662E7AD0542E79D0F8
:100DD0004FF0D3094D2E76D06D2E7FF469ADBAF861
:100DE0000060002E70D0C8260E54401CC0B2CD2624
:100DF0000E54401CC0B2D02701F800C0401CC0B245
:100E00000A54401CC0B20F54401CC0B2D72701F88E
:100E10000090401CC0B20F54401CC0B278E2BAF837
:100E20000060D0467EB3C0260E54401CC0B255268A
:100E30000F54401CC0B20E54401CC0B2F1260E54D8
:100E4000401CC0B2E5260E54401CC0B2F2260E541F
:100E5000401CC6B2FC208855761CF0B29DF8096093
:100E6000012E04D0022E05D0032E06D095E101F804
:100E700000E004E001F8009001E043260E54401C1D
:100E8000C0B20A5437E0FFE701F800E0401CC0B2EE
:100E90006C270F54401CC0B255270F54401CC0B2E1
:100EA0006D270F54401CC0B261270F54401CC0B2C4
:100EB00069270F547646401C07E02DE04EE0B4E26F
:100EC000CBE00AE135E2BAE107E2C0B26E270F5487
:100ED000401CC7B27320C8557F1CF8B29DF809703A
:100EE000012F04D0022F04D0032FCAD143260E5461
:100EF00001E001F80090401CC0B2DFF88CC10A5438
:100F0000401CC0B20A54401C9DF80060BCF83C7004
:100F1000C0B2BE426BD064E1BAF80060D0462EB1D8
:100F2000C0260E54401CC0B20F5405E001F800E08A
:100F3000401CC0B26C260E54401CC0B2792601F889
:100F40000090401CC0B20E54401CC0B270260E541B
:100F5000401CC0B20A54401CC0B240E1BAF8006064
:100F6000D0469EB1C0260E54401CC0B255260F5428
:100F7000401CC0B20E54401CC0B2FB260F54401C93
:100F8000C0B20E54401CC6B2F520F7E001F800E0F4
:100F9000401CC0B26C270F54401CC0B255270F54E0
:100FA000401CC0B26F270F54401CC0B275270F54AD
:100FB000401CC7B27420C8557F1CF8B29DF8097058
:100FC0007646012F66D0022F66D006E1C0260E5469
:100FD000401CC0B255260F54401CC0B20E54401CD9
:100FE000C0B2E8260E54401CC0B201E0E0E28DE23F
:100FF000ED260E54401CC0B20F54401CC0B2CCE1D0
:1010000001F800E025E0022E21D0032E7ED01CE066
:1010100001F800E0401CC0B26C270F54401CC0B265
:1010200055270F54401CC0B269270F54401CC0B252
:101030006E270F54401CC7B276467620CBE10E5483
:1010400007E0022F03D0032FE0D00A5401E001F89B
:101050000090401CC0B20A545BE1BAF80060D04670
:10106000F6B1C0260E54401CC0B2D4260F54401C0A
:10107000C0B20E54401CC0B2E8260E54401CC0B290
:10108000ED260E54401C08E00040024094E10200AE
:1010900044E149E238E281E2F0E0C0B20F5415E0E9
:1010A00001F800E0401CC0B26C260E54401CC0B2D7
:1010B000D4260E54401CC0B269260E54401CC0B247
:1010C0006E260E54401CC0B276260E54401CC0B290
:1010D0000A54401CC0B20A543DE0BAF80060D04641
:1010E000DEB1C0260E54401CC0B2D4260F54401CA2
:1010F000C0B20E54401CC0B2F1260E54401CC0B207
:10110000E5260E54401CC0B2F22600E04BE10E541E
:10111000401CC0B2FC260E54DBE701F800E0401C86
:10112000C0B26C260E54401CC0B2D4260E54401CD3
:10113000C0B26D260E54401CC0B261260E54401C35
:10114000C0B269260E54401CC0B26E260E54401C1C
:10115000C0B273260E54401CC0B20A54401CC0B228
:101160000A54401CC0B20A54401C9DF80070C0B222
:10117000FF4EB6F83CC067457ED032E08855761CFD
:10118000F0B29DF80960012E77D0022E76D0032EA2
:1011900025D14326B8E1401CC0B20A546FE601F8DD
:1011A0000090401CC0B279270F54401CC0B2702779
:1011B0000F54401CC0B261270F54401CC0B27327AB
:1011C0000F54401CC0B24E460F54401C9DF809708D
:1011D000C0B2012FD8D0022FDCD0032FD9D00A54AF
:1011E000D9E70A54401CC0B20B54401CC0B20D5485
:1011F000401CC0B20C54401CC0B20A54401CC0B2C7
:101200000A54401CC0B200220B54401CC0B201F86A
:1012100000B09DF802002121FFF757FA9DF8000069
:1012200000222321FFF751FA9DF80100401E0C28EF
:1012300002D301208DF80100B8F8000022E5BAF8C9
:10124000006026B301F80080401CC0B2C5260E54D1
:10125000401CC0B2D2260E54401CC0B2DC260E5434
:10126000401CC0B2D0260A54401CC0B20E54401CD0
:10127000C0B201F8009002E083E142E13EE1401C8F
:10128000C0B2D7260E54401CC0B2CD2637E44D263E
:101290000E54401CC0B2492601F800E0401CC0B208
:1012A0004E270E54401CC0B253260F54401CC0B2EF
:1012B000F4460E54401CC0B248260A54401CC0B22A
:1012C0000E54401CC0B201F800C0401CC0B20F5404
:1012D000401CC0B24426FFF7CEBB49260E54401C2A
:1012E000C0B24E270F54401CC0B256260E54401CAC
:1012F000C0B248260A54401CC0B20E54401CC0B2B2
:1013000001F800E0401CC0B20F54401CC0B244269B
:101310000E54401CC0B20A54FFF7F2BB9DF80A609D
:10132000552E21D04F2E6ED0492E7ED0542E7FF4D4
:10133000AFAABAF80060D046002E3FF430AFC12605
:101340000E54401CC0B2E0260E54401CC0B2E92727
:101350000F54401CC0B2EF270F54401CC0B20E54B3
:10136000401CC6B2F12009E7BAF80060EEB1C02611
:101370000E54401CC0B255260F54401CC0B20E542F
:10138000401CC0B2FB260F54401CC0B20E54401C7F
:10139000C6B2F5208855761CF0B29DF80960012E82
:1013A0007FF431AE2CE6432649E601F800E0401C0C
:1013B000C0B26C270F54401CC0B255270F54401CBC
:1013C000C0B26F270F54401CC0B275270F54401C89
:1013D000C7B276467420C8557F1CF8B29DF80970D4
:1013E000012F7FF42EAE2AE69DF801609CF838703C
:1013F000BE427FF495AB9DF802609CF82C70BE4213
:10140000F7D1FFF71BBABAF80060EEB3C0260E544E
:10141000401CC0B255260F54401CC0B20E54401C94
:10142000C0B20F54401CC0B200E061E0FB260E5475
:10143000401CC6B2F5208855761CF0B29DF80960B4
:10144000012E04D0022E50D0032E03D049E001F823
:1014500000E001E0432646E0401CC0B2444E0A547E
:10146000401CC0B20A54401CC0B20A54401CC0B256
:101470000A54401C9DF80070B6F83CC0C0B26745E5
:10148000B7D19DF8017000E00AE096F838C06745D2
:10149000AFD19DF8027096F82C60B742A9D1B0E7A1
:1014A00001F800E0401CC0B26C270F54401CC0B2D1
:1014B00055270F54401CC0B26F270F54401CC0B2B8
:1014C00075270F54401CC7B27420C8557F1CF8B252
:1014D0009DF809707646012F05D0022F05D0032F05
:1014E000B8D00A54B8E70E54B6E701F80090B3E755
:1014F000BAF80060002E3FF48BAD67E501F800906C
:1015000049E601F800E046E60E5444E69DF8016025
:101510009CF83870BE427FF4FEAC9DF802609CF8E7
:101520002C70BE42F7D16CE79DF80A60552E7FF40F
:10153000AFA9BAF80060D0464FF0640C4FF06309D1
:101540002EB1C0260E54401CC0B20F5405E001F865
:1015500000E0401CC0B26C260E54401CC0B25526A0
:101560000E54401CC0B201F800C0401CC0B202E0E2
:10157000004002404EE001F80090401CC0B20A5406
:10158000A4E59DF8017096F838C06745C3D19DF871
:10159000027096F82C60B742BDD132E750260E5447
:1015A000401CC0B253260E54401CC0B255260E54E7
:1015B000401C00F0FF0C9DF80900092803D23130CF
:1015C00001F80C001BE0A0F109065A2E15D2401CB0
:1015D0000A27B0FBF7F6B046303601F80C600CF184
:1015E000010C07FB18000CF0FF0C303001F80C0068
:1015F0000CF1010C0CF0FF0008E001F80C200CF1DC
:10160000010C0CF0FF000A54401CC0B20A54401CEC
:10161000C0B266E7FA48FFF745B970B50446084618
:1016200015461E46FEF77AFEF64B0146FF2804D10A
:1016300006E01A54641C401CC0B22278002AF8D17B
:10164000F1480078002804D0002E02D029445F2001
:10165000585470BDF0B5074614460E460846FEF7CE
:101660005DFE0546002231463846FEF748FF002C55
:1016700008D0E5480078002804D05F20E14A291B03
:1016800011444870F0BD2DE9FF4F8146DDE90D049E
:101690008A469346FEF742FE2022DFF86C83D94942
:1016A0000A234FF0640C012C09D198F8005035B191
:1016B0000D18A5F10E05AA706A702A7020E099FB3A
:1016C000F3F603FB16970D183037A5F10E05022C23
:1016D000AF7096FBF3F703FB176606F130066E70EA
:1016E00099FBFCF606F1300605F80E6B08D198F868
:1016F00000602EB1A5F10A05AA706A702A7021E077
:101700009AFBF3F603FB16A70D183037A5F10A056F
:10171000032CAF7096FBF3F703FB176606F1300658
:101720006E709AFBFCF606F13006674605F80A6B08
:1017300008D198F800602EB1A5F10605AA706A706C
:101740002A7022E09BFBF3F603FB16B70D18303727
:10175000A5F10605042CAF7096FBF3F703FB1766A3
:1017600006F130066E709BFBFCF606F1300667460C
:1017700005F8066B09D198F8004034B1A5F10205CF
:101780000A546A702A70BDE8FF8F039C94FBF3F241
:1017900003FB124430340C5492FBF3F403FB142289
:1017A0000844A0F1020030324270039991FBF7F136
:1017B00001F130010170E6E717B501EB810002EBA2
:1017C0008000C2B29DF80030904803F00F0100EB9A
:1017D0001313445C8B498C54521ED2B21B788B5429
:1017E0009DF80130521E03F00F04D2B2045D8C54F8
:1017F000521E00EB1313D2B21B788B549DF80230AB
:10180000521E03F00F04D2B2045D8C54521E00EB42
:101810001313D2B21B788B549DF80330521E03F081
:101820000F04D2B2045D8C54521E00EB1310D2B2DE
:10183000007888541EBD10B504460846FEF76EFDBC
:10184000724904F00F028B5C6E4A01EB14111354C1
:10185000401EC0B20978115410BD01EB810102EBAA
:1018600081016A4A10B500F00F03C9B2D45C654B20
:1018700002EB10105C54491EC9B20078585410BDD8
:1018800001EB810102EB8101CBB2604910B500F0A0
:101890000F028C5C5B4AD45404095B1E04F00F00F9
:1018A000DBB2085CD0545B1ED8B2230903F00F04EE
:1018B0000C5D1454401E1B09C0B2C95C115410BD0C
:1018C00001EB810102EB8101CBB2504910B500F070
:1018D00001028C5C4B4AD45444085B1E04F00100A6
:1018E000DBB2085CD0545B1ED8B2630803F001047D
:1018F0005B080C5D1454401E03F00104C0B20C5D83
:1019000014545B08401E03F00104C0B20C5D145473
:101910005B08401E03F00104C0B20C5D14545B0868
:10192000401E03F00104C0B20C5D1454401EC4B24A
:101930005808085C105510BD30B535490123314DAC
:1019400091F9012091F9041000EB80048A4202D140
:1019500005F8243030BD2B4D4C1C00EB800005EB0E
:101960008000A24201D1037530BD8C1CA24202D17D
:1019700080F8283030BDCC1CA24202D180F83C3027
:1019800030BD0C1DA24202D180F8503030BD4C1D3C
:10199000A24202D180F8643030BD8C1DA24202D137
:1019A00080F8783030BDC91D8A42FBD180F88C3078
:1019B00030BD184B1A88521E104400B21880164AC7
:1019C00000EB800002441248136803601279027130
:1019D0004278114441707047F0B50E4D0E4FB5F985
:1019E000004004EB8406641C2C80094C3E442568AE
:1019F000356025793571207061702271A370F0BD5A
:101A000007E2020030020010390000105EE202001E
:101A1000AC01001060000010D00B0820F0B50546A6
:101A20000E461746FEF771FC5A4C0020401C15F874
:101A3000011BC0B204F8011B1428F7D35FF00000AB
:101A4000401C16F8011BC0B204F8011B1428F7D380
:101A50005FF00000401C17F8011BC0B204F8011B26
:101A60001428F7D35FF00000401C13F8011BC0B22C
:101A700004F8011B1428F7D3C1E710B5029CFFF747
:101A8000CDFF4548C378827841787A20FFF7A4FFDC
:101A9000642094FBF0F0BDE81040C0B2FEF705BC36
:101AA0002DE9FE4340010D4600F58060044602A981
:101AB00023F0FDFF694604F1080023F0F8FF01A9B7
:101AC00004F10C0023F0F3FF2846FEF727FC314C0D
:101AD000202530262554401CC0B24FF02108265442
:101AE000401CC0B24FF0400C04F80080401CC0B253
:101AF000232104F800C0401CC0B200222554401C21
:101B0000C0B22554401CC0B22654401CC0B221545F
:101B1000401CC7B29DF802002121FEF7D6FD9DF8BA
:101B2000000000222321FEF7D0FD9DF80100401E99
:101B30000C2802D301208DF801009DF801001749FF
:101B4000002201EB80004021FEF7ACFDE5557F1C33
:101B5000F8B23A212654401CC0B2002204F800809A
:101B6000401CC0B22154401CC0B221212654401C4C
:101B7000C0B204F800C0401CC6B29DF80400FEF7D5
:101B8000A4FD9DF8050000224021FEF79EFDA5550D
:101B9000BDE8FE8330020010AC01001094E10200A9
:101BA0002DE9FF4105460027FF4C01216776A07D06
:101BB000022805D0FD4A525D552A04D065200EE06A
:101BC0006176BDE8FF8105EB450202EB0513F84A9B
:101BD00002EB830696F83D20D30702D0662060769C
:101BE000EFE796F83F309B0701D56720F7E79207AC
:101BF00001D56820F3E7EF4AB6F90830B2F90020C2
:101C0000934201DD6920EAE75242934201DA6A20F9
:101C1000E5E7012804D1E07D00287ED001287DD0B1
:101C200064206076A17521864FF4F87023F010FED1
:101C3000E575294665864FF4FA7023F009FEDE4803
:101C4000B761002130F9150023F002FE2776A78640
:101C500039464FF4FB7023F0FBFDD848D84D00887F
:101C6000401C00F0070006EB4000008CADF80000BF
:101C7000A88B8DF804004FF063024FF0010101A81A
:101C800002F0D3FFC84C9DF804004C342070287E2D
:101C90008DF804000C22012101A802F0C6FF9DF876
:101CA00004006070287B8DF804001F22012101A828
:101CB00002F0BBFF9DF80400A0709DF80000E070EA
:101CC0004FF4FC70216823F0ADFF287A8DF80400F2
:101CD0001722002101A802F0A8FF9DF8040020713E
:101CE00028798DF804003B22002101A802F09DFF15
:101CF0009DF80400607128788DF804003B220021D3
:101D000001A802F092FF9DF80400A0719DF8010067
:101D1000E0714FF4FE70616801E003E004E023F03D
:101D200081FF4EE76B205AE76C2058E770477047F9
:101D300070B5A34C203C94F83800A24D2978084493
:101D40000C2803D9A08F401C01B201E0B4F93C106B
:101D5000B82023F07DFD94F83810287801440C2930
:101D600094F8381000D90C380144B62023F070FDE7
:101D700094F82C001C2801D91C2101E094F82C10A7
:101D8000B42023F065FD04F12004217A4FF0AE0069
:101D900023F05EFD2179B02023F05AFD2178BDE8C3
:101DA0007040B22023F054BD87486FF03B0100889B
:101DB000C0EB001001EB80007B49488570477A49F1
:101DC00040F2F9600885704770B5774C208D401C53
:101DD00000B22085B0F5E16F02DB0020208570BDE8
:101DE000B0F5DF6F11D90F2301226421D22002F058
:101DF000B9FE0F230022D821D72002F0B3FE0F2313
:101E00000022D821DC2002F0ADFEB4F92800A0F5B4
:101E1000E0610739E3D16D4E6D4C6E4D30882188FD
:101E2000884205D0B4F90010B5F9000023F010FD88
:101E3000708861888842D2D0B4F90210B5F90200E6
:101E4000BDE8704023F004BD10B55C4C08220021B1
:101E50002088401C2080204602F0FDFE5448B4F942
:101E6000001000EB410142880A84B0F84E00A1F84E
:101E70006C0010BD2DE9F04FDFF85CE15A4C574B78
:101E8000BEF9002056495748B4F90060574D8BB051
:101E9000002412B1012E0FD018E0012E16D1544E9D
:101EA00036881E80534BB3F900300380002B00DAD4
:101EB00004805148006808E06E881E80B5F9003043
:101EC0000380002B00DA0480686808604B48B0F992
:101ED0000060002E66D0DFF828B100208246ABF803
:101EE0000040014640F6B833FCE000BFC1EB0110F2
:101EF000DFF8108100EB411708EB870090F817C05E
:101F0000BCF1050F4FD2C14690F804C090F805808F
:101F10000CEB082CCDF814C01FFA8CFCCDF808C0CF
:101F200019F8277090F801C007EB0C271FFA87F803
:101F30000697877901970097877A90F80BC007EB8F
:101F40000C270797BFB20397077B90F80DC007EBEC
:101F50000C270897BFB20497077A90F809C007EBDF
:101F60000C27DDF808C01FFA87F909979C457ED237
:101F7000B8F57A7F7BD2009F782F78D2039F9F425B
:101F800075D2049FB7F57A6F71D2B9F52F6F6ED203
:101F9000069FC76190F802C0C7780CEB07273FB2D5
:101FA000078631E0A6E08CE000C00720BE000010EC
:101FB00040EC0720B8C007201CDB020028010010FD
:101FC000204002403F000010BEC007209EC00720F6
:101FD000E25800103CDB0200B60000102A0100109D
:101FE000980100102C010010B8000010D005082046
:101FF000E0C00720AE030010E4C00720AC000010D2
:10200000D2030010D8EC0720002F00DA0486059FC9
:102010008761019F076290F8078080F83A80099FE6
:102020008762079F4762089FC762877B80F83B7083
:1020300018F01A0F03D0012780F83C7001E080F8F7
:102040003C405FEA48670AD5C77B7F2F31D0802F9D
:1020500032D090F90F7007F5FA77ABF800705FEAAD
:10206000886701D50127BA4600F15A0000E037E041
:10207000477C4770877C8770C77CC770077D077176
:10208000477D4771877D90F817C007EB0C27C78005
:10209000077E0772477E4772877E8772C77EC77248
:1020A000077F0773477F90F81EC007EB0C27C78197
:1020B00016E040F2EE2C01E04FF0FA0CABF800C055
:1020C000CDE7C46104868461046280F83A404462CA
:1020D0008462C46280F83C4080F84C4080F83B4009
:1020E000491CC9B2B142FFF601AFBAF1000F01D1EC
:1020F000ABF80040FA4FDFF8EC83DFF8ECB3DFF821
:10210000EC93DFF8ECA3FB4E012A03DBA87F0A283F
:1021100001D235E0A2BB95F82000012805D10122AB
:1021200000234321104603F0A8FD2C806C606C80D6
:102130002C776C772C81F0486C8185F820400480E6
:10214000EE483C700470EE48047088F8004088F84F
:10215000014088F802408BF800408BF801408BF872
:10216000024089F8004089F8014089F802408AF865
:1021700000408AF801408AF8024034707470B470EC
:10218000E048B0F90000022804DB95F892000A2824
:1021900008D200E030B1A87F0A2839D3DA48008895
:1021A000032835D195F89400012805D10023012298
:1021B0004321022003F061FD25F8744FCF486C6085
:1021C0006C802C776C772C816C8185F820403C707A
:1021D0000470CB48A5F17405047088F8004088F8B5
:1021E000014088F802408BF800408BF801408BF8E2
:1021F000024089F8004089F8014089F802408AF8D5
:1022000000408AF801408AF8024034707470B4705B
:10221000BC48B0F90000032804DB95F806010A2841
:1022200008D200E030B1A87F0A2837D3B64800882A
:10223000032833D195F80801012805D10023012294
:102240004321032003F019FD25F8E84FAB486C60EB
:102250006C802C776C772C816C8185F820403C70E9
:102260000470A748047088F8004088F8014088F896
:1022700002408BF800408BF801408BF8024089F84F
:10228000004089F8014089F802408AF800408AF845
:1022900001408AF8024034707470B4709B489C4AC4
:1022A00040F6B733B0F90410B2F9002051434FF4AF
:1022B000FA7291FBF2F1974A1180B0F90A0096493F
:1022C000A0F221329A4201D20C6001E001220A60A0
:1022D0009249B1F90010414344F6206091FBF0F0BF
:1022E0008F49A0F211100880864801888D4851B1AD
:1022F0008D49098829B18049098801800BB0BDE862
:10230000F08F0480FAE78949F6E7894A894811780D
:10231000042901D0012905D1517819B986490978D4
:10232000552902D08549098803E00178002901D0A8
:10233000491E017070478248416821F4402141F4F0
:1023400080214160416821F4403141F48031416095
:10235000416821F4404141F480414160416C21F4E5
:10236000402141F400214164416C21F4403141F4A9
:1023700000314164416C21F4404141F40041416429
:102380007048016821F0E0610160016841F40011CA
:102390000160016821F480310160016821F47F410E
:1023A00041F4807101608115C16067488903016053
:1023B00070472DE9F041654C60882188401A00B2D1
:1023C00003F08EFDA51D2880A0886188401A00B208
:1023D00003F086FD6880A0882188401A00B203F0CF
:1023E0007FFD4FF49672A880A4F13E01904201DA7D
:1023F000A0880AE0B5F90200904201DA608804E0A2
:10240000B5F90000904201DA2088888391F802C073
:102410000023BCF1000F23D03C48B1F91C20203030
:102420000468144404604468144444608468144498
:102430008460C4682244C2608A8C521C12B28A84AE
:10244000B2F5805F00DB8B84B1F9242094052ED196
:10245000921250F8224024124C8340F8223026E099
:102460003B4FC8780C7907EB8015B1F91C2045F873
:102470002420A2070FD100252A4607EB801600BFB3
:1024800056F82270521CD2B23D44102AF8D32A11B9
:102490001E4D25F81020401CC0B2C870102806D36D
:1024A000641CE0B2CB700871102800D30B710CF1E2
:1024B000010C4B701CF00100224A887005D0106896
:1024C00020F0FF00001D10606FE0C97808070028A9
:1024D000106820F0FF003DDB00F101003CE000004F
:1024E000580000105B0100105E0100106101001037
:1024F000640100106701001014C10720590000108A
:102500005A000010B6000010B8000010845E0010E1
:10251000B0C007202E010010380B08206A030010FD
:10252000F201001054010010D4030010D203001077
:10253000AC0100101E000010DCC00720D00000100D
:1025400000C002400040034000E100E03EC0072020
:10255000845A001000F102001060FF48036843F045
:1025600080530360036A43F080430362036E43F0C9
:1025700080630366CB07436908D043F0805343610F
:102580008B07436B05D423F0804304E023F0805392
:10259000F5E743F0804343634907416F02D421F0DC
:1025A000806101E041F080614167106840F0807017
:1025B0001060BDE8F0812DE9F041E84C6088218889
:1025C000401A00B203F08CFCA51D2880A088618809
:1025D000401A00B203F084FC6880A0882188401A69
:1025E00000B203F07DFC4FF49672A880A4F13E0186
:1025F000904201DAA0880AE0B5F90200904201DABF
:10260000608804E0B5F90000904201DA20888883F0
:102610008E780020F6B34C79D14A8CB1B1F91C30D8
:10262000156805EBA3051560556805EBA305556016
:10263000956805EBA3059560D56805EBA303D3600A
:10264000B1F91C30642B0EDA0B8C4FF4FA655B1C6D
:102650001BB20B84AB4208DB0D84106050609060AD
:10266000D060488352E0088450E0052B4ED1A4B1DD
:10267000CB8B5B1C1BB2CB83B3F5007F00DBC88325
:10268000B1F91E305D0608D1DB1152F823502D122E
:102690004D8300E00FE042F82300B1F92220962A92
:1026A00001DD04B148711F3A272A2FD24A796ABB4B
:1026B00001224A712AE0AB4FCA7891F804C007EBB7
:1026C0008214B1F91C3044F82C305FEA8C730FD1BE
:1026D0000024234607EB821555F823705B1CDBB200
:1026E0003C44102BF8D323119D4C203C24F812308D
:1026F000521CD2B2CA70102A08D30CF1010C0CF093
:10270000FF02C8700A71102A00D308714870761C45
:1027100016F00100944A887005D0106820F0FF0080
:10272000001D106032E0C97808070028106820F00A
:10273000FF0001DB401C00E0801C1060864803683D
:1027400043F080530360036A43F080430362036EE7
:1027500043F080630366CB07436908D043F080539E
:1027600043618B07436B05D423F0804304E023F0DF
:102770008053F5E743F0804343634907416F02D438
:1027800021F0806101E041F080614167106840F014
:10279000807010600DE72DE9F04F74480168744AAD
:1027A000114001606C49086840F47C700860724B0D
:1027B0000020704AB3F9003001E0401CC0B29842DA
:1027C000FBDB6E4A0020DFF8C48114786C4A714B41
:1027D000064615786B4A4FF0010B92F800C06A4A22
:1027E000127891466A4A127892466B4A16542CB176
:1027F00033F81070FF0701D002F800B02DB133F8A4
:102800001070BF0701D502F800B0BCF1000F05D071
:1028100033F810707F0701D502F800B0B9F1000F4E
:102820000ED198F819705FB998F88D7047B998F87B
:1028300001712FB9594F3F7817B9594F3F782FB1D0
:1028400033F810703F0701D502F800B0BAF1000F5D
:1028500005D033F81070FF0601D502F800B0401C17
:10286000C0B20228C2D34B481378B0F9000013B1AC
:10287000012B03D009E0000402D406E0000404D4D4
:10288000C86940F02000C86103E0886940F020007A
:10289000886140485278B0F9020012B1012A03D091
:1028A00009E0000402D406E0000404D4C86940F042
:1028B0001000C86123E5886940F0100088611EE5BA
:1028C0002DE9FF5F254E00273E3EB07A0A2807D249
:1028D000401CC0B2B0720A2802D3B7720120F07255
:1028E000B785F785CD2002F074F9D8B12D494FF6A0
:1028F000FF720868CE2808D0CF2808D0D12808D089
:10290000D22809D0D02809D00CE0F2850AE0486826
:1029100007E04868B08505E0B28503E04868B08507
:10292000C043F08500200D4960F30F043E39824614
:10293000C872009001900290487236318346087048
:102940004870887060F31F4460F30F058146864627
:102950000023094928E0000000C009203EC00720EC
:10296000A45E0010845A00100040034000C00240E2
:10297000FF00F0FFD8EC0720AC000010CE030010E1
:10298000510000105200001053000010D005082024
:1029900010C10720720100100EC107205500001061
:1029A0005600001060C00720B1F900207AE000BF97
:1029B000C3EB031101EB4316F94901EB8601CE7D10
:1029C0000396052E59D291F83A60B60655D59A422B
:1029D00053DDF44E777A7F1C7772D1F81C8008EBB8
:1029E0000A0636B2B246B1F9306006EB0B07BB46B9
:1029F0000327B3FBF7FC07FB1C3727B1012F15D0CA
:102A0000022F27D039E0E74F3044363797F800C01F
:102A10000CF1010C87F800C0009FD1F824C0674476
:102A2000009704EB080767F30F0426E0DD4F4E44E0
:102A30003637B14697F801C00CF1010C87F801C098
:102A4000019FD1F824C06744019708EB244767F33E
:102A50001F4412E0D34F76443637B64697F802C08B
:102A60000CF1010C87F802C0029FD1F824C0674422
:102A7000029705EB080767F30F0591F83A6016F027
:102A8000BF0F19D191F83B60F60715D1039E052EB3
:102A900012D291F8BB60642E02D2761C81F8BB6022
:102AA0005B1CDBB2934283DB0021DFF8F8C288466F
:102AB0000B468CF809101AE00026EFE7C3EB03166B
:102AC00006EB4317B64E06EB8707FE7D052E0CD2AC
:102AD00097F83A60B60608D59A4206DD7E6AB04499
:102AE0009CF80960761C8CF809605B1CDBB2934291
:102AF000E4DB9CF80930AC4E98FBF3F33380BAF179
:102B0000000300DA00231E46A84B1E80BBF1000321
:102B100000DA00231E46A64B1E60A24E009B3636EE
:102B2000377893FBF7F3A34F3B8023B2002B01DAF6
:102B300061F30F04A04B00281C8000DA084684468D
:102B40009E48C0F800C096F80180DDF804C09CFBE8
:102B5000F8FCA7F802C05FEA244C01D561F31F44DA
:102B600024145C80B9F1000F00DA8946C0F80490A3
:102B7000B678029C94FBF6F4BC802CB2002C01DAEF
:102B800061F30F059D80BEF1000F00DA8E468C497F
:102B9000C0F808E00988022965D18A490988002916
:102BA00061D17F49B1F93040B1F9EC502C44046057
:102BB000B1F9A841B1F96452B1F9DC632C44B1F91F
:102BC000205335442C444460D1F8D840C86920448F
:102BD0001880D1F85042D1F89401D1F8C853044478
:102BE000D1F80C032844204458804FF000042346B9
:102BF0004FEA0400C0EB001505EB401501EB85051D
:102C000095F83A60B60609D5EE7D052E06D28242C9
:102C100004DD6D6A5B1C2C4424B2DBB2401CC0B2E4
:102C20000228E7D394FBF3F00024388023460220E7
:102C3000C0EB001505EB401501EB850595F83A60F2
:102C4000B60609D5EE7D052E06D2824204DD6D6AF8
:102C50005B1C2C4424B2DBB2401CC0B20628E7D374
:102C600094FBF3F07880BDE8FF9F2DE9F047564EC6
:102C7000308800287DD000254FF00109A846484F34
:102C800071E100BFC5EB051000EB451007EB8004B8
:102C900094F83A0010F0BF0F94F83B004FEAC07070
:102CA00001D0D0B134E080BB94F84C0068B3B4F9E3
:102CB000580096280DDA401C00B2A4F85800962857
:102CC00026DB94F85A0000BB002384F85A900122B6
:102CD00017E09620A4F858001AE094F84C00A0B130
:102CE000B4F95800002811DDC01E00B2A4F8580045
:102CF00000280DDC94F85A0038B1002384F85A807B
:102D00001A465321284602F06BFC01E0A4F85880D3
:102D100094F83A00000794F84C0012D528B394F9BF
:102D20005000322821DA401C40B284F8500032288A
:102D30001BDB94F85100C0B984F851900122A369BB
:102D40000FE090B194F9500078B1401E40B284F881
:102D5000500050B994F8510038B1002384F85180E4
:102D60001A464F21284602F03BFC94F83A00C00670
:102D700000E0FDE094F84C0029D538B394F94F00F9
:102D8000322838DA401C40B284F84F00322832DB57
:102D900094F85100D0B984F851900122A36926E03B
:102DA000D8EC072000C00720E0C00720AE030010C9
:102DB000E4C00720E6010010EC0100102C070820F9
:102DC000B8000010B6000010AC00001013E090B185
:102DD00094F94F0078B1401E40B284F84F0050B9CA
:102DE00094F8510038B1002384F851801A466F21BD
:102DF000284602F0F5FB94F83A00810714D594F8C0
:102E00004C1089B194F95200322826DA401C40B2A5
:102E100084F85200322820DB94F85300E8B984F893
:102E200053900122236A14E010F0060F15D194F894
:102E30004C0090B194F9520078B1401E40B284F831
:102E4000520050B994F8530038B1002384F85380ED
:102E50001A465421284602F0C3FB94F83A00C007F2
:102E600094F84C0012D088B394F95400322824DA34
:102E7000401C40B284F8540032281EDB94F8550000
:102E8000D8B9002384F8559001220FE0F0B194F9ED
:102E9000540090B1401E40B284F8540068B994F8D0
:102EA000550050B1002384F855801A464C2128461D
:102EB00002F096FB94F84C0040B194F9560018B318
:102EC000401E40B284F8560098B11DE0FFE794F927
:102ED0005600322818DA401C40B284F856003228D6
:102EE00012DB94F8570078B9002384F85790012238
:102EF00006E094F8570038B1002384F857801A464A
:102F00004321284602F06CFB94F83B00C00794F87C
:102F10004C0012D028B394F94D00322821DA401C1D
:102F200040B284F84D0032281BDB94F84E00C0B943
:102F3000002384F84E9001220FE090B194F94D00E7
:102F400078B1401E40B284F84D0050B994F84E005C
:102F500038B1002384F84E801A464921284602F0F1
:102F60003FFB6D1CEDB2B6F900008542FFF68AAE5C
:102F7000BDE8F0872DE9F0470022DFF8FC93134607
:102F80001146FE48B0F9006023E000BFC1EB01101C
:102F900000EB411409EB840090F8514074B990F8AB
:102FA00053405CB990F8574044B990F85A402CB956
:102FB00090F8554014B990F84E4004B10122C47DF8
:102FC000052C04D290F83A00800600D50123491C54
:102FD000C9B2B142DADBEA48EA490270EA48B0F91C
:102FE00000007BB900220BE002EB4204C4EB421468
:102FF00001EB8404A47F052C00D20123521CD2B221
:103000008242F1DBE14ADFF888C3DFF890A3137056
:10301000E04A9CF80D301370E14ADF4BB2F90040F2
:10302000002210B19446654629E04FF00108012CBA
:1030300008D0D74FFD7C3F7D3D43022C0BD0032CA5
:103040000CD021E09CF8125005E000BF83F800800E
:103050001AE01A7018E0002DFBD0F7E79CF8157005
:103060003D43F8E705EB4507C7EB451701EB87073D
:10307000FF7B17B14FF0010C03E06D1CEDB2A542D0
:10308000F0DB83F800C0D0B9C64B1B88BBB100246D
:1030900023464D460EE000BFC3EB031707EB431773
:1030A00005EB870797F83B70BF0701D4012403E0C5
:1030B0005B1CDBB2B342EFDB8AF8004012E0002574
:1030C0002B460BE003EB4306C6EB431601EB8606EB
:1030D000767B0EB1012503E05B1CDBB2A342F1DB82
:1030E0008AF80050B04DB14EDFF8C4C2DFF8C48298
:1030F00010B1002423460DE02A7012E003EB4307D1
:10310000C7EB431701EB8707FF7D0FB1012403E0F5
:103110005B1CDBB28342F1DB2C7010B10024234630
:103120000EE0327013E000BF03EB4305C5EB43151F
:1031300001EB85056D7C0DB1012403E05B1CDBB266
:103140008342F1DB347010B100231A4611E08CF891
:10315000002088F800200BE702EB4204C4EB421485
:1031600001EB8404647F240601D4012303E0521C94
:10317000D2B28242F0DB8CF8003000231A460CE019
:1031800002EB4204C4EB421401EB8404647F640646
:1031900001D4012303E0521CD2B28242F0DB88F852
:1031A0000030E5E62DE9F0478148834D844E0378F1
:1031B00082482A784FF0010801784FF00009322444
:1031C000E3B1B6F9003027463E2B00D005278F42E9
:1031D0000ED9491CC9B2017020463E2B00D00520F3
:1031E000884217D10AB901F06CFE85F8008011E021
:1031F00021463E2B00D0052101700BE051B1491E44
:1032000011F0FF01017005D1012A01D101F0E7FEA3
:1032100085F8009067486C4D01786A48E1B1B6F9CD
:10322000001023463E2900D00523027893420ED990
:10323000521CD2B202703E2900D00524944205D11E
:10324000287808B901F06DFF85F8008090E63E29E6
:1032500000D0052404708BE601780029F6D0491EC1
:1032600011F0FF010170F1D12878012801D101F09E
:10327000E6FF85F800907BE6544830B4B0F90010C2
:103280000A2091FBF0F15248B0F900404048A142B9
:10329000437B90F90C2004DA4E4CB4F90040A14273
:1032A0000CDC322A18DA521C52B20273322A13DBB7
:1032B000002B11D10122427310460AE0002A0BD0E4
:1032C000521E51B20173002906D1002B04D0417364
:1032D000084630BC02F0A6BA30BC70472DE9F05F5A
:1032E0002948008800287FD1DFF8B4800125DFF865
:1032F000E8B0B8F80000394E0027254C4FF00A0915
:1033000001282BD13648BBF90030B0F90010204617
:1033100091FBF9F1827C90F90E00994203DCB6F939
:10332000003099420BDA32285EDA401C40B2A073BA
:10333000322859DB002A57D1A57401200CE000285F
:1033400052D0401E40B2A07300284DD1002A4BD06D
:103350000022A7741146104602F081FB1048B0F914
:103360000000022801D003283ED1DFF87880B8F9A8
:10337000001091FBF9F138E0D8EC0720AC00001008
:10338000CE030010D0050820B60000105400001035
:1033900000C0072051000010520000105300001020
:1033A000B8000010BA0000105500001056000010C0
:1033B00010C1072011C107205F030010CF030010C8
:1033C00026010010D003001099C007202E01001024
:1033D000A6000010A80000109E000010A000001021
:1033E000E0C00720E601001085E0BBF90000814243
:1033F00003DCB6F9000081420EDA94F90F0032289E
:1034000019DA401C40B2E073322814DBE07C90B93A
:103410000122E57410460CE094F90F0058B1401EEB
:1034200040B2E07338B9E07C28B10021E774012292
:10343000084602F014FBB8F90210BBF9000091FB3A
:10344000F9F1CA46D946814203DCB6F9000081424F
:103450000EDA94F91000322819DA401C40B22074B8
:10346000322814DB207D90B90222257501200CE062
:1034700094F9100058B1401E40B2207438B9207D34
:1034800028B1002127750222084602F0E8FAFE481A
:10349000008803282FD1B8F90410B9F9000091FB76
:1034A000FAF1814203DCB6F9000081420FDA94F9A7
:1034B000110032281FDA401C40B2607432281ADB37
:1034C000607D002817D10322657501200FE094F973
:1034D000110000280FD0401E40B2607400280AD1AD
:1034E000607D002807D00322002167750846BDE8EB
:1034F000F05F02F0B4BABDE8F09F2DE9F05FE34859
:1035000000260088002878D0DFF87CA3BAF80000F5
:10351000032800D10126DE4FDE4C4FF00109388828
:103520004FF000083E2851D0DB4822460378D17C7A
:1035300092F9120092F820206BB1F2B105281CDA42
:10354000401C40B2A074052817DBB1B9002384F8F1
:10355000139001220AE082B178B1401E40B2A074FB
:1035600058B951B1002384F813801A464D21002028
:1035700002F083FB38883E2828D0C848007800280D
:1035800094F8200010D008B394F9140005281DDA2F
:10359000401C40B22075052818DB607DB0B90023BF
:1035A00084F8159001220DE080B194F9140068B1FF
:1035B000401E40B2207548B9607D38B1002384F8C0
:1035C00015801A466D21002002F057FB00254FF0B0
:1035D0000A0B16E238883E287AD0F5BBB04800784E
:1035E00060B194F82010204659B390F9161041B3F9
:1035F000491E49B28175B1B123E007E294F8200079
:103600002146F0B191F916000A281ADA401C40B29E
:1036100088750A2815DBC87D98B9002384F81790AF
:103620003046012206E0C17D59B1002384F817809D
:1036300030461A46662102F020FB38883E2847D0E3
:103640005DB9984894F820100078002820460AD0E8
:1036500019B190F9101001B100E023E0491E49B200
:10366000017491B11EE0E9B190F910100A2919DA3C
:10367000491C49B201740A2914DB417C91B9002329
:1036800084F811903046012206E0417C51B10023BC
:1036900084F8118030461A46462102F0EEFA388846
:1036A0003E2815D08048405D002805EB4500C0EB62
:1036B000451004EB800090F820104CD0F1B390F945
:1036C0000E10D9B3491E49B28173C1B364E0FFE75C
:1036D00005EB4500C0EB451004EB8000B0F902207B
:1036E00092FBFBF1714AB2F90020914204DA704B6F
:1036F000B3F90030994211DC90F8203073B190F9A1
:103700000E20322A5DDA521C52B28273322A58DB02
:10371000C27BEABB80F80F900BB22FE0914250DAE7
:10372000634AB2F9002091424BDD90F8201079B342
:1037300090F90E1061B3491E49B201E02CE028E077
:10374000817329BBC17B19B380F80F80A8190023AE
:10375000C0B21A4615E0F9B190F90E100A291BDA29
:10376000491C49B281730A2916DBC17BA1B980F8D3
:103770000F90B0F9021091FBFBF003B2A819C0B290
:1037800001224F2102F079FA38883E2819D003E04F
:1037900017E0C17B0029D7D14648405D002805EBE2
:1037A0004500C0EB451004EB800090F820104CD091
:1037B000F1B390F90C10D9B3491E49B20173C1B3EA
:1037C00081E005EB4500C0EB451004EB8000B0F94B
:1037D000082092FBFBF1384AB2F90020914204DA4A
:1037E000364BB3F90030994211DC90F8203073B1B8
:1037F00090F90C20322A71DA521C52B20273322A2A
:103800006CDB427BF2BB80F80D900BB230E0914252
:1038100064DA2A4AB2F9002091425FDD90F8201064
:1038200081B390F90C1069B3491E49B2017301E0EC
:1038300029E045E031BB417B21B300BF80F80D801A
:10384000A8190023C0B21A4615E0E1B190F90C1096
:103850000A2938DA491C49B201730A2933DB417B52
:1038600089B980F80D90B0F9081091FBFBF003B214
:10387000A819C0B201224E2102F0FFF938883E2873
:103880002CD020E02AE01EE0B8000010B6000010A6
:1038900026010010D00508205A0000105900001021
:1038A00064010010670100105B0100109E00001011
:1038B000A00000105E010010A2000010A400001083
:1038C000417B0029BAD1FF48405D002805EB450047
:1038D000C0EB451004EB80003FD02CE005EB450029
:1038E000C0EB451004EB8000B0F90A2092FBFBF11D
:1038F000F54AB2F90030994204DAF44AB2F90020EC
:10390000914211DC90F8202072B190F91820322AEF
:103910003EDA521C52B20276322A39DB427EBABB00
:1039200080F819900BB22DE0994231DAE74AB2F9EA
:10393000002091422CDD90F8201049B390F9181026
:1039400031B3491E49B20176D1B321E080F8198024
:10395000A8190023C0B21A4617E090F82010B9B198
:1039600090F918100A2913DA491C49B201760A297C
:103970000EDB417E61B980F81990B0F90A1091FB15
:10398000FBF003B2A819C0B20122492102F075F977
:1039900005EB4500C0EB451004EB8000417F890733
:1039A00090F8201018D551B390F91A10322926DA60
:1039B000491C49B28176322921DBC17E29B11EE042
:1039C000FFE7417E0029C1D1E2E780F81B90037F29
:1039D000A819C0B201220FE089B190F91A1071B193
:1039E000491E49B2817651B9C17E41B180F81B8030
:1039F000A8190023C0B21A46542102F03EF96D1CEA
:103A0000EDB2BAF900008542FFF6E4AD73E570B59A
:103A1000044607220121AE4801F007F9C4EB041067
:103A200000EB4411AB4800EB8105AB4895F83D1025
:103A300095F83A20514000D041700A4000D0827081
:103A400001EA0203DB071ED0C178491CC17034B102
:103A5000012C09D0022C0CD0032C0FD0E4E0012360
:103A60001A460E219DA0DDE0012302220E21A2A014
:103A7000D8E0012303220E21A6A0D3E001230422D3
:103A80000E21ABA0CEE08B0720D593071ED5C178C1
:103A9000491CC17034B1012C09D0022C0CD0032C6C
:103AA0000FD0C1E0022301220E21A8A0BAE0022318
:103AB0001A460E21ACA0B5E0022303220E21B1A0CC
:103AC000B0E0022304220E21B5A0ABE04B0720D5C5
:103AD00053071ED5C178491CC17034B1012C09D0DF
:103AE000022C0CD0032C0FD09EE0032301220E21C8
:103AF000B2A097E0032302220E21B7A092E0032395
:103B00001A460E21BBA08DE0032304220E21C0A083
:103B100088E00B0720D513071ED5C178491CC1705A
:103B200034B1012C09D0022C0CD0032C0FD07BE037
:103B3000042301220E21BDA074E0042302220E21E1
:103B4000C3A06FE0042303220E21CAA06AE004236D
:103B50001A460E21D0A065E0CB0620D5D3061ED58F
:103B6000C178491CC17034B1012C09D0022C0CD091
:103B7000032C0FD058E0052301220E21CFA051E0E5
:103B8000052302220E21D6A04CE0052303220E219C
:103B9000DCA047E0052304220E21E3A042E08B06CF
:103BA00020D593061ED5C178491CC17034B1012CB3
:103BB00009D0022C0CD0032C0FD035E006230122B3
:103BC0000E21E2A02EE0062302220E21E8A029E029
:103BD000062303220E21EFA024E0062304220E2157
:103BE000F5A01FE001B3FAB9C178491CC17034B126
:103BF000012C09D0022C0CD0032C0FD014E0002390
:103C000001220E21F5A00DE0002302220E21F8A0D2
:103C100008E0002303220E21FAA003E0002304227F
:103C20000E21FDA020F02CF915F83A0FE87070BDB8
:103C300070B5FE490020FE4DB1F90C20012103466C
:103C400001FA00F4224201D0295400E02B54401C18
:103C5000C0B20C28F4D3F74C2878F74E2178814273
:103C60000CD0B6F90010012908DB012825D000236B
:103C700001220B21F1A000BF20F002F961786878E1
:103C800081420BD0B6F90010022907DB012815D0BC
:103C9000002302220B21EEA020F0F2F8A178A878F0
:103CA00081420CD0B6F90010032908DB012807D0A7
:103CB000002303220B21EBA0DEE147E24BE2DDE132
:103CC0004EE2000061010010A2000010A4000010EC
:103CD0001D000010D8EC072039C00720496E76651A
:103CE00072746F7220233120416C61726D2C206FD1
:103CF0007665726C6F616400496E766572746F727E
:103D000020233220416C61726D2C206F7665726CBD
:103D10006F616400496E766572746F722023332080
:103D2000416C61726D2C206F7665726C6F616400FE
:103D3000496E766572746F7220233420416C617213
:103D40006D2C206F7665726C6F616400496E7665CC
:103D500072746F7220233120416C61726D2C206F60
:103D60007665726865617400496E766572746F720B
:103D700020233220416C61726D2C206F7665726851
:103D800065617400496E766572746F72202333200A
:103D9000416C61726D2C206F76657268656174008C
:103DA000496E766572746F7220233420416C6172A3
:103DB0006D2C206F7665726865617400496E76655A
:103DC00072746F7220233120416C61726D2C2069F6
:103DD00073207761726D0000496E766572746F7240
:103DE00020233220416C61726D2C20697320776131
:103DF000726D0000496E766572746F7220233320F5
:103E0000416C61726D2C206973207761726D0000C6
:103E1000496E766572746F7220233420416C617232
:103E20006D2C206973207761726D0000496E766594
:103E300072746F7220233120416C61726D2C207678
:103E40006F6C7461676520697320757000000000F5
:103E5000496E766572746F7220233220416C6172F4
:103E60006D2C20766F6C74616765206973207570A6
:103E700000000000496E766572746F722023332053
:103E8000416C61726D2C20766F6C7461676520697E
:103E90007320757000000000496E766572746F7251
:103EA00020233420416C61726D2C20766F6C74611C
:103EB000676520697320757000000000496E7665A3
:103EC00072746F7220233120416C61726D2C2076E8
:103ED0006F6C7461676520697320646F776E000092
:103EE000496E766572746F7220233220416C617264
:103EF0006D2C20766F6C7461676520697320646F28
:103F0000776E0000496E766572746F7220233320DD
:103F1000416C61726D2C20766F6C746167652069ED
:103F20007320646F776E0000496E766572746F72ED
:103F300020233420416C61726D2C20766F6C74618B
:103F4000676520697320646F776E0000496E76653F
:103F500072746F7220233120416C61726D2C206F5E
:103F60007574707574206973206F666665640000EF
:103F7000496E766572746F7220233220416C6172D3
:103F80006D2C206F7574707574206973206F666670
:103F900065640000496E766572746F722023332069
:103FA000416C61726D2C206F75747075742069732B
:103FB000206F666665640000496E766572746F7284
:103FC00020233420416C61726D2C206F75747075E4
:103FD00074206973206F666665640000496E7665BB
:103FE00072746F72202331206973206E6F726D00BE
:103FF000496E766572746F72202332206973206E69
:104000006F726D00496E766572746F722023332073
:104010006973206E6F726D00496E766572746F728F
:10402000202334206973206E6F726D00345F00109E
:10403000B00B0820485F0010B20000104176746F8A
:104040006D6174202331206973204F4646000000C3
:104050004176746F6D6174202332206973204F465E
:10406000460000004176746F6D617420233320692F
:1040700073204F46460000001FF002FFE178E87809
:1040800081420BD0B6F90010042907DB01286CD05F
:10409000002304220B21F6A01FF0F2FE21792879DB
:1040A00081420BD0B6F90010052907DB012861D049
:1040B000002305220B21F3A01FF0E2FE617968794D
:1040C00081420BD0B6F90010062907DB012856D033
:1040D000002306220B21F0A01FF0D2FEA179A879BF
:1040E00081420BD0B6F90010072907DB01284BD01D
:1040F000002307220B21EDA01FF0C2FEE179E87931
:1041000081420BD0B6F90010082907DB012840D006
:10411000002308220B21EAA01FF0B2FE217A287AA0
:1041200081420BD0B6F90010092907DB012835D0F0
:10413000002309220B21E7A01FF0A2FE0020295C2A
:104140002154401CC0B20C28F9D370BD01231A467B
:104150000B21E5A090E5012302220B21E7A09BE5BE
:10416000012303220B21EAA0A6E5012304220B214F
:10417000ECA091E7012305220B21EFA09CE701238E
:1041800006220B21F1A0A7E7012307220B21F4A0AF
:10419000B2E7012308220B21F6A0BDE70123092283
:1041A0000B21F9A0C8E72DE9F041FC4FFC48FD4C7C
:1041B000B7F90010B0F90020B4F90000914202DD17
:1041C00000F1010002E002DAA0F1010020800622E5
:1041D0000021F44800F034FDB4F90010F248012643
:1041E000052900DD06700024012900DA0470EF487B
:1041F000B7F90010EF4DB0F90020ED48931E994239
:104200000BDA90F900201E2A16DA521C52B2027004
:104210001E2A11DB2A88521E0CE091420BDD90F918
:1042200000201E2A08DA521C52B202701E2A03DB3A
:104230002A88521C2A800470DF48B846B0F9000072
:10424000814201DD142203E0DC480088093002B21B
:104250000021D84800F0F4FCF02000F0BAFC28B1AE
:10426000D7480168F12901D140682880B5F90010CC
:10427000D448012901DC067000E00470D248D34F15
:10428000B0F90000A0F1320128291BD8B8F90010BC
:10429000CF4D814202DD2888401C2880CD48B0F9EE
:1042A0000000814202DA2888401E28800622002170
:1042B000C74800F0C5FCB5F90000052800DD3E70D8
:1042C000012800DA3C70C448C44FB0F90000A0F1E6
:1042D00032011E291BD8B8F90010C14D814202DD00
:1042E0002888401C2880BF48B0F90000814202DACB
:1042F0002888401E288006220021B94800F0A0FC32
:10430000B5F90000052800DD3E70012800DA3C7098
:10431000BDE8F081F8B5B44C0021A0790A2807D295
:10432000401CC0B2A0710A2802D3A17101202072E2
:10433000E079052805D2401CC0B2E071052800D103
:10434000E171BE2000F045FCA84928B19C480268F4
:10435000BF2A5BD1406858E0207A88B3A44A10781D
:10436000552805D05078552802D0A24800884CE046
:10437000A14D00204FF0140C6B466FF01307165C34
:10438000552E0FD023F81070401CC0B20228F6D36F
:10439000BDF90030BDF902209848934215DD1A4658
:1043A000036013E000EB400606EB001605EB860603
:1043B00096F80CE0BEF1000F03D023F810C0E3E73D
:1043C00024E0768923F81060DEE702608C4B002A37
:1043D00002DAB3F9000012E0282A01DD2822026087
:1043E000884AB3F900300068B2F90020D21A02EB13
:1043F000820252004243C82092FBF0F01844A27D92
:10440000022A02D18048B0F900000880B1F900000A
:1044100062214143642291FBF2F17C4B19806621B9
:10442000484390FBF2F07A490880F8BD2DE9F05F2F
:10443000794E002077494FF0010A8146774DB6F951
:10444000003002E1764A774C125C34F91220B2F562
:10445000FA6F0A5609DA0A2A08DA521C52B20A54CA
:104460000A2A01DB05F800A0EDE0E0E0DCE0000056
:104470004176746F6D6174202334206973204F4638
:10448000460000004176746F6D6174202335206909
:1044900073204F46460000004176746F6D617420B2
:1044A0002336206973204F46460000004176746F22
:1044B0006D6174202337206973204F464600000049
:1044C0004176746F6D6174202338206973204F46E4
:1044D000460000004176746F6D61742023392069B5
:1044E00073204F46460000004176746F6D61742062
:1044F0002331206973204F4E200000004176746FF5
:104500006D6174202332206973204F4E200000001B
:104510004176746F6D6174202333206973204F4E90
:10452000200000004176746F6D617420233420698F
:1045300073204F4E200000004176746F6D6174202F
:104540002335206973204F4E200000004176746FA0
:104550006D6174202336206973204F4E20000000C7
:104560004176746F6D6174202337206973204F4E3C
:10457000200000004176746F6D617420233820693B
:1045800073204F4E200000004176746F6D617420DF
:104590002339206973204F4E200000004001001095
:1045A00078000010CA03001098C007207A0000109D
:1045B00096C007204E0100107C000010480100103A
:1045C00060C007205D0300108200001097C0072024
:1045D0000CC10720840000107E0000105E03001054
:1045E000CC0300108000001000C00720BC030010A6
:1045F000BE000010BCC0072040EC0720FCC0072014
:10460000B2C00720760300107C030010BE03001028
:10461000F8C00720B4030010B00000106A010010B9
:1046200013DB0200845E00100A220A540BE0002A09
:1046300007DB521E52B20A54002A04DC05F800902F
:1046400001E001F80090401CC0B29842FFF6FAAEBB
:104650000024DFF8FCB3FF4FDFF8FC8372E0FF4873
:1046600030F814000028285D01D078B101E001285D
:104670000CD01BF90410002919DB491E49B20BF8B4
:104680000410002915DC07F8049012E01BF904005F
:104690000A2808DA401C40B20BF804000A2808DB9C
:1046A00007F804A005E00A200BF8040001E00BF86D
:1046B000049018F80410385D81423ED0E84AD18C4D
:1046C000491CD184012807D014B3012C25D0022C19
:1046D00028D0032C2BD030E034B1012C09D0022C8F
:1046E0000CD0032C0FD028E001231A460F21DDA0A7
:1046F00021E0012302220F21DDA01CE0012303227F
:104700000F21DEA017E0012304220F21DEA012E01A
:10471000002301220F21DFA00DE0002302220F2140
:10472000E1A008E0002303220F21E4A003E000231E
:1047300004220F21E6A01FF0A3FB385D08F8040057
:10474000641CE4B2B6F90000844288DBE548A0F8B6
:104750000090297851B1012906D1697801290BD03F
:10476000002901D103210180BDE8F09F697801296A
:10477000FAD1A0F800A0F7E70221F4E7DA49DB4A12
:104780000120087010704870507070472DE9F05F7C
:10479000D848DFF864E3DFF858C3B0F90070BEF919
:1047A0000000AF4CC0EB0011BCF902506FF01D0AC5
:1047B0006FF0950B0026DFF83083B4F92A000AEB7E
:1047C00081020BEB8103BD4204DCCC4FB7F90070D2
:1047D000BD4205DA824203DD834201DA88F80060D7
:1047E000C74DE146BCF908C0B5F90050BF4FBCEB5E
:1047F000450F03DC6D42BCEB450F04DA824202DD5B
:10480000834200DA3E706FF0090202EB81017546C7
:10481000814220D1A07DF0B998F8000001281AD17A
:104820003878012817D14FF4D67021F067F8B549D0
:10483000B1F9001088420ED0B348008858B199F8F9
:104840003D00C00707D14FF4D67021F001F8AF4802
:104850000178491C0170A749B9F902204846B1F90D
:1048600000108A4206DCA549B0F94E20B1F90010CB
:104870008A420FDAB5F90010B4F92A20C1EB011110
:104880000AEB8103934205DD0BEB8101914201DAD2
:1048900088F801609A49B9F95400B1F90010B0EBF9
:1048A000410F03DC4942B0EB410F0EDAB5F90000CD
:1048B000B4F92A10C0EB00100AEB80028A4204DD32
:1048C0000BEB8000884200DA7E70B5F90000C0EB87
:1048D00000116FF0090000EB8100B4F92A10884242
:1048E00022D1A07D00BB98F8010001281CD1787866
:1048F000012819D14FF4E576304620F0FFFF02463B
:104900008048B0F902108A420ED07F480088022801
:104910000AD199F88900C00706D1304620F098FFE7
:104920007A480178491C0170B5F900006FF0010167
:10493000C0EB001001EB8000B4F92A10884202D1CC
:10494000BDE8F05F1AE70FE72DE9F04F7048DFF898
:104950001081714903786F4898F90020B1F900106F
:10496000B0F900004FF0000E4FF0010B23B1022B05
:1049700023D0012B31D01EE0684E5D4B3478777820
:10498000B3F90A5093F80CC0B3F9566093F8583055
:1049900022B1012A11D1552C16D110E0552C04D189
:1049A000854208DCBCF1000F05D1552F05D18642A8
:1049B00001DC002B01D088F800B0BDE8F08F8D42FB
:1049C000FBDABCF1000FF8D1552F03D18E42F4DA97
:1049D000002BF2D188F800E0EFE7524C504BB4F9CD
:1049E0000050B4F90260AA464F4DB3F90030B4F953
:1049F0000440D5E900C7AD68B9468BB18245DADC21
:104A0000BCF1000FD7D1012B04DD8642D3DCB9F114
:104A1000000FD0D1022B03DD8442CCDC002DCAD1A3
:104A2000012ACAD1002BD5D08A45C6DABCF1000FC5
:104A3000C3D1022B04DB8E42BFDAB9F1000FBCD127
:104A4000032BC7DB8C42B8DA002DC3D0B5E70000DA
:104A5000F1C007206E010010B80300101002001012
:104A600000C00720534B20233120416C61726D0040
:104A7000534B20233220416C61726D00534B202335
:104A80003320416C61726D00534B20233420416C04
:104A900061726D00534B20233120416C61726D2097
:104AA0006973206F66660000534B20233220416CEF
:104AB00061726D206973206F66660000534B20237E
:104AC0003320416C61726D206973206F666600004F
:104AD000534B20233420416C61726D206973206F29
:104AE00066660000F6C0072000C10720C003001062
:104AF00040EC0720F8C00720BEC00720BE0300100E
:104B0000B8C0072090010010AA000010C2030010D6
:104B10008A03001088030010C6C00720BE000010E2
:104B2000AE000010F2010010380B082070B5374AB3
:104B30000020A2F11401064601F10A030C5C54B1F5
:104B40001D5CAC4207D1145C2CB1641E14F0FF0450
:104B5000145400D10E540C5C1C54401CC0B20A28E2
:104B6000ECD370BD70B5294D0024143D641CE4B233
:104B70002E5D1EB1864201D00A2CF7D3285523485A
:104B80000C3040F82410283040F8242034380355E5
:104B900070BD1E4A0021143A491CC9B2535C8342BD
:104BA00001D00A29F8D3DBB2834210D117480C3068
:104BB00050F8213016480360144B343353F8213039
:104BC000436000205054114A505401207047002087
:104BD00070470E4A0021143A491CC9B2535C834203
:104BE00001D00A29F8D3DAB282420CD107480C303E
:104BF00050F8212006480260044A343252F821104D
:104C0000416001207047002070470000D85E00100E
:104C100060C0072090F900308B4200DA027090F9F2
:104C20000030934200DD0170704790F900308B42F4
:104C300000DA017090F90010914200DD02707047B7
:104C4000B0F900308B4200DA0180B0F900109142D7
:104C500000DD02807047B0F900308B4200DA02803C
:104C6000B0F90030934200DD0180704703688B4249
:104C700001DB194600E00160914200DD02607047EF
:104C800003688B4200DA02600368934200DD016032
:104C90007047000070B5FF480278FF48016812B104
:104CA00041F0010101E021F0010101600021FB4C14
:104CB0005FF0010301EB410202EB011204EB8202FF
:104CC00092F83D20D20706D04D1C03FA05F2056884
:104CD0009543154304E04A1C056803FA02F2954324
:104CE000491CC9B205600229E4D32946EA4D0022D5
:104CF0001435AC5C34B102F10F0603FA06F4A1439B
:104D0000214304E002F10F0403FA04F4A143521C0E
:104D1000D2B2062AEDD3E24D00220160AC5C012C38
:104D20002FD002F1190403FA04F4A143521CD2B2A9
:104D3000042AF3D30160836821EA0302C260446855
:104D40001443D84A4460158815B124F000744460B7
:104D500054881CB1446824F08064446094881CB179
:104D6000446824F000644460D2881AB1426822F09A
:104D7000805242608B43DA43CB4B02611B883BB1CC
:104D800009E002F1190603FA06F4A1432143CDE735
:104D900062F001020261036942681A40C0E9012120
:104DA00070BDF8B54FF46065284620F0A7FD401CA3
:104DB00004463F2800D9002421B2284620F048FDAF
:104DC00040F60266304620F099FD3F2800D020468C
:104DD00001B2304620F03CFD284620F08FFD4FF414
:104DE000806101EB401555208DF8000000248DF8FE
:104DF000014052208DF802008DF803406946284694
:104E000020F053FF6946281D009420F04EFFA74E66
:104E1000308B8DF80000307D8DF80100307A8DF8F0
:104E200002008DF80340694605F1080020F03DFFBF
:104E300030798DF8000030789D4E8DF80100306893
:104E40008DF802008DF80340694605F10C0020F052
:104E50002CFF41248DF800408DF801408DF8024070
:104E60008DF80340694605F1100020F01EFF8DF813
:104E700000408DF801408DF802408DF803406946EE
:104E800005F1140020F011FF8DF800408DF801406D
:104E90008DF802408DF80340694605F1180020F0B6
:104EA00004FF8DF800408DF801408DF802408DF828
:104EB0000340694605F11C0020F0F7FEFF2030603A
:104EC000F8BDF8B54FF46065284620F017FD401C8A
:104ED00004463F2800D9002421B2284620F0B8FC1F
:104EE00040F60266304620F009FD3F2800D02046FB
:104EF00001B2304620F0ACFC284620F0FFFC4FF415
:104F0000806101EB4010054657208DF80000002617
:104F10008DF801604E208DF802008DF8036069461F
:104F2000284620F0C2FE6946281D009620F0BDFEEE
:104F3000604CA08B8DF80000207E8DF80100207B56
:104F40008DF802008DF80360694605F1080020F035
:104F5000ACFE207A8DF8000020798DF801002078D1
:104F60008DF802008DF80360694605F10C0020F011
:104F70009CFE41248DF800408DF801408DF80240E0
:104F80008DF80340694605F1100020F08EFE8DF883
:104F900000408DF801408DF802408DF803406946CD
:104FA00005F1140020F081FE8DF800408DF80140DD
:104FB0008DF802408DF80340694605F1180020F095
:104FC00074FE8DF800408DF801408DF802408DF898
:104FD0000340694605F11C0020F067FEF8BDF8B5F6
:104FE0004FF46065284620F089FC401C04463F28A9
:104FF00000D9002421B2284620F02AFC40F602669F
:10500000304620F07BFC3F2800D0204601B23046DD
:1050100020F01EFC284620F071FC4FF4806101EB6B
:105020004010054657208DF8000000268DF80160DD
:1050300049208DF802008DF803606946284620F06B
:1050400034FE6946281D009620F02FFE194CA08BD7
:105050008DF80000207E8DF80100207B8DF8020085
:105060008DF80360694605F1080020F01EFE207AE5
:105070008DF8000020798DF8010020788DF802006D
:105080008DF80360694605F10C0020F00EFE412406
:1050900012E00000F0C007207CC0072040EC072091
:1050A0006E01001020020010720000102440024027
:1050B00080C10F40204002408DF800408DF8014033
:1050C0008DF802408DF80340694605F1100020F08C
:1050D000ECFD8DF800408DF801408DF802408DF810
:1050E0000340694605F1140020F0DFFD8DF8004013
:1050F0008DF801408DF802408DF80340694605F1B6
:10510000180020F0D2FD8DF800408DF801408DF898
:1051100002408DF80340694605F11C0020F0C5FDF2
:10512000F8BDF8B54FF46065284620F0E7FB401C59
:1051300004463F2800D9002421B2284620F088FBED
:1051400040F60266304620F0D9FB3F2800D02046CA
:1051500001B2304620F07CFB284620F0CFFB4FF414
:10516000806101EB4010054654208DF800000026B8
:105170008DF801604E208DF802008DF803606946BD
:10518000284620F092FD6946281D009620F08DFDEE
:10519000FF4CA08B8DF80000207E8DF80100207B55
:1051A0008DF802008DF80360694605F1080020F0D3
:1051B0007CFD207A8DF8000020798DF801002078A0
:1051C0008DF802008DF80360694605F10C0020F0AF
:1051D0006CFD41248DF800408DF801408DF80240AF
:1051E0008DF80340694605F1100020F05EFD8DF852
:1051F00000408DF801408DF802408DF8034069466B
:1052000005F1140020F051FD8DF800408DF80140AB
:105210008DF802408DF80340694605F1180020F032
:1052200044FD8DF800408DF801408DF802408DF866
:105230000340694605F11C0020F037FDF8BDF8B5C4
:105240004FF46065284620F059FB401C04463F2877
:1052500000D9002421B2284620F0FAFA40F602666E
:10526000304620F04BFB3F2800D0204601B23046AC
:1052700020F0EEFA284620F041FB4FF4806101EB6C
:105280004010054654208DF8000000268DF801607E
:1052900049208DF802008DF803606946284620F009
:1052A00004FD6946281D009620F0FFFCB84CA08B39
:1052B0008DF80000207E8DF80100207B8DF8020023
:1052C0008DF80360694605F1080020F0EEFC207AB5
:1052D0008DF8000020798DF8010020788DF802000B
:1052E0008DF80360694605F10C0020F0DEFC4124D6
:1052F0008DF800408DF801408DF802408DF8034094
:10530000694605F1100020F0D0FC8DF800408DF8C2
:1053100001408DF802408DF80340694605F1140004
:1053200020F0C3FC8DF800408DF801408DF802405C
:105330008DF80340694605F1180020F0B6FC8DF8A1
:1053400000408DF801408DF802408DF80340694619
:1053500005F11C0020F0A9FCF8BD2DE9F8438C4DA7
:105360008C4A203D00262F154FF46061012802D0A1
:1053700000287DD031E1012010708846084620F0D9
:10538000BDFA401C04463F2800D9002421B2404603
:1053900020F05EFA40F60269484620F0AFFA3F2856
:1053A00000D0204601B2484620F052FA404620F094
:1053B000A5FA07EB401750208DF800008DF801602A
:1053C00041248DF802408DF803606946384620F08C
:1053D0006CFC6946381D009620F067FC05F120053D
:1053E000A88B8DF80000287E8DF80100287B8DF8B1
:1053F00002008DF80360694607F1080020F055FCB3
:10540000287A8DF8000028798DF8010028788DF829
:1054100002008DF80360694607F10C0020F045FC9E
:105420008DF800408DF801408DF802408DF8034062
:10543000694607F1100020F038FC8DF800408DF827
:1054400001408DF802408DF80340694607F11400D1
:1054500020F02BFC8DF800408DF801408DF80240C3
:105460008DF80340694607F1180020F01EFC00E0AB
:1054700011E08DF800408DF801408DF802408DF864
:105480000340694607F11C0020F00FFC00230122B5
:10549000022141A09FE045481670B046026822F004
:1054A00001020260424A12881AB1426822F00102E7
:1054B0004260084620F022FA064634464FEA0709C1
:1054C00009EB44176946384620F0F1FA9DF80000D0
:1054D000502822D19DF80100F8B99DF8020041281A
:1054E0001BD105E0641E00E03F24B442E8D174E023
:1054F000694607F1100020F0DAFA9DF80000412813
:105500000BD19DF80100412807D19DF802004128E8
:1055100003D19DF80300412802D0002CE4D0E1E73C
:1055200005F12005A88B8DF80000287E8DF801007C
:10553000287B8DF8020044468DF80380694607F108
:10554000100020F0B2FB287A8DF8000028798DF841
:10555000010028788DF802008DF80340694607F1B4
:10556000140020F0A2FB1348422401788DF80010AB
:1055700040788DF801008DF802408DF803406946AF
:1055800007F1180020F091FB8DF8004014E00000B6
:1055900020400240F0C007204D61696E20706F7797
:1055A0006572206973206F66660000007CC007206A
:1055B00072000010EEC007208DF801408DF8024007
:1055C0008DF80340694607F11C0020F06EFB0123B3
:1055D0001A460221FFA01EF053FC00BFBDE8F8836D
:1055E0002DE9F84F4F2581461C464F2912D06F29CF
:1055F0000FD0432908D054290BD0492909D04C2970
:1056000007D0532905D005E00D46F7490F20088043
:1056100000E00D46DFF8D4A34FF460604FF4806BD8
:10562000012A13D0002A7DD120F068F984B2A04667
:105630005FF000070BEB441086B26946304620F05D
:1056400036FA9DF8000049286DD17BE0074620F02E
:1056500055F9401C86B23F2E00D9002631B238469B
:1056600020F0F6F840F60268404620F047F980B294
:105670003F2800D0304601B2404620F0E9F83846D5
:1056800020F03CF90BEB401086B249208DF8000069
:105690008DF801908DF8025000258DF80350694671
:1056A000304620F002FB8DF8004020128DF80100FA
:1056B0008DF802508DF803506946301D20F0F5FA40
:1056C000BAF83C000AF120048DF80000207E8DF825
:1056D0000100207B8DF802008DF80350694606F129
:1056E000080020F0E2FA207A8DF8000020798DF889
:1056F000010020788DF802008DF80350694606F10C
:105700000C0020F0D2FA41248DF800408DF80140C1
:105710008DF802408DF80340694606F1100020F034
:10572000C4FA01E06DE07AE08DF800408DF80140A8
:105730008DF802408DF80340694606F1140020F010
:10574000B4FA44E09DF80110494568D19DF8020083
:10575000A84264D1694606F1100020F0A8F99DF82E
:10576000000041285BD14EE0641EA4B200E03F245B
:10577000444546D07F1CFFB23F2FFFF45BAF002EA5
:105780003FD0BAF83C000AF120048DF80000207EDA
:105790008DF80100207B8DF802004FF000058DF898
:1057A0000350694606F1100020F07FFA207A8DF848
:1057B000000020798DF8010020788DF802008DF826
:1057C0000350694606F1140020F06FFA42248DF868
:1057D00000408DF801408DF802408DF80340694685
:1057E00006F1180020F061FA8DF800408DF80140B4
:1057F0008DF802408DF80340694606F11C0020F048
:1058000054FABDE8F88F9DF80100412807D19DF8B2
:105810000200412803D19DF803004128AAD0002CA2
:10582000A5D0A1E72DE9F84F0E465521DFF8BCB110
:1058300088464FF000094FF460674FF480650128F7
:1058400014D000287ED1384620F058F887B23C4664
:105850000026AA460AEB441085B26946284620F085
:1058600026F99DF8000044286DD17BE0384620F0F1
:1058700045F8401C84B23F2C00D9002421B23846A0
:105880001FF0E6FF40F6026A504620F037F880B27B
:105890003F2800D0204601B250461FF0D9FF3846BD
:1058A00020F02CF805EB401085B244208DF8000064
:1058B0008DF801908DF802804C468DF80390694672
:1058C000284620F0F2F98DF8006030128DF80100C2
:1058D0008DF802408DF803406946281D20F0E5F957
:1058E000BBF83C000BF120068DF80000307E8DF8EF
:1058F0000100307B8DF802008DF80340694605F108
:10590000080020F0D2F9307A8DF8000030798DF857
:10591000010030788DF802008DF80340694605F1EA
:105920000C0020F0C2F941248DF800408DF80140B0
:105930008DF802408DF80340694605F1100020F013
:10594000B4F901E07BE044E08DF800408DF80140BF
:105950008DF802408DF80340694605F1140020F0EF
:10596000A4F952E09DF8010098BB9DF80210414552
:1059700072D1694605F1100020F099F89DF80000F9
:10598000412869D15CE0641EA4B200E03F24BC421F
:1059900055D0761CF6B23F2EFFF45CAF002D4ED0F2
:1059A000BBF83C000BF120048DF80000207E8DF840
:1059B0000100207B8DF802004E468DF80390694669
:1059C00005F1100020F071F9207A8DF8000020799F
:1059D0000EE041E04D61696E20706F77657220695D
:1059E00073206F6E00000000700000100040024045
:1059F0008DF8010020788DF802008DF8036069466B
:105A000005F1140020F051F942248DF800408DF882
:105A100001408DF802408DF80340694605F11800F9
:105A200020F043F98DF800408DF801408DF80240D8
:105A30008DF80340694605F11C0020F036F9E0E6D8
:105A40009DF80100412807D19DF80200412803D1AB
:105A50009DF8030041289CD0002C97D093E72DE9B6
:105A6000F84F0E465521DFF844A4914688464FF47E
:105A700060654FF4806B012814D000287ED1284641
:105A80001FF03CFF87B23C465FF000060BEB441072
:105A900085B26946284620F00AF89DF800004F2894
:105AA0006DD17BE028461FF029FF401C84B23F2CBB
:105AB00000D9002421B228461FF0CAFE40F6026732
:105AC00038461FF01BFF80B23F2800D0204601B2AD
:105AD00038461FF0BDFE28461FF010FF0BEB4010AC
:105AE00085B24F208DF800008DF801908DF802806E
:105AF00000248DF803406946284620F0D6F88DF83A
:105B0000006030128DF801008DF802408DF80340DE
:105B10006946281D20F0C9F8BAF83C000AF12006B1
:105B20008DF80000307E8DF80100307B8DF802008A
:105B30008DF80340694605F1080020F0B6F8307A88
:105B40008DF8000030798DF8010030788DF8020072
:105B50008DF80340694605F10C0020F0A6F84124B9
:105B60008DF800408DF801408DF802408DF803401B
:105B7000694605F1100020F098F801E06DE079E049
:105B80008DF800408DF801408DF802408DF80340FB
:105B9000694605F1140020F088F844E09DF80110F2
:105BA000494567D19DF80210414563D1694605F129
:105BB00010001FF07CFF9DF8000041285AD14DE0F5
:105BC000641EA4B200E03F24BC4246D0761CF6B26C
:105BD0003F2EFFF45BAF002D3FD0BAF83C000AF136
:105BE00020048DF80000207E8DF80100207B8DF8C8
:105BF00002004FF000068DF80360694605F11000C1
:105C000020F053F8207A8DF8000020798DF80100FB
:105C100020788DF802008DF80360694605F11400C4
:105C200020F043F842248DF800408DF801408DF8B3
:105C300002408DF80340694605F1180020F035F860
:105C40008DF800408DF801408DF802408DF803403A
:105C5000694605F11C0020F028F8D2E59DF8010006
:105C6000412807D19DF80200412803D19DF8030087
:105C70004128ABD0002CA6D0A2E72DE9F84F4F2544
:105C800081461C464F2910D049290DD04E290BD0F2
:105C9000542909D0662907D0462905D0432903D0C5
:105CA0004D2901D06D2900D10D464FF0000A4FF467
:105CB00060604FF4806B012A12D0002A7ED11FF061
:105CC0001DFE84B2A04600270BEB441086B2694645
:105CD00030461FF0ECFE9DF8000042286FD179E0BD
:105CE00007461FF00BFE401C86B23F2E00D900264F
:105CF00031B238461FF0ACFD40F6026840461FF056
:105D0000FDFD80B23F2800D0304601B240461FF072
:105D10009FFD38461FF0F2FD0BEB401086B242208B
:105D20008DF800008DF801908DF8025055468DF8E1
:105D300003A0694630461FF0B8FF8DF800402012DE
:105D40008DF801008DF802508DF803506946301D22
:105D50001FF0ABFF564CA08B8DF80000207E8DF815
:105D60000100207B8DF802008DF80350694606F192
:105D700008001FF09AFF207A8DF8000020798DF836
:105D8000010020788DF802008DF80350694606F175
:105D90000C001FF08AFF41248DF800408DF801406F
:105DA0008DF802408DF80340694606F110001FF09F
:105DB0007CFF8DF800408DF8014001E066E072E064
:105DC0008DF802408DF80340694606F114001FF07B
:105DD0006CFF41E09DF80110494564D19DF8020037
:105DE000A84260D1694606F110001FF060FE9DF8E0
:105DF0000000412857D14AE0641EA4B200E03F24CD
:105E0000444543D07F1CFFB23F2FFFF45DAF002E0F
:105E10003CD0274CA08B8DF80000207E8DF801002F
:105E2000207B8DF8020055468DF803A0694606F1E7
:105E300010001FF03AFF207A8DF8000020798DF8CD
:105E4000010020788DF802008DF80350694606F1B4
:105E500014001FF02AFF42248DF800408DF8014005
:105E60008DF802408DF80340694606F118001FF0D6
:105E70001CFF8DF800408DF801408DF802408DF830
:105E80000340694606F11C001FF00FFFB9E49DF8BE
:105E90000100412807D19DF80200412803D19DF857
:105EA00003004128AED0002CA9D0A5E70040024055
:105EB0002040024008B5DD48DDA3418F40F6B830F0
:105EC000009019B1E0A2E6A1EBA002E0F0A2F6A1D9
:105ED000FBA0FBF7D2FD08BDFF49112008727047F7
:105EE000002801DA404200B2704710B54FF4347018
:105EF0001FF004FDF94C207040F2D2201FF0FEFC90
:105F000060704FF435701FF0F9FCA07040F2D6209D
:105F10001FF0F4FCE0704FF436701FF0EFFC2072BD
:105F200040F2DA201FF0EAFC60724FF437701FF085
:105F3000E5FCA07240F2DE201FF0E0FCE0724FF4BE
:105F400043701FF0DBFC207140F20E301FF0D6FCD6
:105F500060714FF444701FF0D1FCA07140F2123018
:105F60001FF0CCFCE07110BDDD4810B5016821F0D8
:105F7000E06101604168DC4AC1F30B13D94C117830
:105F800024F81130491CC9B21170032903D20168E9
:105F900041F08071016010BD2DE9F0470746DDE951
:105FA0000A090E46DDE9085A01B2144698469820BF
:105FB0001FF04EFC00219A201FF04AFC0121CA204C
:105FC0001FF046FC3C21C2201FF042FC39B2782071
:105FD0001FF03EFC04EBD470401001B2C8201FF04B
:105FE00037FC31B27A201FF033FC21B27C201FF045
:105FF0002FFC4621C6201FF02BFC50217E201FF0D5
:1060000027FC0FFA88F182201FF022FCBB2184209C
:106010001FF01EFC002186201FF01AFC0A21882098
:106020001FF016FC0FFA89F1DE201FF011FC29B2D7
:106030008C201FF00DFCE8000A2190FBF1F001B26A
:106040008E201FF005FC0121A0201FF001FC012182
:10605000A2201FF0FDFB0121A4201FF0F9FBA021CD
:1060600092201FF0F5FB0FFA8AF194201FF0F0FB4D
:10607000032196201FF0ECFB3221CC201FF0E8FB1F
:106080002821CE201FF0E4FB5521BC201FF0E0FBAF
:106090001E21BE201FF0DCFB012180201FF0D8FB59
:1060A0004621D0201FF0D4FB3C21D4201FF0D0FB90
:1060B0001921D2201FF0CCFB5021D6201FF0C8FBA5
:1060C0004621D8201FF0C4FB5B21DA201FF0C0FB63
:1060D0005021DC201FF0BCFB844C0021B4F90000EF
:1060E0001FF0B6FB824D0021B5F900001FF0B0FB98
:1060F000804E4FF0FF373946B6F900001FF0A8FB7D
:10610000B4F9020000211FF0A3FBB5F90200002141
:106110001FF09EFBB6F9020039461FF099FBB4F957
:10612000040000211FF094FBB5F9040000211FF0CA
:106130008FFBB6F9040039461FF08AFBB4F906005C
:1061400000211FF085FBB5F9060000211FF080FB40
:10615000B6F9060039461FF07BFB0A214FF419708F
:106160001FF076FBBDE8F0470B214FF418701FF0CD
:106170006FBB2DE9FF4700210723182809D06422AF
:106180004FF41674302810D03C2819D0DC2823D0C6
:10619000B6E0F0249622CDE90024CDE90231024692
:1061A000162311464FF4967013E04FF4F075CDE9C5
:1061B0000025CDE9023102462C231146204608E095
:1061C000CDE90024CDE9023102463723114640F2E1
:1061D000EE20FFF7E1FE93E040F6980440F62A1126
:1061E0000220CDE90024CDE90201BB2340F60B12C9
:1061F00040F63E1140F69210FFF7CEFE40F2BD1180
:10620000C8201FF025FB2146C4201FF021FB1421CC
:1062100092201FF01DFB45F211614FF49E701FF09C
:1062200017FB0121CA201FF013FB65E01C010010C1
:10623000202020202020202020202020202020205E
:1062400020202020000000002020E7E0E1EBEEEA23
:10625000E8F0EEE2E0EDEE21212120200000000038
:10626000202020F0E0E1EEF2FB20F1E8F1F2E5EC95
:10627000FB20202000000000C8E7ECE5EDE5EDE89C
:10628000E520EFE0F0E0ECE5F2F0EEE200000000E7
:1062900020202020697320626C6F636B656421216C
:1062A00021202020000000006F7065726174696E0B
:1062B0006720706172616D65746572730000000023
:1062C0002020204368616E67696E6720737973745C
:1062D000656D20200000000000400240343E082090
:1062E000004003403EC0072001C0072070DB0200D1
:1062F00078DB020088DB0200AA21BC201FF0A8FA8C
:10630000FF4DAA21B5F900001FF0A2FAFD4C21783B
:10631000FD4EB6F900001FF09BFA217BFB4FB7F949
:1063200000001FF095FAB4F91010DFF8E4A3BAF9F1
:1063300000001FF08DFADFF8DC830021B8F90000BF
:106340001FF086FADFF8D0930021B9F900001FF0A2
:106350007FFAB5F90200AA211FF07AFA2178B6F97E
:1063600002001FF075FA217BB7F902001FF070FAE6
:10637000B4F91010BAF902001FF06AFAB8F9020075
:1063800000211FF065FAB9F9020004B00021BDE850
:10639000F0471FF05DBAE14910B5B1F93600642845
:1063A00001DA401CC886C88E022809D108201FF0D7
:1063B000A5FA401C01B2BDE8104008201FF048BA01
:1063C00010BD70B506201FF099FA002804DB0620E6
:1063D0001FF094FA022803DD002106201FF038FA8E
:1063E000CF49D04C01250878401CC0B208700A285B
:1063F00005D3CD480068C00701D1E07828B1CB486B
:10640000B0F9000078B101280DD006201FF076FA0F
:10641000022808DA06201FF071FA401C01B206209B
:106420001FF016FAE570B4F94200B0F5616F07D3BA
:1064300006201FF063FA18B1002106201FF008FAA9
:10644000BB4881687F22B2EB116F00D1E570806894
:10645000C0F307407F2800D1E57070BD7FB5AF4D18
:10646000803DA5F15404288A1C30C0B220722178E6
:10647000491CC9B204F82C19814234D9B4F854002B
:1064800088B304F14004002604F8146CE08F2988D6
:10649000628FA38FC0B2C9B2D2B2DBB2CDE9021013
:1064A000CDE90032E08EA0F13200C3B2208FC2B23B
:1064B000208EC1B24FF0F10022F089FA618EA08ED9
:1064C00032393238C9B2C0B20091CDE90106039623
:1064D000A08F3146C3B2608FA4F14004C2B24FF026
:1064E000F20022F074FA94F82C00142816D3B5F9AF
:1064F00010101431884211DAC0EB001101EB401288
:106500008C4901EB8201A1F5805191F867213C2A69
:1065100001D2521C00E03C2281F86721698B0029DE
:1065200015D0142813D18448817F3C2901D2491CFD
:10653000817790F892103C2902D2491C80F8921081
:1065400090F806113C2902D2491C80F806117FBD43
:10655000724900203C31087048708870543148708E
:1065600070472DE9F04F0020744A85B04FF4F47164
:1065700004461454401C00B28842FADB694EB078DD
:1065800058B906F18008B8F90E00A8B1012804D165
:1065900006F1A200007855280ED000214FF0140C0F
:1065A0007A2301FB03F001EB81039B0001EB8104E3
:1065B0001BB20CEB8404B9E15B48DFF884B14FF007
:1065C000320A00684FF00307C00717D0707FA8B1E8
:1065D0005C48CDE90204CDE900A703215546182304
:1065E000322208461CF063FACDE902B4CDE9005727
:1065F00003211823322208461CF059FAB8F80E007D
:1066000001254FF00A0900282CD0009414232322DE
:106610000021322001941CF08EF900940223032201
:106620001421352001941CF086F9009402230322E2
:1066300014214F2001941CF07EF9DFF8F880A8F1B6
:10664000980898F83D00C0070DD0707F0028DBD077
:10665000CDE902B4CDE900A71823322200212B2076
:106660001CF025FABBE00B230022142142200094E9
:106670001BF046FF002322221F21422000941BF022
:106680003FFFB8F90800002805DA307A0423002219
:106690001330C1B205E0307A0423C0F12200C1B248
:1066A000022242201CF084F9F07A0F286FD21B4896
:1066B0007430B0F90000A0F5AA41553966D0B8F998
:1066C0001000052190FBF1F0ADF81000142200211C
:1066D00004A8FEF7B5FACDE90054BDF91030202228
:1066E000002133201CF027F9B8F8101002200A29E5
:1066F00036D2CDE9005009230C2205213D2023E0AC
:1067000028DB02002C4002402CDB020030DB0200C0
:1067100024DB020020DB020034DB02001C0100103D
:1067200036C107201C0000107CC00720BC0B0820CD
:1067300000400440D8EC0720D00508203807082086
:1067400005E302006FE202001CF0F5F8B8F9100052
:1067500002238DE831000521FDA23D20039513E0C1
:10676000C246642914D28046CDE90058092312227A
:1067700005213A201CF0DFF8BAF9101003958DE8D6
:1067800012010323F3A221E01CF0BDF927E011E080
:10679000CDE9005009231822052137201CF0CBF841
:1067A000BAF9100003958DE8910004230521EAA2AF
:1067B0003720E9E7B8F908101E2891FBF9F000B27C
:1067C0008DE8A100039504D20423E5A205213A2017
:1067D000DAE70523E4A2194635201CF037FA0094C5
:1067E0000E231B2204215C2001941CF0A4F800233A
:1067F0001A1F0A215C2000941BF082FE0023042251
:106800000A21762000941BF07BFE002327221F2103
:10681000432000941BF074FE6FF00D0300221F2133
:10682000692000941BF06CFEB07AB046C0F12200E3
:10683000C1B20423022269201CF0BAF8CC4E052311
:10684000CCA2B6F90E10039591FBF9F000B20090BE
:106850000421CDE90141162146201CF054F9B6F976
:106860001000642807DA8DE8A10004230721BCA2E8
:106870005D20039509E090FBF9F000B203958DE8E7
:1068800091000423B6A207215A201CF03CF998F885
:1068900007104046491CC9B288F80710032923D3C2
:1068A000C471017A491CC9B201720D2900D3047266
:1068B000417A491CC9B24172202900D34472817ABD
:1068C000491CC9B281720F2900D38472C17AAB4AC4
:1068D00001F10101C9B2C17292F83D20920706D5BB
:1068E0002D2901D388F80B4005B0BDE8F08F1E2993
:1068F000F8D2F9E7A24DA34FED5C05EB450517F87B
:106900001560165407EB4505401C6E781654401C64
:10691000AE781654401CEE781654401C2E7916544E
:10692000401C6D791554401C5B1C1BB29C42E1DC81
:10693000491C09B20429FFF633AED5E72DE9F04F23
:10694000914FADF50B7D3A4697F8203092F81DC077
:10695000874A05210020B2F93A20DFF830B252AC64
:10696000002B39D04FEA4C602AB1002801DA88A008
:1069700006E08DA004E0002801DA91A000E096A0D6
:1069800052904FEA0C602AB1002801DA98A006E084
:106990009DA004E0002801DAA1A000E0A6A0539089
:1069A0007A4D022007213D356E782D783AB11EB11F
:1069B000A7A054900320082175B1ABA506E01EB135
:1069C000AFA054900320082135B1B2A544F820505F
:1069D000401C491CC0B2C9B2DFF8D082D8F80050C0
:1069E000EE0709D00AB1B2A600E0B7A644F82060CD
:1069F000401C491CC0B2C9B29BF806605EB10AB126
:106A0000B7A600E0BCA644F8206000F1010001F147
:106A10000101C0B2C9B22E0708D5BDA644F8206056
:106A200000F1010001F10101C0B2C9B2EE0608D5C2
:106A3000BDA644F8206000F1010001F10101C0B2DF
:106A4000C9B2AE0608D5BEA644F8206000F1010028
:106A500001F10101C0B2C9B26E0608D5BEA644F864
:106A6000206000F1010001F10101C0B2C9B22E069F
:106A700008D5BFA644F8206000F1010001F1010132
:106A8000C0B2C9B2EE0508D5BFA644F8206000F137
:106A9000010001F10101C0B2C9B2AE0508D5C0A61E
:106AA00044F8206000F1010001F10101C0B2C9B257
:106AB0006D0506D5C0A544F82050401C491CC0B245
:106AC000C9B2DFF8AC8008F1520808F1BA0698F8AC
:106AD0000050B6F90060AA46B146A8F1D206012DD1
:106AE000B6F9146082960DD166B1B9F1000F09D1E3
:106AF0000AB1B7A500E0BCA544F82050401C491CD1
:106B0000C0B2C9B298F80150012D10D1829D012D5B
:106B10000DDD1B4D083D6D884DB90AB1B8A500E0EB
:106B2000BDA544F82050401C491CC0B2C9B298F819
:106B30000250012D09D1829D022D06DD104D083D28
:106B4000AD8815B912B1BAA57FE184E17CE10000FE
:106B50002025000020202500202020250000000006
:106B60002020204100000000414343C8CC00000029
:106B70001C010010202020204200000040EC0720D3
:106B80003002001094DB0200D00508201C00001029
:106B9000CFF0E8EEF0E8F2E5F220E8EDE2E5F0F221
:106BA000EEF0FB2000000000CFF0E8EEF0E8F2E5A8
:106BB000F220F1E5F2FC202020202020000000003F
:106BC0005072696F726974793A20696E7665727471
:106BD0006F727320000000005072696F72697479DF
:106BE0003A206D61696E7320202020200000000093
:106BF000D0E0E1EEF2E020EEF220E8EDE2E5F0F2A6
:106C0000EEF0EEE200000000D0E0E1EEF2E020EE77
:106C1000F220F1E5F2E820202020202000000000F2
:106C2000496E206F7065726174653A20696E766591
:106C300072746F7200000000496E206F706572619F
:106C400074653A206D61696E732020200000000099
:106C5000D0F3F7ED2E20F3EFF02DEDE8E53A20F13B
:106C6000E5F2FC2000000000D0F3F7ED2E20F3EF5A
:106C7000F02DEDE8E53A20E8EDE22E2000000000DE
:106C800048616E6420636F6E74726F6C3A206D6140
:106C9000696E73002048616E6420636F6E74726F5A
:106CA0006C3A20696E762020000000007CC007202E
:106CB000202020C0E2E0F0E8FF20F1E5F2E8212109
:106CC0002120202000000000202020416C61726DF6
:106CD000206D61696E7321212120202000000000B9
:106CE00020C0E2E0F0E8FF20E1E0F2E0F0E5E8209B
:106CF000B9312020000000002020416C61726D201D
:106D00006261747465727920B9312020000000003E
:106D1000202020C0E2E0F0E8FF20C1CFD120B9312F
:106D20002020202000000000202020C0E2E0F0E829
:106D3000FF20C1CFD120B932202020200000000048
:106D4000202020C0E2E0F0E8FF20C1CFD120B933FD
:106D50002020202000000000202020C0E2E0F0E8F9
:106D6000FF20C1CFD120B934202020200000000016
:106D7000202020C0E2E0F0E8FF20C1CFD120B935CB
:106D80002020202000000000202020C0E2E0F0E8C9
:106D9000FF20C1CFD120B9362020202000000000E4
:106DA000202020C0E2E0F0E8FF20C1CFD120B93799
:106DB0002020202000000000202020C0E2E0F0E899
:106DC000FF20C1CFD120B9382020202000000000B2
:106DD000202020D1F0E0E1EEF2E0EB20D1CAB93181
:106DE0002020202000000000204163746976652087
:106DF000737461746520444320B9312000000000A1
:106E0000202020D1F0E0E1EEF2E0EB20D1CAB9324F
:106E10002020202000000000204163746976652056
:106E2000737461746520444320B93220000000006F
:106E3000202020D1F0E0E1EEF2E0EB20D1CAB9331E
:106E40002020202000000000B8A544F82050401C5D
:106E5000491CC0B2C9B2BB4DED78012D10D1829D45
:106E6000032D0DDDB74DBA35ED884DB90AB1B6A584
:106E700000E0BBA544F82050401C491CC0B2C9B278
:106E80007D7E2DB997F88D5015B997F801514DB108
:106E90000AB1B9A500E0BEA544F82050401C491C29
:106EA000C0B2C9B29BF836505E464DB10AB1BEA51C
:106EB00000E0C3A544F82050401C491CC0B2C9B230
:106EC00096F837504DB10AB1C3A500E0C8A544F803
:106ED0002050401C491CC0B2C9B296F835504DB183
:106EE0000AB1C9A500E0CEA544F82050401C491CB9
:106EF000C0B2C9B29BF839504DB10AB1CEA500E07D
:106F0000D3A544F82050401C491CC0B2C9B2D64D8C
:106F100095F83A504DB10AB1D4A500E0D9A544F88E
:106F20002050401C491CC0B2C9B2CF4D8035B5F9C4
:106F30001A50AE4653B94DB10AB1D8A300E0DDA353
:106F400044F82030401C491CC0B2C9B297F89430B4
:106F500063B9BEF1010F09DD0AB1D0A300E0D5A3EA
:106F600044F82030401C491CC0B2C9B2D74B93F83A
:106F7000083163B9BEF1020F09DD0AB1C7A300E011
:106F8000CCA344F82030401C491CC0B2C9B2DFF881
:106F9000408398F857304BB10AB1CEA300E0D3A399
:106FA00044F82030401C491CC0B2C9B298F8BB302C
:106FB000632B09D90AB1D3A300E0D8A344F8203049
:106FC000401C491CC0B2C9B2C14B98F83A7093F842
:106FD0004C30FD070CD05BB10AB1D6A500E0DBA5B3
:106FE00044F8205000F1010001F10101C0B2C9B222
:106FF000B74D7E0795F83B5009D5FBB1BE0711D4BC
:10700000BE060BD50AB1D7A610E0DCA60EE0ABB1E8
:10701000BE0707D47E0711D5BE060FD4FE070DD1DB
:10702000EE070BD10AB1DBA600E0E0A644F8206031
:1070300000F1010001F10101C0B2C9B23E070CD557
:107040005BB10AB1DFA600E0E4A644F8206000F1DD
:10705000010001F10101C0B2C9B2FE060AD54BB16F
:107060000AB1E4A600E0E9A644F82060401C491CEF
:10707000C0B2C9B2ED070AD04BB10AB1E9A300E032
:10708000EEA344F82030401C491CC0B2C9B298F8A5
:1070900013314BB10AB1EFA300E0F4A344F8203060
:1070A000401C491CC0B2C9B298F87731632B09D98A
:1070B0000AB1F4A300E0F9A344F82030401C491CB5
:1070C000C0B2C9B2824B98F8F67093F80831FD0748
:1070D0000CD05BB10AB1F7A500E0FCA544F8205044
:1070E00000F1010001F10101C0B2C9B2784D7E0783
:1070F00095F8F75009D5B3B1BE0711D4BE060BD52C
:107100000AB1F8A613E2FDA611E263B1BE0707D4E7
:107110007E0708D5BE0606D4FE0704D1EE0702D1CD
:1071200012B1FCA603E20AE200E20000204163740F
:1071300069766520737461746520444320B93320F7
:10714000000000006E010010202020D1F0E0E1EEF0
:10715000F2E0EB20D1CAB93420202020000000004A
:1071600020416374697665207374617465204443BB
:1071700020B9342000000000C0E2E0F0E8FF20EF7A
:10718000EE2055E2F528E8EDE2292121000000007B
:107190002020416C61726D2055696E28696E7629D8
:1071A00021212020000000002020C0E2E0F0E8FFC4
:1071B00020EFEE2055E2FBF5212121200000000008
:1071C00020202020416C61726D20556F7574212143
:1071D0002120202000000000C0E2E0F0E8FF20EFC6
:1071E000EE2055E2F528414329212121000000002D
:1071F0002020416C61726D2055696E284143292120
:107200002121202000000000C0E2E0F0E8FF20EF94
:10721000EE2055E2F52844432921212100000000F9
:107220002020416C61726D2055696E2844432921EC
:107230002121202000000000C0E2E0F0E8FF20EF64
:10724000EE20D4E2F528414329212121000000004D
:107250002020416C61726D20D4696E284143292140
:1072600021212020000000001C000010C0E2E0F0FE
:10727000E8FF20EFEE20D4E2F528E8EDE229212115
:10728000000000002020416C61726D20D4696E28DE
:10729000696E76292121212000000000C1E0E9EF7C
:1072A000E0F120F0E0E7F0FBE220F1E2FFE7E82088
:1072B00000000000427970617373206E6F74206368
:1072C0006F6E6E656374656400000000D005082071
:1072D000D8EC0720C8EDE22EB93120F0E0E7F0FB52
:1072E000E220F1E2FFE7E82000000000496E762E80
:1072F000B931206E6F7420636F6E6E656374656460
:1073000000000000C8EDE22EB93120E2EDF3F2F00A
:107310002EEDE5E8F1EFF02E00000000496E762E2C
:10732000B931204465666563746976652E20202036
:1073300000000000C8EDE22EB93120EFE5F0E5E3F2
:10734000F0F3E7EAE020202000000000496E762EEE
:10735000B931204F7665726C6F61642E2020202039
:1073600000000000C8EDE22EB93120F1E8EBFCEDA1
:107370002EEDE0E3F0E5E22000000000496E762EFD
:10738000B931202068696768206865617420202011
:1073900000000000C8EDE22EB93120EFE5F0E5E392
:1073A000F0E5E22CE2FBEAEB00000000496E762EED
:1073B000B931202074656D702C64697361626C2E24
:1073C00000000000C8EDE22EB93120E7E0E2FBF852
:1073D0002E2055E2FBF5212000000000496E762E9C
:1073E000B93120206869676820556F7574212020A5
:1073F00000000000C8EDE22EB93120E7E0EDE8E63C
:107400002E2055E2FBF5212000000000496E762E6B
:10741000B93120206C6F7720556F757421202020A2
:107420000000000020C8EDE22EB93120E7E0EDE8D1
:10743000E62E2055646320200000000020496E766F
:107440002EB93120206C6F772055646320202020D6
:1074500000000000C8EDE22EB93220F0E0E7F0FBBA
:10746000E220F1E2FFE7E82000000000496E762EFE
:10747000B932206E6F7420636F6E6E6563746564DD
:1074800000000000C8EDE22EB93220E2EDF3F2F088
:107490002EEDE5E8F1EFF02E00000000496E762EAB
:1074A000B932204465666563746976652E202020B4
:1074B00000000000C8EDE22EB93220EFE5F0E5E370
:1074C000F0F3E7EAE020202000000000496E762E6D
:1074D000B932204F7665726C6F61642E20202020B7
:1074E00000000000C8EDE22EB93220F1E8EBFCED1F
:1074F0002EEDE0E3F0E5E22000000000496E762E7C
:10750000B93220206869676820686561742020208E
:1075100000000000C8EDE22EB93220EFE5F0E5E30F
:10752000F0E5E22CE2FBEAEB00000000A2A644F842
:10753000206000F1010001F10101C0B2C9B23E07B3
:107540000CD55BB10AB1A2A600E0A7A644F8206062
:1075500000F1010001F10101C0B2C9B2FE060AD575
:107560004BB10AB1A6A600E0ABA644F82060401CCF
:10757000491CC0B2C9B2ED070AD04BB10AB1ACA3E5
:1075800000E0B1A344F82030401C491CC0B2C9B28D
:1075900098F8CF314BB10AB1B1A300E0B6A344F8DB
:1075A0002030401C491CC0B2C9B298F83332632B5A
:1075B0000AD90AB1B6A300E0BBA344F82030401CAE
:1075C00001F10101C0B2C9B2BD4B98F8B27193F894
:1075D000C431FD070CD05BB10AB1BAA500E0BFA56C
:1075E00044F8205000F1010001F10101C0B2C9B21C
:1075F000B34D7E0795F8B35109D5FBB1BE0711D441
:10760000BE060BD50AB1BBA610E0C0A60EE0ABB11A
:10761000BE0707D47E0711D5BE060FD4FE070DD1D5
:10762000EE070BD10AB1BFA600E0C4A644F8206063
:1076300000F1010001F10101C0B2C9B23E070CD551
:107640005BB10AB1C3A600E0C8A644F8206000F10F
:10765000010001F10101C0B2C9B2FE060AD54BB169
:107660000AB1C8A600E0CDA644F82060401C491C21
:10767000C0B2C9B2ED070AD04BB10AB1CDA300E048
:10768000D2A344F82030401C491CC0B2C9B298F8BB
:107690008B324BB10AB1D3A300E0D8A344F8203019
:1076A000401C491CC0B2C9B298F8EF32632B0AD90A
:1076B0000AB1D8A300E0DDA344F82030401C01F15A
:1076C0000101C0B2C9B27E4B98F86E7293F8803255
:1076D000FD070CD05BB10AB1DAA500E0DFA544F8E4
:1076E000205000F1010001F10101C0B2C9B2744D96
:1076F0007E0795F86F5209D5FBB1BE0711D4BE06BF
:107700000BD50AB1DBA610E0E0A60EE0ABB1BE07D8
:1077100007D47E0711D5BE060FD4FE070DD1EE07A4
:107720000BD10AB1DFA600E0E4A644F8206000F126
:10773000010001F10101C0B2C9B23E070CD55BB135
:107740000AB1E4A600E0E9A644F8206000F10100D7
:1077500001F10101C0B2C9B2FE060AD54BB10AB1AE
:10776000E8A600E0EDA644F82060401C491CC0B229
:10777000C9B2ED070AD04BB10AB1EEA300E0F3A302
:1077800044F82030401C491CC0B2C9B298F84733B5
:107790004BB10AB1F3A300E0F8A344F82030401C39
:1077A000491CC0B2C9B298F8AB33632B03D90AB1F4
:1077B000F8A3FCE1FAE102E2496E762EB93220200C
:1077C00074656D702C64697361626C2E000000003A
:1077D000C8EDE22EB93220E7E0E2FBF82E2055E2B8
:1077E000FBF5212000000000496E762EB9322020E2
:1077F0006869676820556F757421202000000000BB
:10780000C8EDE22EB93220E7E0EDE8E62E2055E2A1
:10781000FBF5212000000000496E762EB9322020B1
:107820006C6F7720556F75742120202000000000B8
:1078300020C8EDE22EB93220E7E0EDE8E62E205533
:10784000646320200000000020496E762EB93220AB
:10785000206C6F77205564632020202000000000FA
:10786000C8EDE22EB93320F0E0E7F0FBE220F1E2D0
:10787000FFE7E82000000000496E762EB933206E45
:107880006F7420636F6E6E65637465640000000042
:10789000C8EDE22EB93320E2EDF3F2F02EEDE5E88B
:1078A000F1EFF02E00000000496E762EB93320442F
:1078B00065666563746976652E20202000000000EF
:1078C000D8EC0720C8EDE22EB93320EFE5F0E5E370
:1078D000F0F3E7EAE020202000000000496E762E59
:1078E000B933204F7665726C6F61642E20202020A2
:1078F00000000000C8EDE22EB93320F1E8EBFCED0A
:107900002EEDE0E3F0E5E22000000000496E762E67
:10791000B933202068696768206865617420202079
:1079200000000000C8EDE22EB93320EFE5F0E5E3FA
:10793000F0E5E22CE2FBEAEB00000000496E762E57
:10794000B933202074656D702C64697361626C2E8C
:1079500000000000C8EDE22EB93320E7E0E2FBF8BA
:107960002E2055E2FBF5212000000000496E762E06
:10797000B93320206869676820556F75742120200D
:1079800000000000C8EDE22EB93320E7E0EDE8E6A4
:107990002E2055E2FBF5212000000000496E762ED6
:1079A000B93320206C6F7720556F7574212020200B
:1079B0000000000020C8EDE22EB93320E7E0EDE83A
:1079C000E62E2055646320200000000020496E76DA
:1079D0002EB93320206C6F7720556463202020203F
:1079E00000000000C8EDE22EB93420F0E0E7F0FB23
:1079F000E220F1E2FFE7E82000000000496E762E69
:107A0000B934206E6F7420636F6E6E656374656445
:107A100000000000C8EDE22EB93420E2EDF3F2F0F0
:107A20002EEDE5E8F1EFF02E00000000496E762E15
:107A3000B934204465666563746976652E2020201C
:107A400000000000C8EDE22EB93420EFE5F0E5E3D8
:107A5000F0F3E7EAE020202000000000496E762ED7
:107A6000B934204F7665726C6F61642E202020201F
:107A700000000000C8EDE22EB93420F1E8EBFCED87
:107A80002EEDE0E3F0E5E22000000000496E762EE6
:107A9000B9342020686967682068656174202020F7
:107AA00000000000C8EDE22EB93420EFE5F0E5E378
:107AB000F0E5E22CE2FBEAEB00000000496E762ED6
:107AC000B934202074656D702C64697361626C2E0A
:107AD00000000000C8EDE22EB93420E7E0E2FBF838
:107AE0002E2055E2FBF5212000000000496E762E85
:107AF000B93420206869676820556F75742120208B
:107B000000000000C8EDE22EB93420E7E0EDE8E621
:107B10002E2055E2FBF5212000000000496E762E54
:107B2000B93420206C6F7720556F75742120202088
:107B30000000000020C8EDE22EB93420E7E0EDE8B7
:107B4000E62E2055646320200000000020496E7658
:107B50002EB93420206C6F772055646320202020BC
:107B600000000000C8EDE22EB93520F0E0E7F0FBA0
:107B7000E220F1E2FFE7E82000000000496E762EE7
:107B8000B935206E6F7420636F6E6E6563746564C3
:107B900000000000C8EDE22EB93520E2EDF3F2F06E
:107BA0002EEDE5E8F1EFF02E00000000ACA344F864
:107BB000203000F1010001F10101C0B2C9B2AE4BA9
:107BC00098F82A7393F83C33FD070CD05BB10AB1E7
:107BD000AAA500E0AFA544F8205000F1010001F192
:107BE0000101C0B2C9B2A44D7E0795F82B5309D547
:107BF000FBB1BE0711D4BE060BD50AB1ABA610E08F
:107C0000B0A60EE0ABB1BE0707D47E0711D5BE0605
:107C10000FD4FE070DD1EE070BD10AB1AFA600E0DD
:107C2000B4A644F8206000F1010001F10101C0B2E6
:107C3000C9B23E070CD55BB10AB1B4A600E0B9A643
:107C400044F8206000F1010001F10101C0B2C9B2A5
:107C5000FE060AD54BB10AB1B8A600E0BDA644F8AD
:107C60002060401C491CC0B2C9B2ED070AD04BB11C
:107C70000AB1BEA300E0C3A344F82030401C491C55
:107C8000C0B2C9B298F803344BB10AB1C3A300E043
:107C9000C8A344F82030401C491CC0B2C9B298F8AF
:107CA0006734632B0BD90AB1C8A300E0CDA344F815
:107CB000203000F1010001F10101C0B2C9B26E4BE8
:107CC00098F8E67393F8F833FD070CD05BB10AB16E
:107CD000CAA500E0CFA544F8205000F1010001F151
:107CE0000101C0B2C9B2644D7E0795F8E75309D5CA
:107CF000FBB1BE0711D4BE060BD50AB1CBA610E06E
:107D0000D0A60EE0ABB1BE0707D47E0711D5BE06E4
:107D10000FD4FE070DD1EE070BD10AB1CFA600E0BC
:107D2000D4A644F8206000F1010001F10101C0B2C5
:107D3000C9B23E070CD55BB10AB1D4A600E0D9A602
:107D400044F8206000F1010001F10101C0B2C9B2A4
:107D5000FE060AD54BB10AB1D8A600E0DDA644F86C
:107D60002060401C491CC0B2C9B2ED070AD04BB11B
:107D70000AB1DEA300E0E3A344F82030401C491C14
:107D8000C0B2C9B298F8BF344BB10AB1E3A300E066
:107D9000E8A344F82030401C491CC0B2C9B298F88E
:107DA0002335632B0BD90AB1E8A300E0EDA344F817
:107DB000203000F1010001F10101C0B2C9B22E4B27
:107DC00098F8A27493F8B434FD070CD05BB10AB1F3
:107DD000EAA500E0EFA544F8205000F1010001F110
:107DE0000101C0B2C9B2244D7E0795F8A35409D54C
:107DF000FBB1BE0711D4BE060BD50AB1EBA610E04D
:107E0000F0A60EE0ABB1BE0707D47E0711D5BE06C3
:107E10000FD4FE070DD1EE070BD10AB1EFA600E09B
:107E2000F4A644F8206000F1010001F10101C0B2A4
:107E3000C9B23E070CD55BB10AB1F4A600E0F9A6C1
:107E400044F8206000F1010001F10101C0B2C9B2A3
:107E5000FE0603D513B112B1F8A6FCE101E2F9E187
:107E6000496E762EB935204465666563746976651A
:107E70002E20202000000000D8EC0720C8EDE22EC4
:107E8000B93520EFE5F0E5E3F0F3E7EAE020202064
:107E900000000000496E762EB935204F7665726C71
:107EA0006F61642E2020202000000000C8EDE22E2B
:107EB000B93520F1E8EBFCED2EEDE0E3F0E5E22052
:107EC00000000000496E762EB93520206869676889
:107ED000206865617420202000000000C8EDE22EBB
:107EE000B93520EFE5F0E5E3F0E5E22CE2FBEAEB63
:107EF00000000000496E762EB935202074656D7043
:107F00002C64697361626C2E00000000C8EDE22EE3
:107F1000B93520E7E0E2FBF82E2055E2FBF5212001
:107F200000000000496E762EB93520206869676828
:107F300020556F757421202000000000C8EDE22E4E
:107F4000B93520E7E0EDE8E62E2055E2FBF52120EB
:107F500000000000496E762EB93520206C6F772026
:107F6000556F7574212020200000000020C8EDE22C
:107F70002EB93520E7E0EDE8E62E20556463202099
:107F80000000000020496E762EB93520206C6F77F6
:107F9000205564632020202000000000C8EDE22E60
:107FA000B93620F0E0E7F0FBE220F1E2FFE7E8205D
:107FB00000000000496E762EB936206E6F74206383
:107FC0006F6E6E656374656400000000C8EDE22E9C
:107FD000B93620E2EDF3F2F02EEDE5E8F1EFF02E08
:107FE00000000000496E762EB93620446566656350
:107FF000746976652E20202000000000C8EDE22E76
:10800000B93620EFE5F0E5E3F0F3E7EAE0202020E1
:1080100000000000496E762EB936204F7665726CEE
:108020006F61642E2020202000000000C8EDE22EA9
:10803000B93620F1E8EBFCED2EEDE0E3F0E5E220CF
:1080400000000000496E762EB93620206869676806
:10805000206865617420202000000000C8EDE22E39
:10806000B93620EFE5F0E5E3F0E5E22CE2FBEAEBE0
:1080700000000000496E762EB936202074656D70C0
:108080002C64697361626C2E00000000C8EDE22E62
:10809000B93620E7E0E2FBF82E2055E2FBF521207F
:1080A00000000000496E762EB936202068696768A6
:1080B00020556F757421202000000000C8EDE22ECD
:1080C000B93620E7E0EDE8E62E2055E2FBF5212069
:1080D00000000000496E762EB93620206C6F7720A4
:1080E000556F7574212020200000000020C8EDE2AB
:1080F0002EB93620E7E0EDE8E62E20556463202017
:108100000000000020496E762EB93620206C6F7773
:10811000205564632020202000000000C8EDE22EDE
:10812000B93720F0E0E7F0FBE220F1E2FFE7E820DA
:1081300000000000496E762EB937206E6F74206300
:108140006F6E6E656374656400000000C8EDE22E1A
:10815000B93720E2EDF3F2F02EEDE5E8F1EFF02E85
:1081600000000000496E762EB937204465666563CD
:10817000746976652E20202000000000C8EDE22EF4
:10818000B93720EFE5F0E5E3F0F3E7EAE02020205F
:1081900000000000496E762EB937204F7665726C6C
:1081A0006F61642E2020202000000000C8EDE22E28
:1081B000B93720F1E8EBFCED2EEDE0E3F0E5E2204D
:1081C00000000000496E762EB93720206869676884
:1081D000206865617420202000000000C8EDE22EB8
:1081E000B93720EFE5F0E5E3F0E5E22CE2FBEAEB5E
:1081F00000000000496E762EB937202074656D703E
:108200002C64697361626C2E00000000C8EDE22EE0
:10821000B93720E7E0E2FBF82E2055E2FBF52120FC
:1082200000000000496E762EB93720206869676823
:1082300020556F757421202000000000C8EDE22E4B
:10824000B93720E7E0EDE8E62E2055E2FBF52120E6
:1082500000000000A8A644F82060401C491CC0B2E1
:10826000C9B2ED070AD04BB10AB1A9A300E0AEA391
:1082700044F82030401C491CC0B2C9B298F87B3584
:108280004BB10AB1AEA300E0B3A344F82030401CC8
:10829000491CC0B2C9B298F8DF35632B09D90AB1BD
:1082A000B3A300E0B8A344F82030401C491CC0B27E
:1082B000C9B2BB4B98F85E7593F87035FD070CD0CA
:1082C0005BB10AB1B7A500E0BCA544F8205000F1AD
:1082D000010001F10101C0B2C9B2B14D7E0795F8AC
:1082E0005F5509D5FBB1BE0711D4BE060BD50AB147
:1082F000B8A610E0BDA60EE0ABB1BE0707D47E075E
:1083000011D5BE060FD4FE070DD1EE070BD10AB171
:10831000BCA600E0C1A644F8206000F1010001F114
:108320000101C0B2C9B23E070CD55BB10AB1C1A60A
:1083300000E0C6A644F8206000F1010001F101014F
:10834000C0B2C9B2FE060AD54BB10AB1C5A600E05B
:10835000CAA644F82060401C491CC0B2C9B2ED074F
:108360000AD04BB10AB1CBA300E0D0A344F820302F
:10837000401C491CC0B2C9B298F837364BB10AB19B
:10838000D0A300E0D5A344F82030401C491CC0B263
:10839000C9B298F89B36632B09D90AB1D5A300E07E
:1083A000DAA344F82030401C491CC0B2C9B27C4B4F
:1083B00098F81A7693F82C36FD070CD05BB10AB109
:1083C000D8A500E0DDA544F8205000F1010001F13E
:1083D0000101C0B2C9B2724D7E0795F81B5609D58E
:1083E000FBB1BE0711D4BE060BD50AB1D9A610E069
:1083F000DEA60EE0ABB1BE0707D47E0711D5BE06E0
:108400000FD4FE070DD1EE070BD10AB1DDA600E0B7
:10841000E2A644F8206000F1010001F10101C0B2C0
:10842000C9B23E070CD55BB10AB1E2A600E0E7A6EF
:1084300044F8206000F1010001F10101C0B2C9B2AD
:10844000FE060AD54BB10AB1E6A600E0EBA644F859
:108450002060401C491CC0B2C9B2ED070AD04BB124
:108460000AB1ECA300E0F1A344F82030401C491C01
:10847000C0B2C9B298F8F3364BB10AB1F1A300E02B
:10848000F6A344F82030401C491CC0B2C9B298F889
:108490005737632B09D90AB1F6A300E0FBA344F8D0
:1084A0002030401C491CC0B2C9B23D4B98F8D6766A
:1084B00093F8E836FD070CD05BB10AB1F9A500E0EE
:1084C000FEA544F8205000F1010001F10101C0B205
:1084D000C9B2334D7E0795F8D75609D533B1BE07DB
:1084E00007D4BE0606D512B1FAA610E217E2FDE1E6
:1084F000FEE108E203E20000496E762EB937202043
:108500006C6F7720556F75742120202000000000CB
:1085100020C8EDE22EB93720E7E0EDE8E62E205541
:10852000646320200000000020496E762EB93720B9
:10853000206C6F772055646320202020000000000D
:10854000C8EDE22EB93820F0E0E7F0FBE220F1E2DE
:10855000FFE7E82000000000496E762EB938206E53
:108560006F7420636F6E6E65637465640000000055
:10857000C8EDE22EB93820E2EDF3F2F02EEDE5E899
:10858000F1EFF02E00000000496E762EB93820443D
:1085900065666563746976652E2020200000000002
:1085A000D8EC0720C8EDE22EB93820EFE5F0E5E37E
:1085B000F0F3E7EAE020202000000000496E762E6C
:1085C000B938204F7665726C6F61642E20202020B0
:1085D00000000000C8EDE22EB93820F1E8EBFCED18
:1085E0002EEDE0E3F0E5E22000000000496E762E7B
:1085F000B938202068696768206865617420202088
:1086000000000000C8EDE22EB93820EFE5F0E5E308
:10861000F0E5E22CE2FBEAEB00000000496E762E6A
:10862000B938202074656D702C64697361626C2E9A
:1086300000000000C8EDE22EB93820E7E0E2FBF8C8
:108640002E2055E2FBF5212000000000496E762E19
:10865000B93820206869676820556F75742120201B
:1086600000000000C8EDE22EB93820E7E0EDE8E6B2
:108670002E2055E2FBF5212000000000496E762EE9
:10868000B93820206C6F7720556F75742120202019
:108690000000000020C8EDE22EB93820E7E0EDE848
:1086A000E62E2055646320200000000020496E76ED
:1086B0002EB93820206C6F7720556463202020204D
:1086C00000000000C8EDE22EB93920F0E0E7F0FB31
:1086D000E220F1E2FFE7E82000000000496E762E7C
:1086E000B939206E6F7420636F6E6E656374656454
:1086F00000000000C8EDE22EB93920E2EDF3F2F0FF
:108700002EEDE5E8F1EFF02E00000000496E762E28
:10871000B939204465666563746976652E2020202A
:1087200000000000C8EDE22EB93920EFE5F0E5E3E6
:10873000F0F3E7EAE020202000000000496E762EEA
:10874000B939204F7665726C6F61642E202020202D
:1087500000000000C8EDE22EB93920F1E8EBFCED95
:108760002EEDE0E3F0E5E22000000000496E762EF9
:10877000B939202068696768206865617420202005
:1087800000000000C8EDE22EB93920EFE5F0E5E386
:10879000F0E5E22CE2FBEAEB00000000496E762EE9
:1087A000B939202074656D702C64697361626C2E18
:1087B00000000000C8EDE22EB93920E7E0E2FBF846
:1087C0002E2055E2FBF5212000000000496E762E98
:1087D000B93920206869676820556F757421202099
:1087E00000000000C8EDE22EB93920E7E0EDE8E630
:1087F0002E2055E2FBF5212000000000496E762E68
:10880000B93920206C6F7720556F75742120202096
:108810000000000020C8EDE22EB93920E7E0EDE8C5
:10882000E62E2055646320200000000020496E766B
:108830002EB93920206C6F772055646320202020CA
:1088400000000000C8EDE22EB9313020F0E0E7F082
:10885000FBE220F1E2FFE7E800000000496E76B994
:108860003130206E6F7420636F6E6E656374656463
:1088700000000000C8EDE22EB9313020E2EDF3F245
:10888000F02EEDE5E8F1EFF000000000496E762EE5
:10889000B93130204465666563746976652E2020A1
:1088A00000000000C8EDE22EB9313020EFE5F0E520
:1088B000E3F0F3E7EAE0202000000000496E762EA6
:1088C000B93130204F7665726C6F61642E202020A4
:1088D00000000000C8EDE22EB9313020F1E8EBFCD9
:1088E000ED2EEDE0E3F0E5E200000000A2A60EE0D0
:1088F000ABB1BE0707D47E0711D5BE060FD4FE0765
:108900000DD1EE070BD10AB1A1A600E0A6A644F84E
:10891000206000F1010001F10101C0B2C9B23E07BF
:108920000CD55BB10AB1A6A600E0ABA644F8206066
:1089300000F1010001F10101C0B2C9B2FE060AD581
:108940004BB10AB1AAA600E0AFA644F82060401CD3
:10895000491CC0B2C9B2ED070AD04BB10AB1B0A3ED
:1089600000E0B5A344F82030401C491CC0B2C9B295
:1089700098F8AF374BB10AB1B5A300E0BAA344F8F9
:108980002030401C491CC0B2C9B298F81338632B80
:1089900009D90AB1BAA300E0BFA344F82030401CB3
:1089A000491CC0B2C9B2C24B98F8927793F8A43769
:1089B000FD070CD05BB10AB1BEA500E0C3A544F829
:1089C000205000F1010001F10101C0B2C9B2B84D5F
:1089D0007E0795F8935709D5FBB1BE0711D4BE06A3
:1089E0000BD50AB1BFA610E0C4A60EE0ABB1BE071E
:1089F00007D47E0711D5BE060FD4FE070DD1EE07B2
:108A00000BD10AB1C3A600E0C8A644F8206000F16B
:108A1000010001F10101C0B2C9B23E070CD55BB142
:108A20000AB1C8A600E0CDA644F8206000F101001C
:108A300001F10101C0B2C9B2FE060AD54BB10AB1BB
:108A4000CCA600E0D1A644F82060401C491CC0B26E
:108A5000C9B2ED070AD04BB10AB1D2A300E0D7A347
:108A600044F82030401C491CC0B2C9B298F86B3899
:108A70004BB10AB1D7A300E0DCA344F82030401C7E
:108A8000491CC0B2C9B298F8CF38632B09D90AB1D2
:108A9000DCA300E0E1A344F82030401C491CC0B234
:108AA000C9B2834B98F84E7893F86038FD070CD024
:108AB0005BB10AB1DFA500E0E4A544F8205000F165
:108AC000010001F10101C0B2C9B2794D7E0795F8EC
:108AD0004F5809D5FBB1BE0711D4BE060BD50AB15C
:108AE000E0A610E0E5A60EE0ABB1BE0707D47E0716
:108AF00011D5BE060FD4FE070DD1EE070BD10AB17A
:108B0000E4A600E0E9A644F8206000F1010001F1CC
:108B10000101C0B2C9B23E070CD55BB10AB1E9A6EA
:108B200000E0EEA644F8206000F1010001F101012F
:108B3000C0B2C9B2FE060AD54BB10AB1EDA600E03B
:108B4000F2A644F82060401C491CC0B2C9B2ED072F
:108B50000AD04BB10AB1F3A300E0F8A344F82030E7
:108B6000401C491CC0B2C9B298F8273913B112B1E0
:108B7000F8A3FCE101E2F9E1496E762EB93130202B
:108B80002068696768206865617420200000000023
:108B9000C8EDE22EB9313020EFE5F0E5E3F0E5E293
:108BA0002CE2FBEA00000000496E762EB93130203D
:108BB00074656D702C64697361626C2E0000000036
:108BC000C8EDE22EB9313020E7E0E2FBF82E205567
:108BD000E2FBF52100000000496E762EB93130200D
:108BE0006869676820556F757421202000000000B7
:108BF000C8EDE22EB9313020E7E0EDE8E62E205551
:108C0000E2FBF52100000000496E762EB9313020DC
:108C1000206C6F7720556F757421202000000000B4
:108C200020C8EDE22EB9313020E7E0EDE8E62E2055
:108C3000556463200000000020496E762EB9313063
:108C400020206C6F772055646320202000000000F6
:108C5000C8EDE22EB9313120F0E0E7F0FBE220F17F
:108C6000E2FFE7E800000000496E76B93131206E7E
:108C70006F7420636F6E6E6563746564000000003E
:108C8000C8EDE22EB9313120E2EDF3F2F02EEDE540
:108C9000E8F1EFF000000000496E762EB931312086
:108CA0004465666563746976652E202000000000C7
:108CB000D8EC0720C8EDE22EB9313120EFE5F0E520
:108CC000E3F0F3E7EAE0202000000000496E762E92
:108CD000B93131204F7665726C6F61642E2020208F
:108CE00000000000C8EDE22EB9313120F1E8EBFCC4
:108CF000ED2EEDE0E3F0E5E200000000496E762E97
:108D0000B931312020686967682068656174202066
:108D100000000000C8EDE22EB9313120EFE5F0E5AA
:108D2000E3F0E5E22CE2FBEA00000000496E762E5B
:108D3000B931312074656D702C64697361626C2E79
:108D400000000000C8EDE22EB9313120E7E0E2FB7F
:108D5000F82E2055E2FBF52100000000496E762E2A
:108D6000B93131206869676820556F7574212020FA
:108D700000000000C8EDE22EB9313120E7E0EDE857
:108D8000E62E2055E2FBF52100000000496E762E0C
:108D9000B9313120206C6F7720556F7574212020F8
:108DA0000000000020C8EDE22EB9313120E7E0EDEF
:108DB000E8E62E20556463200000000020496E760E
:108DC0002EB9313120206C6F77205564632020202C
:108DD00000000000C8EDE22EB9313220F0E0E7F0EB
:108DE000FBE220F1E2FFE7E800000000496E76B9FF
:108DF0003132206E6F7420636F6E6E6563746564CC
:108E000000000000C8EDE22EB9313220E2EDF3F2AD
:108E1000F02EEDE5E8F1EFF000000000496E762E4F
:108E2000B93132204465666563746976652E202009
:108E300000000000C8EDE22EB9313220EFE5F0E588
:108E4000E3F0F3E7EAE0202000000000496E762E10
:108E5000B93132204F7665726C6F61642E2020200C
:108E600000000000C8EDE22EB9313220F1E8EBFC41
:108E7000ED2EEDE0E3F0E5E200000000496E762E15
:108E8000B9313220206869676820686561742020E4
:108E900000000000C8EDE22EB9313220EFE5F0E528
:108EA000E3F0E5E22CE2FBEA00000000496E762EDA
:108EB000B931322074656D702C64697361626C2EF7
:108EC00000000000C8EDE22EB9313220E7E0E2FBFD
:108ED000F82E2055E2FBF52100000000496E762EA9
:108EE000B93132206869676820556F757421202078
:108EF00000000000C8EDE22EB9313220E7E0EDE8D5
:108F0000E62E2055E2FBF52100000000496E762E8A
:108F1000B9313220206C6F7720556F757421202075
:108F20000000000020C8EDE22EB9313220E7E0ED6C
:108F3000E8E62E20556463200000000020496E768C
:108F40002EB9313220206C6F7720556463202020A9
:108F500000000000C8EDE22EB9313320F0E0E7F068
:108F6000FBE220F1E2FFE7E800000000A9A344F8DB
:108F70002030401C491CC0B2C9B298F88B39632B11
:108F800009D90AB1A9A300E0AEA344F82030401CDF
:108F9000491CC0B2C9B2B14B98F80A7993F81C3990
:108FA000FD070CD05BB10AB1ADA500E0B2A544F855
:108FB000205000F1010001F10101C0B2C9B2A74D7A
:108FC0007E0795F80B5909D5FBB1BE0711D4BE0633
:108FD0000BD50AB1AEA610E0B3A60EE0ABB1BE074A
:108FE00007D47E0711D5BE060FD4FE070DD1EE07BC
:108FF0000BD10AB1B2A600E0B7A644F8206000F198
:10900000010001F10101C0B2C9B23E070CD55BB14C
:109010000AB1B7A600E0BCA644F8206000F1010048
:1090200001F10101C0B2C9B2FE060AD54BB10AB1C5
:10903000BBA600E0C0A644F82060401C491CC0B29A
:10904000C9B2ED070AD04BB10AB1C1A300E0C6A373
:1090500044F82030401C491CC0B2C9B298F8E3392A
:109060004BB10AB1C6A300E0CBA344F82030401CAA
:10907000491CC0B2C9B298F8473A632B09D90AB162
:10908000CBA300E0D0A344F82030401C491CC0B260
:10909000C9B2724B98F8C67993F8D839FD070CD04D
:1090A0005BB10AB1CEA500E0D3A544F8205000F191
:1090B000010001F10101C0B2C9B2684D7E0795F807
:1090C000C75909D5FBB1BE0711D4BE060BD50AB1ED
:1090D000CFA610E0D4A60EE0ABB1BE0707D47E0742
:1090E00011D5BE060FD4FE070DD1EE070BD10AB184
:1090F000D3A600E0D8A644F8206000F1010001F1F9
:109100000101C0B2C9B23E070CD55BB10AB1D8A605
:1091100000E0DDA644F8206000F1010001F101014A
:10912000C0B2C9B2FE060AD54BB10AB1DCA600E056
:10913000E1A644F82060401C491CC0B2C9B2ED074A
:109140000AD04BB10AB1E2A300E0E7A344F8203013
:10915000401C491CC0B2C9B298F89F3A4BB10AB141
:10916000E7A300E0ECA344F82030401C491CC0B247
:10917000C9B298F8033B632B0AD90AB1ECA300E00B
:10918000F1A344F82030401C01F10101C0B2C9B282
:10919000324B98F8827A93F8943AFD070CD05BB181
:1091A0000AB1EFA500E0F4A544F8205000F1010059
:1091B00001F10101C0B2C9B2284D7E0795F8835A6A
:1091C00009D5FBB1BE0711D4BE060BD50AB1F0A676
:1091D00010E0F5A60EE0ABB1BE0707D47E0711D5AF
:1091E000BE060FD4FE070DD1EE070BD10AB1F4A6CF
:1091F00000E0F9A644F8206000F1010001F101014E
:10920000C0B2C9B23E0703D513B112B1F8A6FCE152
:1092100003E2F9E1496E76B93133206E6F74206351
:109220006F6E6E656374656400000000C8EDE22E29
:10923000B9313320E2EDF3F2F02EEDE5E8F1EFF095
:1092400000000000496E762EB93133204465666512
:1092500063746976652E202000000000D8EC07209A
:10926000C8EDE22EB9313320EFE5F0E5E3F0F3E7A6
:10927000EAE0202000000000496E762EB93133204C
:109280004F7665726C6F61642E2020200000000014
:10929000C8EDE22EB9313320F1E8EBFCED2EEDE024
:1092A000E3F0E5E200000000496E762EB93133208C
:1092B00020686967682068656174202000000000EC
:1092C000C8EDE22EB9313320EFE5F0E5E3F0E5E259
:1092D0002CE2FBEA00000000496E762EB931332003
:1092E00074656D702C64697361626C2E00000000FF
:1092F000C8EDE22EB9313320E7E0E2FBF82E20552D
:10930000E2FBF52100000000496E762EB9313320D2
:109310006869676820556F7574212020000000007F
:10932000C8EDE22EB9313320E7E0EDE8E62E205516
:10933000E2FBF52100000000496E762EB9313320A2
:10934000206C6F7720556F7574212020000000007D
:1093500020C8EDE22EB9313320E7E0EDE8E62E201B
:10936000556463200000000020496E762EB9313329
:1093700020206C6F772055646320202000000000BF
:10938000C8EDE22EB9313420F0E0E7F0FBE220F145
:10939000E2FFE7E800000000496E76B93134206E44
:1093A0006F7420636F6E6E65637465640000000007
:1093B000C8EDE22EB9313420E2EDF3F2F02EEDE506
:1093C000E8F1EFF000000000496E762EB93134204C
:1093D0004465666563746976652E20200000000090
:1093E000C8EDE22EB9313420EFE5F0E5E3F0F3E724
:1093F000EAE0202000000000496E762EB9313420CA
:109400004F7665726C6F61642E2020200000000092
:10941000C8EDE22EB9313420F1E8EBFCED2EEDE0A1
:10942000E3F0E5E200000000496E762EB931342009
:10943000206869676820686561742020000000006A
:10944000C8EDE22EB9313420EFE5F0E5E3F0E5E2D6
:109450002CE2FBEA00000000496E762EB931342080
:1094600074656D702C64697361626C2E000000007D
:10947000C8EDE22EB9313420E7E0E2FBF82E2055AA
:10948000E2FBF52100000000496E762EB931342050
:109490006869676820556F757421202000000000FE
:1094A000C8EDE22EB9313420E7E0EDE8E62E205594
:1094B000E2FBF52100000000496E762EB931342020
:1094C000206C6F7720556F757421202000000000FC
:1094D00020C8EDE22EB9313420E7E0EDE8E62E2099
:1094E000556463200000000020496E762EB93134A7
:1094F00020206C6F7720556463202020000000003E
:10950000C8EDE22EB9313520F0E0E7F0FBE220F1C2
:10951000E2FFE7E800000000496E76B93135206EC1
:109520006F7420636F6E6E65637465640000000085
:10953000C8EDE22EB9313520E2EDF3F2F02EEDE583
:10954000E8F1EFF000000000496E762EB9313520C9
:109550004465666563746976652E2020000000000E
:10956000C8EDE22EB9313520EFE5F0E5E3F0F3E7A1
:10957000EAE0202000000000496E762EB931352047
:109580004F7665726C6F61642E2020200000000011
:10959000C8EDE22EB9313520F1E8EBFCED2EEDE01F
:1095A000E3F0E5E200000000496E762EB931352087
:1095B00020686967682068656174202000000000E9
:1095C000C8EDE22EB9313520EFE5F0E5E3F0E5E254
:1095D0002CE2FBEA00000000496E762EB9313520FE
:1095E00074656D702C64697361626C2E00000000FC
:1095F000C8EDE22EB9313520E7E0E2FBF82E205528
:10960000E2FBF52100000000A5A644F8206000F16F
:10961000010001F10101C0B2C9B2FE060AD54BB189
:109620000AB1A5A600E0AAA644F82060401C491C87
:10963000C0B2C9B2ED070AD04BB10AB1AAA300E08B
:10964000AFA344F82030401C491CC0B2C9B298F8FE
:109650005B3B4BB10AB1B0A300E0B5A344F82030A6
:10966000401C491CC0B2C9B298F8BF3B632B0AD951
:109670000AB1B5A300E0BAA344F82030401C01F1C0
:109680000101C0B2C9B2BC4B98F83E7B93F8503B85
:10969000FD070CD05BB10AB1B8A500E0BDA544F848
:1096A000205000F1010001F10101C0B2C9B2B24D78
:1096B0007E0795F83F5B09D5FBB1BE0711D4BE0606
:1096C0000BD50AB1B9A610E0BEA60EE0ABB1BE073D
:1096D00007D47E0711D5BE060FD4FE070DD1EE07C5
:1096E0000BD10AB1BDA600E0C2A644F8206000F18B
:1096F000010001F10101C0B2C9B23E070CD55BB156
:109700000AB1C2A600E0C7A644F8206000F101003B
:1097100001F10101C0B2C9B2FE060AD54BB10AB1CE
:10972000C6A600E0CBA644F82060401C491CC0B28D
:10973000C9B2ED070AD04BB10AB1CCA300E0D1A366
:1097400044F82030401C491CC0B2C9B298F8173CFC
:109750004BB10AB1D1A300E0D6A344F82030401C9D
:10976000491CC0B2C9B298F87B3C632B0BD90AB133
:10977000D6A300E0DBA344F8203000F1010001F1A2
:109780000101C0B2C9B27C4B98F8FA7B93F80C3C4B
:10979000FD070CD05BB10AB1D8A500E0DDA544F807
:1097A000205000F1010001F10101C0B2C9B2724DB7
:1097B0007E0795F8FB5B09D5FBB1BE0711D4BE0649
:1097C0000BD50AB1D9A610E0DEA60EE0ABB1BE07FC
:1097D00007D47E0711D5BE060FD4FE070DD1EE07C4
:1097E0000BD10AB1DDA600E0E2A644F8206000F14A
:1097F000010001F10101C0B2C9B23E070CD55BB155
:109800000AB1E2A600E0E7A644F8206000F10100FA
:1098100001F10101C0B2C9B2FE060AD54BB10AB1CD
:10982000E6A600E0EBA644F82060401C491CC0B24C
:10983000C9B2ED070AD04BB10AB1ECA300E0F1A325
:1098400044F82030401C491CC0B2C9B298F8D33C3F
:109850004BB10AB1F1A300E0F6A344F82030401C5C
:10986000491CC0B2C9B298F8373D632B0BD90AB175
:10987000F6A300E0FBA344F8203000F1010001F161
:109880000101C0B2C9B23C4B98F8B67C93F8C83C11
:10989000FD0703D013B112B1F8A5FCE103E2F9E131
:1098A000496E762EB93135206869676820556F7525
:1098B0007421202000000000C8EDE22EB9313520CF
:1098C000E7E0EDE8E62E2055E2FBF5210000000080
:1098D000496E762EB9313520206C6F7720556F7523
:1098E000742120200000000020C8EDE22EB931359F
:1098F00020E7E0EDE8E62E2055646320000000003C
:1099000020496E762EB9313520206C6F7720556452
:109910006320202000000000C8EDE22EB93136207F
:10992000F0E0E7F0FBE220F1E2FFE7E800000000F2
:10993000496E76B93136206E6F7420636F6E6E6536
:109940006374656400000000C8EDE22EB931362072
:10995000E2EDF3F2F02EEDE5E8F1EFF000000000AB
:10996000496E762EB9313620446566656374697632
:10997000652E202000000000D8EC0720C8EDE22E64
:10998000B9313620EFE5F0E5E3F0F3E7EAE0202037
:1099900000000000496E762EB93136204F76657290
:1099A0006C6F61642E20202000000000C8EDE22EC4
:1099B000B9313620F1E8EBFCED2EEDE0E3F0E5E225
:1099C00000000000496E762EB931362020686967A4
:1099D000682068656174202000000000C8EDE22E58
:1099E000B9313620EFE5F0E5E3F0E5E22CE2FBEA01
:1099F00000000000496E762EB931362074656D7016
:109A00002C64697361626C2E00000000C8EDE22EC8
:109A1000B9313620E7E0E2FBF82E2055E2FBF521D4
:109A200000000000496E762EB931362068696768FB
:109A300020556F757421202000000000C8EDE22E33
:109A4000B9313620E7E0EDE8E62E2055E2FBF521BE
:109A500000000000496E762EB9313620206C6F77F9
:109A600020556F75742120200000000020C8EDE211
:109A70002EB9313620E7E0EDE8E62E20556463206C
:109A80000000000020496E762EB9313620206C6F20
:109A9000772055646320202000000000C8EDE22EEE
:109AA000B9313720F0E0E7F0FBE220F1E2FFE7E830
:109AB00000000000496E76B93137206E6F74206364
:109AC0006F6E6E656374656400000000C8EDE22E81
:109AD000B9313720E2EDF3F2F02EEDE5E8F1EFF0E9
:109AE00000000000496E762EB93137204465666566
:109AF00063746976652E202000000000C8EDE22E18
:109B0000B9313720EFE5F0E5E3F0F3E7EAE02020B4
:109B100000000000496E762EB93137204F7665720D
:109B20006C6F61642E20202000000000C8EDE22E42
:109B3000B9313720F1E8EBFCED2EEDE0E3F0E5E2A2
:109B400000000000496E762EB93137202068696721
:109B5000682068656174202000000000C8EDE22ED6
:109B6000B9313720EFE5F0E5E3F0E5E22CE2FBEA7E
:109B700000000000496E762EB931372074656D7093
:109B80002C64697361626C2E00000000C8EDE22E47
:109B9000B9313720E7E0E2FBF82E2055E2FBF52152
:109BA00000000000496E762EB93137206869676879
:109BB00020556F757421202000000000C8EDE22EB2
:109BC000B9313720E7E0EDE8E62E2055E2FBF5213C
:109BD00000000000496E762EB9313720206C6F7777
:109BE00020556F75742120200000000020C8EDE290
:109BF0002EB9313720E7E0EDE8E62E2055646320EA
:109C00000000000020496E762EB9313720206C6F9D
:109C1000772055646320202000000000C8EDE22E6C
:109C2000B9313820F0E0E7F0FBE220F1E2FFE7E8AD
:109C300000000000496E76B93138206E6F742063E1
:109C40006F6E6E656374656400000000C8EDE22EFF
:109C5000B9313820E2EDF3F2F02EEDE5E8F1EFF066
:109C600000000000496E762EB931382044656665E3
:109C700063746976652E202000000000C8EDE22E96
:109C8000B9313820EFE5F0E5E3F0F3E7EAE0202032
:109C900000000000A8A544F8205000F1010001F1E7
:109CA0000101C0B2C9B2AA4D7E0795F8B75C09D5CB
:109CB000FBB1BE0711D4BE060BD50AB1A5A610E0B4
:109CC000AAA60EE0ABB1BE0707D47E0711D5BE062B
:109CD0000FD4FE070DD1EE070BD10AB1A9A600E003
:109CE000AEA644F8206000F1010001F10101C0B20C
:109CF000C9B23E070CD55BB10AB1AEA600E0B3A66F
:109D000044F8206000F1010001F10101C0B2C9B2C4
:109D1000FE060AD54BB10AB1B2A600E0B7A644F8D8
:109D20002060401C491CC0B2C9B2ED070AD04BB13B
:109D30000AB1B8A300E0BDA344F82030401C491C80
:109D4000C0B2C9B298F88F3D4BB10AB1BDA300E0D3
:109D5000C2A344F82030401C491CC0B2C9B298F8D4
:109D6000F33D632B0BD90AB1C2A300E0C7A344F8AB
:109D7000203000F1010001F10101C0B2C9B2744B01
:109D800098F8727D93F8843DFD070CD05BB10AB161
:109D9000C4A500E0C9A544F8205000F1010001F17C
:109DA0000101C0B2C9B26A4D7E0795F8735D09D54D
:109DB000FBB1BE0711D4BE060BD50AB1C5A610E093
:109DC000CAA60EE0ABB1BE0707D47E0711D5BE060A
:109DD0000FD4FE070DD1EE070BD10AB1C9A600E0E2
:109DE000CEA644F8206000F1010001F10101C0B2EB
:109DF000C9B23E070CD55BB10AB1CEA600E0D3A62E
:109E000044F8206000F1010001F10101C0B2C9B2C3
:109E1000FE060AD54BB10AB1D2A600E0D7A644F897
:109E20002060401C491CC0B2C9B2ED070AD04BB13A
:109E30000AB1D8A300E0DDA344F82030401C491C3F
:109E4000C0B2C9B298F84B3E4BB10AB1DDA300E0F5
:109E5000E2A344F82030401C491CC0B2C9B298F8B3
:109E6000AF3E632B09D90AB1E2A300E0E7A344F8AF
:109E70002030401C491CC0B2C9B2354B98F82E7E28
:109E800093F8403EFD070CD05BB10AB1E5A500E0B8
:109E9000EAA544F8205000F1010001F10101C0B22F
:109EA000C9B22B4D7E0795F82F5E09D5FBB1BE07D1
:109EB00011D4BE060BD50AB1E6A610E0EBA60EE063
:109EC000ABB1BE0707D47E0711D5BE060FD4FE077F
:109ED0000DD1EE070BD10AB1EAA600E0EFA644F8D7
:109EE000206000F1010001F10101C0B2C9B23E07DA
:109EF0000CD55BB10AB1EFA600E0F4A644F82060EF
:109F000000F1010001F10101C0B2C9B2FE060AD59B
:109F10004BB10AB1F3A600E0F8A644F82060401C5B
:109F2000491CC0B2C9B2ED0703D013B112B1F9A3F5
:109F3000FDE102E2FAE10000496E762EB9313820E7
:109F40004F7665726C6F61642E2020200000000047
:109F5000D8EC0720C8EDE22EB9313820F1E8EBFC4F
:109F6000ED2EEDE0E3F0E5E200000000496E762E14
:109F7000B9313820206869676820686561742020DD
:109F800000000000C8EDE22EB9313820EFE5F0E521
:109F9000E3F0E5E22CE2FBEA00000000496E762ED9
:109FA000B931382074656D702C64697361626C2EF0
:109FB00000000000C8EDE22EB9313820E7E0E2FBF6
:109FC000F82E2055E2FBF52100000000496E762EA8
:109FD000B93138206869676820556F757421202071
:109FE00000000000C8EDE22EB9313820E7E0EDE8CE
:109FF000E62E2055E2FBF52100000000496E762E8A
:10A00000B9313820206C6F7720556F75742120206E
:10A010000000000020C8EDE22EB9313820E7E0ED65
:10A02000E8E62E20556463200000000020496E768B
:10A030002EB9313820206C6F7720556463202020A2
:10A0400000000000C8EDE22EB9313920F0E0E7F061
:10A05000FBE220F1E2FFE7E800000000496E76B97C
:10A060003139206E6F7420636F6E6E656374656442
:10A0700000000000C8EDE22EB9313920E2EDF3F224
:10A08000F02EEDE5E8F1EFF000000000496E762ECD
:10A09000B93139204465666563746976652E202080
:10A0A00000000000C8EDE22EB9313920EFE5F0E5FF
:10A0B000E3F0F3E7EAE0202000000000496E762E8E
:10A0C000B93139204F7665726C6F61642E20202083
:10A0D00000000000C8EDE22EB9313920F1E8EBFCB8
:10A0E000ED2EEDE0E3F0E5E200000000496E762E93
:10A0F000B93139202068696768206865617420205B
:10A1000000000000C8EDE22EB9313920EFE5F0E59E
:10A11000E3F0E5E22CE2FBEA00000000496E762E57
:10A12000B931392074656D702C64697361626C2E6D
:10A1300000000000C8EDE22EB9313920E7E0E2FB73
:10A14000F82E2055E2FBF52100000000496E762E26
:10A15000B93139206869676820556F7574212020EE
:10A1600000000000C8EDE22EB9313920E7E0EDE84B
:10A17000E62E2055E2FBF52100000000496E762E08
:10A18000B9313920206C6F7720556F7574212020EC
:10A190000000000020C8EDE22EB9313920E7E0EDE3
:10A1A000E8E62E20556463200000000020496E760A
:10A1B0002EB9313920206C6F772055646320202020
:10A1C00000000000C8EDE22EB9323020F0E0E7F0E8
:10A1D000FBE220F1E2FFE7E800000000496E76B9FB
:10A1E0003230206E6F7420636F6E6E6563746564C9
:10A1F00000000000C8EDE22EB9323020E2EDF3F2AB
:10A20000F02EEDE5E8F1EFF000000000496E762E4B
:10A21000B93230204465666563746976652E202006
:10A2200000000000C8EDE22EB9323020EFE5F0E585
:10A23000E3F0F3E7EAE0202000000000496E762E0C
:10A24000B93230204F7665726C6F61642E20202009
:10A2500000000000C8EDE22EB9323020F1E8EBFC3E
:10A26000ED2EEDE0E3F0E5E200000000496E762E11
:10A27000B9323020206869676820686561742020E1
:10A2800000000000C8EDE22EB9323020EFE5F0E525
:10A29000E3F0E5E22CE2FBEA00000000496E762ED6
:10A2A000B932302074656D702C64697361626C2EF4
:10A2B00000000000C8EDE22EB9323020E7E0E2FBFA
:10A2C000F82E2055E2FBF52100000000496E762EA5
:10A2D000B93230206869676820556F757421202075
:10A2E00000000000C8EDE22EB9323020E7E0EDE8D2
:10A2F000E62E2055E2FBF52100000000496E762E87
:10A30000B9323020206C6F7720556F757421202072
:10A310000000000020C8EDE22EB9323020E7E0ED69
:10A32000E8E62E205564632000000000B1A344F845
:10A330002030401C491CC0B2C9B298F8073F4BB14D
:10A340000AB1B2A300E0B7A344F82030401C491C76
:10A35000C0B2C9B298F86B3F632B09D90AB1B7A351
:10A3600000E0BCA344F82030401C491CC0B2C9B274
:10A37000BE4B98F8EA7E93F8FC3EFD070CD05BB12B
:10A380000AB1BBA500E0C0A544F8205000F10100CF
:10A3900001F10101C0B2C9B2B44D7E0795F8EB5E80
:10A3A00009D5FBB1BE0711D4BE060BD50AB1BCA6B8
:10A3B00010E0C1A60EE0ABB1BE0707D47E0711D5F1
:10A3C000BE060FD4FE070DD1EE070BD10AB1C0A611
:10A3D00000E0C5A644F8206000F1010001F1010190
:10A3E000C0B2C9B23E070CD55BB10AB1C4A600E049
:10A3F000C9A644F8206000F1010001F10101C0B2DA
:10A40000C9B2FE060AD54BB10AB1C9A600E0CEA674
:10A4100044F82060401C491CC0B2C9B2ED070AD004
:10A420004BB10AB1CEA300E0D3A344F82030401CC6
:10A43000491CC0B2C9B298F8C33F4BB10AB1D4A30A
:10A4400000E0D9A344F82030401C491CC0B2C9B276
:10A45000DB4B93F82750632D09D90AB1D9A500E049
:10A46000DEA544F82050401C491CC0B2C9B27F4D43
:10A4700098F8A68F95F8B85F5FEAC8760CD05DB102
:10A480000AB1DCA600E0E1A644F8206000F101007A
:10A4900001F10101C0B2C9B2744E5FEA487796F883
:10A4A000A76F0BD52DB35FEA887716D45FEA88676C
:10A4B0000ED50AB1DBA714E0E0A712E0CDB15FEA48
:10A4C00088770AD45FEA487713D55FEA886710D4A3
:10A4D0005FEAC8770DD1F7070BD10AB1DDA700E01D
:10A4E000E2A744F8207000F1010001F10101C0B2BF
:10A4F000C9B25FEA08770CD55DB10AB1E1A700E007
:10A50000E6A744F8207000F1010001F10101C0B29A
:10A51000C9B25FEAC8670AD54DB10AB1E5A700E044
:10A52000EAA744F82070401C491CC0B2C9B2F60723
:10A530000AD04DB10AB1EBA500E0F0A544F82050D7
:10A54000401C491CC0B2C9B293F87F504DB10AB14A
:10A55000F0A500E0F5A544F82050401C491CC0B20D
:10A56000C9B293F8E350632D09D90AB1F5A500E00B
:10A57000FAA544F82050401C491CC0B2C9B2904D05
:10A5800093F8628095F874505FEAC8760CD05DB19C
:10A590000AB1F8A600E0FDA644F8206000F1010031
:10A5A00001F10101C0B2C9B2854E5FEA487796F861
:10A5B00063600BD5E5B15FEA887716D45FEA8867F8
:10A5C0000ED50AB1F7A712E2FCA710E285B15FEA47
:10A5D00088770AD45FEA48770AD55FEA886707D4A4
:10A5E0005FEAC87704D1F70702D112B1F9A7FEE1FB
:10A5F00005E2FBE120496E762EB9323020206C6FE7
:10A60000772055646320202000000000C8EDE22E72
:10A61000B9323120F0E0E7F0FBE220F1E2FFE7E8B9
:10A6200000000000496E76B93231206E6F742063ED
:10A630006F6E6E656374656400000000C8EDE22E05
:10A64000B9323120E2EDF3F2F02EEDE5E8F1EFF072
:10A6500000000000496E762EB932312044656665EF
:10A6600063746976652E202000000000D8EC072076
:10A67000C8EDE22EB9323120EFE5F0E5E3F0F3E783
:10A68000EAE0202000000000496E762EB932312029
:10A690004F7665726C6F61642E20202000000000F0
:10A6A000C8EDE22EB9323120F1E8EBFCED2EEDE001
:10A6B000E3F0E5E200000000496E762EB932312069
:10A6C00020686967682068656174202000000000C8
:10A6D000C8EDE22EB9323120EFE5F0E5E3F0E5E236
:10A6E0002CE2FBEA00000000496E762EB9323120E0
:10A6F00074656D702C64697361626C2E00000000DB
:10A70000C8EDE22EB9323120E7E0E2FBF82E205509
:10A71000E2FBF52100000000496E762EB9323120AF
:10A720006869676820556F7574212020000000005B
:10A73000C8EDE22EB9323120E7E0EDE8E62E2055F3
:10A74000E2FBF52100000000496E762EB93231207F
:10A75000206C6F7720556F75742120200000000059
:10A7600020C8EDE22EB9323120E7E0EDE8E62E20F8
:10A77000556463200000000020496E762EB9323106
:10A7800020206C6F7720556463202020000000009B
:10A79000C8EDE22EB9323220F0E0E7F0FBE220F122
:10A7A000E2FFE7E800000000496E76B93232206E21
:10A7B0006F7420636F6E6E656374656400000000E3
:10A7C000D8FC0720C8EDE22EB9323220E2EDF3F2D8
:10A7D000F02EEDE5E8F1EFF000000000496E762E76
:10A7E000B93232204465666563746976652E20202F
:10A7F00000000000C8EDE22EB9323220EFE5F0E5AE
:10A80000E3F0F3E7EAE0202000000000496E762E36
:10A81000B93232204F7665726C6F61642E20202031
:10A8200000000000C8EDE22EB9323220F1E8EBFC66
:10A83000ED2EEDE0E3F0E5E200000000496E762E3B
:10A84000B932322020686967682068656174202009
:10A8500000000000C8EDE22EB9323220EFE5F0E54D
:10A86000E3F0E5E22CE2FBEA00000000496E762E00
:10A87000B932322074656D702C64697361626C2E1C
:10A8800000000000C8EDE22EB9323220E7E0E2FB22
:10A89000F82E2055E2FBF52100000000496E762ECF
:10A8A000B93232206869676820556F75742120209D
:10A8B00000000000C8EDE22EB9323220E7E0EDE8FA
:10A8C000E62E2055E2FBF52100000000496E762EB1
:10A8D000B9323220206C6F7720556F75742120209B
:10A8E0000000000020C8EDE22EB9323220E7E0ED92
:10A8F000E8E62E20556463200000000020496E76B3
:10A900002EB9323220206C6F7720556463202020CE
:10A9100000000000C8EDE22EB9323320F0E0E7F08D
:10A92000FBE220F1E2FFE7E800000000496E76B9A3
:10A930003233206E6F7420636F6E6E65637465646E
:10A9400000000000C8EDE22EB9323320E2EDF3F250
:10A95000F02EEDE5E8F1EFF000000000496E762EF4
:10A96000B93233204465666563746976652E2020AC
:10A9700000000000C8EDE22EB9323320EFE5F0E52B
:10A98000E3F0F3E7EAE0202000000000496E762EB5
:10A99000B93233204F7665726C6F61642E202020AF
:10A9A00000000000C8EDE22EB9323320F1E8EBFCE4
:10A9B000ED2EEDE0E3F0E5E200000000496E762EBA
:10A9C000B932332020686967682068656174202087
:10A9D00000000000C8EDE22EB9323320EFE5F0E5CB
:10A9E000E3F0E5E22CE2FBEA00000000ACA744F84B
:10A9F000207000F1010001F10101C0B2C9B25FEAAB
:10AA000008770CD55DB10AB1ABA700E0B0A744F858
:10AA1000207000F1010001F10101C0B2C9B25FEA8A
:10AA2000C8670AD54DB10AB1AFA700E0B4A744F892
:10AA30002070401C491CC0B2C9B2F6070AD04DB103
:10AA40000AB1B5A500E0BAA544F82050401C491C45
:10AA5000C0B2C9B293F83B514DB10AB1BAA500E0FA
:10AA6000BFA544F82050401C491CC0B2C9B293F89D
:10AA70009F51632D09D90AB1BFA500E0C4A544F8D0
:10AA80002050401C491CC0B2C9B2C74D93F81E816A
:10AA900095F830515FEAC8760CD05DB10AB1C3A613
:10AAA00000E0C8A644F8206000F1010001F10101B6
:10AAB000C0B2C9B2BC4E5FEA487796F81F610BD5A9
:10AAC0002DB35FEA887716D45FEA88670ED50AB19E
:10AAD000C2A714E0C7A712E0CDB15FEA88770AD415
:10AAE0005FEA487713D55FEA886710D45FEAC877D2
:10AAF0000DD1F7070BD10AB1C4A700E0C9A744F8EC
:10AB0000207000F1010001F10101C0B2C9B25FEA99
:10AB100008770CD55DB10AB1C8A700E0CDA744F80D
:10AB2000207000F1010001F10101C0B2C9B25FEA79
:10AB3000C8670AD54DB10AB1CCA700E0D1A744F847
:10AB40002070401C491CC0B2C9B2F6070AD04DB1F2
:10AB50000AB1D2A500E0D7A544F82050401C491CFA
:10AB6000C0B2C9B293F8F7514DB10AB1D7A500E010
:10AB7000DCA544F82050401C491CC0B2C9B293F86F
:10AB80005B52632D09D90AB1DCA500E0E1A544F8C8
:10AB90002050401C491CC0B2C9B2834D93F8DA81E1
:10ABA00095F8EC515FEAC8760CD05DB10AB1DFA62A
:10ABB00000E0E4A644F8206000F1010001F1010189
:10ABC000C0B2C9B2784E5FEA487796F8DB610BD520
:10ABD0002DB35FEA887716D45FEA88670ED50AB18D
:10ABE000DEA714E0E3A712E0CDB15FEA88770AD4CC
:10ABF0005FEA487713D55FEA886710D45FEAC877C1
:10AC00000DD1F7070BD10AB1E0A700E0E5A744F8A2
:10AC1000207000F1010001F10101C0B2C9B25FEA88
:10AC200008770CD55DB10AB1E4A700E0E9A744F8C4
:10AC3000207000F1010001F10101C0B2C9B25FEA68
:10AC4000C8670AD54DB10AB1E8A700E0EDA744F8FE
:10AC50002070401C491CC0B2C9B2F6070AD04DB1E1
:10AC60000AB1EEA500E0F3A544F82050401C491CB1
:10AC7000C0B2C9B293F8B3524DB10AB1F3A500E026
:10AC8000F8A544F82050401C491CC0B2C9B293F842
:10AC90001753632D03D90AB1F8A5FCE1FAE101E2EB
:10ACA000496E762EB932332074656D702C646973E9
:10ACB00061626C2E00000000C8EDE22EB932332034
:10ACC000E7E0E2FBF82E2055E2FBF5210000000052
:10ACD000496E762EB93233206869676820556F75E2
:10ACE0007421202000000000C8EDE22EB93233208C
:10ACF000E7E0EDE8E62E2055E2FBF521000000003C
:10AD0000496E762EB9323320206C6F7720556F75DF
:10AD1000742120200000000020C8EDE22EB932335B
:10AD200020E7E0EDE8E62E205564632000000000F7
:10AD300020496E762EB9323320206C6F772055640F
:10AD40006320202000000000C8EDE22EB93234203C
:10AD5000F0E0E7F0FBE220F1E2FFE7E800000000AE
:10AD6000496E76B93234206E6F7420636F6E6E65F3
:10AD70006374656400000000C8EDE22EB93234202F
:10AD8000E2EDF3F2F02EEDE5E8F1EFF00000000067
:10AD9000496E762EB93234204465666563746976EF
:10ADA000652E202000000000D8FC0720C8EDE22E10
:10ADB000B9323420EFE5F0E5E3F0F3E7EAE02020F4
:10ADC00000000000496E762EB93234204F7665724D
:10ADD0006C6F61642E20202000000000C8EDE22E80
:10ADE000B9323420F1E8EBFCED2EEDE0E3F0E5E2E2
:10ADF00000000000496E762EB93234202068696761
:10AE0000682068656174202000000000C8EDE22E13
:10AE1000B9323420EFE5F0E5E3F0E5E22CE2FBEABD
:10AE200000000000496E762EB932342074656D70D2
:10AE30002C64697361626C2E00000000C8EDE22E84
:10AE4000B9323420E7E0E2FBF82E2055E2FBF52191
:10AE500000000000496E762EB932342068696768B8
:10AE600020556F757421202000000000C8EDE22EEF
:10AE7000B9323420E7E0EDE8E62E2055E2FBF5217B
:10AE800000000000496E762EB9323420206C6F77B6
:10AE900020556F75742120200000000020C8EDE2CD
:10AEA0002EB9323420E7E0EDE8E62E205564632029
:10AEB0000000000020496E762EB9323420206C6FDD
:10AEC000772055646320202000000000C8EDE22EAA
:10AED000B9323520F0E0E7F0FBE220F1E2FFE7E8ED
:10AEE00000000000496E76B93235206E6F74206321
:10AEF0006F6E6E656374656400000000C8EDE22E3D
:10AF0000B9323520E2EDF3F2F02EEDE5E8F1EFF0A5
:10AF100000000000496E762EB93235204465666522
:10AF200063746976652E202000000000C8EDE22ED3
:10AF3000B9323520EFE5F0E5E3F0F3E7EAE0202071
:10AF400000000000496E762EB93235204F766572CA
:10AF50006C6F61642E20202000000000C8EDE22EFE
:10AF6000B9323520F1E8EBFCED2EEDE0E3F0E5E25F
:10AF700000000000496E762EB932352020686967DE
:10AF8000682068656174202000000000C8EDE22E92
:10AF9000B9323520EFE5F0E5E3F0E5E22CE2FBEA3B
:10AFA00000000000496E762EB932352074656D7050
:10AFB0002C64697361626C2E00000000C8EDE22E03
:10AFC000B9323520E7E0E2FBF82E2055E2FBF5210F
:10AFD00000000000496E762EB93235206869676836
:10AFE00020556F757421202000000000C8EDE22E6E
:10AFF000B9323520E7E0EDE8E62E2055E2FBF521F9
:10B0000000000000496E762EB9323520206C6F7733
:10B0100020556F75742120200000000020C8EDE24B
:10B020002EB9323520E7E0EDE8E62E2055646320A6
:10B030000000000020496E762EB9323520206C6F5A
:10B04000772055646320202000000000C8EDE22E28
:10B05000B9323620F0E0E7F0FBE220F1E2FFE7E86A
:10B0600000000000496E76B93236206E6F7420639E
:10B070006F6E6E656374656400000000C8EDE22EBB
:10B08000B9323620E2EDF3F2F02EEDE5E8F1EFF023
:10B0900000000000BAA544F82050401C01F1010155
:10B0A000C0B2C9B2BC4D93F8968295F8A8525FEA37
:10B0B000C8760CD05DB10AB1B8A600E0BDA644F8D0
:10B0C000206000F1010001F10101C0B2C9B2B24E2D
:10B0D0005FEA487796F897620BD52DB35FEA8877D9
:10B0E00016D45FEA88670ED50AB1B8A714E0BDA7E9
:10B0F00012E0CDB15FEA88770AD45FEA487713D5CA
:10B100005FEA886710D45FEAC8770DD1F7070BD1E3
:10B110000AB1BAA700E0BFA744F8207000F101000F
:10B1200001F10101C0B2C9B25FEA08770CD55DB187
:10B130000AB1BEA700E0C3A744F8207000F10100E7
:10B1400001F10101C0B2C9B25FEAC8670AD54DB1C9
:10B150000AB1C2A700E0C7A744F82070401C491CF0
:10B16000C0B2C9B2F6070AD04DB10AB1C7A500E016
:10B17000CCA544F82050401C491CC0B2C9B293F879
:10B180006F534DB10AB1CDA500E0D2A544F82050CF
:10B19000401C491CC0B2C9B293F8D353632D0AD9DD
:10B1A0000AB1D2A500E0D7A544F82050401C01F117
:10B1B0000101C0B2C9B2784D93F8528395F8645337
:10B1C0005FEAC8760CD05DB10AB1D4A600E0D9A67A
:10B1D00044F8206000F1010001F10101C0B2C9B2E0
:10B1E0006D4E5FEA487796F853630BD52DB35FEA4F
:10B1F000887716D45FEA88670ED50AB1D3A714E022
:10B20000D8A712E0CDB15FEA88770AD45FEA487721
:10B2100013D55FEA886710D45FEAC8770DD1F707C6
:10B220000BD10AB1D5A700E0DAA744F8207000F1ED
:10B23000010001F10101C0B2C9B25FEA08770CD583
:10B240005DB10AB1D9A700E0DEA744F8207000F193
:10B25000010001F10101C0B2C9B25FEAC8670AD5B5
:10B260004DB10AB1DDA700E0E2A744F82070401C10
:10B27000491CC0B2C9B2F6070AD04DB10AB1E3A564
:10B2800000E0E8A544F82050401C491CC0B2C9B2F7
:10B2900093F82B544DB10AB1E8A500E0EDA544F8B0
:10B2A0002050401C491CC0B2C9B293F88F54632D82
:10B2B0000BD90AB1EDA500E0F2A544F8205000F149
:10B2C000010001F10101C0B2C9B2334D93F80E84FF
:10B2D00095F820545FEAC8760CD05DB10AB1EFA6AC
:10B2E00000E0F4A644F8206000F1010001F1010142
:10B2F000C0B2C9B2284E5FEA487796F80F640BD502
:10B300002DB35FEA887716D45FEA88670ED50AB155
:10B31000EEA714E0F3A712E0CDB15FEA88770AD474
:10B320005FEA487713D55FEA886710D45FEAC87789
:10B330000DD1F7070BD10AB1F0A700E0F5A744F84B
:10B34000207000F1010001F10101C0B2C9B25FEA51
:10B3500008770CD55DB10AB1F4A700E0F9A744F86D
:10B36000207000F1010001F10101C0B2C9B25FEA31
:10B37000C86703D515B112B1F8A7FCE101E2F9E104
:10B38000496E762EB93236204465666563746976F7
:10B39000652E202000000000D8FC0720C8EDE22E1A
:10B3A000B9323620EFE5F0E5E3F0F3E7EAE02020FC
:10B3B00000000000496E762EB93236204F76657255
:10B3C0006C6F61642E20202000000000C8EDE22E8A
:10B3D000B9323620F1E8EBFCED2EEDE0E3F0E5E2EA
:10B3E00000000000496E762EB93236202068696769
:10B3F000682068656174202000000000C8EDE22E1E
:10B40000B9323620EFE5F0E5E3F0E5E22CE2FBEAC5
:10B4100000000000496E762EB932362074656D70DA
:10B420002C64697361626C2E00000000C8EDE22E8E
:10B43000B9323620E7E0E2FBF82E2055E2FBF52199
:10B4400000000000496E762EB932362068696768C0
:10B4500020556F757421202000000000C8EDE22EF9
:10B46000B9323620E7E0EDE8E62E2055E2FBF52183
:10B4700000000000496E762EB9323620206C6F77BE
:10B4800020556F75742120200000000020C8EDE2D7
:10B490002EB9323620E7E0EDE8E62E205564632031
:10B4A0000000000020496E762EB9323620206C6FE5
:10B4B000772055646320202000000000C8EDE22EB4
:10B4C000B9323720F0E0E7F0FBE220F1E2FFE7E8F5
:10B4D00000000000496E76B93237206E6F74206329
:10B4E0006F6E6E656374656400000000C8EDE22E47
:10B4F000B9323720E2EDF3F2F02EEDE5E8F1EFF0AE
:10B5000000000000496E762EB9323720446566652A
:10B5100063746976652E202000000000C8EDE22EDD
:10B52000B9323720EFE5F0E5E3F0F3E7EAE0202079
:10B5300000000000496E762EB93237204F766572D2
:10B540006C6F61642E20202000000000C8EDE22E08
:10B55000B9323720F1E8EBFCED2EEDE0E3F0E5E267
:10B5600000000000496E762EB932372020686967E6
:10B57000682068656174202000000000C8EDE22E9C
:10B58000B9323720EFE5F0E5E3F0E5E22CE2FBEA43
:10B5900000000000496E762EB932372074656D7058
:10B5A0002C64697361626C2E00000000C8EDE22E0D
:10B5B000B9323720E7E0E2FBF82E2055E2FBF52117
:10B5C00000000000496E762EB9323720686967683E
:10B5D00020556F757421202000000000C8EDE22E78
:10B5E000B9323720E7E0EDE8E62E2055E2FBF52101
:10B5F00000000000496E762EB9323720206C6F773C
:10B6000020556F75742120200000000020C8EDE255
:10B610002EB9323720E7E0EDE8E62E2055646320AE
:10B620000000000020496E762EB9323720206C6F62
:10B63000772055646320202000000000C8EDE22E32
:10B64000B9323820F0E0E7F0FBE220F1E2FFE7E872
:10B6500000000000496E76B93238206E6F742063A6
:10B660006F6E6E656374656400000000C8EDE22EC5
:10B67000B9323820E2EDF3F2F02EEDE5E8F1EFF02B
:10B6800000000000496E762EB932382044656665A8
:10B6900063746976652E202000000000C8EDE22E5C
:10B6A000B9323820EFE5F0E5E3F0F3E7EAE02020F7
:10B6B00000000000496E762EB93238204F76657250
:10B6C0006C6F61642E20202000000000C8EDE22E87
:10B6D000B9323820F1E8EBFCED2EEDE0E3F0E5E2E5
:10B6E00000000000496E762EB93238202068696764
:10B6F000682068656174202000000000C8EDE22E1B
:10B70000B9323820EFE5F0E5E3F0E5E22CE2FBEAC0
:10B7100000000000496E762EB932382074656D70D5
:10B720002C64697361626C2E00000000C8EDE22E8B
:10B73000B9323820E7E0E2FBF82E2055E2FBF52194
:10B7400000000000496E762EB932382068696768BB
:10B7500020556F757421202000000000C8EDE22EF6
:10B76000B9323820E7E0EDE8E62E2055E2FBF5217E
:10B7700000000000B5A744F82070401C491CC0B26E
:10B78000C9B2F6070AD04DB10AB1B6A500E0BBA513
:10B7900044F82050401C491CC0B2C9B293F8E75489
:10B7A0004DB10AB1BBA500E0C0A544F82050401C33
:10B7B000491CC0B2C9B293F84B55632D0BD90AB1DD
:10B7C000C0A500E0C5A544F8205000F1010001F13A
:10B7D0000101C0B2C9B2C74D93F8CA8495F8DC54D0
:10B7E0005FEAC8760CD05DB10AB1C3A600E0C8A676
:10B7F00044F8206000F1010001F10101C0B2C9B2BA
:10B80000BC4E5FEA487796F8CB640BD52DB35FEA60
:10B81000887716D45FEA88670ED50AB1C2A714E00C
:10B82000C7A712E0CDB15FEA88770AD45FEA48770C
:10B8300013D55FEA886710D45FEAC8770DD1F707A0
:10B840000BD10AB1C4A700E0C9A744F8207000F1E9
:10B85000010001F10101C0B2C9B25FEA08770CD55D
:10B860005DB10AB1C8A700E0CDA744F8207000F18F
:10B87000010001F10101C0B2C9B25FEAC8670AD58F
:10B880004DB10AB1CCA700E0D1A744F82070401C0C
:10B89000491CC0B2C9B2F6070AD04DB10AB1D2A54F
:10B8A00000E0D7A544F82050401C491CC0B2C9B2E2
:10B8B00093F8A3554DB10AB1D7A500E0DCA544F833
:10B8C0002050401C491CC0B2C9B293F80756632DE2
:10B8D0000BD90AB1DCA500E0E1A544F8205000F145
:10B8E000010001F10101C0B2C9B2824D93F8868511
:10B8F00095F898555FEAC8760CD05DB10AB1DEA61E
:10B9000000E0E3A644F8206000F1010001F101012C
:10B91000C0B2C9B2774E5FEA487796F887650BD513
:10B920002DB35FEA887716D45FEA88670ED50AB12F
:10B93000DDA714E0E2A712E0CDB15FEA88770AD470
:10B940005FEA487713D55FEA886710D45FEAC87763
:10B950000DD1F7070BD10AB1DFA700E0E4A744F847
:10B96000207000F1010001F10101C0B2C9B25FEA2B
:10B9700008770CD55DB10AB1E3A700E0E8A744F869
:10B98000207000F1010001F10101C0B2C9B25FEA0B
:10B99000C8670AD54DB10AB1E7A700E0ECA744F8A3
:10B9A0002070401C491CC0B2C9B2F6070AD04DB184
:10B9B0000AB1EDA500E0F2A544F82050401C491C56
:10B9C000C0B2C9B293F85F564DB10AB1F2A500E01A
:10B9D000F7A544F82050401C491CC0B2C9B293F8E6
:10B9E000C356632D09D90AB1F7A500E0FCA544F8B8
:10B9F0002050401C491CC0B2C9B23E4D93F842864B
:10BA000095F854565FEAC8760CD05DB10AB1FAA633
:10BA100000E0FFA644F8206000F1010001F10101FF
:10BA2000C0B2C9B2334E5FEA487796F843660AD58A
:10BA30003DB15FEA887707D45FEA886705D50AB128
:10BA4000F2E110E2F2E1F3E101E2FBE1496E762E70
:10BA5000B9323820206C6F7720556F757421202003
:10BA60000000000020C8EDE22EB9323820E7E0EDFA
:10BA7000E8E62E20556463200000000020496E7621
:10BA80002EB9323820206C6F772055646320202037
:10BA900000000000C8EDE22EB9323920F0E0E7F0F6
:10BAA000FBE220F1E2FFE7E800000000496E76B912
:10BAB0003239206E6F7420636F6E6E6563746564D7
:10BAC00000000000C8EDE22EB9323920E2EDF3F2B9
:10BAD000F02EEDE5E8F1EFF000000000496E762E63
:10BAE000B93239204465666563746976652E202015
:10BAF00000000000D8FC0720C8EDE22EB932392042
:10BB0000EFE5F0E5E3F0F3E7EAE0202000000000D5
:10BB1000496E762EB93239204F7665726C6F61644A
:10BB20002E20202000000000C8EDE22EB93239207E
:10BB3000F1E8EBFCED2EEDE0E3F0E5E200000000C3
:10BB4000496E762EB93239202068696768206865A9
:10BB50006174202000000000C8EDE22EB9323920C7
:10BB6000EFE5F0E5E3F0E5E22CE2FBEA000000009F
:10BB7000496E762EB932392074656D702C64697304
:10BB800061626C2E00000000C8EDE22EB93239204F
:10BB9000E7E0E2FBF82E2055E2FBF5210000000073
:10BBA000496E762EB93239206869676820556F75FD
:10BBB0007421202000000000C8EDE22EB9323920A7
:10BBC000E7E0EDE8E62E2055E2FBF521000000005D
:10BBD000496E762EB9323920206C6F7720556F75FB
:10BBE000742120200000000020C8EDE22EB9323977
:10BBF00020E7E0EDE8E62E20556463200000000019
:10BC000020496E762EB9323920206C6F772055642A
:10BC10006320202000000000C8EDE22EB933302060
:10BC2000F0E0E7F0FBE220F1E2FFE7E800000000CF
:10BC3000496E76B93330206E6F7420636F6E6E6517
:10BC40006374656400000000C8EDE22EB933302053
:10BC5000E2EDF3F2F02EEDE5E8F1EFF00000000088
:10BC6000496E762EB9333020446566656374697613
:10BC7000652E202000000000C8EDE22EB9333020F0
:10BC8000EFE5F0E5E3F0F3E7EAE020200000000054
:10BC9000496E762EB93330204F7665726C6F6164D1
:10BCA0002E20202000000000C8EDE22EB933302005
:10BCB000F1E8EBFCED2EEDE0E3F0E5E20000000042
:10BCC000496E762EB9333020206869676820686530
:10BCD0006174202000000000C8EDE22EB93330204E
:10BCE000EFE5F0E5E3F0E5E22CE2FBEA000000001E
:10BCF000496E762EB933302074656D702C6469738B
:10BD000061626C2E00000000C8EDE22EB9333020D5
:10BD1000E7E0E2FBF82E2055E2FBF52100000000F1
:10BD2000496E762EB93330206869676820556F7583
:10BD30007421202000000000C8EDE22EB93330202D
:10BD4000E7E0EDE8E62E2055E2FBF52100000000DB
:10BD5000496E762EB9333020206C6F7720556F7581
:10BD6000742120200000000020C8EDE22EB93330FD
:10BD700020E7E0EDE8E62E20556463200000000097
:10BD800020496E762EB9333020206C6F77205564B1
:10BD90006320202000000000C8EDE22EB9333120DE
:10BDA000F0E0E7F0FBE220F1E2FFE7E8000000004E
:10BDB000496E76B93331206E6F7420636F6E6E6595
:10BDC0006374656400000000C8EDE22EB9333120D1
:10BDD000E2EDF3F2F02EEDE5E8F1EFF00000000007
:10BDE000496E762EB9333120446566656374697691
:10BDF000652E202000000000C8EDE22EB93331206E
:10BE0000EFE5F0E5E3F0F3E7EAE0202000000000D2
:10BE1000496E762EB93331204F7665726C6F61644E
:10BE20002E20202000000000AAA714E0AFA712E0F7
:10BE3000CDB15FEA88770AD45FEA487713D55FEA25
:10BE4000886710D45FEAC8770DD1F7070BD10AB124
:10BE5000ACA700E0B1A744F8207000F1010001F1A7
:10BE60000101C0B2C9B25FEA08770CD55DB10AB171
:10BE7000B0A700E0B5A744F8207000F1010001F17F
:10BE80000101C0B2C9B25FEAC8670AD54DB10AB1B3
:10BE9000B4A700E0B9A744F82070401C491CC0B208
:10BEA000C9B2F6070AD04DB10AB1BAA500E0BFA5E4
:10BEB00044F82050401C491CC0B2C9B293F81B572B
:10BEC0004DB10AB1BFA500E0C4A544F82050401C04
:10BED000491CC0B2C9B293F87F57632D09D90AB182
:10BEE000C4A500E0C9A544F82050401C491CC0B2BC
:10BEF000C9B2CC4D93F8FE8695F810575FEAC87624
:10BF00000CD05DB10AB1C8A600E0CDA644F820600F
:10BF100000F1010001F10101C0B2C9B2C14E5FEAF6
:10BF2000487796F8FF660BD52DB35FEA887716D46D
:10BF30005FEA88670ED50AB1C7A714E0CCA712E064
:10BF4000CDB15FEA88770AD45FEA487713D55FEA14
:10BF5000886710D45FEAC8770DD1F7070BD10AB113
:10BF6000C9A700E0CEA744F8207000F1010001F15C
:10BF70000101C0B2C9B25FEA08770CD55DB10AB160
:10BF8000CDA700E0D2A744F8207000F1010001F134
:10BF90000101C0B2C9B25FEAC8670AD54DB10AB1A2
:10BFA000D1A700E0D6A744F82070401C491CC0B2BD
:10BFB000C9B2F6070AD04DB10AB1D7A500E0DCA599
:10BFC00044F82050401C491CC0B2C9B293F8D7575E
:10BFD0004DB10AB1DCA500E0E1A544F82050401CB9
:10BFE000491CC0B2C9B293F83B58632D09D90AB1B4
:10BFF000E1A500E0E6A544F82050401C491CC0B271
:10C00000C9B293F8BA77874BFD0793F8CC370CD0B9
:10C010005BB10AB1E4A500E0E9A544F8205000F1C5
:10C02000010001F10101C0B2C9B27E4D7E0795F851
:10C03000BB5709D5FBB1BE0711D4BE060BD50AB15B
:10C04000E5A610E0EAA60EE0ABB1BE0707D47E0776
:10C0500011D5BE060FD4FE070DD1EE070BD10AB1E4
:10C06000E9A600E0EEA644F8206000F1010001F12D
:10C070000101C0B2C9B23E070CD55BB10AB1EEA650
:10C0800000E0F3A644F8206000F1010001F1010195
:10C09000C0B2C9B2FE060AD54BB10AB1F2A600E0A1
:10C0A000F7A644F82060401C491CC0B2C9B2ED0795
:10C0B0000AD04BB10AB1F8A300E0FDA344F8203048
:10C0C000401C491CC0B2C9B2FF4BB3F91050803BB1
:10C0D000AB46FBE1C8EDE22EB9333120F1E8EBFCD1
:10C0E000ED2EEDE0E3F0E5E200000000496E762E73
:10C0F000B933312020686967682068656174202041
:10C1000000000000C8EDE22EB9333120EFE5F0E584
:10C11000E3F0E5E22CE2FBEA00000000496E762E37
:10C12000B933312074656D702C64697361626C2E53
:10C1300000000000C8EDE22EB9333120E7E0E2FB59
:10C14000F82E2055E2FBF52100000000496E762E06
:10C15000B93331206869676820556F7574212020D4
:10C1600000000000C8EDE22EB9333120E7E0EDE831
:10C17000E62E2055E2FBF52100000000496E762EE8
:10C18000B9333120206C6F7720556F7574212020D2
:10C190000000000020C8EDE22EB9333120E7E0EDC9
:10C1A000E8E62E20556463200000000020496E76EA
:10C1B0002EB9333120206C6F772055646320202006
:10C1C00000000000C8EDE22EB9333220F0E0E7F0C5
:10C1D000FBE220F1E2FFE7E800000000496E76B9DB
:10C1E0003332206E6F7420636F6E6E6563746564A6
:10C1F00000000000C8EDE22EB9333220E2EDF3F288
:10C20000F02EEDE5E8F1EFF000000000496E762E2B
:10C21000B93332204465666563746976652E2020E3
:10C2200000000000D8FC0720C8EDE22EB933322010
:10C23000EFE5F0E5E3F0F3E7EAE02020000000009E
:10C24000496E762EB93332204F7665726C6F616419
:10C250002E20202000000000C8EDE22EB93332204D
:10C26000F1E8EBFCED2EEDE0E3F0E5E2000000008C
:10C27000496E762EB9333220206869676820686578
:10C280006174202000000000C8EDE22EB933322096
:10C29000EFE5F0E5E3F0E5E22CE2FBEA0000000068
:10C2A000496E762EB933322074656D702C646973D3
:10C2B00061626C2E00000000C8EDE22EB93332201E
:10C2C000E7E0E2FBF82E2055E2FBF521000000003C
:10C2D000496E762EB93332206869676820556F75CC
:10C2E0007421202000000000C8EDE22EB933322076
:10C2F000E7E0EDE8E62E2055E2FBF5210000000026
:10C30000496E762EB9333220206C6F7720556F75C9
:10C31000742120200000000020C8EDE22EB9333245
:10C3200020E7E0EDE8E62E205564632000000000E1
:10C3300020496E762EB9333220206C6F77205564F9
:10C340006320202000000000C8EDE22EB933332026
:10C35000F0E0E7F0FBE220F1E2FFE7E80000000098
:10C36000496E76B93333206E6F7420636F6E6E65DD
:10C370006374656400000000C8EDE22EB933332019
:10C38000E2EDF3F2F02EEDE5E8F1EFF00000000051
:10C39000496E762EB93333204465666563746976D9
:10C3A000652E202000000000C8EDE22EB9333320B6
:10C3B000EFE5F0E5E3F0F3E7EAE02020000000001D
:10C3C000496E762EB93333204F7665726C6F616497
:10C3D0002E20202000000000C8EDE22EB9333320CB
:10C3E000F1E8EBFCED2EEDE0E3F0E5E2000000000B
:10C3F000496E762EB93333202068696768206865F6
:10C400006174202000000000C8EDE22EB933332013
:10C41000EFE5F0E5E3F0E5E22CE2FBEA00000000E6
:10C42000496E762EB933332074656D702C64697350
:10C4300061626C2E00000000C8EDE22EB93333209B
:10C44000E7E0E2FBF82E2055E2FBF52100000000BA
:10C45000496E762EB93333206869676820556F7549
:10C460007421202000000000C8EDE22EB9333320F3
:10C47000E7E0EDE8E62E2055E2FBF52100000000A4
:10C48000496E762EB9333320206C6F7720556F7547
:10C49000742120200000000020C8EDE22EB93333C3
:10C4A00020E7E0EDE8E62E20556463200000000060
:10C4B00020496E762EB9333320206C6F7720556477
:10C4C00063202020000000009C0000101D70BAF1C5
:10C4D000010F09D1829D3DB1B9F1000F04D1FA4D90
:10C4E000491C44F82050C9B2F848437B5B1CDBB2BE
:10C4F0004373142B08D300234373057B6D1CEDB2EB
:10C5000005738D4200D30373F14BF1484FF064097A
:10C5100093F90110007893F9045002AFF0B31E466E
:10C5200093F902308793C3EB031404EB4313E94CF4
:10C53000892804EB830303F02F848A2803F0AD8459
:10C54000B2468B2803F051858D2804F05080D046E8
:10C550008E2804F09E82082804F028843346092897
:10C5600093F9043007EB830904F03184282804F0A0
:10C570006585A6F588736C28B3F9143007EB83033F
:10C58000809304F071856D2804F0FE86A6F588730B
:10C59000B3F91440B3F912301E1900E004E1899395
:10C5A00007EB830307EB860485936E2805F07980FB
:10C5B0006F2805F0CD80822805F03581872805F0A9
:10C5C0005B81C34E103E812805F07483802805F0FE
:10C5D000AE83BF4C94F9043094F90140E31AA41ED1
:10C5E00064B2A046212805F0FB83BB4C2C2824789C
:10C5F00005F014842B2805F02E847B2805F0468452
:10C600007C2805F0BA86B24C6478641E64B28494C7
:10C610007D2807F01A86A6F18004B4F91440264656
:10C62000641EA446AD4C6728A24607F07886A84C45
:10C63000692807F0B3866B2807F0EF86A4F154064B
:10C640004FF0A40A162807F01B871728FBD02928CB
:10C65000F9D02A28F7D06128F5D03228F3D0A446A3
:10C66000C834592807F036877F2807F05E8754368C
:10C67000102807F08987492808F01B82934C4FF057
:10C680005E0A512894F82440839408F04984522883
:10C6900008F0EC8434462F2808F0C887712809F088
:10C6A0009480DFF83CC2882809F0DC80932809F0E8
:10C6B000FC85942809F06E86332809F0D08671280D
:10C6C0000AF0048172280AF01E8173280AF0318171
:10C6D000A246643474280AF0D28175280AF05F8279
:10C6E0006C3676280AF0248477280AF07484782837
:10C6F0000AF0C88479280AF01C8583280AF0778517
:10C70000544684280AF0AD8585280AF099871F28A9
:10C710000BF005803A280BF09E823B280BF0BD827F
:10C7200039280BF0EA8263280BF0128365280BF09E
:10C730005D8338280BF06C83654CD4464FF00C0AAF
:10C7400094F9024004EB440606EB0414614E983E53
:10C7500006EB840436280BF08483664637280BF0FA
:10C76000C88556280BF0B7863C280CF0AE83E1460E
:10C770000F2412264FF0150C55280CF0CB835728A8
:10C780000CF0558758280DF09F814E468F280DF0EC
:10C790004D8734280EF0808270280DF08C87862813
:10C7A0000DF0B2870DF034BE00208246BEF1040FBA
:10C7B00001D301208246464B1000A3F5887C93F9F3
:10C7C000016006F1020252B27F92A3F1900293F946
:10C7D0000430B2F90820A3EB06039046BCF9102000
:10C7E0001E46BCF91C3002F1010201F06B853DA030
:10C7F0000290BEF1000F04D0BEF1010F5FD001F036
:10C8000044BB012B04D0022B5AD0032B59D0F6E79E
:10C810003AA002903FA0039044A0049049A0059044
:10C820004EA0069053A0079058A24046B8F1010FC1
:10C8300001D04FF0000007EB8000426159A202D105
:10C840004FF0010001E04FF0000007EB8000826133
:10C850005AA202D14FF0010001E04FF0000007EBB7
:10C860008000C2615BA202D14FF0010001E04FF0F5
:10C87000000007EB800002625CA202D14FF00100D1
:10C8800001E04FF0000007EB800042625DA202D1A0
:10C890004FF0010001E04FF0000007EB8000426123
:10C8A0005EA202D14FF0010001E04FF0000007EB63
:10C8B000800082615FA205D14FF00100C8E079E2FB
:10C8C0004FE278E2C2E00000D06D00001C000010D2
:10C8D000AC010010D8EC072016C00720540B08202C
:10C8E00014E202002020EDE5EEEFF0E5E4E5EBE5F3
:10C8F000EDEDEEF1F2FC2020000000002020C2202F
:10C90000F0E0E1EEF2E5202020206BE8EDE22E20C1
:10C910000000000055E2FBF53D20205BC22049E20B
:10C92000FBF53D2020205DC00000000020202020DD
:10C9300050E2FBF53D202020202040C2F2202020A4
:10C94000000000002030253A305E3A302620303C8E
:10C950002F3E20202F307B200000000020202020B0
:10C960005564632EE2F52E20202023C220202020B3
:10C97000000000002020202046E2FBF52E20202091
:10C98000202079C3F62020200000000020C1E0E92B
:10C99000EFE0F12020202020202020202020202037
:10C9A0000000000020C1E0E9EFE0F1204E3220203D
:10C9B00020202020202020200000000020C1E0E9CD
:10C9C000EFE0F1204E3320202020202020202020C6
:10C9D0000000000020C1E0E9EFE0F1204E3420200B
:10C9E00020202020202020200000000020C1E0E99D
:10C9F000EFE0F1204E352020202020202020202094
:10CA00000000000020C8EDE2E5F0F2EEF0204E312B
:10CA100020202020202020200000000020C8EDE25F
:10CA2000E5F0F2EEF0204E322020202020202020C1
:10CA30000000000020C8EDE2E5F0F2EEF0204E33F9
:10CA40002020202020202020000000004FF00000A7
:10CA500007EB8000C261D8A202D14FF0010001E0D3
:10CA60004FF0000007EB80000262D9A202D14FF024
:10CA7000010001E04FF0000007EB80004262DAA203
:10CA800002D14FF0010001E04FF0000007EB800001
:10CA90008262DBA202D14FF0010001E04FF0000002
:10CAA00007EB8000C262DCA202D14FF0010001E07E
:10CAB0004FF0000007EB80000263DDA202D14FF0CF
:10CAC000010001E04FF0000007EB80004263DEA2AE
:10CAD00002D14FF0010001E04FF0000007EB8000B1
:10CAE0008263DFA202D14FF0010001E04FF00000AD
:10CAF00007EB8000C263E0A202D14FF0010001E029
:10CB00004FF0000007EB80000264E1A202D14FF079
:10CB1000010001E04FF0000007EB80004264E2A258
:10CB200002D14FF0010001E04FF0000007EB800060
:10CB30008264E3A202D14FF0010001E04FF0000057
:10CB400007EB8000C264E4A202D14FF0010001E0D3
:10CB50004FF0000007EB80000265E5A202D14FF024
:10CB6000010001E04FF0000007EB80004265E6A203
:10CB700002D14FF0010001E04FF0000007EB800010
:10CB80008265E7A202D14FF0010001E04FF0000002
:10CB900007EB8000C265E8A202D14FF0010001E07E
:10CBA0004FF0000007EB80000266E9A202D14FF0CF
:10CBB000010001E04FF0000007EB80004266EAA2AE
:10CBC00002D14FF0010001E04FF0000007EB8000C0
:10CBD0008266EBA202D14FF0010001E04FF00000AD
:10CBE00007EB8000C266ECA202D14FF0010001E029
:10CBF0004FF0000007EB80000267EDA202D14FF07A
:10CC0000010001E04FF0000007EB80004267EEA258
:10CC100002D14FF0010001E04FF0000007EB80006F
:10CC20008267EFA202D14FF0010001E04FF0000057
:10CC300007EB8000C267F0A202D14FF0010001E0D3
:10CC40004FF0000007EB8000C0F88020F0A202D176
:10CC50004FF0010001E04FF0000007EB8000C0F84A
:10CC60008420F1A202D14FF0010001E04FF000005A
:10CC700007EB8000C0F88820F1A202D14FF001003C
:10CC800001E04FF0000007EB8000C0F88C20F2A21A
:10CC900002D14FF0010001E04FF0000007EB8000EF
:10CCA000C0F89020F2A202D14FF0010001E04FF055
:10CCB000000007EB8000C0F89420F3A002D14FF0F1
:10CCC000010301E04FF000030BEB030207EB8202CC
:10CCD0005061F3A002D14FF0010301E04FF00003D7
:10CCE0000BEB030207EB82029061F3A002D14FF03D
:10CCF000010301E04FF000030BEB030207EB82029C
:10CD0000D061F3A002D14FF0010301E04FF0000326
:10CD10000BEB030207EB82021062F3A002D14FF08B
:10CD2000010301E04FF000030BEB030207EB82026B
:10CD30005062F3A002D14FF0010301E04FF0000375
:10CD40000BEB030207EB82029062F3A202D14FF0D9
:10CD5000010300E000230BEB030007EB8000C2623D
:10CD60004DE5AFF268400290F1A00390F6A0049068
:10CD7000FBA0D0E307EB80008261AFF2D83202D192
:10CD80004FF0010001E04FF0000007EB8000C261AE
:10CD9000AFF2D83202D14FF0010001E04FF00000B5
:10CDA00007EB80000262AFF2A43202D14FF0010023
:10CDB000E4E1E1E1C3E3A6E320C8EDE2E5F0F2EE51
:10CDC000F0204E34202020202020202000000000D1
:10CDD00020C8EDE2E5F0F2EEF0204E3520202020D4
:10CDE000202020200000000020C8EDE2E5F0F2EE57
:10CDF000F0204E362020202020202020000000009F
:10CE000020C8EDE2E5F0F2EEF0204E3720202020A1
:10CE1000202020200000000020C8EDE2E5F0F2EE26
:10CE2000F0204E382020202020202020000000006C
:10CE300020C8EDE2E5F0F2EEF0204E39202020206F
:10CE4000202020200000000020C8EDE2E5F0F2EEF6
:10CE5000F0204E3130202020202020200000000033
:10CE600020C8EDE2E5F0F2EEF0204E313120202036
:10CE7000202020200000000020C8EDE2E5F0F2EEC6
:10CE8000F0204E3132202020202020200000000001
:10CE900020C8EDE2E5F0F2EEF0204E313320202004
:10CEA000202020200000000020C8EDE2E5F0F2EE96
:10CEB000F0204E31342020202020202000000000CF
:10CEC00020C8EDE2E5F0F2EEF0204E3135202020D2
:10CED000202020200000000020C8EDE2E5F0F2EE66
:10CEE000F0204E313620202020202020000000009D
:10CEF00020C8EDE2E5F0F2EEF0204E3137202020A0
:10CF0000202020200000000020C8EDE2E5F0F2EE35
:10CF1000F0204E313820202020202020000000006A
:10CF200020C8EDE2E5F0F2EEF0204E31392020206D
:10CF3000202020200000000020C8EDE2E5F0F2EE05
:10CF4000F0204E3230202020202020200000000041
:10CF500020C8EDE2E5F0F2EEF0204E323120202044
:10CF6000202020200000000020C8EDE2E5F0F2EED5
:10CF7000F0204E323220202020202020000000000F
:10CF800020C8EDE2E5F0F2EEF0204E323320202012
:10CF9000202020200000000020C8EDE2E5F0F2EEA5
:10CFA000F0204E32342020202020202000000000DD
:10CFB00020C8EDE2E5F0F2EEF0204E3235202020E0
:10CFC000202020200000000020C8EDE2E5F0F2EE75
:10CFD000F0204E32362020202020202000000000AB
:10CFE00020C8EDE2E5F0F2EEF0204E3237202020AE
:10CFF000202020200000000020C8EDE2E5F0F2EE45
:10D00000F0204E3238202020202020200000000078
:10D0100020C8EDE2E5F0F2EEF0204E32392020207B
:10D02000202020200000000020C8EDE2E5F0F2EE14
:10D03000F0204E333020202020202020000000004F
:10D0400020C8EDE2E5F0F2EEF0204E333120202052
:10D05000202020200000000020C8EDE2E5F0F2EEE4
:10D06000F0204E333220202020202020000000001D
:10D0700020C8EDE2E5F0F2EEF0204E333320202020
:10D08000202020200000000020D2E0E1EBE8F6E0C4
:10D0900020E8EDE2E5F0F2EEF0EEE2200000000024
:10D0A00020C2EDE5F8EDE8E520E4E0F2F7E8EAE893
:10D0B000202020200000000020D3F1F2E0EDEEE27D
:10D0C000EAE820202020202020202020000000004E
:10D0D00020C6F3F0EDE0EB20F1EEE1FBF2E8E92011
:10D0E000202020200000000020C2FBF5EEE42020DC
:10D0F00020202020202020202020202000000000B0
:10D1000020C2E5F0F1E8FF20CFCE20202020202013
:10D1100020202020000000002074F8EAE0F42E20F7
:10D120002020202020202073B0D1202000000000EB
:10D1300050E2FBF53D2020205D2F20205DEAC2F269
:10D14000202020200000000055E2FBF53D20205B60
:10D15000C22F20207AC220202020202000000000A2
:10D1600049E2FBF53D20207D412F20207D412020FC
:10D1700020202020000000004FF0000007EB80007E
:10D180008261AFF2687202D14FF0010001E04FF00E
:10D19000000007EB8000C261AFF2687202D14FF06D
:10D1A000010001E04FF0000007EB80000262AFF2E7
:10D1B000F83202D14FF0010001E04FF0000007EB20
:10D1C00080004262AFF2F83202D14FF0010001E07C
:10D1D0004FF0000007EB80008262AFF2F43202D120
:10D1E0004FF0010001E04FF0000007EB8000C26249
:10D1F000AFF2F43202D14FF0010001E04FF0000035
:10D2000007EB80000263AFF2F03202D14FF0010071
:10D2100001E04FF0000007EB80004263AFF2F03214
:10D2200002D14FF0010001E04FF0000007EB800059
:10D230008263AFF2EC3202D14FF0010001E04FF017
:10D24000000007EB8000C263AFF2EC3202D14FF076
:10D25000010001E04FF0000007EB80000264AFF234
:10D26000E83202D14FF0010001E04FF0000007EB7F
:10D2700080004264AFF2E83202D14FF0010001E0D9
:10D280004FF0000007EB80008264AFF2E43202D17D
:10D290004FF0010001E04FF0000007EB8000C26496
:10D2A000AFF2E43202D14FF0010001E04FF0000094
:10D2B00007EB80000265AFF2E03202D14FF00100CF
:10D2C00001E04FF0000007EB80004265AFF2E03272
:10D2D00002D14FF0010001E04FF0000007EB8000A9
:10D2E0008265AFF2DC3202D14FF0010001E04FF075
:10D2F000000007EB8000C265AFF2DC3202D14FF0D4
:10D30000010001E04FF0000007EB80000266AFF281
:10D31000D83202D14FF0010001E04FF0000007EBDE
:10D3200080004266AFF2D83202D14FF0010001E036
:10D330004FF0000007EB80008266AFF2D43202D1DA
:10D340004FF0010001E04FF0000007EB8000C266E3
:10D35000AFF2D43202D14FF0010001E04FF00000F3
:10D3600007EB80000267AFF2D03202D14FF001002C
:10D3700001E04FF0000007EB80004267AFF2D032CF
:10D3800002D14FF0010001E04FF0000007EB8000F8
:10D390008267AFF2CC3202D14FF0010001E04FF0D2
:10D3A000000007EB8000C267AFF2CC3202D14FF031
:10D3B000010001E04FF0000007EB8000C0F8802082
:10D3C000AFF2CC3202D14FF0010001E04FF000008B
:10D3D00007EB8000C0F88420AFF2CC3202D14FF0CE
:10D3E000010001E04FF0000007EB8000C0F888204A
:10D3F000AFF2CC3202D14FF0010001E04FF000005B
:10D4000007EB8000C0F88C20AFF2CC3202D14FF095
:10D41000010001E04FF0000007EB8000C0F8902011
:10D42000AFF2CC3202D14FF0010001E04FF000002A
:10D4300007EB8000C0F89420AFF2CC3202D14FF05D
:10D44000010001E04FF0000007EB8000C0F89820D9
:10D45000AFF2CC3002D14FF0010301E04FF00003F6
:10D460000BEB030207EB82029061AFF2CC3002D1EA
:10D470004FF0010301E04FF000030BEB030207EB59
:10D480008202D061AFF2D03002D14FF0010301E04F
:10D490004FF000030BEB030207EB82021062AFF2C6
:10D4A000D03002D14FF0010301E04FF000030BEB4D
:10D4B000030207EB82025062AFF2D43002D14FF088
:10D4C000010301E04FF000030BEB030207EB8202C4
:10D4D0009062AFF2D43002D14FF0010301E04FF07F
:10D4E00000030BEB030207EB8202D062AFF2D832EB
:10D4F00002D14FF0010300E000230BEB030007EB28
:10D50000800002637FE2AFF60C400290F0A003902F
:10D51000F5A00490FAA00590AFF6D8300690AFF6CB
:10D52000C4300790AFF6B430AFF6A0320890404652
:10D53000B8F1010F3FF41EAC4FF000001AE4012BCC
:10D5400002D0032B7AD05EE2AFF650400290AFF6E5
:10D550003C400390AFF62C400490AFF61840059085
:10D56000AFF608400690AFF6F4300790AFF6E4301F
:10D570004346B8F1010F01D04FF0000307EB8303DE
:10D580005861AFF6E03302D14FF0010001E04FF0F7
:10D59000000007EB80008361AFF6E03302D14FF06B
:10D5A000010001E04FF0000007EB8000C361AFF61F
:10D5B000AC3302D14FF0010001E04FF0000000F168
:10D5C000010007EB80004361AFF6B03302D14FF0AA
:10D5D000010001E04FF0000000F1010007EB8000C6
:10D5E0008361AFF6B03302D14FF0010001E04FF09C
:10D5F000000000F1010007EB8000C361AFF64803B3
:10D6000002D14FF0010001E04FF0000000F10100F5
:10D6100007EB80000362AFF6480302D14FF0010030
:10D6200001E04FF0000000F1010007EB80004362D1
:10D63000AFF64C0303D14FF0010002E0E4E14FF0FC
:10D64000000000F1010007EB80008362AFF6500399
:10D6500002D14FF0010001E04FF0000000F10100A5
:10D6600007EB8000C362AFF6500302D14FF0010018
:10D6700001E04FF0000000F1010007EB80000363C0
:10D68000AFF6540302D14FF0010001E04FF000006B
:10D6900000F1010007EB80004363AFF6540302D1B1
:10D6A0004FF0010001E04FF0000000F1010007EB36
:10D6B00080008363AFF6580302D14FF0010001E010
:10D6C0004FF0000000F1010007EB8000C363AFF6EC
:10D6D000580302D14FF0010001E04FF0000000F1CB
:10D6E000010007EB80000364AFF65C0302D14FF04A
:10D6F000010001E04FF0000000F1010007EB8000A5
:10D700004364AFF65C0302D14FF0010001E04FF03B
:10D71000000000F1010007EB80008364AFF66003B6
:10D7200002D14FF0010001E04FF0000000F10100D4
:10D7300007EB8000C364AFF6600302D14FF0010035
:10D7400001E04FF0000000F1010007EB80000365ED
:10D75000AFF6640302D14FF0010001E04FF000008A
:10D7600000F1010007EB80004365AFF6640302D1CE
:10D770004FF0010001E04FF0000000F1010007EB65
:10D7800080008365AFF6680302D14FF0010001E02D
:10D790004FF0000000F1010007EB8000C365AFF619
:10D7A000680302D14FF0010001E04FF0000000F1EA
:10D7B000010007EB80000366AFF66C0302D14FF067
:10D7C000010001E04FF0000000F1010007EB8000D4
:10D7D0004366AFF66C0302D14FF0010001E04FF059
:10D7E000000000F1010007EB80008366AFF67003D4
:10D7F00002D14FF0010001E04FF0000000F1010004
:10D8000007EB8000C366AFF6700302D14FF0010052
:10D8100001E04FF0000000F1010007EB800003671A
:10D82000AFF6740302D14FF0010001E04FF00000A9
:10D8300000F1010007EB80004367AFF6740302D1EB
:10D840004FF0010001E04FF0000000F1010007EB94
:10D8500080008367AFF6780302D14FF0010001E04A
:10D860004FF0000000F1010007EB8000C367AFF646
:10D87000780302D14FF0010001E04FF0000000F109
:10D88000010007EB8000C0F88030AFF67C0302D1C6
:10D890004FF0010001E04FF0000000F1010007EB44
:10D8A0008000C0F88430AFF6800302D14FF0010051
:10D8B00001E04FF0000000F1010007EB8000C0F82C
:10D8C0008830AFF6840327D14FF0010026E0000036
:10D8D00050E2FBF53D2020205D2F20205D2F2020F1
:10D8E0005DEAC2F20000000055E2FBF53D20205B3E
:10D8F000C22F20207AC22F20205AC2200000000010
:10D9000049E2FBF53D20207D412F20207D412F2045
:10D91000207D4120000000004FF0000000F10100D8
:10D9200007EB8000C0F88C30AFF6D40302D14FF083
:10D93000010001E04FF0000000F1010007EB800062
:10D94000C0F89030AFF6D80302D14FF0010001E0EB
:10D950004FF0000000F1010007EB8000C0F89430A8
:10D96000AFF6DC0002D14FF0010301E04FF00003FD
:10D97000134407EB83035861AFF6DC0002D14FF08C
:10D98000010301E04FF00003134407EB83039861A8
:10D99000AFF6DC0002D14FF0010301E04FF00003CD
:10D9A000134407EB8303D861AFF6DC0002D14FF0DC
:10D9B000010301E04FF00003134407EB83031862F7
:10D9C000AFF6DC0002D14FF0010301E04FF000039D
:10D9D000134407EB83035862AFF6DC0002D14FF02B
:10D9E000010301E04FF00003134407EB8303986247
:10D9F000AFF6DC0002D14FF0010300E000231A442F
:10DA000007EB8202D06240E2FD480290AFF2401084
:10DA10000390AFF22C100490AFF21C100590F84860
:10DA20004346483006901830079018300890183058
:10DA3000B8F1010F01D04FF0000307EB83039861A9
:10DA4000EF4B03F1A80302D14FF0010001E04FF0CA
:10DA5000000007EB8000C361E94B03F1C00302D172
:10DA60004FF0010001E04FF0000007EB800003627F
:10DA7000E44B02D14FF0010001E04FF0000000F153
:10DA8000010007EB80008361DE4B03F1180302D134
:10DA90004FF0010001E04FF0000000F1010007EB42
:10DAA0008000C361D74B03F1300302D14FF0010076
:10DAB00001E04FF0000000F1010007EB800003627D
:10DAC000AFF60C5302D14FF0010001E04FF000001F
:10DAD00000F1010007EB80004362AFF60C5302D166
:10DAE0004FF0010001E04FF0000000F1010007EBF2
:10DAF00080008362AFF6105302D14FF0010001E0C5
:10DB00004FF0000000F1010007EB8000C362AFF6A8
:10DB1000105302D14FF0010001E04FF0000000F17E
:10DB2000010007EB80000363AFF6145302D14FF0FE
:10DB3000010001E04FF0000000F1010007EB800060
:10DB40004363AFF6145302D14FF0010001E04FF0F0
:10DB5000000000F1010007EB80008363AFF618536B
:10DB600002D14FF0010001E04FF0000000F1010090
:10DB700007EB8000C363AFF6185302D14FF00100EA
:10DB800001E04FF0000000F1010007EB80000364AA
:10DB9000AFF61C5302D14FF0010001E04FF000003E
:10DBA00000F1010007EB80004364AFF61C5302D183
:10DBB0004FF0010001E04FF0000000F1010007EB21
:10DBC00080008364AFF6205302D14FF0010001E0E2
:10DBD0004FF0000000F1010007EB8000C364AFF6D6
:10DBE000205302D14FF0010001E04FF0000000F19E
:10DBF000010007EB80000365AFF6245302D14FF01C
:10DC0000010001E04FF0000000F1010007EB80008F
:10DC10004365AFF6245302D14FF0010001E04FF00D
:10DC2000000000F1010007EB80008365AFF6285388
:10DC300002D14FF0010001E04FF0000000F10100BF
:10DC400007EB8000C365AFF6285302D14FF0010007
:10DC500001E04FF0000000F1010007EB80000366D7
:10DC6000AFF62C5302D14FF0010001E04FF000005D
:10DC700000F1010007EB80004366AFF62C5302D1A0
:10DC80004FF0010001E04FF0000000F1010007EB50
:10DC900080008366AFF6305302D14FF0010001E0FF
:10DCA0004FF0000000F1010007EB8000C366AFF603
:10DCB000305302D14FF0010001E04FF0000000F1BD
:10DCC000010007EB80000367AFF6345302D14FF039
:10DCD000010001E04FF0000000F1010007EB8000BF
:10DCE0004367AFF6345302D14FF0010001E04FF02B
:10DCF000000000F1010007EB80008367AFF63853A6
:10DD000002D14FF0010001E04FF0000000F10100EE
:10DD100007EB8000C367AFF6385302D14FF0010024
:10DD200001E04FF0000000F1010007EB8000C0F8B7
:10DD30008030AFF63C5302D14FF0010001E04FF0CC
:10DD4000000000F1010007EB8000C0F88430AFF65E
:10DD5000405302D14FF0010001E04FF0000000F10C
:10DD6000010007EB8000C0F88830AFF6445302D1C1
:10DD70004FF0010001E04FF0000000F1010007EB5F
:10DD80008000C0F88C30AFF6485302D14FF001004C
:10DD900001E04FF0000000F1010007EB8000C0F847
:10DDA0009030AFF64C5302D14FF0010001E04FF03C
:10DDB000000000F1010007EB8000C0F89430AFF6DE
:10DDC000505302D14FF0010001E04FF0000000F18C
:10DDD000010007EB8000C0F89830AFF6545002D134
:10DDE0004FF0010301E04FF00003134407EB8303FE
:10DDF0009861AFF6545007D14FF0010306E00000E0
:10DE0000FCC8000004CA00004FF00003134407EBF5
:10DE10008303D861AFF6605002D14FF0010301E0F7
:10DE20004FF00003134407EB83031862AFF6605012
:10DE300002D14FF0010301E04FF00003134407EB60
:10DE400083035862AFF6605002D14FF0010301E046
:10DE50004FF00003134407EB83039862AFF6605062
:10DE600002D14FF0010301E04FF00003134407EB30
:10DE70008303D862AFF6605002D14FF0010300E097
:10DE800000231A4407EB82021063BAF1000F01D09D
:10DE9000FCA00290DFF8048419B1022E05DD7F9901
:10DEA00005E0002088F8040003E0A94201DD88F8BD
:10DEB000041098F90400DFF8E8B307EB800000F1E4
:10DEC00004009BF80C500EC8052D01D2029803E007
:10DED00004EB850050F8140CF3F7A0FDF148002284
:10DEE0006B210078F2F7F1FBDFF8B4A30AF1800AA6
:10DEF000BAF91C00032818D0022816D00AF18005B0
:10DF00000A24B5F90E00002290FBF4F080B25B21E8
:10DF1000F2F7DBFBB5F91000B0F57A7F76DB90FB0A
:10DF2000F4F0002280B25D2173E1BAF81A0056467F
:10DF300098B3DD4C0A250022B4F902005B2190FB66
:10DF4000F5F080B2F2F7C1FBB4F97600002290FB45
:10DF5000F5F080B27A21F2F7B8FBB4F9EA000022BA
:10DF600090FBF5F080B25A21F2F7AFFBB4F9000054
:10DF7000632804DD90FBF5F080B2002201E02088E8
:10DF800001227D21F2F7A1FBB4F97400632805DDBD
:10DF900090FBF5F080B2002203E00FE0B4F87400CB
:10DFA00001227D21F2F791FBB4F9E800632802DD3C
:10DFB00090FBF5F044E0B4F8E80045E0B74D0A24E2
:10DFC0003A350022B5F900005B2190FBF4F080B2F5
:10DFD000F2F77BFBB5F90200002290FBF4F080B26F
:10DFE0007A21F2F772FBB5F90400002290FBF4F0FD
:10DFF00080B25A21F2F769FBAD1DB5F90000632824
:10E0000005DD90FBF4F080B2002202E0FEE02888FB
:10E0100001227D21F2F759FBB5F90200632804DDE6
:10E0200090FBF4F080B2002201E0688801227D219B
:10E03000F2F74BFBB5F90400632804DD90FBF4F024
:10E0400080B2002201E0A88801227D21F2F73DFB89
:10E05000954C4FF6E8506168814201DD0021616016
:10E06000A16F814201DD0021A167D4F8EC1081424B
:10E0700002DD0020C4F8EC00B6F91C00032806D02D
:10E08000022804D06068002280B2402132E0708B08
:10E0900078B3606842F21075A84206DD4FF47A71D9
:10E0A00090FBF1F080B2002203E090FBF9F080B227
:10E0B00001225D21F2F723FAA06FA84206DD4FF49A
:10E0C0007A7190FBF1F080B2002203E090FBF9F04E
:10E0D00080B201225D21F2F712FAD4F8EC00A842D6
:10E0E00064DD00BF4FF47A7190FBF1F080B2002242
:10E0F00060E061E0F2F703FADFF8A0910A20A9F1ED
:10E1000090090022B9F9121091FBF0F080B223219E
:10E11000F2F7DBFA654C207A4FF000024FF0250150
:10E12000F2F7D3FA207900225E21F2F7CEFA2078B6
:10E1300000222621F2F7C9FA207B00223C21F2F7C7
:10E14000C4FAA08B00227B21F2F7BFFA207E584947
:10E15000002201EB80003E21F2F7A4FA9BF81D009B
:10E160005C4670B13A20F2F7D9F809F58A75202695
:10E170002E543A20F2F7D2F82E543A20F2F7CEF885
:10E180002E5498F90400A8B3B9F8082098F90110A2
:10E19000012A00D00022521C914250DD88423ED11B
:10E1A0003E490120843181F83C0048E090FBF9F0C1
:10E1B00080B201225D219DE73E4D42F21074286835
:10E1C000A04206DD4FF47A7190FBF1F080B200229C
:10E1D00003E090FBF9F080B201225D21F2F78FF9A4
:10E1E0006868A04207DD4FF47A7190FBF1F080B2CD
:10E1F000002204E023E090FBF9F080B201225D21CF
:10E20000F2F77DF9A868A042D0DD6BE701225D211D
:10E2100080B2F2F75AFA00224021E86F6AE7401A0A
:10E22000012802D0022806D009E01C4901208431CF
:10E2300081F8280003E01949012084310875A07B8A
:10E24000401CC0B2A073BAF90E1001EB8101B0EB13
:10E25000810F01DB0020A0731748006830B16FF018
:10E260000202732115A0F2F71DFA07E00B48002205
:10E2700046307321B0F90000F2F7F2F8012279215B
:10E2800001F062BDCFF0EEE2E5F0FCF2E520F1F244
:10E29000F0F3EAF2F3F0F32000000000AC0100100C
:10E2A0001C00001009C00720D005082020400240B3
:10E2B00094E102002C070820380B0820EDE5E8F176
:10E2C000EFF02E00C2A00290BEF1000F03D0BEF10D
:10E2D000010F72D0E5E3012B04D0022B6ED0032B8B
:10E2E0006DD0F7E7C0A00290C5A00390CAA004902B
:10E2F000CF480590CFA00690D4A00790D9A2404661
:10E30000B8F1010F01D04FF0000007EB800042612F
:10E31000DAA202D14FF0010001E04FF0000007EB5C
:10E3200080008261DBA202D14FF0010001E04FF0DA
:10E33000000007EB8000C261DCA202D14FF00100B7
:10E3400001E04FF0000007EB80000262DDA202D185
:10E350004FF0010001E04FF0000007EB8000426247
:10E36000DEA202D14FF0010001E04FF0000007EB08
:10E3700080004261DFA202D14FF0010001E04FF0C6
:10E38000000007EB80008261E0A202D14FF00100A3
:10E3900001E04FF0000007EB8000C261E1A202D172
:10E3A0004FF0010001E04FF0000007EB8000026237
:10E3B000E2A205D14FF0010004E0F4E372E3F3E3DD
:10E3C0004FF0000007EB80004262E2A202D14FF062
:10E3D000010001E04FF0000007EB80008262E3A241
:10E3E00002D14FF0010001E04FF0000007EB800088
:10E3F000C262E4A202D14FF0010001E04FF0000040
:10E4000007EB80000263E5A202D14FF0010001E0BA
:10E410004FF0000007EB80004263E6A202D14FF00C
:10E42000010001E04FF0000007EB80008263E7A2EB
:10E4300002D14FF0010001E04FF0000007EB800037
:10E44000C263E8A202D14FF0010001E04FF00000EA
:10E4500007EB80000264E9A202D14FF0010001E065
:10E460004FF0000007EB80004264EAA202D14FF0B7
:10E47000010001E04FF0000007EB80008264EBA296
:10E4800002D14FF0010001E04FF0000007EB8000E7
:10E49000C264ECA202D14FF0010001E04FF0000095
:10E4A00007EB80000265EDA202D14FF0010001E010
:10E4B0004FF0000007EB80004265EEA202D14FF062
:10E4C000010001E04FF0000007EB80008265EFA241
:10E4D00002D14FF0010001E04FF0000007EB800097
:10E4E000C265F0A202D14FF0010001E04FF0000040
:10E4F00007EB80000266F1A202D14FF0010001E0BB
:10E500004FF0000007EB80004266F2A202D14FF00C
:10E51000010001E04FF0000007EB80008266F3A2EB
:10E5200002D14FF0010001E04FF0000007EB800046
:10E53000C266F4A202D14FF0010001E04FF00000EA
:10E5400007EB80000267F5A202D14FF0010001E065
:10E550004FF0000007EB80004267F6A202D14FF0B7
:10E56000010001E04FF0000007EB80008267F7A296
:10E5700002D14FF0010001E04FF0000007EB8000F6
:10E58000C267F8A202D14FF0010001E04FF0000095
:10E5900007EB8000C0F88020F8A202D14FF0010004
:10E5A00001E04FF0000007EB8000C0F88420F9A2E2
:10E5B00002D14FF0010001E04FF0000007EB8000B6
:10E5C000C0F88820F9A202D14FF00100FCE1F9E186
:10E5D0002020556E6365727461696E207374617476
:10E5E000652020200000000020496E206F706572B9
:10E5F0006174696F6E202020EB696E760000000068
:10E60000556F75743D20205B5620496F75743D2011
:10E6100020205D410000000020202020506F7574F4
:10E620003D202020202020405720202000000000F6
:10E6300044C90000202020205564632E696E2E20DE
:10E640002020235620202020000000002020202011
:10E65000466F75742E2020202020ED487A2020203F
:10E660000000000020427970617373202020202078
:10E67000202020202020202000000000204279704F
:10E68000617373204E322020202020202020202063
:10E690000000000020427970617373204E33202007
:10E6A000202020202020202000000000204279701F
:10E6B000617373204E342020202020202020202031
:10E6C0000000000020427970617373204E352020D5
:10E6D00020202020202020200000000020496E76ED
:10E6E0006572746572204E31202020202020202069
:10E6F0000000000020496E766572746572204E320B
:10E7000020202020202020200000000020496E76BC
:10E710006572746572204E33202020202020202036
:10E720000000000020496E766572746572204E34D8
:10E7300020202020202020200000000020496E768C
:10E740006572746572204E35202020202020202004
:10E750000000000020496E766572746572204E36A6
:10E7600020202020202020200000000020496E765C
:10E770006572746572204E372020202020202020D2
:10E780000000000020496E766572746572204E3874
:10E7900020202020202020200000000020496E762C
:10E7A0006572746572204E392020202020202020A0
:10E7B0000000000020496E766572746572204E314B
:10E7C00030202020202020200000000020496E76EC
:10E7D0006572746572204E31312020202020202067
:10E7E0000000000020496E766572746572204E311B
:10E7F00032202020202020200000000020496E76BA
:10E800006572746572204E31332020202020202034
:10E810000000000020496E766572746572204E31EA
:10E8200034202020202020200000000020496E7687
:10E830006572746572204E31352020202020202002
:10E840000000000020496E766572746572204E31BA
:10E8500036202020202020200000000020496E7655
:10E860006572746572204E313720202020202020D0
:10E870000000000020496E766572746572204E318A
:10E8800038202020202020200000000020496E7623
:10E890006572746572204E3139202020202020209E
:10E8A0000000000020496E766572746572204E3259
:10E8B00030202020202020200000000020496E76FB
:10E8C0006572746572204E32312020202020202075
:10E8D0000000000020496E766572746572204E3229
:10E8E00032202020202020200000000020496E76C9
:10E8F0006572746572204E32332020202020202043
:10E900000000000020496E766572746572204E32F8
:10E9100034202020202020200000000020496E7696
:10E920006572746572204E32352020202020202010
:10E930000000000020496E766572746572204E32C8
:10E9400036202020202020200000000020496E7664
:10E950006572746572204E323720202020202020DE
:10E960000000000020496E766572746572204E3298
:10E9700038202020202020200000000020496E7632
:10E980006572746572204E323920202020202020AC
:10E990000000000020496E766572746572204E3367
:10E9A00030202020202020200000000020496E760A
:10E9B0006572746572204E33312020202020202083
:10E9C000000000004FF0000007EB8000C0F88C2032
:10E9D000F1A202D14FF0010001E04FF0000007EB7F
:10E9E0008000C0F89020F2A202D14FF0010001E0B7
:10E9F0004FF0000007EB8000C0F89420F2A002D195
:10EA00004FF0010301E04FF000030BEB030207EBB3
:10EA100082025061F2A002D14FF0010301E04FF0F9
:10EA200000030BEB030207EB82029061F2A002D11C
:10EA30004FF0010301E04FF000030BEB030207EB83
:10EA40008202D061F2A002D14FF0010301E04FF049
:10EA500000030BEB030207EB82021062F2A002D16B
:10EA60004FF0010301E04FF000030BEB030207EB53
:10EA700082025062F2A002D14FF0010301E04FF098
:10EA800000030BEB030207EB82029062F2A202D1B9
:10EA90004FF0010300E000230BEB030007EB8000C5
:10EAA000C26281E2AFF2C0400290F1A00390F6A0F2
:10EAB0000490FBA081E200BF07EB80008261AFF20F
:10EAC000444202D14FF0010001E04FF0000007EB9B
:10EAD0008000C261AFF2444202D14FF0010001E078
:10EAE0004FF0000007EB80000262AFF2104202D14B
:10EAF0004FF0010001E04FF0000007EB8000826161
:10EB0000AFF2104202D14FF0010001E04FF00000DF
:10EB100007EB8000C261AFF20C4202D14FF001005E
:10EB200001E04FF0000007EB80000262AFF20C4200
:10EB300002D14FF0010001E04FF0000007EB800030
:10EB40004262AFF2084202D14FF0010001E04FF003
:10EB5000000007EB80008262AFF2084202D14FF062
:10EB6000010001E04FF0000007EB8000C262AFF24D
:10EB7000044202D14FF0010001E04FF0000007EB2A
:10EB800080000263AFF2044202D14FF0010001E0C5
:10EB90004FF0000007EB80004263AFF2004204D167
:10EBA0004FF0010003E01BE2FFE14FF0000007EB34
:10EBB00080008263AFF2044202D14FF0010001E015
:10EBC0004FF0000007EB8000C263AFF2004202D1B9
:10EBD0004FF0010001E04FF0000007EB80000264FD
:10EBE000AFF2004202D14FF0010001E04FF000000F
:10EBF00007EB80004264AFF2FC3202D14FF001001B
:10EC000001E04FF0000007EB80008264AFF2FC32BD
:10EC100002D14FF0010001E04FF0000007EB80004F
:10EC2000C264AFF2F83202D14FF0010001E04FF0C0
:10EC3000000007EB80000265AFF2F83202D14FF01E
:10EC4000010001E04FF0000007EB80004265AFF2E9
:10EC5000F43202D14FF0010001E04FF0000007EB69
:10EC600080008265AFF2F43202D14FF0010001E082
:10EC70004FF0000007EB8000C265AFF2F03202D126
:10EC80004FF0010001E04FF0000007EB800002664A
:10EC9000AFF2F03202D14FF0010001E04FF000007E
:10ECA00007EB80004266AFF2EC3202D14FF0010078
:10ECB00001E04FF0000007EB80008266AFF2EC321B
:10ECC00002D14FF0010001E04FF0000007EB80009F
:10ECD000C266AFF2E83202D14FF0010001E04FF01E
:10ECE000000007EB80000267AFF2E83202D14FF07C
:10ECF000010001E04FF0000007EB80004267AFF237
:10ED0000E43202D14FF0010001E04FF0000007EBC8
:10ED100080008267AFF2E43202D14FF0010001E0DF
:10ED20004FF0000007EB8000C267AFF2E03202D183
:10ED30004FF0010001E04FF0000007EB8000C0F849
:10ED40008020AFF2E03202D14FF0010001E04FF03D
:10ED5000000007EB8000C0F88420AFF2E03202D15F
:10ED60004FF0010001E04FF0000007EB8000C0F819
:10ED70008820AFF2E03202D14FF0010001E04FF005
:10ED8000000007EB8000C0F88C20AFF2E03202D127
:10ED90004FF0010092E08FE020496E766572746555
:10EDA00072204E333220202020202020000000003E
:10EDB00020496E766572746572204E3333202020B0
:10EDC000202020200000000020496E7665727465C6
:10EDD00072207461626C65202020202000000000F9
:10EDE0002053656E736F7273202020202020202016
:10EDF00020202020000000002053657474696E6795
:10EE0000732020202020202020202020000000002F
:10EE1000204576656E74206C6F67202020202020AE
:10EE20002020202000000000204578697420202048
:10EE30002020202020202020202020200000000052
:10EE400020536F6674776172652076657273696F9F
:10EE50006E202020000000002074207379737465F8
:10EE60006D7320202020202020FBB0D10000000066
:10EE7000506F75743D202020205D2F20205D6B5742
:10EE80002020202000000000556F75743D20205B7D
:10EE9000562F2020FF562020202020200000000098
:10EEA000496F75743D20207D412F20207D41202019
:10EEB00020202020000000004FF0000007EB800021
:10EEC000C0F89020AFF2301202D14FF0010001E003
:10EED0004FF0000007EB8000C0F89420AFF2301232
:10EEE00002D14FF0010001E04FF0000007EB80007D
:10EEF000C0F89820AFF2301002D14FF0010301E0CA
:10EF00004FF000030BEB030207EB82029061AFF2BC
:10EF1000301002D14FF0010301E04FF000030BEB82
:10EF2000030207EB8202D061AFF2341002D14FF03E
:10EF3000010301E04FF000030BEB030207EB820239
:10EF40001062AFF2341002D14FF0010301E04FF034
:10EF500000030BEB030207EB82025062AFF23810A2
:10EF600002D14FF0010301E04FF000030BEB03026D
:10EF700007EB82029062AFF2381002D14FF001032A
:10EF800001E04FF000030BEB030207EB8202D062BB
:10EF9000AFF23C1202D14FF0010300E000230BEB73
:10EFA000030007EB8000026389E2AFF6C410029011
:10EFB000EEA00390F3A00490F8A00590FD48069001
:10EFC000AFF690100790AFF67C10AFF6681208907D
:10EFD0004046B8F1010F3FF46FAD4FF000006BE514
:10EFE000012B02D0032B78D069E2AFF60420029007
:10EFF000AFF6F4100390F0A00490EE480590AFF641
:10F00000CC100690AFF6BC100790AFF6A8104346A0
:10F01000B8F1010F01D04FF0000307EB83035861F3
:10F02000AFF6A81302D14FF0010001E04FF000004D
:10F0300007EB80008361AFF6A41302D14FF001000B
:10F0400001E04FF0000007EB8000C361AFF67413DE
:10F0500002D14FF0010001E04FF0000000F101008B
:10F0600007EB80004361AFF6741302D14FF001004B
:10F0700001E04FF0000000F1010007EB8000836128
:10F08000AFF6781302D14FF0010001E04FF000001D
:10F0900000F1010007EB8000C361AFF6781302D1E5
:10F0A0004FF0010001E04FF0000000F1010007EB1C
:10F0B00080000362AFF67C1302D14FF0010001E043
:10F0C0004FF0000000F1010007EB80004362AFF653
:10F0D0007C1303D14FF0010002E0F1E14FF000009A
:10F0E00000F1010007EB80008362AFF6801302D1CC
:10F0F0004FF0010001E04FF0000000F1010007EBCC
:10F100008000C362AFF6841302D14FF0010001E02A
:10F110004FF0000000F1010007EB80000363AFF641
:10F12000841302D14FF0010001E04FF0000000F124
:10F13000010007EB80004363AFF6881302D14FF064
:10F14000010001E04FF0000000F1010007EB80003A
:10F150008363AFF6881302D14FF0010001E04FF056
:10F16000000000F1010007EB8000C363AFF68C13D1
:10F1700002D14FF0010001E04FF0000000F101006A
:10F1800007EB80000364AFF68C1302D14FF001004F
:10F1900001E04FF0000000F1010007EB8000436444
:10F1A000AFF6901302D14FF0010001E04FF00000E4
:10F1B00000F1010007EB80008364AFF6901302D1E9
:10F1C0004FF0010001E04FF0000000F1010007EBFB
:10F1D0008000C364AFF6941302D14FF0010001E048
:10F1E0004FF0000000F1010007EB80000365AFF66F
:10F1F000941302D14FF0010001E04FF0000000F144
:10F20000010007EB80004365AFF6981302D14FF081
:10F21000010001E04FF0000000F1010007EB800069
:10F220008365AFF6981302D14FF0010001E04FF073
:10F23000000000F1010007EB8000C365AFF69C13EE
:10F2400002D14FF0010001E04FF0000000F1010099
:10F2500007EB80000366AFF69C1302D14FF001006C
:10F2600001E04FF0000000F1010007EB8000436671
:10F27000AFF6A01302D14FF0010001E04FF0000003
:10F2800000F1010007EB80008366AFF6A01302D106
:10F290004FF0010001E04FF0000000F1010007EB2A
:10F2A0008000C366AFF6A41302D14FF0010001E065
:10F2B0004FF0000000F1010007EB80000367AFF69C
:10F2C000A41302D14FF0010001E04FF0000000F163
:10F2D000010007EB80004367AFF6A81302D14FF09F
:10F2E000010001E04FF0000000F1010007EB800099
:10F2F0008367AFF6A81302D14FF0010001E04FF091
:10F30000000000F1010007EB8000C367AFF6AC130B
:10F3100002D14FF0010001E04FF0000000F10100C8
:10F3200007EB8000C0F88030AFF6B01302D14FF089
:10F33000010001E04FF0000000F1010007EB800048
:10F34000C0F88430AFF6B41302D14FF0010001E0F1
:10F350004FF0000000F1010007EB8000C0F888309A
:10F36000AFF6B81334D14FF0010033E0506F75742D
:10F370003D2020205D2F20205D2F20205DEA57209A
:10F3800000000000556F75743D20205B562F202033
:10F39000FF562F2020DF56C220000000496F7574F1
:10F3A0003D20207D412F20207D412F20207D4120A8
:10F3B0000000000044C9000020202020506F757418
:10F3C0003D20202020204057202020200000000049
:10F3D0004FF0000000F1010007EB8000C0F88C3016
:10F3E000AFF24C6302D14FF0010001E04FF000009A
:10F3F00000F1010007EB8000C0F89030AFF25063DD
:10F4000002D14FF0010001E04FF0000000F10100D7
:10F4100007EB8000C0F89430AFF2546002D14FF097
:10F42000010301E04FF00003134407EB830358612D
:10F43000AFF2546002D14FF0010301E04FF000033E
:10F44000134407EB83039861AFF2546002D14FF08D
:10F45000010301E04FF00003134407EB8303D8617D
:10F46000AFF2546002D14FF0010301E04FF000030E
:10F47000134407EB83031862AFF2546002D14FF0DC
:10F48000010301E04FF00003134407EB83035862CC
:10F49000AFF2546002D14FF0010301E04FF00003DE
:10F4A000134407EB83039862AFF2546002D14FF02C
:10F4B000010300E000231A4407EB8202D06248E215
:10F4C000AFF6DC600290AFF25C100390F9A00490FC
:10F4D000AFF238100590FD480690AFF6A86007908F
:10F4E000AFF698600890AFF684604346B8F1010F1C
:10F4F00001D04FF0000307EB83039861AFF68463FC
:10F5000002D14FF0010001E04FF0000007EB800056
:10F51000C361AFF6806302D14FF0010001E04FF00C
:10F52000000007EB80000362AFF6506302D14FF09A
:10F53000010001E04FF0000000F1010007EB800046
:10F540008361AFF6506302D14FF0010001E04FF04C
:10F55000000000F1010007EB8000C361AFF65463C7
:10F5600002D14FF0010001E04FF0000000F1010076
:10F5700007EB80000362AFF6546302D14FF0010045
:10F5800001E04FF0000000F1010007EB8000436252
:10F59000AFF6586302D14FF0010001E04FF00000D8
:10F5A00000F1010007EB80008362AFF6586302D1DF
:10F5B0004FF0010001E04FF0000000F1010007EB07
:10F5C0008000C362AFF65C6302D14FF0010001E03E
:10F5D0004FF0000000F1010007EB80000363AFF67D
:10F5E0005C6302D14FF0010001E04FF0000000F138
:10F5F000010007EB80004363AFF6606302D14FF078
:10F60000010001E04FF0000000F1010007EB800075
:10F610008363AFF6606302D14FF0010001E04FF069
:10F62000000000F1010007EB8000C363AFF66463E4
:10F6300002D14FF0010001E04FF0000000F10100A5
:10F6400007EB80000364AFF6646302D14FF0010062
:10F6500001E04FF0000000F1010007EB800043647F
:10F66000AFF6686302D14FF0010001E04FF00000F7
:10F6700000F1010007EB80008364AFF6686302D1FC
:10F680004FF0010001E04FF0000000F1010007EB36
:10F690008000C364AFF66C6302D14FF0010001E05B
:10F6A0004FF0000000F1010007EB80000365AFF6AA
:10F6B0006C6302D14FF0010001E04FF0000000F157
:10F6C000010007EB80004365AFF6706302D14FF095
:10F6D000010001E04FF0000000F1010007EB8000A5
:10F6E0008365AFF6706302D14FF0010001E04FF087
:10F6F000000000F1010007EB8000C365AFF6746302
:10F7000002D14FF0010001E04FF0000000F10100D4
:10F7100007EB80000366AFF6746302D14FF001007F
:10F7200001E04FF0000000F1010007EB80004366AC
:10F73000AFF6786302D14FF0010001E04FF0000016
:10F7400000F1010007EB80008366AFF6786302D119
:10F750004FF0010001E04FF0000000F1010007EB65
:10F760008000C366AFF67C6302D14FF0010001E078
:10F770004FF0000000F1010007EB80000367AFF6D7
:10F780007C6302D14FF0010001E04FF0000000F176
:10F79000010007EB80004367AFF6806302D14FF0B2
:10F7A000010001E04FF0000000F1010007EB8000D4
:10F7B0008367AFF6806302D14FF0010001E04FF0A4
:10F7C000000000F1010007EB8000C367AFF684631F
:10F7D00002D14FF0010001E04FF0000000F1010004
:10F7E00007EB8000C0F88030AFF6886302D14FF09D
:10F7F000010001E04FF0000000F1010007EB800084
:10F80000C0F88430AFF68C6302D14FF0010001E004
:10F810004FF0000000F1010007EB8000C0F88830D5
:10F82000AFF6906302D14FF0010001E04FF000000D
:10F8300000F1010007EB8000C0F88C30AFF6946354
:10F8400002D14FF0010001E04FF0000000F1010093
:10F8500007EB8000C0F89030AFF6C42302D14FF020
:10F86000010001E04FF0000000F1010007EB800013
:10F87000C0F89430AFF6C82302D14FF0010001E088
:10F880004FF0000000F1010007EB8000C0F8983055
:10F89000AFF6CC2002D14FF0010301E04FF000039E
:10F8A000134407EB83039861AFF6CC2010D14FF0DF
:10F8B00001030FE0556F75743D20205B562F20200B
:10F8C000FF562F2020DF56200000000044C9000012
:10F8D0004FF00003134407EB8303D861AFF6E82031
:10F8E00002D14FF0010301E04FF00003134407EB96
:10F8F00083031862AFF6E82002D14FF0010301E064
:10F900004FF00003134407EB83035862AFF6E8207F
:10F9100002D14FF0010301E04FF00003134407EB65
:10F9200083039862AFF6E82002D14FF0010301E0B3
:10F930004FF00003134407EB8303D862AFF6E820CF
:10F9400002D14FF0010300E000231A4407EB8202CA
:10F950001063BAF1000F01D0FDA00290DFF8088417
:10F9600019B1022E05DD7F9905E0002088F804001A
:10F9700003E0A94201DD88F8041098F90400DFF8DB
:10F98000ECB307EB800000F104009BF80C500EC8AC
:10F99000052D01D2029803E004EB850050F8140C09
:10F9A000F2F73CF8F2480022EB210078F0F78DFEE8
:10F9B000DFF8B8A30AF1800ABAF91C00032818D0AE
:10F9C000022816D00AF180040A25B4F90E0000229C
:10F9D00090FBF5F080B25B21F0F777FEB4F91000F0
:10F9E000B0F57A7F76DB90FBF5F0002280B25D21E6
:10F9F00073E1BAF81A00564698B3DE4C0A25002285
:10FA0000B4F902005B2190FBF5F080B2F0F75DFEE7
:10FA1000B4F97600002290FBF5F080B2FF21F0F7F8
:10FA200054FEB4F9EA00002290FBF5F080B2DF2129
:10FA3000F0F74BFEB4F90000632804DD90FBF5F00D
:10FA400080B2002201E0208801227D21F0F73DFEF6
:10FA5000B4F97400632805DD90FBF5F080B2002254
:10FA600003E00FE0B4F8740001227D21F0F72DFED1
:10FA7000B4F9E800632802DD90FBF5F044E0B4F847
:10FA8000E80045E0B84D0A243A350022B5F90000F7
:10FA90005B2190FBF4F080B2F0F717FEB5F902009D
:10FAA000002290FBF4F080B2FF21F0F70EFEB5F9D2
:10FAB0000400002290FBF4F080B2DF21F0F705FE95
:10FAC000AD1DB5F90000632805DD90FBF4F080B2B0
:10FAD000002202E0FEE0288801227D21F0F7F5FDFA
:10FAE000B5F90200632804DD90FBF4F080B2002237
:10FAF00001E0688801227D21F0F7E7FDB5F90400F7
:10FB0000632804DD90FBF4F080B2002201E0A888B5
:10FB100001227D21F0F7D9FD964C4FF6E85061683F
:10FB2000814201DD00216160A16F814201DD002180
:10FB3000A167D4F8EC10814202DD0020C4F8EC008B
:10FB4000B6F91C00032806D0022804D06068002201
:10FB500080B240212FE0708BF0B3606842F21075E4
:10FB6000A84206DD4FF47A7190FBF1F080B20022DA
:10FB700003E090FBF9F080B201225D21F0F7BFFCB9
:10FB8000A06FA84206DD4FF47A7190FBF1F080B2CD
:10FB9000002203E090FBF9F080B201225D21F0F732
:10FBA000AEFCD4F8EC0092E04FF47A7190FBF1F0E7
:10FBB00080B2002262E0F0F7A2FCDFF8AC910A20EC
:10FBC000A9F190090022B9F9121091FBF0F080B26E
:10FBD0002321F0F77AFD00E052E0674C207A4FF0E5
:10FBE00000024FF02501F0F770FD207900225E2120
:10FBF000F0F76BFD207800222621F0F766FD207BD0
:10FC000000223C21F0F761FDA08B00227B21F0F760
:10FC10005CFD217E5948002200EB81003E21F0F777
:10FC200041FD9BF81D005C4670B13A20F0F776FB71
:10FC300009F58A7520262E543A20F0F76FFB2E54D2
:10FC40003A20F0F76BFB2E5498F90400B0B3B9F8E2
:10FC5000082098F90110012A00D00022521C91427C
:10FC600051DD88423FD140490120843181F83C0078
:10FC700049E000BF90FBF9F080B201225D219AE7D4
:10FC80003F4C42F210752068A84206DD4FF47A71AD
:10FC900090FBF1F080B2002203E090FBF9F080B21B
:10FCA00001225D21F0F72BFC6068A84207DD4FF4CC
:10FCB0007A7190FBF1F080B2002204E023E090FB27
:10FCC000F9F080B201225D21F0F719FCA068A8428A
:10FCD000D0DD69E701225D2180B2F0F7F6FC002259
:10FCE0004021E06F67E7401A012802D0022806D0C1
:10FCF00009E01D490120843181F8280003E01A49F8
:10FD0000012084310875A07B401CC0B2A073BAF9F1
:10FD10000E1001EB8101B0EB810F01DB0020A0731D
:10FD20001848006830B16FF00102FB2116A0F0F70F
:10FD3000B9FC07E00C4800224630FB21B0F9000076
:10FD4000F0F78EFB0122ED21B9F83800FEE3000048
:10FD5000436865636B20746865207374727563749F
:10FD60007572652000000000AC0100101C0000103E
:10FD700009C00720D00508202040024007E2020009
:10FD80002C070820380B08206572726F7200000083
:10FD9000F0F79BFC0AF03CBBDA490520F34C81F8F4
:10FDA0002500D9A07B90DEA07C90E3A07D90E8A008
:10FDB0007E90ED487F9093F83A0020B1042806D059
:10FDC000242808D009E0D97D39B9E9A010E0D97D0F
:10FDD00019B9EDA00CE0D97D21B18006D87D05D5FB
:10FDE00010B104E0EEA003E0F3A001E008B1F8A038
:10FDF0007A907AA800EB8501D1E9012350F825100B
:10FE0000F9A0F1F70BFE96F9010096F90410421AD9
:10FE1000022A02DD811E317102E0884200DA30716F
:10FE2000042802DB0120F1F787FD96F90200002289
:10FE3000401C80B22621F0F748FC96F9020001220E
:10FE4000C0EB001101EB401004EB80002821806919
:10FE500080B2F0F73AFC96F902000122C0EB0011E3
:10FE600001EB401004EB80005B21C06980B2F0F729
:10FE70002CFC96F902000022C0EB001101EB4010AF
:10FE800004EB80005D21006A00B2F0F7E9FA00237C
:10FE90000A22012141F6F800A5E39A4C0720DFF879
:10FEA000CC8284F82500D6A07B90DBA07C90E0A0DB
:10FEB0007D90E5A07E90EAA07F90EFA08090AA4878
:10FEC0008190ABA07A9093F83A00042802D02428BD
:10FED00004D005E0D97D19B9ABA00CE0D97D21B1E2
:10FEE0008006D87D05D410B104E0ADA003E0B2A037
:10FEF00001E008B1B6A07A907AA901EB8500D0E9BB
:10FF0000012351F82510B8A0F1F788FD96F90100FA
:10FF100096F90410421A022A02DD811E317102E0B4
:10FF2000884200DA307194F82510884202DB012003
:10FF3000F1F702FD96F902000022401C80B2262152
:10FF4000F0F7C3FB96F902004446C0EB001101EB49
:10FF5000401008EB800001228069282180B2F0F770
:10FF6000B4FB96F902000122C0EB001101EB401036
:10FF700004EB80002921C06980B2F0F7A6FB96F956
:10FF800002000022C0EB001101EB401004EB8000E6
:10FF90005B21006A00B2F0F763FA96F902000022D2
:10FFA000C0EB001101EB401004EB80005D21B0F9C3
:10FFB0003000F0F755FA96F902000122C0EB00116B
:10FFC00001EB401004EB80003C21806A80B2F0F726
:10FFD0007CFB96F902000122C0EB001101EB4010FE
:10FFE00004EB8000406A80B2FDE3DFF8188109204D
:10FFF0007BAC88F8250008F5C870A02690F90400AD
:020000040001F9
:1000000004EB8001EAB37EA07C9083A07D9088A061
:100010007E908DA07F9092A0809097A081909CA0D0
:100020008290A148839050488490A0487B90D87DCE
:10003000052801D966A037E093F8BB00632801D9F1
:100040009BA031E093F83A00C20701D09EA02BE0BC
:1000500093F83B20D20701D0A1A025E000F02202B6
:10006000022A16D000F02402042A12D02822824349
:1000700011D0C0F30112032A0FD0242282430ED0E4
:1000800000E018E000F0A002202A0AD086430AD03F
:100090000BE099A008E09EA006E0A3A004E03AA02F
:1000A00002E0A7A000E0ACA07B90D1E9012354F8C6
:1000B00025104DA006E2AEA07C90B3A07D90B8A024
:1000C0007E90BDA07F90C2A08090C7A08190CCA060
:1000D0008290D14883901838849074487B90D87D62
:1000E000052801D9CDA0E7E193F8BB00632801D929
:1000F000D0A0E1E193F83A00C20701D0D3A0DBE140
:10010000B0E100001C0000102055E8EDE2203D2089
:100110002020202020202028C220202000000000B5
:100120002049E8EDE2203D20202020202020205BF7
:1001300041202020000000002074E8EDE2203D2056
:10014000202020202020205DB0D1202000000000B1
:1001500020D1E1F0EEF120E0E2E0F0E8E92020201B
:100160002020202000000000DDE10200D8EC072064
:10017000202020202020E220F0E0E1EEF2E5202007
:1001800020202020000000002020D1C8CBDCCDDBC7
:10019000C920CDC0C3D0C5C221212120000000004C
:1001A000EEF2EAEBFEF7E8EBF1FF2CEFE5F0E5E32A
:1001B000F0E5E220000000002020EEF2F1F3F2F181
:1001C000F2E2F3E5F22055E2FBF52020000000000A
:1001D00020202020EDE520EFEEE4EAEBFEF7E5ED50
:1001E00020202020000000002020202020C8CDC298
:1001F000C5D0D2CED0204E262020202000000000E6
:100200002055E2FBF5203D20202020202020202822
:10021000C2202020000000002049E2FBF5203D2004
:100220002020202020202029412020200000000024
:100230002074E8EDE2203D20202020202020205BBB
:10024000B0D12020000000002050E2FBF5203D202E
:10025000202020202020205DC2F22020000000006D
:100260002055F1E5F2E8203D202020202020203CF0
:10027000C2202020000000002055F8E8EDFB203DC2
:10028000202020202020203EC2202020000000002E
:100290002055E2F5EEE4203D202020202020205EA5
:1002A000C22020200000000000D1000030620000C9
:1002B000CED2CACB2E20E2EDF3F2F02E20EDE5E80F
:1002C000F1EFF02E000000002020202020CFC5D02C
:1002D000C5C3D0D3C6C5CD212121202000000000F8
:1002E000CED2CACB2E2055646320EDE520E220ED6E
:1002F000EEF0ECE500000000CFC5D0C5C3D0C5C20C
:100300002121C2DBCACBDED7C5CD212100000000F0
:10031000C220D0C0C1CED2C52EC7C0C2DBD82055A6
:10032000E2FBF52100000000C220D0C0C1CED2C542
:100330002EC7C0CDC8C62055E2FBF5210000000045
:10034000C220D0C0C1CED2C52ECED220C1C0D2C014
:10035000D0C5C82000000000C220D0C0C1CED2C588
:100360002ECED220D1C5D2C82020202000000000EF
:1003700020556F7574203D2020202020202020282B
:10038000562020200000000020496F7574203D2079
:1003900020202020202020294120202000000000B3
:1003A0002074696E76203D20202020202020205BB4
:1003B000B0D120200000000020506F7574203D2037
:1003C000202020202020205D572020200000000039
:1003D0002055696E204143203D2020202020203CD4
:1003E00056202020000000002055627573203D201B
:1003F000202020202020203E562020200000000029
:100400002055696E204443203D2020202020205E7E
:10041000562020200000000040EE00002020202078
:100420006E6F7420636F6E6E656374656420202048
:10043000000000004465666563746976652E20449B
:10044000697361626C65642E00000000202020202A
:10045000204F5645524C4F4144212121202020203D
:100460000000000093F83B20D20701D0EAA023E06F
:1004700000F02202022A14D000F02402042A10D034
:10048000282282430FD0C0F30112032A0DD0242268
:1004900082430CD000F0A002202A0AD086430AD062
:1004A0000BE0E3A008E0E8A006E0EDA004E0F2A085
:1004B00002E0F7A000E0FCA07B90D1E9012354F812
:1004C0002510FFA0F1F7AAFA9AF901009AF9041091
:1004D0005546421A022A02DD811E297102E0884235
:1004E00000DA287198F82510491E884202DB0120A5
:1004F000F1F722FA95F902000022401C80B2262171
:10050000F0F7E3F895F90200F34CC0EB001101EBB2
:10051000401004EB800001228069282180B2F0F7AE
:10052000D4F895F902000122C0EB001101EB401054
:1005300004EB80002921C06980B2F0F7C6F895F974
:100540000200C0EB001101EB401000E0F0E304EB0F
:1005500080000022006A5B2100B2EFF781FF95F96D
:1005600002000022C0EB001101EB401004EB800000
:100570005D21B0F93000EFF773FF95F90200012219
:10058000C0EB001101EB401004EB80003C21806ABD
:1005900080B2F0F79AF895F902000122C0EB001141
:1005A00001EB401004EB80003E21406A80B2F0F77E
:1005B0008CF895F902000122C0EB001101EB40100C
:1005C00004EB80005E21C06A80B2F0F77EF8002361
:1005D00094F8760F03221946F0F732F8002394F8C6
:1005E000770F07221946F0F72BF809F011BFBB4827
:1005F000C17B491CC9B2C173642901D30021C173F5
:10060000082180F82510B649804682AC91F9020095
:1006100091F9041000EB4003C3EB4013B14804EB25
:10062000810100EB83008AB3AFA28392B4A28492CB
:10063000AFF2EC328592B8A28692AFF2DC328792AA
:10064000BBA28892C04A8992183A8A92AFF2E042DD
:10065000829298F80F20322A427F0FD8520601D595
:10066000BA4A01E0B94A18328292427F53070ED546
:10067000837F052B0BD2AFF2F04015E0120602D5B6
:10068000B24A6032F0E7B14A7832EDE718E09207FB
:1006900005D5827F052A02D2AFF2FC4004E0807FBC
:1006A0000A2802D9AFF2D8408290D1E9012354F848
:1006B0002510BEF1020F01DBA5A048E0A9A046E08D
:1006C000AEA28392B3A28492AFF214328592B7A203
:1006D0008692BCA28792C1A28892C64A8992183A91
:1006E0008A92C5A2829298F80F20322A427F0FD8B0
:1006F000520602D5954A303201E0944A483282923D
:10070000427F53070CD5837F052B09D25AA013E0F3
:10071000120602D58D4A9032F1E78C4AA832EEE7F4
:10072000920704D5827F052A01D241A004E0807F90
:100730000A2802D9AFF21C308290D1E9012354F883
:100740002510BEF1020F01DBB1A000E0B6A0F1F769
:1007500065F996F9010096F90410421A022A02DDA1
:10076000811E317102E0884200DA307198F825105C
:100770003446884202DB0120F1F7DEF894F90210DA
:10078000584D01EB4100C0EB411005EB8000012208
:1007900040887B21EFF799FF94F9020000EB4001BC
:1007A000C1EB401035F92010B1F57A7F05DB0A2046
:1007B00091FBF0F080B2002202E035F82000012227
:1007C0007D21EFF782FF94F90200002200EB400147
:1007D000C1EB401005EB80005B21007FEFF740FE8E
:1007E00094F9020000E0DEE200EB4001C1EB4010B2
:1007F00005EB80004FF6E8524168914201DD00218F
:10080000416088B200225D21EFF779FE94F9020081
:1008100000EB400114E1000044697361626C65649F
:100820002E2055646320616C61726D2E0000000003
:1008300044697361626C65642E20484947482048CA
:100840004541542100000000496E206F70657261BF
:10085000742E204849474820556F757400000000E9
:10086000496E206F70657261742E204C4F57205571
:100870006F75742000000000496E206F7065726112
:10088000742E204849474820484541540000000044
:10089000496E206F7065726174696F6E206F6E2093
:1008A0004443202000000000496E206F7065726193
:1008B00074696F6E206F6E2041432020000000009D
:1008C0002020202020494E564552544552204E2685
:1008D0002020202000000000D8EC07201C00001081
:1008E000AC010010D00508202055E2FBF5203D208A
:1008F000202020202020207BC2202020000000007B
:100900002049E2FBF5203D20202020202020207DD2
:1009100041202020000000002074E1EF20203D2035
:10092000202020202020205BB0D1202000000000CB
:100930002055E8EDE220203D202020202020203EF0
:10094000C22020200000000000D10000906B0000B9
:100950002020202020C1C0C9CFC0D1204E4020205F
:1009600020202000202020C1C0C9CFC0D12028E0F5
:10097000E4F02E3D202129200000000020556F7555
:1009800074203D20202020202020207B5620202065
:100990000000000020496F7574203D202020202099
:1009A0002020207D412020200000000020742062B3
:1009B00070203D20202020202020205BB0D120204E
:1009C000000000002055204143203D202020202011
:1009D0002020203C562020200000000020552069C7
:1009E0006E763D20202020202020203E56202020F2
:1009F0000000000040EE000020202020696E206FE3
:100A00007065726174696F6E202020200000000004
:100A10002020202020425950415353204E40202076
:100A20002020202000000000202042595041535334
:100A300020286164722E3D20212920200000000022
:100A4000C1EB401005EB8000012200893C21EFF74B
:100A50003CFE94F90200012200EB4001C1EB401082
:100A600005EB80003E214089EFF72FFE94F902004C
:100A7000002200EB4001C1EB401005EB800021217A
:100A8000C07F133880B2EFF720FE94F90200401CBB
:100A9000F6E3DD4C207C401CC0B22074282801D332
:100AA00000202074082084F82500D949D7487BAE5F
:100AB00091F90410807F06EB8101B2B3D5A27C923C
:100AC000DAA27D92DFA27E92E4A27F92E9A28092D6
:100AD000EEA28192F34A8292F34A8392AFF67012A9
:100AE0007B92227C142A0FD85FEA4C6201D5EF4A30
:100AF00001E0EE4A18327B925FEA4C720DD5052870
:100B00000BD2AFF67C1015E05FEA0C6202D5E74A23
:100B10006032F0E7E54A7832EDE75FEA8C7205D59E
:100B2000052803D2AFF6881004E00AE00A2802D9AB
:100B3000AFF664107B90D1E9012356F82510DCA0B4
:100B400041E0E0A27C92E5A27D92EAA27E92EFA231
:100B50007F92F4A28092F9A28192FE4A8292183A80
:100B60008392AFF26C127B92227C142A10D85FEA37
:100B70004C6202D5CD4A303201E0CC4A48327B92F9
:100B80005FEA4C720DD505280BD2AFF2143014E099
:100B90005FEA0C6202D5C54A9032F0E7C34AA83238
:100BA000EDE75FEA8C7204D5052802D2AFF28030FF
:100BB00003E00A2802D9AFF29C707B90D1E90123AF
:100BC00056F82510E4A0F0F729FF98F9010098F9EC
:100BD0000420831A022B03DD821E88F8042003E020
:100BE000904201DA88F8040094F82510491E8842E2
:100BF00002DB0120F0F7A0FE844C0A250022B4F9A4
:100C000002007B2190FBF5F080B2EFF75EFDB4F9B6
:100C10007600002290FBF5F080B27B21EFF755FDC6
:100C2000B4F9EA00002290FBF5F080B27B21EFF7E7
:100C30004CFDB4F90000632804DD90FBF5F080B2B0
:100C4000002201E0208801227D21EFF73EFDB4F96A
:100C50007400632804DD90FBF5F080B2002202E00E
:100C6000B4F8740001227D21EFF72FFDB4F9E800FC
:100C7000632804DD90FBF5F080B2002202E0B4F8B6
:100C8000E80001227D21EFF720FD207F00225B217B
:100C9000EFF7E6FB94F8900000225B21EFF7E0FB12
:100CA00094F8040100225B21EFF7DAFB61684FF64C
:100CB000E850814201DD00216160A16F814201DDC8
:100CC0000021A167D4F8EC10814202DD0020C4F8B5
:100CD000EC00606842F21076B04206DD4FF47A71A3
:100CE00090FBF1F080B2002203E090FBF9F080B2BB
:100CF00001225D21EFF703FCA06FB04206DD4FF447
:100D00007A7190FBF1F080B2002203E090FBF9F0E1
:100D100080B201225D21EFF7F2FBD4F8EC00B04283
:100D200007DD4FF47A7190FBF1F080B2002204E00D
:100D300082E190FBF9F080B201225D21EFF7DFFB49
:100D4000B4F90800002290FBF5F080B23C21EFF7E7
:100D5000BCFCB4F97C00002290FBF5F080B23C2191
:100D6000EFF7B3FCB4F9F000002290FBF5F080B28D
:100D70003C21EFF7AAFCB4F90A00002290FBF5F041
:100D800080B23E21EFF7A1FCB4F97E00002290FB77
:100D9000F5F080B23E21EFF798FCB4F9F2000022A2
:100DA00090FBF5F080B23E21FEF7F2BF3E4B70A201
:100DB00075A17BA0F0F732FE154901208431144C57
:100DC00081F83C0000225B21903CE08A2EE17AA071
:100DD00002907FA0039084A0049065A00590314804
:100DE00018380690D9E9012357F825106CA0F0F7C0
:100DF00015FE96F9010096F90410421A022A01DD47
:100E0000801EFFE0FCE000001C000010D005082060
:100E1000AC0100102055E2FBF53D20207BC22F20C5
:100E2000207BC22F20207BC2000000002049E2FB73
:100E3000F53D20207D412F20207D412F20207D4128
:100E4000000000002050E2FBF53D20205D2F202017
:100E50005D2F20205DEAC2F2000000002074E1EF67
:100E60003D2020205B2F20205B2F20205BB0D12055
:100E7000000000002055F1E5F2E83D2020203C2F45
:100E800020203C2F20203CC2000000002055E8ED2F
:100E9000E23D202020203E2F20203E2F20203EC259
:100EA0000000000000D10000DDE10200906B0000B6
:100EB0002020202020C1C0C9CFC0D12033D4202081
:100EC0002020200020556F75743D20207B562F2058
:100ED000207B562F20207B560000000020496F7594
:100EE000743D20207D412F20207D412F20207D41F9
:100EF0000000000020506F75743D20205D2F2020E1
:100F00005D2F20205D6B57200000000020742062C0
:100F1000703D20205B2F20205B2F20205BB0D12054
:100F20000000000020552041433D202020203C2F80
:100F300020203C2F20203C56000000002055696EE8
:100F4000763D202020203E2F20203E2F20203E5680
:100F50000000000040EE0000202042595041535351
:100F6000203320706861736573202020000000002A
:100F700020662020203D20202020205DC3F6202058
:100F8000202020200000000020552020203D20208F
:100F90002020205BC22020202020202000000000F4
:100FA0002020202020202020D1C5D2DC202020207D
:100FB00020202020000000002055F4412020202087
:100FC0002020202020202021C220202000000000FE
:100FD0002055F442202020202020202020202040C6
:100FE000C2202020000000002055F44320202020B3
:100FF0002020202020202023C220202000000000CC
:10100000884200DA30710120F0F796FCEE4C0022A5
:101010002121208B80B2EFF758FB608B002240210A
:1010200080B2EFF752FB0022A08B232180B2EFF7B2
:101030004CFB0122E08B5D2180B2B5E6E34BE4A2DC
:10104000E9A1EFA0F0F7EAFCF3490120DE4C81F8BA
:101050003C000246E0895B2180B2EFF736FB0122BB
:101060005D21208AE8E700BF6FF00A08F2B3EBA029
:101070000290F0A00390F5A00490FAA00590829948
:10108000FE4847F821008099FD48486080998860B3
:10109000D9E9012357F82510FAA0F0F7BFFC96F91B
:1010A000010096F90410421A022A01DD801E01E0B7
:1010B000884200DA30710120F0F73EFCC24C404615
:1010C0004E342178012901D16FF00800BE4D523510
:1010D000297801290BD0401E42B22421EFA000BF85
:1010E000EFF7E0FA2078012806D00BE088E0801EB8
:1010F00042B22421EBA0F3E76FF003022421EBA01E
:10110000EFF7D0FA20786FF0050620B93246242197
:10111000E8A0EFF7C7FA61784046012901D16FF0E6
:1011200008006978012909D0401E42B22521DBA0C0
:10113000EFF7B8FA6078012805D00AE0801E42B2C5
:101140002521D8A0F4E76FF003022521D7A0EFF7FF
:10115000A9FA607820B932462521D6A0EFF7A2FA85
:10116000A1784046012901D16FF00800A978012932
:101170000AD0401E42B25E21C8A000BFEFF792FA2B
:10118000A078012805D00AE0801E42B25E21C5A0E9
:10119000F4E76FF003025E21C4A0EFF783FAA078B2
:1011A00020B932465E21C3A0EFF77CFAE07801282F
:1011B00001D16FF00808E87801280BD0A8F10108E8
:1011C0004FFA88F22621B5A0EFF76CFAE0780128F3
:1011D00007D00CE0A8F102084FFA88F22621B1A04E
:1011E000F2E76FF003022621B0A0EFF75BFAE07898
:1011F000002849F00D8132462621AEA003F01AB82E
:10120000AFA00290B4A00390B9A00490BEA0059036
:101210008299C34847F8210080999948486080998D
:101220008860D9E9012357F82510BEA0F0F7F6FB36
:1012300096F9010096F90410421A022A01DD801E77
:1012400001E0884200DA30710120F0F775FB5E4C56
:1012500040464E342178012901D16FF008005A4DE3
:101260005235297801290CD0401E42B22421B3A066
:10127000EFF718FA20786FF00406012806D00AE08C
:10128000F5E2801E42B22421AEA0F1E732462421CD
:10129000AEA0EFF707FA207820B932462421ADA09E
:1012A000EFF700FA61784046012901D16FF008009C
:1012B000697801290AD0401E42B225219FA000BFB3
:1012C000EFF7F0F96078012805D009E0801E42B2FE
:1012D00025219CA0F4E7324625219CA0EFF7E2F9F6
:1012E000607820B9324625219AA0EFF7DBF9A17882
:1012F0004046012901D16FF00800A978012909D0E1
:10130000401E42B25E218DA0EFF7CCF9A0780128F3
:1013100005D009E0801E42B25E218AA0F4E7324681
:101320005E218AA0EFF7BEF9A07820B932465E218F
:1013300088A0EFF7B7F9E078012801D16FF008082D
:10134000E87801280CD0A8F101084FFA88F226218C
:101350007AA000BFEFF7A6F9E078012807D00BE0EC
:10136000A8F102084FFA88F2262176A0F2E7324669
:10137000262176A0EFF796F9E078002849F048801A
:101380003246262173A039E774A0029079A0039019
:101390007EA0079083A0089088A009908DA037496F
:1013A0000A9059618098364981618098C161D9E974
:1013B000012357F8251033A0F0F730FB96F9010010
:1013C00096F90410421A11E11C010010DDE102003F
:1013D0002049EDE0E3F0203D20202020205DC020CA
:1013E00020202020000000002055EDE0E3F0203D0B
:1013F00020202020205BC220202020200000000090
:10140000202020202020CDC0C3D0D3C7CAC0202098
:1014100020202020000000003002001020D1CA311E
:1014200020202020202020202020202020202420B8
:101430000000000020D1CA322020202020202020BF
:1014400020202020202025200000000020D1CA33A9
:1014500020202020202020202020202020205E204E
:101460000000000020D1CA3420202020202020208D
:10147000202020202020262000000000E8D00000AE
:10148000306200002020C2CDC5D8CDC8C520C4C060
:10149000D2D7C8CAC820202000000000CDCED0CCB2
:1014A000C0000000C0C2C0D0C8DF0000C7C0CCCAA6
:1014B000CD2E0000D0C0C7CECCCACD2E000000007B
:1014C00020444331202020202020202020202020C4
:1014D000202024200000000020444332202020202F
:1014E0002020202020202020202025200000000077
:1014F0002044433320202020202020202020202092
:1015000020205E20000000002044433420202020C2
:101510002020202020202020202026200000000045
:1015200028EE000020202020202053454E534F520B
:101530005320202020202020000000004E4F524D3C
:1015400000000000414C41524D000000434C4F53FD
:10155000454400004F50454E202000002074E2ED2D
:10156000E5F82EE2EEE7E42E2020202021B0D12065
:10157000000000002074EEF2F1E5EA20DDCFD32078
:101580002020202040B0D1200000000020D1F3F521
:101590002EEAEEEDF22EB93120202020202024204A
:1015A0000000000020D1F3F52EEAEEEDF22EB93264
:1015B00020202020202025200000000020D1F3F54D
:1015C0002EEAEEEDF22EB9332020202020205E20DE
:1015D0000000000020D1F3F52EEAEEEDF22EB93432
:1015E000202020202020262000000000022A01DDEB
:1015F000801E01E0884200DA30710120F0F79CF98A
:10160000FC4C206830B16FF002022121FA48EFF75C
:1016100049F806E0F94800222121B0F90000EEF770
:101620001FFF606818B16FF002024021E9E0F34843
:1016300000224021B0F90200ECE0F04C4FF0000233
:10164000843C4FF024012078012877D0AFF2B41009
:10165000EFF728F860784FF0000201284FF02501DD
:1016600002D0AFF2C81001E0AFF2C810EFF71AF8DD
:10167000A0784FF0000201284FF05E017DD0AFF25C
:10168000E41000BFEFF70EF8E0784FF000020128F9
:101690004FF0260102D0AFF2FC10AFE5AFF2FC1024
:1016A000ACE5D7A00290DCA00390E1A0899904905A
:1016B000E5A047F821008599E9A048608599EEA04A
:1016C00088608599F2A0C860F74847F82600F74877
:1016D0006060A060D9E9012357F825104446AFF2B5
:1016E0005C20F0F79BF994F9010094F90410421A78
:1016F000022A01DD801E01E0884200DA207101200B
:10170000F0F71AF9BB4D286830B16FF002022121C1
:10171000B948EEF7C7FF08E0207930B9B748002292
:101720002121B0F90000EEF79BFE686838B16FF038
:1017300002024021B048EEF7B5FF07E06DE0AF4888
:1017400000224021B0F90200EEF78AFEA86854E0BA
:10175000ABA00290B0A00390B5A089990490BAA064
:1017600047F821008599BEA048608599C2A088608D
:101770008599C7A0C860CC4800E051E047F8260032
:10178000CA486060A060D9E9012357F82510AFF27C
:101790000C30F0F743F99AF901009AF90410421A53
:1017A000022A01DD801E01E0884201DA8AF8040085
:1017B0000120F0F7C1F88F4C206830B16FF00202C1
:1017C00021218D48EEF76EFF06E08C480022212192
:1017D000B0F90000EEF744FE606830B16FF002022D
:1017E00040218548EEF75EFF06E084480022402154
:1017F000B0F90200EEF734FEA06830B16FF00202DB
:1018000023217D48EEF74EFF17E77C480022232175
:10181000B0F90400EEF724FE0FE7AFF2783017E7D7
:10182000AFF280302EE7A2A00290A7A003909E48BE
:101830000490D9E9012357F82510A9A0F0F7EEF894
:101840000120F0F779F86D4C0022D63C2121608E02
:1018500000EB800080B2EEF738FFA08D002223213C
:1018600080B2EEF732FFA08D00EB80002D30002219
:1018700080B24021FEF78CBA9FA00290A4A00390F2
:10188000A9A00490AEA00590B3A00690B8A00790C0
:10189000BDA00890C2A00990C7A00A90CCA00B9050
:1018A000D1A00C90D6A00D90DBA00E90E0487E4910
:1018B00009F10409B0F9160007EB800041607B498B
:1018C0008160C160B9E80E000298F0F7A7F89AF9B4
:1018D00001009AF90410421A022A01DD801E01E07B
:1018E000884201DA8AF804000120F0F725F8414C1B
:1018F00078342078012871D06FF003022121CDA027
:10190000EEF7D0FE6078012869D06FF00302402125
:10191000C8A000BFEEF7C6FEA078012860D06FF027
:1019200003022321C3A000BFEEF7BCFEE07801282C
:1019300057D06FF003022421BEA000BFEEF7B2FE25
:10194000207901284ED06FF003022521B9A000BFF5
:10195000EEF7A8FE6079012845D06FF003025E2102
:10196000B4A000BFEEF79EFEA07901283CD06FF036
:1019700003022621AFA000BFEEF794FEE079012814
:1019800033D06FF003022A21AAA000BFEEF78AFE2F
:10199000207A01282AD06FF003022821A5A000BFD9
:1019A000EEF780FE607A012821D06FF00302292132
:1019B000A0A000BFEEF776FEA07A012818D06FF045
:1019C00003022B219BA000BFEEF76CFEE07A0128FA
:1019D0000FD06FF003023D2104F067BF2EE132E12A
:1019E00036E13AE13EE142E146E14AE14EE152E1CF
:1019F00056E15AE1380B0820BCE20000F201001069
:101A00002074312020202020202020202020202071
:101A100021B0D1200000000020743220202020209E
:101A2000202020202020202040B0D12000000000D5
:101A3000207433202020202020202020202020203F
:101A400023B0D1200000000020D1CA312020202066
:101A50002020202024202020202020200000000002
:101A600020D1CA3220202020202020202520202004
:101A7000202020200000000020D1CA332020202078
:101A8000202020205E202020202020200000000098
:101A900020D1CA34202020202020202026202020D1
:101AA0002020202000000000E8D00000306200006C
:101AB0002046E2E5EDF22EF2E5EAF3F92E202020B1
:101AC00020202125000000002046E2E5EDF22E6DE9
:101AD00061782E20282020402529202300000000A6
:101AE0002020202020C2C5CDD2C8CBDFD2CED0202E
:101AF00020202020000000002020C0C2D2CECCC078
:101B0000D2DB20CDC0C3D0D3C7CECA200000000096
:101B100020C0E2F2EEECE0F220B9312020202020BB
:101B2000202021200000000020C0E2F2EEECE0F2D4
:101B300020B932202020202020204020000000005A
:101B400020C0E2F2EEECE0F220B933202020202089
:101B5000202023200000000020C0E2F2EEECE0F2A2
:101B600020B9342020202020202024200000000044
:101B700020C0E2F2EEECE0F220B935202020202057
:101B8000202025200000000020C0E2F2EEECE0F270
:101B900020B936202020202020205E2000000000D8
:101BA00020C0E2F2EEECE0F220B937202020202025
:101BB000202026200000000020C0E2F2EEECE0F23F
:101BC00020B938202020202020202A2000000000DA
:101BD00020C0E2F2EEECE0F220B9392020202020F3
:101BE000202028200000000020C0E2F2EEECE0F20D
:101BF00020B93130202020202020292000000000A2
:101C000020C0E2F2EEECE0F220B9313120202020B9
:101C100020202B200000000020C0E2F2EEECE0F2D9
:101C200020B931322020202020203D20000000005B
:101C30009C000010C2DBCACB2E0000006FF0020235
:101C40002121EDA05CE66FF002024021EAA061E6EE
:101C50006FF002022321E8A066E66FF00202242161
:101C6000E5A06BE66FF002022521E3A070E66FF0BD
:101C700002025E21E0A075E66FF002022621DEA0DE
:101C80007AE66FF002022A21DBA07FE66FF0020203
:101C90002821D9A084E66FF002022921D6A089E686
:101CA0006FF002022B21D4A08EE66FF002023D21DC
:101CB00002F074BED2A00290D7A00390DCA00490E2
:101CC000E1A00590E6A00690EB480790EB4808904D
:101CD00009F104090990B9E80E000298EFF79EFE99
:101CE0009AF901009AF90410421A022A01DD801EB5
:101CF00001E0884201DA8AF804000120EFF71CFEB7
:101D0000DF4C00222321608DEEF7DFFC04F1E200BE
:101D1000002240882421EEF7D8FC02222521F06819
:101D2000EEF7EDFB00225E21208EFFF785B9B4A00F
:101D30000290D4A00390D9A00490DEA00590E3A067
:101D40000690E8A00790EDA00890BFA00990C4A05D
:101D50000A90C9480B90C9480C9009F104090D90EC
:101D6000B9E80E000298EFF759FE9AF901009AF9C6
:101D70000410421A022A01DD801E01E0884201DAC5
:101D80008AF804000120EFF7D7FDBD4C0022E834AB
:101D900021212088EEF799FC608800224021EEF78F
:101DA00094FCA08800222321EEF78FFCA41D0022C2
:101DB00020882621EEF789FC608800222921EEF791
:101DC00084FCA08800222821EEF77FFC0322252135
:101DD000F068EEF794FBAA4800225E21008EA4E78B
:101DE000CCA00290D1A00390D6A00490DBA00590D7
:101DF000A1480690A94202DA8AF8041003E0022BF7
:101E000001DD8AF804409AF9040007EB8001D1E96A
:101E1000012357F82010D7A003F01FBD162912D0B8
:101E2000212912D0D94B022C13D0D9A2DEA1E4A0D3
:101E3000EFF7F4FD0120EFF77FFDE74800222821AE
:101E4000B0F85A0071E7E5A300E0EAA3EFA2F5A11C
:101E5000EDE7FAA2EAE7012C07D1FE498798097855
:101E6000884202D1C94BF5A201E0C84BC8A2FAA131
:101E7000FFA0EFF7D3FD0220EFF75EFD9AF9020015
:101E80000022401C80B27B21F4E400BF40F60260D7
:101E900013F034FD01B27A484029818201DD00212E
:101EA0008182418FB0F9140081B370B1012812D042
:101EB000022815D027DD9AF901109AF904209142E1
:101EC00028DA00BF8AF8041029E0B04BAF4A153B6E
:101ED000EDA1F3A046E0F8A3AC4AFDA1F0A04BE0D1
:101EE0009AF901009AF90410884202DA8AF804008B
:101EF00004E0411A022901DD801EF7E79AF9040087
:101F000010B1012810D069E0A04B14E015E0F0A159
:101F1000E3A061E08A1A022A01DD891ED2E79AF95C
:101F20000410421E914202D1E3A3984AEFE7801EBB
:101F30008142E9D0ECA3F2A2E9E770B1012817D001
:101F400002281FD04ADD9AF901109AF90420914223
:101F500031DA00BF8AF8041032E08C4BEE4A153BB0
:101F6000EEA1F4A0EFF75AFD01208AF8010005E088
:101F7000F6A3E94AD6A1EFA0EFF750FD00208AF8BA
:101F800004002BE09AF901009AF90410884202DA61
:101F90008AF8040004E0411A022901DD801EF7E7F7
:101FA0009AF9040010B1012802D017E0DA4B10E0D2
:101FB000E6A3D94A0EE08A1A022A01DD891EC9E782
:101FC0009AF90410421E9142F2D0801E8142EDD057
:101FD000C5A3CBA2BEA1D7A0EFF720FD0120EFF74C
:101FE000ABFC9AF804002821EEF7AAFB9AF804004B
:101FF000401CC0B25B21B5E1C2CACB2E000000007C
:102000002020DDCBC5CAD2D0CED1CDC0C1C6C5CD72
:10201000C8C520200000000020C2E2EEE4202020FD
:102020002020202023C2202020202020000000008B
:1020300020CFDDD1202020202020202024C22020DD
:1020400020202020000000002050F1F3ECEC2E2096
:1020500020202020202025EAC2F22AF700000000DC
:102060002050F2E5EAF3F92E2020202020205EC245
:10207000F220202000000000E8D0000030620000C4
:102080001C01001020C2E2EEE420F42E41202020AA
:102090002021C220202020200000000020C2E2EEEB
:1020A000E420F42E422020202040C22020202020A6
:1020B0000000000020C2E2EEE420F42E43202020A5
:1020C0002023C220202020200000000020CFDDD1CE
:1020D0002020F42E412020202026C2202020202055
:1020E0000000000020CFDDD12020F42E422020204F
:1020F0002029C220202020200000000020CFDDD198
:102100002020F42E432020202028C2202020202020
:102110000000000020C2FBF02EE7E0F0FFE42020EA
:1021200020202020202020200000000020C0E2F2FB
:102130002EE2FBF02EE7E0F0FFE42020202020201C
:102140000000000020CA2EC52E20E1E0F2E0F0E5FC
:10215000E8204E31202020200000000020CA2EC59B
:102160002E20E1E0F2E0F0E5E8204E3220202020B1
:10217000000000002020202020D1CFC5D6D4D3CD10
:10218000CAD6C8C82020202000000000DDE10200DF
:1021900020C2FBEAEBFEF7E5ED20202020202020E6
:1021A000202020200000000020C4EBE8F22E2DF1BA
:1021B000F2FC202020202028F72E20200000000004
:1021C000C2DBD0C0C2CDC8C2C0DED9C8C920C7C01A
:1021D000D0DFC420000000001C000010202020E5FB
:1021E000ECEAEEF1F2E820E1E0F22E4E3120202080
:1021F00000000000202020E5ECEAEEF1F2E820E10A
:10220000E0F22E4E32202020000000002020E2EAE2
:10221000EBFEF7E5ED20EAEEEDF2F0EEEBFC202030
:102220000000000020202020EDE5E2EEE7ECEEE6E5
:10223000E5ED2C20202020200000000020C2EAEB49
:10224000FEF7E5ED20202020202020202020202047
:102250000000000017C007202020202020C1C0D28D
:10226000C0D0C5C8204E7B202020202000000000C8
:102270002020CACECDD2D0CECBDC20C5CCCACED188
:10228000D2C820200000000020C6F3F0EDE0EB20D3
:10229000EFF3F1F220202020202020200000000079
:1022A000202020C6D3D0CDC0CB20D1CEC1DBD2C818
:1022B000C92020200000000020CEF7E8F1F2E8F26B
:1022C000FC20E6F3F0EDE0EB2020202000000000F1
:1022D00020282020202020202020202020202020F6
:1022E0002020202000000000207B20202020202013
:1022F000202020202020202020202020000000005E
:10230000205B202020202020202020202020202092
:10231000202020200000000028EE000020457665E7
:102320006E74206C6F6720697320656D70747920FE
:102330000000000020202020204556454E54204C0F
:102340004F472020202020200000000020436C6503
:102350006172206576656E74206C6F672020202086
:1023600000000000EEF7ECF99AF804007B21801CD5
:10237000C0B2EEF7E5F908F04BB8FD4B1A4611462E
:102380000846EFF74BFB4FF4606013F0B7FA9AF989
:10239000021080B24A4254464021EEF7C8F9450186
:1023A00005F580657AA9284613F081FB81A9281DCF
:1023B00013F07DFB694605F1080013F078FB01A9D5
:1023C00005F10C0013F073FB7BA905F1100013F06D
:1023D0006EFB7CA905F1140013F069FB82A905F1DD
:1023E000180013F064FB9DF8E80155284BD19DF8C7
:1023F000EA015228BFD1DF4DDFA3688F18B1E4A2F4
:10240000E9A1EFA002E0F4A2F9A1FFA0EFF706FB1B
:102410009DF8040000224021EEF757F99DF80500D1
:1024200000222321EEF751F99DF806000022242115
:10243000EEF74BF99DF8020000222521EEF745F951
:102440009DF8000000225E21EEF73FF99DF80100A3
:10245000401E0C2802D301208DF80100688F30B196
:10246000C3499DF80100343901EB800005E0C04804
:102470009DF801103F3000EB810000222821EEF78B
:1024800011F90020A8829DF8E80157287ED19DF817
:10249000EA014E284BD1B74DB7A3688F18B1E0A21F
:1024A000E5A1EBA002E0F0A2F5A1FBA0EFF7B6FAE0
:1024B0009DF8040000224021EEF707F99DF8050081
:1024C00000222321EEF701F99DF8060000222421C5
:1024D000EEF7FBF89DF8020000222521EEF7F5F853
:1024E0009DF8000000225E21EEF7EFF89DF8010054
:1024F000401E0C2802D301208DF80100688F30B1F6
:102500009B499DF80100343901EB800005E09848B3
:102510009DF801103F3000EB810000222821EEF7EA
:10252000C1F80020A8829DF8E80157284ED19DF8F7
:10253000EA01492847F06C878E4D8FA3688F18B148
:10254000DBA2BDA1C2A002E0DFA2CDA1D2A0EFF725
:1025500065FA9DF8040000224021EEF7B6F89DF8D8
:10256000050000222321EEF7B0F89DF806000022B6
:102570002421EEF7AAF89DF8020000222521EEF7AB
:10258000A4F800229DF800005E2100E01EE0EEF7B6
:102590009CF89DF80100401E0C2802D301208DF804
:1025A0000100688F30B172499DF80100343901EBA8
:1025B000800005E06E489DF801103F3000EB81007F
:1025C00000222821EEF76EF80020A8829DF8E8018D
:1025D00054284FD19DF8EA014E285BD1654D66A382
:1025E000688F18B18EA2BEA1C3A002E09EA2C8A1AE
:1025F000CDA0EFF713FA9DF8040000224021EEF77A
:1026000064F89DF8050000222321EEF75EF89DF89E
:10261000060000222421EEF758F89DF8020000225F
:102620002521EEF752F89DF8000000225E21EEF71A
:102630004CF89DF80100401E0C2802D301208DF8B3
:102640000100688F30B14A499DF80100343901EB2F
:10265000800005E046489DF801103F3000EB810006
:1026600000222821EEF71EF80020A8829DF8E8013C
:1026700054280FD0C0B2502859D04F2872D04428C7
:1026800071D0492870D042286FD053286ED0492885
:102690006CD070E69DF8EA014928FAD1354C36A392
:1026A000608F18B182A28EA193A002E086A298A1A9
:1026B0009DA0EFF7B3F99DF8040000224021EEF74A
:1026C00004F89DF8050000222321EDF7FEFF9DF898
:1026D000060000222421EDF7F8FF9DF802000022F9
:1026E0002521EDF7F2FF9DF8000000225E21EDF7B5
:1026F000ECFF9DF80100401E0C2802D301208DF84C
:102700000100608F30B11A499DF80100343901EBA6
:10271000800005E016489DF801103F3000EB810075
:1027200000222821EDF7BEFF0020A08223E69DF8BD
:10273000EA014128ADD10F4DB5F93A0008B1804901
:1027400001E07F49183102910BA103919DF8EC1132
:10275000412903D19DF8ED11412908D00122002122
:10276000201DEFE099E145E2DCE3FAE3EAE3F1E082
:10277000C8E102001C010010202030252820203054
:102780005E2030403A30233A302420200000000000
:1027900020E8EDE2E5F0F2EEF0EDEEE920F1E8F10F
:1027A000F2E5ECFB00000000202020E8EBE820E24E
:1027B000EAEBFEF7E5EDE8E5202020200000000030
:1027C00020202020CFE5F0E5E7E0E3F0F3E7EAE0C2
:1027D00020202020000000002020696E76657274A1
:1027E00065722073797374656D20202000000000ED
:1027F00020206F72207475726E696E67206F6E2074
:1028000074686520000000002020202020526562AE
:102810006F6F74696E672020202020200000000068
:10282000F120E8EDE2E5F0F2EEF0EEE220EDE0205E
:10283000F1E5F2FC00000000202020202020E1E053
:10284000E9EFE0F1E020202020202020000000001F
:10285000202020CFE5F0E5F5EEE420F0E0E1EEF217
:10286000FB2020200000000020696E7665727465F0
:10287000727320746F206D61696E73200000000018
:102880002020206F7065726174696F6E2066726FB0
:102890006D202020000000002020537769746368B9
:1028A000696E6720627970617373202000000000F8
:1028B000F120F1E5F2E820EDE020E8EDE2E5F0F2CC
:1028C000EEF0FB2000000000206D61696E73207443
:1028D0006F20696E76657274657273200000000067
:1028E000202020F0E0E1EEF2FB20E1E0E9EFE0F172
:1028F000E0202020000000002020D1ECE5EDE020C9
:10290000EFF0E8EEF0E8F2E5F2E020200000000051
:102910002020207072696F726974792066726F6D01
:102920002020202000000000204368616E67696E4F
:10293000672074686520627970617373000000001D
:10294000B06C0000F2F771F9B5F93A00002814D024
:10295000D6A013E018B1DBA00490E0A002E0E5A04F
:102960000490EAA002AC0346059007CCEFF756F8B6
:10297000E88A00222B2180B253E0EAA00490EFA065
:10298000059001D0F3A000E0F8A0069094F90400AF
:1029900007EB8001091D57F820000EC9EFF73EF83C
:1029A0009DF8F00100223E21EDF78FFE9DF8F10128
:1029B00000223D21EDF789FE9DF8F2010022292138
:1029C000EDF783FE9DF8EE0100225B21EDF77DFE21
:1029D0009DF8EC0100223C21EDF777FE9DF8ED011A
:1029E000401E0C2802D301208DF8ED01688F28B11C
:1029F0009DF80100E34901EB800005E0E1489DF806
:102A00000110733000EB810000225D21EDF74AFEDA
:102A10009DF808029DF80912002200EB012080B207
:102A20002B21EDF752FE9DF8040000224021EDF726
:102A30004CFE9DF8050000222321EDF746FE9DF88F
:102A4000060000222421EDF740FE9DF8020000223E
:102A50002521EDF73AFE9DF8000000225E21EDF7FA
:102A600034FE9DF80100401E0C2802D301208DF891
:102A70000100688F28B19DF80100C24901EB800078
:102A800005E0C0489DF80110733000EB8100002282
:102A90002821FEE30120A8826DE49DF8EA01552873
:102AA000FAD1B94DB5F93A0090B1B8A10291BDA1E2
:102AB00003919DF8E911012904D0022904D00329CA
:102AC00004D016E0BDA113E0C2A111E0C7A10FE040
:102AD000CCA10291D1A103919DF8E911012904D063
:102AE000022904D003290BD003E0D2A100E0D7A132
:102AF0000391DCA104919DF8EC11412973D00AE007
:102B0000DEA1F5E7E8B36FA002AC0346059007CC61
:102B1000EEF784FF28E001220021201DF2F785F85E
:102B2000688F78B3DBA00590E0A0069094F90400CC
:102B300007EB8001091D57F820000EC98BE001202A
:102B40008DF8ED01ADE000BF9DF801008D4901EB6E
:102B5000800005E08B489DF80110733000EB810088
:102B600000225D21EDF79EFD9DF80400002240212A
:102B7000EDF7ABFD9DF8050000222321EDF7A5FD43
:102B800001E0EBE2EDE29DF8060000222421EDF7E2
:102B90009CFD9DF8020000222521EDF796FD9DF891
:102BA000000000225E21EDF790FD9DF80100401E1F
:102BB0000C2802D301208DF80100688F28B19DF800
:102BC0000100704901EB800005E06E489DF801109E
:102BD000733000EB810000222621EDF763FDBDF884
:102BE000040200226DE2B3E29DF8E9010022401CDC
:102BF0005A218CE39DF8EA01552847F00984624D7B
:102C0000B5F93A0018B1AFA10291B4A102E0B9A19F
:102C10000291BEA1039193A104919DF8EC11412969
:102C200004D19DF8ED1141293FF46CAF0122002140
:102C3000201DF1F7FAFF688F08B196A000E039A0D7
:102C400005909AA0069094F9044007EB8400001DBB
:102C50000EC857F82400EEF7E1FE9DF8F0010022BF
:102C60003E21EDF732FD9DF8F10100223D21EDF707
:102C70002CFD9DF8F20100227A21EDF726FD9DF84A
:102C8000EE0100225B21EDF720FD9DF8EC01002212
:102C90003C21EDF71AFD9DF8ED01401E0C28BFF414
:102CA0004EAF688F00283FF455AF4DE7202020201D
:102CB0002020F3F1F2F0E0EDE5EDE02020202020EF
:102CC0000000000020202020EDE520F3F1F2F0E0EC
:102CD000EDE5EDE020202020000000002020202055
:102CE0002055F1E5F2E83D20202BC22020202020B5
:102CF00000000000202020206E6F74207265736F2A
:102D00006C76656420202020000000002020202018
:102D100020556D61696E733D20202B5620202020A8
:102D2000000000002020202020207265736F6C7648
:102D30006564202020202020000000002020305B3F
:102D40005D2020303C20303E3A303D3A3029202072
:102D500000000000202020202055ECE8ED3D202040
:102D60002BC2202020202020000000002020202036
:102D700020556D696E3D20202B56202020202020DC
:102D80000000000094E102001C01001020C0E2E0FD
:102D9000F0E8FF2055E2FBF5202020202021C22072
:102DA000000000002055E2FBF52E2020EDE520E29A
:102DB00020EDEEF0ECE52120000000002055E2FBC4
:102DC000F52EF4C020EDE520E220EDEEF0ECE5215B
:102DD000000000002055E2FBF52EF44220EDE52036
:102DE000E220EDEEF0ECE521000000002055E2FBD2
:102DF000F52EF44320EDE520E220EDEEF0ECE521A8
:102E00000000000020416C61726D20556F757420C8
:102E100020202020202156200000000020556F7522
:102E200074206973206E6F74206E6F726D616C21F7
:102E300000000000556F757420C0206973206E6F0C
:102E400074206E6F726D616C00000000556F7574B8
:102E50002042206973206E6F74206E6F726D616CFA
:102E60000000000020203025262020305E20304049
:102E70003A30233A3024202000000000556F75744A
:102E80002043206973206E6F74206E6F726D616CC9
:102E9000000000002020202020F3F1F2F0E0EDE51A
:102EA000EDE0202020202020000000002020305BCA
:102EB0005D2020303C20303E3A303D3A307A2020B0
:102EC0000000000020C0E2E0F0E8FF20556463202D
:102ED000202020202021C220000000002055646313
:102EE0002EE2F520EDE520E220EDEEF0ECE52120EC
:102EF0000000000020416C61726D20556463202049
:102F0000202020202021562000000000205564634E
:102F1000206973206E6F74206E6F726D616C21205A
:102F2000000000009DF8EA0153281BD04F286AD00A
:102F30006F2869D0542868D0432867D0492866D0C4
:102F40004C2871D0F2A002909DF8EA014C286CD078
:102F500054286BD055286AD0752869D04F2868D07E
:102F6000F2E325E1F04DB5F93A0018B1EFA1029175
:102F7000F4A1CBE0F9A10291FEA1C7E09DF8ED110B
:102F800041297ED1F0B3AFF2C42002AC03460590D4
:102F900007CCEEF743FD57E0AFF2081001E0AFF2C7
:102FA0007C200590AFF2FC00069094F9040007EB3A
:102FB0008001091D57F820000EC9EEF72FFD9DF87E
:102FC000F00100223E21EDF780FB9DF8F101002287
:102FD0003D21EDF77AFB9DF8F20100227A21EDF711
:102FE00074FB9DF8EE0100225B21EDF76EFB9DF86E
:102FF000EC0100223C21EDF768FB9DF8ED01401E3D
:103000000C2805E095E06AE075E095E0ACE0B7E0FB
:1030100002D301208DF8ED01688F58B19DF80100B1
:10302000DA4901EB80000BE0B6E0FEE3FEE3FEE3ED
:10303000FEE3FEE3D5489DF80110733000EB8100FC
:1030400000225D21EDF72EFB9DF8040000224021B7
:10305000EDF73BFB9DF8050000222321EDF735FB42
:103060009DF8060000222421EDF72FFB9DF80200B9
:1030700000222521EDF729FB00229DF800005E21AA
:1030800000E04CE0EDF721FB9DF80100401E0C280C
:1030900002D301208DF80100688F28B19DF801004E
:1030A000BA4901EB800005E0B8489DF80110733083
:1030B00000EB810000222621EDF7F4FABDF80402AE
:1030C00001222121EDF701FB9DF8E9010928FFF418
:1030D0008BAD00225A21AEA0EDF7E4FA84E5924DC3
:1030E000B5F93A0018B191A10291AAA10EE09BA1F5
:1030F0000291AEA10AE08C4DB5F93A0018B18BA14E
:103100000291B0A102E095A10291B4A10391AFF2A6
:10311000AC2104919DF8EC1141293FF42FAF01221D
:103120000021201DF1F781FD688F00283FF437AFA3
:1031300032E7AFF2404028E77B4DB5F93A0018B1CD
:103140007AA10291ABA1D3E484A10291AFA1CFE413
:103150009DF8ED1141297FF4D2ACD3E4AFF26C407D
:10316000D2E4AFF24040DEE46F4DB5F93A0018B159
:103170006EA10291ABA1BBE478A10291AFA1B7E42B
:10318000694DB5F93A0018B168A10291B1A1AFE457
:1031900072A10291B5A1ABE4634DB5F93A0018B143
:1031A00062A10291B7A1A3E46CA10291BBA19FE42B
:1031B0009DF8EA016FF00C06432818D04E2869D01C
:1031C000462868D04D2867D06D2866D0662871D013
:1031D0004F2870D049286FD054286ED053286DD016
:1031E0005A286CD057286BD04B286AD054E44E4DE7
:1031F000B5F93A0018B1AFA10291B4A1ECE2B9A1BE
:103200000291BEA1E8E200BF9DF8ED1141297DD1F8
:10321000F0B3AFF2505002AC0346059007CCEEF786
:10322000FDFB59E0AFF2943001E0AFF20850059099
:10323000AFF28830069094F9040007EB8001091D75
:1032400057F820000EC9EEF7E9FB9DF8F0010022C7
:103250003E21EDF73AFA9DF8F10100223D21EDF70C
:1032600034FA9DF8F20100227A21EDF72EFA9DF84A
:10327000EE0100225B21EDF728FA9DF8EC01002217
:103280003C21EDF722FA9DF8ED01401E0C2805E0E7
:10329000B5E289E18CE193E19EE140E202D30120B5
:1032A0008DF8ED01688F68B19DF80100374901EB99
:1032B00080000DE062E26DE27AE281E2A2E2ECE2FD
:1032C00000E300E331489DF80110733000EB81000A
:1032D00000225D21EDF7E6F99DF8E9010022401C8E
:1032E0002B21EDF7F2F99DF8040000224021EDF7C3
:1032F000ECF99DF8050000222321EDF7E6F99DF891
:10330000060000222421EDF7E0F903E16DE203E27B
:10331000202020C0E2E0F0E8FF20C1CFD1204E2BDA
:1033200020202020000000001C01001020C0E2E04E
:10333000F0E8FF20E8EDE2E5F0F2EEF0204E5A2052
:103340000000000020C2EDF3F2F02EEDE5E8F1EF11
:10335000F0E0E2EDEEF1F2FC0000000020416C61D3
:10336000726D20696E766572746572204E5A2020E7
:1033700000000000202020202044656665637469F9
:1033800076652020202020200000000094E102002B
:10339000205A000020C7E0E2FBF82E2055E2FBF5A2
:1033A000202020202021C2200000000020202048D2
:1033B00069676820556F75742020202020215620D1
:1033C0000000000020C7E0EDE8E62E2055E2FBF506
:1033D000202020202021C2200000000020202020CA
:1033E0004C6F7720556F75742020202020215620A7
:1033F0000000000020EFE5F0E5E3F0E5E22020200A
:10340000202021B0D1202020000000002048696742
:1034100068206865617420202020202021B0D12000
:103420000000000020F0E0E7F0FBE220F1E2FFE71F
:10343000E820202020202020000000002020204E16
:103440006F7420636F6E6E65637465642020202046
:10345000000000002055646320EDE520E220EDEE41
:10346000F0ECE520202020200000000020556463BF
:10347000206973206E6F74206E6F726D616C2020F6
:103480000000000020CFE5F0E5E3F0F3E7EAE020FC
:10349000EFEE2050E2FBF52000000000202020206D
:1034A00020204F7665726C6F6164202020202020E0
:1034B00000000000202020C0E2E0F0E8FF20E1E072
:1034C000E9EFE0F120202020000000002020202053
:1034D000F0E0E7F0FBE220F1E2FFE7E82020202027
:1034E00000000000202020416C61726D2062797024
:1034F0006173732020202020000000002020636FD3
:103500006E6E656374696F6E206C6F73742020201B
:10351000000000009DF8020000222521EDF7D5F8FB
:103520009DF8000000225E21EDF7CFF89DF8010024
:10353000401E0C2802D301208DF80100688F28B1AD
:103540009DF80100E04901EB800005E0DE489DF8B0
:103550000110733000EB810000222621EDF7A2F864
:10356000BDF8040200222121EDF7AFF89DF8E90132
:1035700001280AD002280CD003280ED0688F80B111
:103580006FF008025A21D1A00EE000225A21D2A0E9
:103590000AE000225A21D1A006E000225A21D0A040
:1035A00002E032465A21CFA0EDF77CF8FFF772BA5D
:1035B000D14DB5F93A0008B1D0A1F1E0D5A1F4E0C0
:1035C000CD4DB5F93A0018B1D8A10291DDA103E1C2
:1035D000E2A10291E7A1FFE0C74DB5F93A0018B1A9
:1035E000EAA10291EFA102E0F4A10291F9A10391F5
:1035F000AFF2907104919DF8EC1141297DD009E062
:10360000FAA000E0FFA002AC0346059007CCEEF75D
:1036100005FA43E001220021201DF1F706FB688F27
:10362000E8B3FEA00590AFF27C70069094F9040018
:1036300007EB8001091D57F820000EC9EEF7EEF9DF
:103640009DF8F00100223E21EDF73FF89DF8F101D1
:1036500000223D21EDF739F89DF8F20100227A2190
:10366000EDF733F89DF8EE0100225B21EDF72DF820
:103670009DF8EC0100223C21EDF727F89DF8ED01C3
:10368000401E0C2864D2688FC0B39DF801008E499B
:1036900001EB800000225D21EDF704F800E055E029
:1036A0009DF8E9010022401C2B21EDF70EF89DF852
:1036B000040000224021EDF708F89DF805000022E3
:1036C0002321EDF702F89DF8060000222421ECF7F3
:1036D000FCFF9DF8020000222521ECF7F6FF9DF883
:1036E000000000225E21ECF7F0FF9DF80100401E73
:1036F0000C2838D2688F40B301E01CE02CE09DF824
:103700000100714901EB800000222621ECF7CAFF7D
:10371000BDF8040200222121ECF7D7FF46E7764DE1
:10372000B5F93A0018B199A10291C2A15FE7A3A12E
:103730000291C6A15BE79DF8ED1141297FF45FAFCF
:1037400000283FF45FAF5BE7FBE310E0C5A069E74B
:1037500001208DF8ED0196E75B489DF8011073306C
:1037600000EB810096E701208DF80100C2E7564882
:103770009DF80110733000EB8100C5E75E4DB5F98F
:103780003A0018B169A10291BCA125E073A1029190
:10379000C0A121E0584DB5F93A0020B1AFF614218F
:1037A0000291C2A118E0AFF6A4110291C5A113E0E5
:1037B000514DB5F93A0008B1C8A1F1E7CDA1F4E740
:1037C0004D4DB5F93A0020B1D0A10291AFF2DC31F4
:1037D00002E0D4A10291D9A10391AFF6781104912E
:1037E0009DF8EC1141293FF40FAD01220021201D6D
:1037F000F1F71BFA688F00283FF417AD12E5AFF61A
:103800000C3008E5D3A00290D8A00390DDA004906E
:10381000E24802AC0346059007CCEEF7FFF89DF8AE
:10382000E9010022401C2B2104E08BE38CE38DE3B3
:103830008EE38FE3ECF749FF9DF80400002240215E
:10384000ECF743FF9DF8050000222321ECF73DFF34
:103850009DF8060000222421ECF737FF9DF80200B6
:1038600000222521ECF731FF9DF8000000225E21A7
:10387000ECF72BFF9DF80100401E0C2802D301201D
:103880008DF801009DF801000F49002201EB800036
:103890002821ECF707FF00200FE2C1A00290C6A08C
:1038A0000390BE4804909DF8EC01412803D19DF897
:1038B000ED01412805D001220021201DF1F7B5F9C5
:1038C00086E1FEE105E2A3E294E1020020E1E0E905
:1038D000EFE0F12020202000410000004200000025
:1038E0004300000020627970617373202020202043
:1038F00020202020000000001C01001020C0E2E079
:10390000F0E8FF2055F1E5F2E82020202021C22038
:103910000000000020416C61726D20556D61696E80
:1039200073202020202156200000000020D1E8ED47
:10393000F5F0EEEDE8E7E0F6E8FF20F120202020AA
:103940000000000020E8EDE22E2DECE820EDE5205F
:10395000E220EDEEF0ECE520000000002053696E5F
:103960006368722E2D74696F6E20207769746820E9
:1039700000000000696E762E2D73206973206E6F33
:1039800074206E6F726D616C0000000020D0F3F740
:10399000ED20F3EFF020E1E0E9EFE0F1EEEC2020A4
:1039A00000000000F0E0E1EEF2E020F2EEEBFCEAD5
:1039B000EE20EEF220F1E5F2000000002048616EFA
:1039C0006420636F6E74726F6C20627970617373C0
:1039D00000000000576F726B206F6E6C792066726A
:1039E0006F6D206D61696E73000000002020202043
:1039F000E0EAF2E8E2E8F0EEE2E0EDEE202020205E
:103A0000000000002020202020616374697661742A
:103A1000656420202020202000000000202020E4D9
:103A2000E5E0EAF2E8E2E8F0EEE2E0EDEE20202068
:103A300000000000F0E0E1EEF2E020F2EEEBFCEA44
:103A4000EE20EEF220E8EDE20000000020576F7259
:103A50006B206F6E6C792066726F6D20696E7620B8
:103A60000000000020202020646561637469766195
:103A700074656420202020200000000020F1E5F281
:103A8000FCFE20EDE520E220EDEEF0ECE52020202C
:103A900000000000206D61696E73206973206E6FF5
:103AA00074206E6F726D616C000000002020202079
:103AB00020E1E0E9EFE0F120F42E5A202020202040
:103AC00000000000202062797061737320706861CB
:103AD0007365205A202020200000000020C0E2E072
:103AE000F0E8FF2055E8EDE2202020202021C22030
:103AF0000000000020416C61726D2055696E7620D7
:103B000020202020202156200000000020C0E2E0DC
:103B1000F0E8FF20E1E0E9EFE0F120F42E5A202068
:103B200000000000416C61726D20627970617373F6
:103B3000207068617365205A000000002068696782
:103B40006820686561742020202021B0D1202020C9
:103B50000000000020202020202020C0E2E0F0E82B
:103B6000FF202020202020200000000020202020F6
:103B7000EDE5F1E8ECECE5F2F0E8E820202020208B
:103B8000000000002020202020E1E0F2E0F0E5E845
:103B9000204E2B202020202000000000782701004C
:103BA000202020C2FBF0E0E2EDE8E2E0FEF9E8E9E7
:103BB000202020200000000020202020202020E7BE
:103BC000E0F0FFE420202020202020200000000042
:103BD000FFA00590AFF69C60069094F9040007EBF7
:103BE0008001091D57F820000EC9EDF717FF9DF859
:103BF000F00100223E21ECF768FD9DF8F101002262
:103C00003D21ECF762FD9DF8F20100222921ECF73D
:103C10005CFD9DF8EE0100225B21ECF756FD9DF85E
:103C2000EC0100223C21ECF750FD9DF8ED01401E17
:103C30000C2802D301208DF8ED019DF8ED01EA4931
:103C4000002201EB80005D21ECF72CFD9DF8E901DD
:103C50000022401C2B21ECF738FD9DF804000022C7
:103C60004021ECF732FD9DF8050000222321ECF7FE
:103C70002CFD9DF8060000222421ECF726FD9DF87E
:103C8000020000222521ECF720FD9DF80000002213
:103C90005E21ECF71AFD9DF80100401E0C2802D3AE
:103CA00001208DF801009DF80100CF49002201EBB1
:103CB00080002821ECF7F6FC0120CC49888206F030
:103CC000A7BBCBA002AC0346059007CCEDF7A6FE40
:103CD000BCE7CDA00290D2A00390D7A00490DC480E
:103CE0000590DCA00690E0A00790E5A00890EAA06F
:103CF0000990EFA00A9094F9040007EB8001091DD8
:103D000057F820000EC9EDF789FE9DF8E901002261
:103D1000401C2121ECF7D9FC9DF804000022402131
:103D2000ECF7D3FC9DF8050000222321ECF7CDFC35
:103D30009DF8060000222421ECF7C7FC9DF8020044
:103D400000222521ECF7C1FC9DF8000000225E2135
:103D5000ECF7BBFC9DF80100401E0C2802D30120AB
:103D60008DF801009DF801009F4C002204EB8000BB
:103D70002821ECF797FC9DF8F00100226921ECF76F
:103D8000A4FC9DF8F10100226C21ECF79EFC9DF84B
:103D9000F20100227321ECF798FC9DF8EE0100225D
:103DA0007121ECF792FC9DF8EC0100227221ECF7F6
:103DB0008CFC9DF8ED01401E0C2802D301208DF8EB
:103DC000ED019DF8ED01002204EB80007721ECF776
:103DD00069FCBDF904120A2091FBF0F080B20122C7
:103DE0002F21ECF772FC9DF803109DF807000122CB
:103DF00001EB002080B23C21ECF767FCBDF8060225
:103E000001223E21ECF761FC78480521818256E7CA
:103E1000ADA00290B2A0039087A004908C480590BA
:103E2000B5A0069090A0079095A008909AA0099040
:103E3000B7A00A9094F9040007EB8001091D57F818
:103E400020000EC9EDF7EAFD9DF8E9010022401CB3
:103E50002121ECF73AFC9DF8040000224021ECF708
:103E600034FC9DF8050000222321ECF72EFC9DF880
:103E7000060000222421ECF728FC9DF80200002215
:103E80002521ECF722FC9DF8000000225E21ECF7D2
:103E90001CFC9DF80100401E0C2802D301208DF867
:103EA00001009DF80100504C002204EB8000282105
:103EB000ECF7F8FB9DF8F00100226921ECF705FC16
:103EC0009DF8F10100226C21ECF7FFFB9DF8F20157
:103ED00000227321ECF7F9FB9DF8EE01002271211D
:103EE000ECF7F3FB9DF8EC0100227221ECF7EDFBFF
:103EF0009DF8ED01401E0C2802D301208DF8ED0144
:103F00009DF8ED01002204EB80007721ECF7CAFB5D
:103F1000BDF8040201222F21ECF7D7FB9DF8030026
:103F20009DF80710012200EB012080B23C21ECF744
:103F3000CCFBBDF8060201223E21ECF7C6FB0520B2
:103F4000BBE609E078A006E07DA004E082A002E0E4
:103F500087A000E08CA003903D4804909DF8EC0100
:103F6000412803D19DF8ED0141282FD001220021E5
:103F7000201DF0F75AFE8A4805909030069094F97B
:103F8000040007EB8001091D57F820000EC9EDF76A
:103F900045FD9DF8F00100223E21ECF796FB9DF8CF
:103FA000F10100223D21ECF790FB9DF8F201002287
:103FB0002921ECF78AFB9DF8EE0100225B21ECF74A
:103FC00084FB00229DF8EC013C21EBE035E1000090
:103FD000202020202020E7E0E2E5F0F8E5ED202099
:103FE000202020200000000094E102001C010010AD
:103FF00020202020EDE520E7E0E2E5F0F8E5ED20E7
:10400000202020200000000020202020202020D080
:10401000E0E7F0FFE4202020202020200000000026
:104020002020202020E1E0F2E0F0E5E8204E2120F1
:104030002020202000000000202020CDE0F7E0EB31
:10404000EE20202020202020202020200000000022
:10405000782701002020202020202055E1E0F23D9B
:1040600020203CC200000000202020CAEEEDE5F632
:1040700020202020202020202020202000000000C0
:104080002020307177202030722030693A306C3A2D
:10409000307320200000000020202020202020203D
:1040A0002055E1E0F23D20203EC22020000000002B
:1040B000202020CEF2E4E0EDEE202020202FE02A88
:1040C000F72E2020000000002020CAEEEDF2F0EED6
:1040D000EBFC20E5ECEAEEF1F2E820200000000025
:1040E00020202020202020E1E0F2E0F0E5E8202060
:1040F0002020202000000000202020202020202040
:104100002055E1E0F23D20203CC2202000000000CC
:10411000202020A8ECEAEEF1F2FC2020202FE02A5B
:10412000F72E2020000000002020202020EEF2EAC0
:10413000EBFEF7E8EBF1FF2020202020000000003C
:10414000202020202020EFE5F0E5E3F0E5E220202C
:104150002020202000000000202020E7E0E2FBF8E3
:10416000E5EDEE2055E2FBF52E20202000000000BA
:10417000202020E7E0EDE8E6E5EDEE2055E2FBF556
:104180002E2020200000000020202020E7E0E2FB7D
:10419000F8E5EDEE2049E2FBF520202000000000CC
:1041A000AC2C0100ECF791FA9DF8ED01401E0C28B3
:1041B00002D301208DF8ED019DF8ED01FF490022A9
:1041C00001EB80005D21ECF76DFA00BF9DF8E9017D
:1041D0000022401C2B21ECF778FA9DF80400002205
:1041E0004021ECF772FA9DF8050000222321ECF73C
:1041F0006CFA9DF8060000222421ECF766FA9DF87F
:10420000020000222521ECF760FA9DF80000002250
:104210005E21ECF75AFA9DF80100401E0C2802D3EB
:1042200001208DF801009DF80100E449002201EB16
:1042300080002821ECF736FA41E5E14802AC03465C
:10424000059007CCEDF7EAFBC0E7DE4A8798105CE3
:10425000552813D0DCA00290E1A00390E6A00490C2
:10426000EBA00590F0A00690F5A00790D348493048
:104270000890012B04DD8AF8044005E0F6A0EAE787
:10428000A94201DA8AF804109AF9040007EB8001C8
:1042900057F820204B68F6A1FBA0EDF7BFFB0220EA
:1042A000EDF74AFB9AF902000022401C80B25E2121
:1042B000ECF70BFAC3499AF90200BE31002231F83B
:1042C00010002121ECF701FABE499AF90200C2312F
:1042D000002231F91000B94901EB80004021ECF7D0
:1042E000E1F9B8499AF90200C631002231F810000C
:1042F0002321ECF7EAF9B3499AF90200CA31002206
:1043000031F810002421ECF7E0F9AE499AF90200E7
:10431000CE31002231F810002521FBF739BD3EB126
:10432000012E15D0A748EE30A9421EDA017120E017
:10433000A24BDB4A4933DBA1E0A0EDF76FFB032082
:10434000EDF7FAFA9F490020EE314870087122E03B
:104350009A4BD34A49334832D2A1D8A0EDF75EFB3D
:1043600098490020EE31087112E0012B01DD84999B
:10437000DCE790F90410614502D1904B493301E02C
:10438000C74B7833C64AC7A14832CCA0EDF746FBED
:104390000220EDF7D1FA8B4CEE3427E02EB1012E3E
:1043A00009D0A9420EDA217110E0844BBC4A49338E
:1043B000BCA1C8A03DE0814BB94A49334832B9A1FC
:1043C000C4A043E0012B01DD8498207194F904100E
:1043D000614502D1794B493301E0B14B7833B04AA2
:1043E000B0A14832BBA047E0EDF7A6FA94F902006D
:1043F0000022401C80B22121ECF767F994F90410E7
:10440000BA48405C2821EDF74BFB94F9041011F8F1
:104410000A005B21EDF744FB51E42EB1012E0FD0D1
:10442000A94218DA21711AE0644B9D4A49339DA1D3
:10443000AFA0EDF7F3FA0020607020710320D3E7FE
:104440005E4B974A4933483296A1A9A0EDF7E6FAA8
:104450000020207112E0012B01DD8498207194F975
:104460000410614502D1554B493301E08C4B783340
:104470008B4A8CA148329EA0EDF7D0FA0220B3E718
:104480004E4B002A03F134031A46114601D09EA078
:1044900000E0A3A0EDF7C2FA96F90000002380B275
:1044A00008220121ECF7CCF896F90100002380B234
:1044B00009220121ECF7C4F896F90200002380B22A
:1044C0000A220121ECF7BCF894F901209A4902F87C
:1044D00001A09CE43B4987986546085C552822D09A
:1044E00096A0364B9BA134331A460290EDF796FA0C
:1044F00096F90000002380B208220221ECF7A0F810
:1045000096F90100002380B209220221ECF798F805
:1045100096F90200002380B20A220221ECF790F8FB
:1045200095F901102DE091A0DBE732B1234B95A066
:1045300034331A4699A1029005E0204B9DA03433F4
:104540001A46A2A10290EDF769FA96F9000000233D
:1045500080B208220221ECF773F896F901000023DB
:1045600080B209220221ECF76BF896F902000023D1
:1045700080B20A220221ECF763F86F49B43991F94D
:10458000011001F804A042E40E4C5E342046B0F95C
:104590000A0092B193A2029298A203929DA2049261
:1045A000A2A20592A7A20692ACA20792B1A208927B
:1045B000B6A20992BBA20A9280E1F3E194E1020063
:1045C000C42C0100BE00001020C2FBE2E5E4E5EDD2
:1045D000E02030212F4020202F3023200000000039
:1045E00020CDEEECE8ED2EE5ECEA2E202020202078
:1045F00024412AF70000000020CDE0F0E0E1EEF2D7
:10460000EAE020202020202025F72E2000000000B6
:1046100020CAEEEDF2F0EEEBFC20E5ECEAEEF1F272
:10462000E82020200000000020C2FBF0E0E2EDE8DE
:10463000E2E0FEF9E8E920E7E0F0FFE40000000036
:1046400020D0E0E7F0FFE4FB2020202020202020E5
:10465000202020200000000020C2E2E5E4E5EDE09B
:10466000202030212F4020202F3023200000000068
:104670002020202020C1C0D2C0D0C5DF204E5E2027
:10468000202020200000000020C1C0D2C0D0C5C919
:10469000CDDBC920C6D3D0CDC0CB20200000000088
:1046A000882201002020202020C1C0D2C0D0C5C84F
:1046B000204E212020202020000000002020CACEF3
:1046C000CDD2D0CECBC820C5CCCACED1D2C8202026
:1046D00000000000C2DBD0C0C2CDC8C2C0DED9C855
:1046E000C520C7C0D0DFC4DB00000000530B08208A
:1046F000202020202020D0C0C7D0DFC4DB202020F5
:1047000020202020000000002020C2E2E5E4E8F2A2
:10471000E52020EFE0F0EEEBFC2020200000000080
:104720002020456E7465722070617373776F7264B8
:10473000202020200000000060020010C4EBFF20B9
:10474000E2E2E5E4E5EDE8FF20E1E0F2E0F0E5E8B3
:10475000000000002020EDE0E1E5F0E8F2E520EFC8
:10476000E0F0EEEBFC20202000000000C4EBFF2076
:10477000E2FBE2E5E4E5EDE8FF20E1E0F22E2DE8E2
:1047800000000000C4EBFF20EEF7E8F1F2EAE820B9
:10479000E6F3F0EDE0EBE020000000002020E2E294
:1047A000E5E4E8F2E52020EFE0F0EEEBFC2020204D
:1047B000000000002020546F20636C65617220743B
:1047C0006865206C6F672C20000000002020656E5B
:1047D0007465722070617373776F7264202020207B
:1047E0000000000020D1F2E0EDE4E0F0F2EDFBE5A6
:1047F00020202020202020200000000020C2F0E502
:10480000ECFF20E820E4E0F2E0202020202020201F
:104810000000000020D1E8EDF5F0EEEDE8E7E0F66D
:10482000E8FF20202020202000000000202020E29F
:10483000F0E5ECE5EDE820E820E4E0F2FB202020C4
:104840000000000020D1F2F0F3EAF2F3F0E02020C3
:1048500020202020202020200000000020C7E22E61
:10486000F1E8E3ED2E202020282020202020202009
:104870000000000020CEF2EAEBFEF7E5EDE8E520CF
:10488000F1E8E3EDE0EBE020000000002020E0E2B2
:10489000E0F0E8E8202020202920202020202020EF
:1048A0000000000020D3F1F2E0E2EAE820E8EDE2C7
:1048B000E5F0F2EEF0EEE2200000000087A20B929D
:1048C0008CA20C9291A20D9296A20E929BA20F9294
:1048D000A0A21092A5A21192AAA21292AF4A13927C
:1048E000AFA21492B4A21592B9A21692BEA21792C8
:1048F0003E280DD0C2A01890A84848301990C6A0F4
:104900001A90CB481C90022B04DD86F8048004E04A
:10491000C8A0F0E7A94200DA317196F9040007EB6C
:104920008001D1E9012357F82010C8A0EDF776F8EF
:104930000120EDF701F8CB4D4FF000024FF02801B8
:10494000B5F8580008B1C84800E0C8A0EBF7AAFEC7
:10495000B5F856004FF000024FF0290108B1C5A08C
:1049600000E0C6A0EBF79EFEBE48002280303C214E
:10497000B0F87E0080B2EBF7A8FE208800223E212E
:1049800080B2EBF7A2FEB2787721A06FECF762FE5F
:1049900020896FF002024FF0570108B1B24849E494
:1049A000B2A047E4B7A20292BCA20392BBA20492B7
:1049B000C0A20592C5A20692CAA20792CFA20892EF
:1049C000D4A20992D9A20A92DEA20B9249A20C9219
:1049D0004EA20D9253A20E9258A20F92DFA21092F5
:1049E000E4A21192E9A21292EEA21392F3A21492FF
:1049F000F8A21592FDA216927BA217923E280CD027
:104A00007FA01890FF481990FFA01A9088481B902B
:104A1000022B04DD86F8048004E086A0F1E7A942B9
:104A200000DA317196F9040007EB8001D1E9012326
:104A300057F82010FAA0ECF7F1FF0120ECF77CFF0B
:104A4000884D4FF000024FF02801B5F8580008B12A
:104A5000F9A000E0F9A0EBF725FEB5F856004FF0FD
:104A600000024FF0290108B1F5A000E0F6A0EBF735
:104A700019FE7C48002280303C21B0F87E0080B2D4
:104A8000EBF723FE208800223E2180B2EBF71DFECB
:104A9000B278F721A06FECF7DDFD208920B14FF04F
:104AA000FF32D62102F0C5BD6FF00102D62102F01F
:104AB000C5BD6C48047F90F8300062B1E4A2029258
:104AC000E9A20392EEA20492F3A20592F84A06929A
:104AD00014B1153AEEE101E2EEE1000020D3F1F26B
:104AE000E0E2EAE820E1E0E9EFE0F1E02020202048
:104AF000000000002045746865726E6574202020F7
:104B0000202020202020202000000000204D4F44A5
:104B10004255532041445245535320202020203CED
:104B200000000000204D4F4442555320424155445F
:104B30005241544520202020000000002020202049
:104B400020202020202020202020202020203E3037
:104B50000000000020D0E5EBE520202020202020D0
:104B600020202020202020200000000020C0E2E0A3
:104B7000F0E8E9EDFBE520EFEEF0EEE3E8202020A1
:104B80000000000020F1E8F1F2E5ECFB20202020FD
:104B9000202020202020202000000000A0D00000A5
:104BA00020D1E5F0E8E9EDFBE9204E20202020208F
:104BB000202020770000000020C8EDE4E8EAE0F6BD
:104BC000E8FF2046E2FBF5202020205700000000EF
:104BD00020DFE7FBEA20ECE5EDFE3A20527573207A
:104BE0002020202000000000204261756472617462
:104BF000652043414E20202020202020000000007E
:104C0000202020202020202020202020203132356C
:104C10006B6270730000000020CAE0EBE8E1F0EE88
:104C2000E2EAE820202020202020202000000000B0
:104C30003062000020202020202020202020202062
:104C400036322E356B627073000000002020202069
:104C500020D3D1D2C0CDCEC2CAC82020202020204F
:104C6000000000001C000010F81F0100C2DBCA2E6B
:104C700000000000E0E2F2EEEC2E0000F0F3F7EDB1
:104C80002E000000205374616E64617264207365AD
:104C90007474696E67732020000000002054696DF1
:104CA0006520616E642064617465202020202020CE
:104CB0000000000020202073796E6368726F6E69B7
:104CC0007A6174696F6E20200000000020537472B6
:104CD00075637475726520202020202020202020FC
:104CE0000000000020536F756E6420616C61726D6E
:104CF00020202020202820200000000020416C617E
:104D0000726D207369676E616C2020202020202046
:104D10000000000020646561637469766174696FE6
:104D20006E202920202020200000000020496E76DF
:104D300065727465722053657474696E67732020A0
:104D40000000000020427970617373205365747411
:104D5000696E677320202020000000002052656CDF
:104D600061792020202020202020202020202020A9
:104D7000000000002053797374656D20616C6172CE
:104D80006D20202020202020000000002020202056
:104D90002020207468726573686F6C647320202013
:104DA000000000002045787465726E616C207365A8
:104DB0006E736F7273202020000000002053657214
:104DC00069616C204E6F2E2020202020202020F7AB
:104DD0000000000020446973706C617920466F7593
:104DE00074202020202020D600000000204C616E7E
:104DF00067756167653A2020456E676C6973682046
:104E00000000000028EE00002043616C69627261BE
:104E100074696F6E202020202020202000000000D8
:104E2000202020202053657474696E677320202031
:104E300020202020000000004F4E00004F4646007A
:104E40006175746F000000006D616E75616C00002B
:104E500020C8EDE2E5F0F2EEF0203234C22020204E
:104E6000202020200000000020C8EDE2E5F0F2EE56
:104E7000F020343828363029C220202000000000DD
:104E800020C8EDE2E5F0F2EEF020313130C2202012
:104E9000202020200000000020C8EDE2E5F0F2EE26
:104EA000F020323230C220202020202000000000DC
:104EB000DDE1020047F82020A94201DA317103E068
:104EC000022B01DD86F8048096F9040007EB8001CF
:104ED000D1E9012357F82010CFA0E8E3D4A2029231
:104EE000D9A20392DEA20492E3A20592E84A0692B6
:104EF00014B1E84A47F82020A94201DA317103E0F1
:104F0000022B01DD86F8048096F9040007EB80018E
:104F1000D1E9012357F82010DFA0C8E3012066E3A0
:104F2000DFF88C83404698F81110491CC9B288F804
:104F300011100F2909D30021631CDBB2417480F8E2
:104F40002430032B01D388F82410D248D94D2A30BD
:104F500002902A38039098F824006AB120B1012801
:104F600004D0022806D003E0D3A000E0D8A004902B
:104F7000DDA00CE0E2A0FAE720B1012804D002286D
:104F800017D003E0E4A000E0E9A00490EEA002AC9A
:104F90000ECCECF743FD96F9010060B101280ED06C
:104FA000022810D0032812D0042814D0052816D0C7
:104FB00018E0EBA0E9E7F04981F82AA012E0EE49F9
:104FC00081F82DA00EE0EC4981F830A00AE0EA4912
:104FD00081F833A006E0E84981F836A002E0E6490E
:104FE00081F83AA0E54C20784FF000024FF02601FE
:104FF000EBF76BFB207900225E21EBF766FB207A52
:1050000000222521EBF761FB207BA4F120044FF067
:1050100000024FF03C01EBF758FB688F30B194F879
:1050200038009C49343901EB800005E094F83810D1
:1050300098483F3000EB810000223E21EBF732FB25
:10504000A08F00227B21EBF740FB98F81D00002881
:1050500005F0DE813A20EBF761F9C74C2025255495
:105060003A20EBF75BF9255405F0D2B9DFF844B2EA
:1050700041F2781ADC46BCF9060004460A380646B6
:1050800004F109008146C01C8046BCF904007AB3D3
:1050900038B101280ED002280ED0032812D010B14A
:1050A0000CE0B7A002907B481530039015380490AF
:1050B000059017E0B8A000E0BDA00290092C03D82D
:1050C000C1A00EE0C6A0F8E7032E01D8CAA008E0F0
:1050D000B9F1090F01D2CEA003E0B8F1020F01D857
:1050E000D1A00390A44C843CA94202DA217104E0CF
:1050F0001FE0012B01DD84982071504610F0FEFB6B
:105100000128CFA0049012D0D3A00590D8A006907B
:105110006048153007901538089094F9040007EBA3
:10512000800157F820204B68D7A1DDA04CE0E2A019
:10513000EBE738B101280DD002280DD0032811D09B
:1051400010B10BE0E2A00290514803905148049046
:10515000059017E0E4A000E0E9A00290092C03D834
:10516000EDA00EE0F2A0F8E7032E01D8F6A008E0CB
:10517000B9F1090F01D2FAA003E0B8F1020F01D88A
:10518000FDA003907C4C843CA94201DA217103E02C
:10519000012B01DD84982071504610F0AFFB0128EF
:1051A000FBA0049036D0ACA00590FFA00690384834
:1051B00007903848089094F9040007EB800157F8ED
:1051C00020204B68FEA1F2A0ECF728FCBBF90600FA
:1051D000EBF796F880B200222121EBF776FA664EC3
:1051E0004FF48C50843E841E717841F27C1941F258
:1051F0007A1A02290FD010F081FB05B2204610F078
:105200007DFB06B2484610F079FB04B2504610F020
:1052100075FBE1E1EEE1EFE1D1D2C0CDC4C0D0D267
:10522000CDDBC520D3D1D22E2DCAC820000000006E
:1052300020496E76657274657220323456202020C3
:10524000202020200000000020496E7665727465E1
:1052500072203438283630295620202000000000E3
:1052600020496E7665727465722031313056202087
:10527000202020200000000020496E7665727465B1
:1052800072203232305620202020202000000000E2
:1052900028EE0000C8E10200205354414E44415220
:1052A000442053455454494E4753202000000000E9
:1052B0001C0000101C01001020202020203C3E205B
:1052C0002D20E2FBE1EEF020202020200000000055
:1052D0002020205E76202D20F3F1F2E0EDEEE2EAD0
:1052E000E02020200000000020D3D1D2C0CDCEC2CB
:1052F000CAC02020C2D0C5CCC5CDC8200000000047
:105300002020202020A420202D20E2FBF5EEE42008
:1053100020202020000000002020209A209C202D0A
:105320002073656C656374696F6E20200000000057
:10533000202020BF209D202D207365742020202058
:105340002020202000000000202020202020534585
:10535000542054494D4520202020202000000000EA
:105360002020202020A4202D206578697420202072
:1053700020202020000000003002001020400240C9
:1053800020C2FBEAEBFEF7E5EDEE202020202020F6
:10539000202020200000000020CFE5F0E8EEE420EF
:1053A000202020202020203120F7E0F10000000004
:1053B00020CFE5F0E8EEE42020202020203120F16D
:1053C000F3F2EAE80000000020D7E0F1EEE2EEE9B7
:1053D00020EFEEFFF120474D542B2120000000006C
:1053E00020CFE5F0E8EEE420202020203120EDE57C
:1053F000E4E5EBFF0000000020D7E0F1EEE2EEE98B
:1054000020EFEEFFF120474D542B2021000000003B
:1054100020D7E0F1EEE2EEE920EFEEFFF120474D7C
:10542000542D21200000000020D7E0F1EEE2EEE94B
:1054300020EFEEFFF120474D542D20210000000009
:1054400020D1E8EDF5F0EEEDE8E7E0F6E8FF20F733
:10545000E5F0E5E700000000204950203030302E14
:105460003030302E3030302E30302320000000001D
:1054700020D1E8EDF5F0EEEDE8E7E8F0EEE2E0F25D
:10548000FC2020200000000020202020C2D0C5CC1D
:10549000C5CDC82028534E545029202000000000BC
:1054A00020202020D1C8CDD5D0CECDC8C7C0D6C8E9
:1054B000DF202020000000002020202020C8CDD2A6
:1054C000C5D0CDC5D2202020202020200000000003
:1054D000204F464620202020202020202020202051
:1054E000202020200000000020436865636B2020FE
:1054F0002020202020203120686F757200000000DD
:1055000020436865636B202020202020202020314C
:1055100020646179000000002054696D657A6F6E27
:105520006520474D542B2120202020200000000022
:1055300020436865636B202020202020202031201C
:105540007765656B000000002054696D657A6F6EA9
:105550006520474D542B20212020202000000000F2
:105560002054696D657A6F6E6520474D542D21205A
:1055700020202020000000002054696D657A6F6EA5
:105580006520474D542D20212020202000000000C0
:10559000202053796E6368726F6E697A6174696FE7
:1055A0006E202020000000002053796E6368726F27
:1055B0006E697A6520202020202020200000000035
:1055C0002020202054494D452028534E5450292056
:1055D000202020200000000000222321CDE900121D
:1055E00000B22B4632462146ECF74DF80220ECF78C
:1055F000A3F939E5B3A0D7E510F080F900B28046F1
:10560000204610F07BF904B2484610F077F905B255
:10561000504610F073F9B17800B2491CC9B2232288
:10562000CDE90021434622462946DDE7F2B3ABA08F
:105630000290B0A0B54E0390BEF1010F07D0BEF1AD
:10564000000F07D0B2A00490B74805900AE0B7A0B9
:105650000390F7E7BBA00490C0A00590ACA0069013
:10566000B1480790A94201DA217103E0022B01DD64
:1056700084F8048094F9040007EB8001D1E9012348
:1056800057F82010BBA0ECF7C9F90120ECF754F94A
:10569000308A00225E2180B2EBF717F8708B48B198
:1056A000B6F91C0001280BD0032801E02BE0D4E060
:1056B0000BD010E000225B211046EBF706F80AE061
:1056C0006FF001025B21B1A003E06FF001025B21EA
:1056D000AFA0EAF7E7FFB08B00223C2180B2EAF7E7
:1056E000F4FFF08B4FF0FF3201284FF03E0108D05D
:1056F000A8A000BFEAF7D6FF00222421B08AFBF75A
:105700009BBCA5A0F6E7A6A00290ABA07F4E03909D
:10571000BEF1010F07D0BEF1000F07D0ACA004907E
:10572000B14805900AE0B1A00390F7E7B5A0049056
:10573000BAA00590A6A00690AB480790A94201DA4E
:10574000217103E0022B01DD84F8048094F9040048
:1057500007EB8001D1E9012357F82010B5A0ECF741
:105760005DF90120ECF7E8F8308A00225E2180B272
:10577000EAF7ABFF708B30B1B6F91C00012808D0F6
:1057800003280BD010E000225B211046EAF79DFFB2
:105790000AE06FF002025B21ACA003E06FF00202AE
:1057A0005B21ACA0EAF77EFFB08B00223C2180B2E7
:1057B000EAF78BFFF08B4FF0FF3201284FF03E01EC
:1057C00001D0A6A096E7A6A094E712B3A5A00290E8
:1057D000AAA00390AFA00490B4A00590829AB94803
:1057E000A94247F82200809AB7485060809A90609A
:1057F00001DA217103E0022B01DD84F8048094F9C1
:10580000040007EB8001D1E9012357F82010AF48CD
:1058100023E0AFA00290B4A00390B9A00490BEA072
:105820000590829A7048A94247F82200809AA648BB
:105830005060809A9060809AD06001DA217103E014
:10584000022B01DD84F8048094F9040007EB800149
:10585000D1E9012357F82010B5A0ECF7DFF8FFF7E6
:105860005DBB00BF0CF1280C0DF5FC79BCE85100C4
:10587000A9E851002548002AB3A2B0F936000292E7
:105880001ED0B7A20392BCA20492C1A20592C6A2E6
:105890000692CBA20792D0A20892D5A20992DAA2D0
:1058A0000A92DFA20B92E4A20C92E9A20D92EEA260
:1058B0000E92F3A20F92F8A21092FDA2119203E2AF
:1058C00045E20000202020202045544845524E4506
:1058D00054202020202020200000000020C8EDE2DD
:1058E000E5F0F2EEF0EEE220202020202020205EE5
:1058F0000000000020C1E0E9EFE0F1EEE22020200E
:10590000202020202020205B000000009C000010B0
:1059100020D1F3F5E8F520EAEEEDF2E0EAF2EEE26E
:105920002020202400000000E8D0000020C1E0E991
:10593000EFE0F12020202020202020202020205BCC
:105940000000000020C2FBF5EEE4EDFBF520F4E0E2
:10595000E72020202020203C0000000020C2F5EE9F
:10596000E42041432020202020202020203E202011
:1059700000000000202020202020D1D2D0D3CAD285
:10598000D3D0C020202020200000000031F42E00C1
:1059900033F42E00EDE5F200E5F1F2FC000000002A
:1059A00020496E766572746F72732020202020204B
:1059B0002020205E00000000204279706173736532
:1059C00073202020202020202020205B00000000C9
:1059D0002044727920636F6E746163747320202099
:1059E000202020240000000028EE000020427970D2
:1059F0006173732020202020202020202020205B85
:105A000000000000204F7574707574207068617319
:105A1000657320202020203C0000000020496E708B
:105A2000757420414320202020202020203E20206B
:105A3000000000002020202020535452554354558C
:105A40005245202020202020000000003170682EC8
:105A5000000000003370682E000000004E4F000070
:105A60005945530020D1F3F5EEE920EAEEEDF2E0DE
:105A7000EAF2204E312020200000000020D1F3F572
:105A8000EEE920EAEEEDF2E0EAF2204E32202020AC
:105A90000000000020D1F3F5EEE920EAEEEDF2E09F
:105AA000EAF2204E332020200000000020D1F3F540
:105AB000EEE920EAEEEDF2E0EAF2204E342020207A
:105AC00000000000DDE102003062000084140100EB
:105AD0002044727920636F6E7461637420B9312041
:105AE00020202020000000002044727920636F6E87
:105AF0007461637420B9322020202020000000004F
:105B00002044727920636F6E7461637420B933200E
:105B100020202020000000002044727920636F6E56
:105B20007461637420B9342020202020000000001C
:105B30002020202053455454494E475320444320AD
:105B400020202020000000002045746865726E65EA
:105B50007420202020202020202021200000000070
:105B60002044484350EAEBE8E5EDF22020202020D5
:105B70002020402000000000204950E0E4F0E5F142
:105B80002020202020202020202020200000000095
:105B900020203030302E3030302E3030302E30302B
:105BA000232020200000000020CCE0F1EAE020EFDC
:105BB000EEE4F1E5F2E820202020202000000000A3
:105BC00020203030302E3030302E3030302E3030FB
:105BD000242020200000000020D8EBFEE720202019
:105BE0002020202020202020202020200000000035
:105BF00020203030302E3030302E3030302E3030CB
:105C0000292020200000000020CFEEF0F22EF7F235
:105C1000E5EDE8FF202020202020205B0000000090
:105C200020CFEEF0F22EE7E0EFE8F1E82020202090
:105C30002020205D0000000020436F6D6D756E69AF
:105C40007479203C2020202020202020000000000B
:105C500020C0E4F0E5F1E0F220E4EBFF20545241F3
:105C600050204E310000000020203030302E3030E7
:105C7000302E3030302E3030252020200000000023
:105C800020C0E4F0E5F1E0F220E4EBFF20545241C3
:105C900050204E320000000020203030302E3030B6
:105CA000302E3030302E30305E20202000000000BA
:105CB00020C0E4F0E5F1E0F220E4EBFF2054524193
:105CC00050204E3300000000C5A21292CAA21392C7
:105CD000CFA21492D4A21592D9A21692DE4ADF4C1A
:105CE000179220B910460390DD4804900590DD48D6
:105CF000A94201DA017103E0022B01DD80F8048082
:105D000090F9040007EB8001D1E9012357F8201036
:105D1000D5A0EBF783FE0120EBF70EFEE08E20B15D
:105D20006FF002022121D64803E06FF00302212127
:105D3000D448EAF7B7FC208F20B16FF0020240216F
:105D4000CF486EE06FF003024021CE4869E0CEA25A
:105D50000392D3A20492AFF2C8120592D6A2069281
:105D6000AFF2A4120792DAA20892AFF27C12099263
:105D7000DDA20A92E2A20B92AFF244120C92E6A2CA
:105D80000D92AFF21C120E92E9A20F92AFF2F8023E
:105D90001092EDA2119292A21292F1A213929CA2E1
:105DA0001492F5A21592A6A21692F94AAB4C17923C
:105DB00020B910460390AA4804900590A948A9422A
:105DC00001DA017103E0022B01DD80F8048090F913
:105DD000040007EB8001D1E9012357F82010EDA062
:105DE000EBF71CFE0120EBF7A7FDE08E28B14FF08A
:105DF000FF322121AFF6C07004E06FF001022121D3
:105E0000AFF6C870EAF74EFC208F28B14FF0FF3292
:105E10004021AFF6DC7004E06FF001024021AFF6E4
:105E2000E470EAF73FFC8F4C6078022849D00021EB
:105E30002320CDE900018948B0F94030B0F93E2077
:105E4000B0F93C10B0F93A00EBF71DFC607804287B
:105E50003ED000212420CDE900018048B0F948302F
:105E6000B0F94620B0F94410B0F94200EBF70BFC52
:105E700061782920062932D05FF00001CDE90001C8
:105E80007648B0F97C30B0F97A20B0F97810B0F9E2
:105E90007600EBF7F8FB714D00225B21B5F872003C
:105EA00080B2EAF712FCB5F8740000225D2180B2DE
:105EB000EAF70BFCB5F94A006FF00D06FF2812D087
:105EC0001DE0A078401CC0B22321CDE90010B2E74C
:105ED000A078401CC0B22421CDE90010BDE7A17814
:105EE000491CC9B2CAE7B5F84C10FF2907D1B5F86B
:105EF0004E10FF2903D1B5F85010FF2913D0627856
:105F000025210B2A15D00022CDE90012B5F9503019
:105F1000B5F94E20B5F94C10EBF7B5FBB5F95200C9
:105F2000FF280AD015E032462521A0A0EAF7BAFBE7
:105F3000F4E7A278521CD2B2E6E7B5F85410FF2974
:105F400007D1B5F85610FF2903D1B5F85810FF292D
:105F500013D061780D2916D05FF00001CDE900A1C2
:105F6000B5F95830B5F95620B5F95410EBF78BFB5D
:105F7000B5F95A00FF280AD015E032465E218BA001
:105F8000EAF790FBF4E7A178491CC9B2E6E7B5F857
:105F90005C10FF2907D1B5F85E10FF2903D1B5F8D1
:105FA0006010FF2913D0627826210F2A15D0002215
:105FB000CDE90012B5F96030B5F95E20B5F95C1095
:105FC000EBF761FBB5F96200FF2807D008E1324624
:105FD000262176A0EAF766FBF4E7F1E0F4E00000A2
:105FE00020203030302E3030302E3030302E3030D7
:105FF000262020200000000020C0E4F0E5F1E0F2BF
:1060000020E4EBFF2054524150204E3400000000A9
:1060100020203030302E3030302E3030302E3030A6
:106020002A2020200000000020C0E4F0E5F1E0F28A
:1060300020E4EBFF2054524150204E350000000078
:1060400020203030302E3030302E3030302E303076
:106050002820202000000000E8D000009C00001054
:1060600030620000AC01001020D3D1D2C0CDCEC22E
:10607000CAC82045746865726E657420000000000F
:10608000F81F0100341C0100204448435020202008
:106090002020202020202020202040200000000060
:1060A0002049502020202020202020202020202097
:1060B0002020202000000000205375626E657420AF
:1060C0006D61736B20202020202020200000000024
:1060D00020476174657761792020202020202020CE
:1060E0002020202000000000205265616420706F95
:1060F00072742020202020202020205B000000003F
:1061000020577269746520706F72742020202020DF
:106110002020205D000000002049502054524150B2
:10612000204E3120202020202020202000000000B0
:106130002049502054524150204E3220202020200F
:1061400020202020000000002049502054524150BF
:10615000204E33202020202020202020000000007E
:106160002049502054524150204E342020202020DD
:10617000202020200000000020495020545241508F
:10618000204E35202020202020202020000000004C
:1061900028EE00002053657474696E67732045749F
:1061A0006865726E657420200000000020202020A9
:1061B000EDE5E0EAF2E8E2E5ED2020202000000035
:1061C000A278521CD2B2F3E6B5F86410FF2907D1C9
:1061D000B5F86610FF2903D1B5F86810FF2914D06F
:1061E0006178112918D000222A21CDE9001200BFC0
:1061F000B5F96830B5F96620B5F96410EBF743FAE4
:10620000B5F96A00FF280ED019E032462A21AFF214
:106210006400EAF747FAF3E7A178491CC9B22A22D9
:10622000CDE90021E4E7B5F86C10FF2907D1B5F8F6
:106230006E10FF2903D1B5F87010FF2925D06178C1
:10624000132929D000222821CDE90012B5F9703098
:10625000B5F96E20B5F96C10EBF715FA8F490022ED
:106260007EA88B5C8354521CD2B2092AF9D3002039
:106270008DF801026078A2780A2814D000233C210E
:106280007EA8EBF7CAF904F0C3B832462821AFF272
:10629000E400EAF707FAE1E7A178491CC9B228222D
:1062A000CDE90021D2E70123E9E73AB37CA00290CF
:1062B00081A0039086A004908BA0059084A00690F6
:1062C0008FA0079094A0089099A0099092A00A909E
:1062D0009DA00B90A2480C90A94201DA217103E025
:1062E000022B01DD84F8048094F9040007EB80019F
:1062F000D1E9012357F820109A4826E09AA002908D
:106300009FA00390A4A00490A9A00590AEA0069021
:10631000B3A00790B8A00890BDA00990C2A00A90B1
:10632000C7A00B90CC480C90A94201DA217103E080
:10633000022B01DD84F8048094F9040007EB80014E
:10634000D1E9012357F82010C448EBF767FB01207F
:10635000EBF7F2FAC24C00222121208880B2EAF742
:10636000B4F9E0880022402180B2EAF7AEF9208932
:106370000022232180B2EAF7A8F9E08900227B21DC
:1063800080B2EAF7A2F904F1100000227D21008812
:10639000FAF752BE1AB3B3A00290B8A00390BDA002
:1063A0000490C2A00590C7A00690CCA00790D1A0F1
:1063B0000890D6A009906A480A90A94201DA217192
:1063C00003E0022B01DD84F8048094F9040007EB5C
:1063D0008001D1E9012357F82010D2A022E0D7A0F4
:1063E0000290DCA00390E1A00490E6A00590EBA051
:1063F0000690F0A00790F5A00890FAA009909648A2
:106400000A90A94201DA217103E0022B01DD84F830
:10641000048094F9040007EB8001D1E9012357F8C7
:106420002010F6A0EBF7FAFA0120EBF785FA8C4C76
:106430000022A41C2121208880B2EAF746F9608856
:106440000022402180B2EAF740F92089002223216E
:1064500080B2EAF73AF900227B21608998E7804E02
:10646000ECA0703E029096F82100012807D03C482D
:106470000390EE480490059006900120EBE196F819
:1064800022000128EAA0039006D035480490E7488E
:10649000059006900220DEE1D6E10000020C082003
:1064A00020C2FBF5EEE4EDEEE520EDE0EFF0FFE6D7
:1064B000E5EDE8E50000000020E8EDE2E5F0F2EEB1
:1064C000F0E02020202020202021C2200000000019
:1064D00020CDE0EFF0FFE6E5EDE8E520E2FBF5EEAC
:1064E000E4E020200000000020ECE0EAF1E8ECE02D
:1064F000EBFCEDEEE52020202040C2200000000053
:1065000020ECE8EDE8ECE0EBFCEDEEE520202020CF
:106510002023C2200000000020CDE0EFF0FFE6E5E0
:10652000EDE8E520E1E0F2E0F0E5E8200000000021
:1065300020E2EAEBFEF7E5EDE8FF20202020202016
:10654000207BC2200000000020EEF2EAEBFEF7E51F
:10655000EDE8FF2020202020207DC2200000000048
:10656000E8D00000A448010020496E766572746589
:1065700072206F7574707574202020200000000058
:10658000202020766F6C74616765202020202020F9
:106590002020215600000000204D6178696D756D46
:1065A000206F75747075742020202020000000007A
:1065B0002020202020766F6C7461676520202020C9
:1065C0002020405600000000204D696E696D756DF9
:1065D000206F75747075742020202020000000004A
:1065E0002020202020766F6C746167652020202099
:1065F0002020235600000000205475726E2D6F6E0F
:1066000020626174746572792020202000000000EF
:106610002020202020766F6C746167652020202068
:1066200020207B5600000000205475726E2D6F668E
:106630006620626174746572792020200000000079
:106640002020202020766F6C746167652020202038
:1066500020207D560000000028EE00002C4D010097
:106660008C0000102055616320E2EAEB2028E7E06F
:10667000E2FBF8292020202000000000202020201C
:106680002020202020202020202020202021C22067
:10669000000000002055616320EEF2EAEB2028E7BD
:1066A000E0E2FBF82920202000000000202020202C
:1066B0002020202020202020202020202040C22018
:1066C000000000002055616320E2EAEB2028E7E0AB
:1066D000EDE8E629202020200000000020202020D6
:1066E0002020202020202020202020202023C22005
:1066F000000000002055616320EEF2EAEB2028E75D
:10670000E0EDE8E6292020200000000020202020E5
:10671000202020202020202020202020207BC2207C
:106720000000000020D3F1F2E0E2EAE820E1E0E935
:10673000EFE0F1EEE2202020000000002055616330
:10674000207475726E2D6F6E202868696768292025
:1067500000000000202020202020202020202020B9
:1067600020202020202156200000000020556163B9
:10677000207475726E2D6F666620286869676829B7
:106780000000000020202020202020202020202089
:10679000202020202040562000000000205561636A
:1067A000207475726E2D6F6E20286C6F77292020F3
:1067B0000000000020202020202020202020202059
:1067C0002020202020235620000000002055616357
:1067D000207475726E2D6F666620286C6F77292085
:1067E0000000000020202020202020202020202029
:1067F00020202020207B562000000000202042790D
:10680000706173732073657474696E6773202020E0
:106810000000000020C0CFC22031E920F3F0EEE2FA
:10682000E5EDFC202120202000000000C8E102004E
:1068300020C0CFC22032E920F3F0EEE2E5EDFC20EB
:106840004020202000000000DDA00490E2480590D8
:10685000E2480690032086F82500A94201DA21715A
:1068600003E0022B01DD84F8048094F9040007EBB7
:106870008001D1E9012357F82010D9A0EBF7CEF819
:106880000120EBF759F896F82100012810D0DA48DA
:106890004FF0FF32212100BFE9F704FF96F82200F4
:1068A000012809D04FF0FF324021D348FDF7C2BC88
:1068B00000222121D148EFE700224021CF48E9F70B
:1068C000F1FECF4800222321008C61E5CDA002908B
:1068D000D2A00390D7A00490BF480590DB48069053
:1068E000079023E0217103E0022B01DD84F804808E
:1068F00094F9040007EB8001D1E9012357F8201037
:10690000D348FEF7AABFD3A00290D8A00390DDA081
:106910000490E2A00590829AAF4847F82200809A3E
:10692000CA485060809A9060809AD060A942DBDAB1
:10693000D8E7E0A00290E5A00390EAA00490EFA0C1
:106940000590F4A00690F9A00790FEA00890A34837
:1069500015300990A94201DA217103E0012B01DD14
:106960008498207194F9040007EB800157F82020E7
:106970004B68FAA1FFA0EBF751F80220EAF7DCFF21
:1069800094F902000022401C80B22121E9F79DFE0B
:1069900094F90210FD48002230F911004021E9F776
:1069A0005FFDFA4994F902003C3931F81010F1B357
:1069B0006FF001022321F6A0E9F774FEF34994F980
:1069C0000200303931F8101091B36FF00102242128
:1069D000EFA0E9F767FE00BFEC4994F90200243903
:1069E0006FF0010231F810004FF05B01B0B3E8A086
:1069F000E9F758FEE54994F902001E396FF00102EB
:106A000031F810004FF05D0148B3E1A0E9F74AFE0C
:106A1000DE4994F9020018396FF0010231F81000D4
:106A20004FF0280148B3DAA0E9F73CFE01E00CE0A2
:106A300016E0D64994F9020012396FF0010231F8DC
:106A400010004FF02901F0B36FE2D049002236392F
:106A500031F910002321E9F703FDAFE709E00AE06F
:106A6000CA4900222A3931F910002421E9F7F8FC3B
:106A7000B2E7C9A0BCE7C8A0C8E7C7A0D4E7F2B393
:106A8000C7A00290CCA00390D1A004905348153029
:106A90000590A94202DA8AF8041003E0022B01DD16
:106AA0008AF804809AF9040007EB8001D1E90123F8
:106AB00057F82010CCA0EAF7B1FF0120EAF73CFF1D
:106AC0009AF9020000E02DE2401C80B20022212150
:106AD000E9F7FBFDAD489AF9021088384FF0000243
:106AE000405C4FF0400101280FD0C5A0E9F7DAFD66
:106AF0009AF902004FF0000234F8100000E008E0BC
:106B00004FF0230118B1C0A0D0E6C1A0EEE7C0A0AD
:106B1000CCE6C1A00290C6A003904C480490CA489D
:106B20000590A94202DA8AF8041003E0022B01DD85
:106B30008AF804809AF9040007EB8001D1E9012367
:106B400057F82010C1A0EAF769FF0120EAF7F4FE28
:106B50009AF902000022401C80B22121E9F7B5FD1C
:106B60008A489AF902108838405C01280DD000222A
:106B70004021BCA0E9F796FD9AF9020034F8100014
:106B800040B100222321B7A090E66FF0010240211E
:106B9000B648EFE76FF001022321B44886E680A0F3
:106BA000029085A003908AA004905AA005905FA04F
:106BB00006900A4815300790A94200DA58E15AE1D8
:106BC00020CFE5F0E8EEE420C0CFC2322020202024
:106BD0002023F72E00000000E8D00000C8E10200EA
:106BE000202020C0CFC220C8D1D2CED7CDC8CACE97
:106BF000C220202000000000341C0100F81F01000A
:106C00009C00001020C4E0F2F7E8EA20E4E2E5F09E
:106C1000E8202020202020200000000020C4E0F2F6
:106C2000F7E8EA20E4FBECE02020202020202020D0
:106C30000000000020C4E0F2F7E8EA20F3E4E0F00E
:106C4000E0202020202020200000000030620000F2
:106C50004C4C010020D1F3F5EEE920EAEEEDF2E034
:106C6000EAF220B9312020200000000020D1F3F505
:106C7000EEE920EAEEEDF2E0EAF220B9322020203F
:106C80000000000020D1F3F5EEE920EAEEEDF2E09D
:106C9000EAF220B9332020200000000020D1F3F5D3
:106CA000EEE920EAEEEDF2E0EAF220B9342020200D
:106CB0000000000020F2E5ECEFE5F0E0F2F3F0E098
:106CC000202020202040B0430000000020746D618F
:106CD0007820202020202020202020202023B043A6
:106CE0000000000020746D696E20202020202020EC
:106CF000202020202024B0430000000020D0E5EB1D
:106D0000E52020202020202020202020205B202083
:106D10000000000020C7E2F3EA20202020202020ED
:106D200020202020205D20200000000020C4E8F169
:106D3000EFEBE5E920202020202020202028202023
:106D40000000000020525332333220202020202027
:106D5000202020202029202000000000202020D2F8
:106D6000C5CCCFC5D0C0D2D3D0DB204E212020202F
:106D7000000000002020C2CDC5D8CDC8C920C4C0A5
:106D8000D2D7C8CA2020202000000000F201001045
:106D9000E2FBEAEB2E000000E2EAEB2E000000002E
:106DA00020F1EEF1F2EEFFEDE8E5202D204020206D
:106DB000202020200000000020E0E2E0F0E8E9EDE3
:106DC000EEE52020202020202020202000000000B0
:106DD00020F1EEF1F2EEFFEDE8E5202D202320205A
:106DE00020202020000000002020D1D3D5CEC920B3
:106DF000CACECDD2C0CAD2204E2120200000000031
:106E0000F0E0E7EEECEA2E00EDE5E7E0ECEA2E003C
:106E1000E7E0ECEAEDF3F20043757272656E742000
:106E20007374617465202020402020200000000041
:106E300020416C61726D2073746174652020202084
:106E4000232020200000000028EE00002020204405
:106E5000525920434F4E54414354204E212020206C
:106E6000000000004F50454E000000004C1501008E
:106E70008AF8041003E0022B01DD8AF804809AF9F5
:106E8000040007EB8001D1E9012357F82010AFF28D
:106E9000A800EAF7C3FD0120EAF74EFD9AF90200C7
:106EA0000022401C80B22121E9F70FFC9AF9021060
:106EB000FB484FF00002405C4FF04001012828D011
:106EC000AFF2C400E9F7EEFB9AF902004FF00002BE
:106ED0004FF0230134F81000F0B1AFF2D40000BF3E
:106EE000E9F7E0FBEE499AF90200B6316FF00102D2
:106EF00031F810004FF05D0188B1AFF26C1000BFA7
:106F0000E9F7D0FBE6489AF90210BE3030F81100DC
:106F10005BE1AFF20410D5E7AFF20C10E0E7AFF29F
:106F20008810EDE7AFF29010C0E4AFF29C10BDE422
:106F3000AFF294100290DBA00390E0A00490AFF2B7
:106F400044200590AFF21C200690E2480790A94229
:106F500002DA8AF8041003E0022B01DD8AF80480CB
:106F60009AF9040007EB8001D1E9012357F82010BA
:106F7000D9A0EAF753FD0120EAF7DEFCC8484FF03C
:106F800000024FF040010078012816D0AFF29010B7
:106F9000E9F788FB20884FF000024FF0230178B119
:106FA000AFF29C10E9F77EFB30886FF001024FF0E2
:106FB0005B0140B1AFF2202007E0AFF2AC10E7E791
:106FC000AFF2B410EEE7AFF23820E9F76BFBB4484C
:106FD000BE30008854E0AFF238200290AFF2282093
:106FE0000390AFF214200490AFF2F0200590AFF2BE
:106FF000C4200690B7480790A94202DA8AF8041024
:1070000003E0022B01DD8AF804809AF9040007EB03
:107010008001D1E9012357F82010B5A0EAF7FEFC62
:107020000120EAF789FC9E484FF000024FF0400132
:107030004078012817D0AFF2382000BFE9F732FBC3
:1070400060884FF000024FF0230178B1AFF2482082
:10705000E9F728FB70886FF001024FF05B0140B147
:10706000AFF2CC2007E0AFF25820E7E7AFF26020A4
:10707000EEE7AFF2E420E9F715FB8948BE3040881F
:10708000E8BBA3E0AFF2E8200290AFF2D420039077
:10709000AFF2C4200490AFF29C300590AFF2743090
:1070A00006908C480790A94202DA8AF8041003E09F
:1070B000022B01DD8AF804809AF9040007EB8001B5
:1070C000D1E9012357F820108FA0EAF7A7FC01208F
:1070D000EAF732FC72484FF000024FF0400180782E
:1070E000012818D0AFF2E820E9F7DCFAA0884FF0C9
:1070F00000024FF0230188B1AFF2F42000E072E00B
:10710000E9F7D0FAB0886FF001024FF05B0140B1AF
:10711000AFF27C3007E0AFF20830E5E7AFF21030B5
:10712000ECE7AFF29430E9F7BDFA5D48BE308088F5
:10713000A6E7AFF294300290AFF284300390AFF242
:1071400070300490AFF24C400590AFF220400690B2
:1071500060480790A94202DA8AF8041003E0022B83
:1071600001DD8AF804809AF9040007EB8001D1E977
:10717000012357F820106AA0EAF750FC0120EAF733
:10718000DBFB47484FF000024FF04001C078012878
:1071900020D0AFF2943000BFE9F784FAE0884FF0D6
:1071A00000024FF02301C0B1AFF2A430E9F77AFA40
:1071B000F0886FF001024FF05B0188B1AFF2304010
:1071C000E9F770FA3648BE30C08860B16FF001024E
:1071D0002821AAE6AFF2C830DEE7AFF2CC30E5E70F
:1071E000AFF24C40ECE76FF0010228219AE6E2B1E1
:1071F00051A0029056A003905B4804905B48059014
:107200000690022B02DD8AF8048003E0A94201DA2D
:107210008AF804109AF9040007EB8001D1E90123F0
:1072200057F8201052A0FEF718BB57A002905CA0A0
:107230000390614804904D4805900690022B02DDB2
:107240008AF8048003E0A94201DA8AF804109AF966
:10725000040007EB8001D1E9012357F8201057A063
:10726000E1E70F4E0836CAB15AA002905FA0039022
:1072700064A0049069A005906EA0069073A007908A
:1072800078A008907DA0099012480A9015380B90BC
:107290000C90022B03DD84F80480FEE058E1F9E055
:1072A0006A01001020EEF2EAF0FBF2EEE520F1EECA
:1072B000F1F2EEFFEDE8E5200000000020E4E2E559
:1072C000F0E820202020202D202320202020202016
:1072D00000000000DDE10200202020C4C0D2D7C899
:1072E000CA20C4C2C5D0C820202020200000000031
:1072F000202020C4C0D2D7C8CA20C4DBCCC02020E4
:107300002020202000000000202020C4C0D2D7C8A8
:10731000CA20D3C4C0D0C0202020202000000000FC
:10732000C4C0D2D7C8CA20CFC5D0C5C2CED0C0D75E
:10733000C8C22E200000000020D0E5EBE5204E3131
:1073400020202020202020202020202000000000BD
:1073500020D0E5EBE5204E322020202020202020E8
:107360002020202000000000E8D000003062000053
:10737000202020CDC0D1D2D0CEC9CAC020D0C5CB0C
:10738000C5202020000000002052656C6179204E4D
:10739000312020202020202020202020000000005C
:1073A0002052656C6179204E322020202020202040
:1073B000202020200000000028EE00002020205384
:1073C000455454494E47532052454C4159202020A2
:1073D0000000000020C0E2E0F0E8FF20E8EDE2E578
:1073E000F0F2EEF0E02020400000000020C0E2E0DB
:1073F000F0E8FF20444320202020202020202023CC
:107400000000000020C0E2E0F0E8FF2055E2FBF5BC
:1074100020202020202020240000000020C0E2E0C6
:10742000F0E8FF2055E2F520202020202020202514
:107430000000000020D0E0E1EEF2E020E1E0E9EF22
:10744000E0F1E020202020200000000020EEF220CB
:10745000F1E5F2E82FE8EDE2202020202020205E58
:107460000000000020C0EAF2E8E2EDEEE520F1EED7
:10747000F1F2EEFFEDE8E520000000002020F0E54D
:10748000EBE5202020202020202020202020202666
:1074900000000000A94200DA217194F9040007EB12
:1074A0008001D1E9012357F82010E9A0EAF7B6FAE4
:1074B0000120EAF741FA94F902000022401C80B250
:1074C0002121E9F702F994F9020036F8100000F0E2
:1074D00001014020E9F7DBF894F9020036F81000CA
:1074E00000F002012320E9F7D2F894F9020036F8FF
:1074F000100000F004012420E9F7C9F894F9020013
:1075000036F8100000F008012520E9F7C0F8012145
:107510003C20E9F7BCF800213E20E9F7B8F894F9DF
:10752000020036F8100000F010015E20E9F7AFF815
:1075300094F9020036F81000000404D56FF002023E
:107540002621FDF72BBA6FF003022621FFF7ADB914
:10755000C5A00290CAA00390CFA00490D4A005902B
:10756000D9A00690DEA00790E3A00890E8A00990BB
:10757000ED480A90ED480B900C90022B02DD84F848
:10758000048002E0A94200DA217194F9040007EBBB
:107590008001D1E9012357F82010E5A0EAF73EFA6F
:1075A0000120EAF7C9F994F902000022401C80B2D8
:1075B0002121E9F78AF894F9020036F8100000F06A
:1075C00001014020E9F763F894F9020036F8100051
:1075D00000F002012320E9F75AF894F9020036F886
:1075E000100000F004012420E9F751F894F902009A
:1075F00036F8100000F008012520E9F748F80121CD
:107600003C20E9F744F800213E20E9F740F894F9DE
:10761000020036F8100000F010015E20E9F737F89C
:1076200094F9020036F81000000404D54FF0FF3240
:107630002621C5A078E46FF001022621C34873E437
:1076400012B3C3A00290C8A00390CDA00490D2A012
:107650000590D7A00690DCA00790E1480890E1488B
:1076600009900A90012B02DD8498207102E0A94262
:1076700000DA21719AF9040007EB800157F8202005
:107680004B68D9A1DEA021E0E3A00290E8A003901E
:10769000EDA00490F2A00590F7A00690FCA0079042
:1076A000A1480890CF4809900A90012B02DD8498E8
:1076B000207102E0A94200DA21719AF9040007EB77
:1076C000800157F820204B68F7A1FDA0EAF7A6F942
:1076D0000220EAF731F900222121FF4C608880B2B4
:1076E000E8F7F3FFA0880022402180B2E8F7EDFF21
:1076F000E0880022232180B2E8F7E7FF20890022FA
:10770000242180B2E8F7E1FF60890022252180B2C0
:10771000E8F7DBFF00225E21A089F9F78DBCEE4E71
:1077200000208036BAB3BBF1000F02D0EBA002906C
:107730000120BEF1010F01DDEEA203E0BEF1000F5A
:1077400004D0F24A47F82020401CC0B2F0A247F80B
:107750002020401CC2B2F4A047F82200521CD2B232
:107760009F4847F82200521CD2B2F5A047F82200E9
:10777000521CD2B29B4847F82200521CD2B247F8A2
:107780002200521CD0B2974A47F82020022B03DD7A
:1077900084F8048003E022E0A94200DA21719AF91A
:1077A000040007EB8001D1E9012357F82010EAA07B
:1077B000EAF734F9708800222121344680B2E8F7D4
:1077C00084FF608A0122232180B2E8F77EFFE84827
:1077D0000068D0B36FF002023E21E6482FE2BBF111
:1077E000000F02D0E4A002900120BEF1010F01DDE4
:1077F000E7A203E0BEF1000F04D0EB4A47F82020D7
:10780000401CC0B2E9A247F82020401CC2B2EDA043
:1078100047F82200521CD2B2434847F82200521CBB
:10782000D2B2EEA047F82200521CD2B26D4847F8FF
:107830002200521CD2B247F82200521CD0B2694A30
:1078400047F82020022B01DDD4E1FCE1D5E1000066
:1078500020D0E5EBE5204E2120F1F0E0E1E0F2FB65
:10786000E22E20200000000020416C61726D206932
:107870006E766572746F7220202020400000000038
:1078800020416C61726D20444320696E70757420D4
:10789000202020230000000020416C61726D2055E3
:1078A0006F7574202020202020202024000000005C
:1078B00020416C61726D20414320696E70757420A7
:1078C0002020202500000000204279706173732081
:1078D0006D6F64653A2020202020202000000000E9
:1078E000206D61696E732F696E766572746F727345
:1078F0002020205E0000000020416374697665202E
:107900007374617465202020202020200000000076
:107910002020202020202072656C617920202020EA
:10792000202020260000000028EE0000C8E1020010
:107930002052656C6179204E212066756E637469F2
:107940006F6E2020000000004F4E00003C4E0100F2
:107950002055E2FBF52E41432E6D61782E2020202C
:107960002021C220000000002055E2FBF52E4143FB
:107970002E6D696E2E2020202040C22000000000C5
:107980002055E2F52E41432E6D61782E20202020D7
:107990002023C220000000002055E2F52E41432E96
:1079A0006D696E2E202020202024C22000000000BF
:1079B0002055E2F52E44432E6D61782E20202020A4
:1079C0002025C220000000002055E2F52E44432E61
:1079D0006D696E2E20202020205EC2200000000055
:1079E000E8D0000030620000202020202020D1C8F4
:1079F000D1D2C5CCDB202020202020200000000098
:107A0000202020CFCED0CEC3C820C0C2C0D0C8C98D
:107A1000202020200000000020556F75742E414367
:107A20002E6D61782E20202020215620000000009D
:107A300020556F75742E41432E6D696E2E202020C7
:107A400020405620000000002055696E2E41432E34
:107A50006D61782E20202020202356200000000079
:107A60002055696E2E41432E6D696E2E20202020F8
:107A700020245620000000002055696E2E44432E1D
:107A80006D61782E20202020202556200000000047
:107A90002055696E2E44432E6D696E2E20202020C5
:107AA000205E56200000000020202020544852452F
:107AB00053484F4C44532020202020200000000039
:107AC00020202053595354454D20414C41524D20C4
:107AD00020202020000000009C00001020C8EDE2C3
:107AE000E5F0F2EEF0FB20202020202020202020B6
:107AF0000000000020C1E0E9EFE0F1FB20202020A1
:107B00002020202020202020000000008CC9000020
:107B1000205564632EE2F52E2020202020202023F3
:107B2000C2202020000000002074F8EAE0F42E209B
:107B3000202020202020203EB0D120200000000066
:107B400020CAE2E0F0F620525334383520202021BC
:107B5000CCC3D620000000002020202020CAC0CBAB
:107B6000C8C1D0CEC2CAC020202020200000000002
:107B7000380B0820BCE2000020496E766572746FF5
:107B800072732020202020202020202000000000D0
:107B9000204279706173736573202020202020209B
:107BA000202020200000000064E6000020556463CF
:107BB0002E696E2E202020202020202356202020D9
:107BC0000000000020742073797374656D732020A9
:107BD0002020203EB0D120200000000020517561FF
:107BE00072747A205253343835202020214D487A3F
:107BF0000000000084F8048002E0A94200DA21714C
:107C00009AF9040007EB8001D1E9012357F820100D
:107C1000FBA0E9F703FF708800222121344680B2DF
:107C2000E8F753FD608A0122232180B2E8F74DFD79
:107C3000F948006838B16FF001023E21F748E8F7D3
:107C400031FDFDF76BB9F64800223E21B0F9000086
:107C5000E8F706FCF5E7F3A00290F8480390F8482F
:107C60000490022B02DD84F8048002E0A94200DACD
:107C700021719AF9040007EB8001D1E9012357F83B
:107C80002010F0A0E9F7CAFE0120E9F755FEE4480C
:107C900000224021D638C08A3FE5F04802901830D3
:107CA000039018300490E5480590D9E9012357F86E
:107CB0002510E4A0E9F7B2FE94F9010094F904104C
:107CC000421A022A01DD801E01E0884200DA20719A
:107CD0000120E9F731FED24C0022D63C2121208B35
:107CE00080B2E8F7F2FC608B0022402180B2E8F716
:107CF000ECFC00222321A08B0FE5CAA00290CF4804
:107D00000390CF480490022B02DD84F8048002E047
:107D1000A94200DA21719AF9040007EB8001D1E948
:107D2000012357F82010CEA0E9F778FE0120E9F7EB
:107D300003FEBB48D638B0F90E00B0F57A7F04DDFB
:107D40000A2190FBF1F0F9F792BD01224021E4E411
:107D5000C948029018300390C8A00490B748059015
:107D6000B7480690079050E08498207102E0A9423D
:107D700000DA21719AF9040007EB800157F82020FE
:107D80004B68C4A1C9A0E9F749FE0220E9F7D4FD78
:107D9000A14C206830B16FF002022121C948E8F7F8
:107DA00081FC06E09E4800222121B0F90000E8F79E
:107DB00057FB606830B16FF002024021C148E8F71C
:107DC00071FC06E0964800224021B0F90200E8F775
:107DD00047FBA06820B16FF002022321B94829E4D3
:107DE0008F4800222321B0F9040071E3B6480290C5
:107DF000183003901830899A0490904847F8220070
:107E0000859A8F485060859A9060012BAFDDABE773
:107E1000AEA00290B3A00390B8480078552801D0D6
:107E2000B0A00290B548854A2238022BB0F90E0066
:107E300047F8202007EB8000814A4260826002DD23
:107E400084F8048002E0A94200DA21719AF9040062
:107E500007EB8001D1E9012357F82010A8A0FDF716
:107E6000FCBCADA00290B2A00390B7A00490BCA04F
:107E7000DFF8888205908398A8F1A20870B1BEA0AF
:107E80000690B1A00790DFF808B3207B664648B1A2
:107E9000C0A00890C5A00990CAA008E0CFA0069095
:107EA000D4A0EFE7D9A00890DEA00990A6A00A9080
:107EB000E2A00B90E7A00C90A3A00D905F480E905D
:107EC0005F480F901090D9E9012357F82510E7A0DB
:107ED000E9F7A4FD707890B90A234FF0FF32CE2164
:107EE000CD20ECF73FFE96F902000A23C0F1010114
:107EF0000120884002B2CA21C820ECF733FE707816
:107F0000032827D198F8240010B101280FD0BBE135
:107F10000A234FF0FF32D021CD20ECF723FE0A23B5
:107F200001226421D220ECF71DFEB1780AE00A2379
:107F30004FF0FF32CE21CD20ECF714FE96F902006F
:107F4000C0F101010120884002B20A23CA21C820E1
:107F5000ECF708FE7078092812D10A234FF0FF329F
:107F6000CE21CD20ECF7FEFD96F902000A23C0F1E8
:107F700001010120884002B2CA21C820ECF7F2FDBD
:107F800096F90100B0B3012834D0022832D003287A
:107F900031D004282FD005282DD006282CD0072832
:107FA0002AD0082828D0092827D00A2825D00B282D
:107FB00023D086F804A00120E9F7BEFC96F9020060
:107FC0000022401C80B22121E8F77FFB96F90200D5
:107FD0005C4600EB400101EB00100BEB8001B1F9B6
:107FE0000200B0F57A7F09DD0A2190FBF1F080B242
:107FF000002252E146E147E148E149E14BE100005E
:108000002020202043616C6962726174696F6E2068
:108010002020202000000000380B082088FD0000F0
:10802000F20100102055203D202020202040C220B9
:10803000202020202020202000000000E8D0000088
:1080400030620000202020CAC0CBC8C1D0CEC2CA36
:10805000C020D1C5D2C8202000000000B80F010008
:1080600020CAC0CBC8C1D0CEC2CAC020CDC0C3D0E8
:10807000D3C7CAC8000000005C1501002074EEF2EE
:10808000F1E5EA204D53414E2020202023B0D1209D
:108090000000000020C4C0D2D7C8CACEC220D2C5BA
:1080A000CCCFC5D0C0D2D3D00000000020CAC0CBF6
:1080B000C8C1D0CEC2CAC020C2CDC5D8CDC8D52077
:1080C00000000000BCE20000001A010020C1E0F244
:1080D000E0F0E5FF204E312020202020202020202D
:1080E0000000000020C1E0F2E0F0E5FF204E322069
:1080F000202020202020202000000000BE000010B2
:1081000020CAC0CBC8C1D0CEC2CAC020C1C0D2C054
:10811000D0C5C920000000002055E1E0F2203D203C
:108120002020202040C2202020202020000000000D
:1081300020EEF2EAE0EBE8E1F0F3E9F2E52055E1C8
:10814000E0F22020000000002020EDE0E6E0F2E870
:10815000E5EC209A20E8EBE8209C202000000000BD
:108160002049E1E0F2203D202020202023C02020D3
:10817000202020200000000020EEF2EAE0EBE8E101
:10818000F0F3E9F2E52049E1E0F2202000000000F0
:1081900040EC072020C4E0F2F7E8EA20F2E5ECEF3B
:1081A000E5F0E0F2F3F0FB200000000020202020AA
:1081B00020EDE5E8F1EFF0E0E2E5ED2020202020E1
:1081C000000000002020E8EBE820EDE5EFEEE4EA17
:1081D000EBFEF7E5ED2E202000000000202020ED32
:1081E000E0E6ECE8F2E520A420E4EBFF20202020EC
:1081F00000000000EAE0EBE8E1F0EEE2EAE820ED62
:10820000F3EBFF2049E1E0F2000000002074E1E020
:10821000F2203D2020202024B043202020202020B8
:108220000000000020EEF2EAE0EBE8E1F0F3E9F212
:10823000E52074E1E0F22020000000002055E1E09C
:10824000F22EF12EF22E203D20202020205EC22092
:1082500000000000EAE0EBE8E1F0F3E9F2E5205588
:10826000E1E0F22EF12EF22E0000000020CAC0CB79
:10827000C8C1D0CEC2CAC020C1C0D22E204E21203B
:1082800000000000002004E0032002E0062000E0DF
:10829000092030718FE6488801224021E8F715FA5D
:1082A00096F90200022200EB400101EB001004EB02
:1082B00080002321B0F90800E8F7D2F896F902000F
:1082C000002200EB400101EB001004EB80002421B0
:1082D000B0F90A00E8F7C4F896F90200012200EBB1
:1082E000400101EB001004EB80005E218088F7F76D
:1082F0004FBDAFF2DC100290AFF2CC100390AFF2A2
:10830000B8100490AFF2A8100590DFF88882839827
:1083100090B1AFF29C100690AFF2D4100790DFF846
:1083200078A2207B70B1AFF294100890AFF2841065
:108330000990AFF270100DE0AFF260100690AFF24E
:108340004C10EBE7AFF23C100890AFF22810099008
:10835000AFF20C200A9091480B9091480C900D9030
:10836000D9E9012357F82510AFF20010E9F756FBC1
:10837000707890B90A234FF0FF32CE21CD20ECF770
:10838000F1FB96F902000A23C0F1010101208840A7
:1083900002B2CA21C820ECF7E5FB7078032827D188
:1083A00098F8240010B101280FD06EE00A234FF096
:1083B000FF32D021CD20ECF7D5FB0A230122642126
:1083C000D220ECF7CFFBB1780AE00A234FF0FF325E
:1083D000CE21CD20ECF7C6FB96F90200C0F10101D9
:1083E0000120884002B20A23CA21C820ECF7BAFB58
:1083F0007078092812D10A234FF0FF32CE21CD2008
:10840000ECF7B0FB96F902000A23C0F1010101204C
:10841000884002B2CA21C820ECF7A4FB96F90100FB
:1084200080B301282FD002282DD003282DD0042876
:108430002BD0052829D0062829D0072827D008289E
:1084400025D0092030710120E9F776FA96F902006B
:108450000022401C80B22121E8F737F996F902008A
:10846000544600EB400101EB00100AEB8001B1F92A
:108470000200B0F57A7F0CDD0A2190FBF1F080B2AA
:10848000002208E0FFE70020DCE70320DAE706200F
:10849000D8E7488801224021E8F717F996F9020049
:1084A000022200EB400101EB001004EB80002321CD
:1084B000B0F90800E7F7D4FF96F90200002200EBBC
:1084C000400101EB001004EB80002421B0F90A0008
:1084D000E7F7C6FFCBE22F488030B0F9100007EB7A
:1084E0008004F2B32FA0029034A0039039A004902E
:1084F0003EA0059043A0069048A007904DA008908C
:1085000052A0099057A00A905CA00B9061A00C901B
:1085100066A00D906BA00E9070A00F9075A01090AB
:108520007AA011907FA0129084A0139089A014903B
:108530008EA0159093A0169098A017909DA01890CB
:10854000A2A01990A7A01A90ACA01B90B1A01C905B
:10855000B6A01D90BBA01E90C0A01F90C5A02090EB
:1085600000E036E2C9A02190CEA02290D3A02390B3
:10857000D8A02490DDA02590E2A02690E7A0279027
:10858000ECA02890F1A02990F6A02A90FBA02B90B7
:1085900000E200001C00001040EC0720E8D00000C2
:1085A0003062000020C8CDC2C5D0D2CED0204E311E
:1085B00020202020202020200000000020C8CDC244
:1085C000C5D0D2CED0204E32202020202020202006
:1085D0000000000020C8CDC2C5D0D2CED0204E337E
:1085E00020202020202020200000000020C8CDC214
:1085F000C5D0D2CED0204E342020202020202020D4
:108600000000000020C8CDC2C5D0D2CED0204E354B
:1086100020202020202020200000000020C8CDC2E3
:10862000C5D0D2CED0204E362020202020202020A1
:108630000000000020C8CDC2C5D0D2CED0204E3719
:1086400020202020202020200000000020C8CDC2B3
:10865000C5D0D2CED0204E3820202020202020206F
:108660000000000020C8CDC2C5D0D2CED0204E39E7
:1086700020202020202020200000000020C8CDC283
:10868000C5D0D2CED0204E31302020202020202036
:108690000000000020C8CDC2C5D0D2CED0204E31BF
:1086A00031202020202020200000000020C8CDC242
:1086B000C5D0D2CED0204E31322020202020202004
:1086C0000000000020C8CDC2C5D0D2CED0204E318F
:1086D00033202020202020200000000020C8CDC210
:1086E000C5D0D2CED0204E313420202020202020D2
:1086F0000000000020C8CDC2C5D0D2CED0204E315F
:1087000035202020202020200000000020C8CDC2DD
:10871000C5D0D2CED0204E3136202020202020209F
:108720000000000020C8CDC2C5D0D2CED0204E312E
:1087300037202020202020200000000020C8CDC2AB
:10874000C5D0D2CED0204E3138202020202020206D
:108750000000000020C8CDC2C5D0D2CED0204E31FE
:1087600039202020202020200000000020C8CDC279
:10877000C5D0D2CED0204E32302020202020202044
:108780000000000020C8CDC2C5D0D2CED0204E32CD
:1087900031202020202020200000000020C8CDC251
:1087A000C5D0D2CED0204E32322020202020202012
:1087B0000000000020C8CDC2C5D0D2CED0204E329D
:1087C00033202020202020200000000020C8CDC21F
:1087D000C5D0D2CED0204E323420202020202020E0
:1087E0000000000020C8CDC2C5D0D2CED0204E326D
:1087F00035202020202020200000000020C8CDC2ED
:10880000C5D0D2CED0204E323620202020202020AD
:108810000000000020C8CDC2C5D0D2CED0204E323C
:1088200037202020202020200000000020C8CDC2BA
:10883000C5D0D2CED0204E3238202020202020207B
:108840000000000020C8CDC2C5D0D2CED0204E320C
:1088500039202020202020200000000020C8CDC288
:10886000C5D0D2CED0204E33302020202020202052
:108870000000000020C8CDC2C5D0D2CED0204E33DB
:1088800031202020202020200000000020C8CDC260
:10889000C5D0D2CED0204E33322020202020202020
:1088A0000000000020C8CDC2C5D0D2CED0204E33AB
:1088B00033202020202020200000000020C8CDC22E
:1088C000C5D0D2CED0204E333420202020202020EE
:1088D0000000000020C8CDC2C5D0D2CED0204E337B
:1088E00035202020202020200000000020C8CDC2FC
:1088F000C5D0D2CED0204E333620202020202020BC
:108900000000000020C8CDC2C5D0D2CED0204E334A
:1089100037202020202020200000000020C8CDC2C9
:10892000C5D0D2CED0204E33382020202020202089
:108930000000000020C8CDC2C5D0D2CED0204E331A
:1089400039202020202020200000000020C8CDC297
:10895000C5D0D2CED0204E34302020202020202060
:108960000000000020C8CDC2C5D0D2CED0204E34E9
:1089700031202020202020200000000020C8CDC26F
:10898000C5D0D2CED0204E3432202020202020202E
:108990000000000036A02C903BA02D9040A02E900F
:1089A000454847F82B0045486060A060022B02DD77
:1089B00086F8048002E0A94200DA31719CF90400D3
:1089C00007EB8001D1E9012357F820103CA0FCF708
:1089D00044BF41A0029046A003904BA0049050A039
:1089E000059055A006905AA007905FA0089064A03B
:1089F000099069A00A906EA00B9073A00C9078A0CB
:108A00000D907DA00E9082A00F9087A010908CA05A
:108A1000119091A0129096A013909BA01490A0A0EA
:108A20001590A5A01690AAA01790AFA01890B4A07A
:108A30001990B9A01A90BEA01B90C3A01C90C8A00A
:108A40001D90CDA01E90D2A01F90D7A02090DCA09A
:108A50002190E1A02290E6A02390EBA02490F0A02A
:108A60002590F5A02690FAA02790FFA008E203E346
:108A700020C8CDC2C5D0D2CED0204E343320202045
:108A8000202020200000000020C8CDC2C5D0D2CEBA
:108A9000D0204E3434202020202020200000000050
:108AA00020C8CDC2C5D0D2CED0204E343520202013
:108AB0002020202000000000E8D0000030620000EC
:108AC000CAC0CBC8C1D0CEC2C0D2DC20C8CDC2C5BE
:108AD000D0D2CED00000000020494E564552544F0F
:108AE00052204E3120202020202020200000000095
:108AF00020494E564552544F52204E3220202020BD
:108B0000202020200000000020494E564552544F9E
:108B100052204E3320202020202020200000000062
:108B200020494E564552544F52204E34202020208A
:108B3000202020200000000020494E564552544F6E
:108B400052204E3520202020202020200000000030
:108B500020494E564552544F52204E362020202058
:108B6000202020200000000020494E564552544F3E
:108B700052204E37202020202020202000000000FE
:108B800020494E564552544F52204E382020202026
:108B9000202020200000000020494E564552544F0E
:108BA00052204E39202020202020202000000000CC
:108BB00020494E564552544F52204E3130202020ED
:108BC000202020200000000020494E564552544FDE
:108BD00052204E3131202020202020200000000093
:108BE00020494E564552544F52204E3132202020BB
:108BF000202020200000000020494E564552544FAE
:108C000052204E3133202020202020200000000060
:108C100020494E564552544F52204E313420202088
:108C2000202020200000000020494E564552544F7D
:108C300052204E313520202020202020000000002E
:108C400020494E564552544F52204E313620202056
:108C5000202020200000000020494E564552544F4D
:108C600052204E31372020202020202000000000FC
:108C700020494E564552544F52204E313820202024
:108C8000202020200000000020494E564552544F1D
:108C900052204E31392020202020202000000000CA
:108CA00020494E564552544F52204E3230202020FB
:108CB000202020200000000020494E564552544FED
:108CC00052204E32312020202020202000000000A1
:108CD00020494E564552544F52204E3232202020C9
:108CE000202020200000000020494E564552544FBD
:108CF00052204E323320202020202020000000006F
:108D000020494E564552544F52204E323420202096
:108D1000202020200000000020494E564552544F8C
:108D200052204E323520202020202020000000003C
:108D300020494E564552544F52204E323620202064
:108D4000202020200000000020494E564552544F5C
:108D500052204E323720202020202020000000000A
:108D600020494E564552544F52204E323820202032
:108D7000202020200000000020494E564552544F2C
:108D800052204E32392020202020202000000000D8
:108D900020494E564552544F52204E333020202009
:108DA000202020200000000020494E564552544FFC
:108DB00052204E33312020202020202000000000AF
:108DC00020494E564552544F52204E3332202020D7
:108DD000202020200000000020494E564552544FCC
:108DE00052204E333320202020202020000000007D
:108DF00020494E564552544F52204E3334202020A5
:108E0000202020200000000020494E564552544F9B
:108E100052204E333520202020202020000000004A
:108E200020494E564552544F52204E333620202072
:108E3000202020200000000020494E564552544F6B
:108E400052204E3337202020202020200000000018
:108E500020494E564552544F52204E333820202040
:108E6000202020200000000020494E564552544F3B
:108E700052204E33392020202020202000000000E6
:108E800028907EA0299083A02A9088A02B908DA066
:108E90002C9092A02D9097A02E909C4847F82B00E4
:108EA0009B486060A060022B02DD86F8048002E02F
:108EB000A94200DA31719CF9040007EB8001D1E985
:108EC000012357F8201093A081E598A002909DA05F
:108ED0000390A2A00490A7A00590AD48AB4A022B36
:108EE000B0F9180047F8202007EB8000884A42605C
:108EF000826002DD86F8048002E0A94200DA317166
:108F00009CF9040007EB8001D1E9012357F82010F8
:108F1000A0A05CE5F2B3A5A00290AAA00390AFF6D2
:108F2000D8500490ADA005908398A0B3B1A006904E
:108F3000AFF6EC500790B5A00890BAA00990AFF634
:108F4000F8500A90BDA00B90C2A00C90AFF608603C
:108F50000D90C6A00E90CBA00F90AFF614601090AD
:108F6000CEA01190D3A01290AFF624601390D7A09A
:108F70001490DCA01590AFF630601690DF48179083
:108F80001538189019904846B1B301293AD00229F2
:108F900038D001E046E030E0032935D0042933D051
:108FA000052931D0062931D007292FD008292DD005
:108FB00009292DD00A292BD00B2929D00C292AD0F8
:108FC0000D2928D00E2926D00F2927D0102925D0E9
:108FD000112923D0122923D0132921D014291FD0DD
:108FE00080F804C099F9040007EB8001D1E901235E
:108FF00057F82010C2A082E204E0AFF6206006908D
:10900000C5A097E7002104E0032102E0062100E06B
:1090100009210171E6E780F804A0E3E70471E1E7C4
:109020000671DFE7C2A00290C7A00390CCA0049015
:10903000D1A005908398F0B1D5A00690C8A0079064
:10904000D9A00890DEA00990C5A00A90E2A00B90DC
:10905000E7A00C90C2A00D90EBA00E90F0A00F9096
:10906000BFA01090F4A01190F9A01290BCA0139092
:10907000FDA0149004E2BEE2F9E3000020494E5640
:109080004552544F52204E343020202020202020A2
:109090000000000020494E564552544F52204E3495
:1090A00031202020202020200000000020494E56A2
:1090B0004552544F52204E34322020202020202070
:1090C0000000000020494E564552544F52204E3465
:1090D00033202020202020200000000020494E5670
:1090E0004552544F52204E3434202020202020203E
:1090F0000000000020494E564552544F52204E3435
:1091000035202020202020200000000028EE000034
:1091100030620000494E5645525445522043414C5E
:109120004942524154494F4E0000000020CCEEED20
:10913000E8F2EEF020C0CAC1204E312020202020CD
:109140000000000020CCEEEDE8F2EEF020C0CAC135
:10915000204E3220202020200000000020CCEEED08
:10916000E8F2EEF020C0CAC1204E3320202020209B
:109170000000000020CCEEEDE8F2EEF020C0CAC105
:10918000204E34202020202000000000E8D00000E5
:109190009C000010CAC0CBC8C1D0CEC2C0D2DC2057
:1091A000CCCECDC8D2CED0DB000000002055E2FBF3
:1091B000F5203D2020202040C220202020202020FB
:1091C00000000000EEF2EAE0EBE8E1F0F3E9F2E59E
:1091D0002055E2FBF5E8EDE2000000002049E2FB4B
:1091E000F5203D202020202025C0202020202020E8
:1091F0000000000020EEF2EAE0EBE8E1F0F3E9F233
:10920000E52049E2FBF52020000000002074E8ED95
:10921000E2203D2020205EB043202020202020207E
:109220000000000020EEF2EAE0EBE8E1F0F3E9F202
:10923000E52074E8EDE22020000000002055F8E869
:10924000EDFB203D2020202026C2202020202020B1
:1092500000000000EEF2EAE0EBE8E1F0F3E9F2E50D
:109260002055F8E8EDFB2020000000002055F1E536
:10927000F2E8203D202020202AC22020202020208B
:1092800000000000EEF2EAE0EBE8E1F0F3E9F2E5DD
:109290002055F1E5F2E82020000000002050E2FB1C
:1092A000F520203D2020202028C2F2202020202050
:1092B00000000000EEF2EAE0EBE8E1F0F3E9F2E5AD
:1092C0002050E2FBF5202020000000002055E2F5B0
:1092D000EEE4203D202020205BC220202020202002
:1092E00000000000EEF2EAE0EBE8E1F0F3E9F2E57D
:1092F0002055E2F5EEE4202000000000DDE1020050
:10930000CAC0CBC8C1D0CEC2CAC020C8CDC2C5D089
:10931000D2204E2100000000EAE0EBE8E1F0EEE2AE
:10932000EAE820EDF3EBFF2049E2FBF50000000046
:1093300020556F7574203D2020202040562020208D
:10934000202020200000000020202073657420765B
:10935000616C756520556F75742020200000000039
:1093600020207072657373206B6579209A206F726C
:10937000209C20200000000020496F7574203D20B3
:109380002020202025C020202020202000000000B8
:109390002020207365742076616C756520496F7597
:1093A0007420202000000000207420696E76203D8B
:1093B0002020205EB043202020202020000000003C
:1093C00020207365742076616C7565207420696E49
:1093D0007620202000000000205562757320203D7B
:1093E00020202020202656202020202000000000C1
:1093F00020207365742076616C75652055627573E5
:10940000202020200000000020556D61696E73202F
:109410003D202020202A562020202020000000006F
:1094200020207365742076616C756520556D6169C7
:109430006E7320200000000020506F757420203DC6
:10944000202020202028572020202020000000005D
:1094500020207365742076616C756520506F75747B
:1094600020202020000000002055696E203D202093
:1094700020202020205B56202020202000000000FB
:10948000FBA01590AFF228101690FF481790FF48E8
:10949000189019904846F1B301293CD002293AD0DE
:1094A00003297ED004297CD005297AD0062979D0D9
:1094B000072977D0082975D0092974D00A2972D0D4
:1094C0000B2970D00C296FD00D296DD00E296BD0CF
:1094D0000F296AD0102968D0112966D012297ED0B0
:1094E00013297CD014297AD080F804C099F904009B
:1094F00007EB8001D1E9012357F82010E4A0E8F739
:109500008DFA0120E8F718FA99F902004C46401C40
:1095100080B2002200E072E02121E7F7D6F894F94A
:109520000200E14DC0EB001101EB401005EB8000A3
:1095300001228069402180B2E7F7C7F894F9020060
:109540000122C0EB001101EB401005EB800025214A
:10955000C06980B2E7F7B9F894F902000022C0EBC5
:10956000001101EB401005EB80005E21006A80B223
:10957000E7F7ABF894F902000122C0EB001101EB10
:10958000401005EB80002621406A80B2E7F79DF885
:1095900094F90200C0EB001101EB401005EB8000D4
:1095A00004E02EE02FE030E032E034E0806A012277
:1095B00080B22A21E7F789F894F902000022C0EB73
:1095C000001101EB401005EB80002821B0F93000BC
:1095D000E6F746FF94F90200C0EB001100E01CE042
:1095E00001EB401005EB80000122C06A5B2180B2D4
:1095F000E7F76BF858E2ADA00690B2A01FE5002196
:1096000004E0032102E0062100E0092101716DE779
:1096100080F804A06AE7047168E7067166E70A2328
:109620004FF47A72E521E120EBF79CFA40E2F2B3C5
:10963000AFF288400290A9A00390AE480490AFF228
:1096400064400590839898B3AFF258400690A948BB
:109650000790A9A00890AEA00990A6480A90B2A0D1
:109660000B90B7A00C90A3480D90AFF200400E9065
:10967000AFF2F0300F909F481090AFF2E0301190B1
:10968000AFF2D03012909B48139080481530149060
:10969000153815901690484699B3012938D00229FB
:1096A00036D0032936D0042934D0052901E03FE023
:1096B00028E02FD006292FD007292DD008292BD01C
:1096C00009292BD00A2929D00B2927D00C2928D0E9
:1096D0000D2926D00E2924D00F2925D0102923D0DA
:1096E000112921D080F8046099F90400BEF1010F1E
:1096F00007EB8001D1E9012357F8201016DD96A071
:1097000097E005E07B4894300690AFF2F4309FE795
:10971000002104E0032102E0062100E0092101719B
:10972000E2E780F804A0DFE70471DDE790A080E0C5
:10973000AFF204400290AFF2F0300390AFF2E030AD
:109740000490AFF2CC3005908398F0B3AFF2C03004
:109750000690AFF2F430079067A008908AA00990B5
:10976000AFF204400A908EA00B9093A00C90AFF241
:1097700010400D90AFF270300E90AFF25C300F9051
:10978000AFF224401090AFF25030119090A01290A0
:10979000AFF2344013903C4814903C48159016901A
:1097A000484691B3012935D0022933D0032933D05B
:1097B000042931D005292FD006292FD007292DD0F3
:1097C00008292BD009292BD000E01FE00A2927D037
:1097D0000B2925D00C2926D00D2924D00E2922D0E2
:1097E0000F2923D0102921D011291FD080F804601F
:1097F00099F90400BEF1010F07EB8001D1E90123C3
:1098000057F8201014DD78A013E003E027A006909D
:109810002CA0A0E7002104E0032102E0062100E0E3
:1098200009210171E4E780F804A0E1E70471DFE7B2
:1098300073A0E8F7F3F80120E8F77EF899F9020041
:10984000754D00EB4001C1EB401005EB80004C462C
:10985000408801224021E6F738FF94F902000122F6
:1098600000EB4001C1EB401035F82000D6E029E1C3
:109870002020207365742076616C75652055696EB3
:10988000202020200000000028EE0000C8E1020097
:109890002043414C4942524154494F4E20494E5673
:1098A000204E212000000000D8EC0720202020704E
:1098B00072657373206B657920A4202020202020FE
:1098C00000000000746F2063616C696272617465EE
:1098D00020496F75743D304100000000EEF2EAE06F
:1098E000EBE8E1F0F3E9F2E52055E2FBF52020207A
:1098F00000000000488101002074202020203D202D
:1099000020205EB0432020202020202000000000E6
:1099100020EEF2EAE0EBE8E1F0F3E9F2E520742072
:1099200020202020000000002055E8EDE220203D0E
:109930002020202026C220202020202000000000FF
:10994000EEF2EAE0EBE8E1F0F3E9F2E52055E8EDCC
:10995000E22020200000000020CAC0CBC8C1D0CE29
:10996000C2CAC020C1C0C9CFC0D14E210000000072
:1099700020CAC0CBC8C1D0CEC2CAC020C1C0C9CFC6
:10998000C0D120200000000020202020736574201A
:1099900076616C7565207420202020200000000076
:1099A0002055696E7620203D20202020202656203C
:1099B00020202020000000002020207365742076E5
:1099C000616C75652055696E7620202000000000CE
:1099D0002020207365742076616C756520506F754A
:1099E0007420202000000000204259504153532091
:1099F00043414C49425241542E204E210000000068
:109A0000204259504153532043414C494252415402
:109A1000494F4E2000000000D00508202521E6F720
:109A200054FE94F90200002200EB4001C1EB40100B
:109A300005EB80005E21007FE6F747FE94F9020007
:109A4000012200EB4001C1EB401005EB8000262114
:109A50004089E6F73AFE94F90200012200EB40014A
:109A6000C1EB401005EB80002A210089E6F72DFEAE
:109A700094F902000022401C80B22121E6F725FE65
:109A800094F902104FF6E85201EB4100C0EB41108F
:109A900005EB80004168914201DD0021416088B200
:109AA00000222821E6F72BFD607800283FF4B7ADAF
:109AB0006078032806D10A234FF47A72E521E12069
:109AC000EBF750F8FEE300BF18234FF0210B1B25E6
:109AD0004FF01E084FF0270E7AB3DAA00290AFF2D3
:109AE00004200390DD480490DDA00590AFF214201F
:109AF0000690DA480790E0A00890AFF22020099085
:109B0000D6480A90E2A00B90839800280ED0AFF6BA
:109B10001C100C90D1480D90E3A00E900ED1CF48B0
:109B200000F194000F90AFF610000BE0CB4800F16D
:109B300094000C90AFF62000EDE711E1AFF64C1069
:109B40000F90C6481090DEA0119006D1C34800F1D6
:109B500094001290AFF6400003E0AFF66810129048
:109B6000BE481390DCA01490AFF25C201590BB4867
:109B70001690DFA01790AFF268201890B7481990A0
:109B8000E1A01A90AFF278201B90B4481C90E4A09A
:109B90001D90AFF254201E90B0481F90E6A0209078
:109BA000AFF264202190AD482290E9A02390EDA06F
:109BB0002490AA482590F0A02690AFF63810279060
:109BC000A6482890F2A02990AFF648102A90A34802
:109BD0002B90F5A02C90AFF654102D909F482E900E
:109BE000F7A02F90AFF6341030909C483190FAA037
:109BF0003290AFF64010339098483490FCA03590E6
:109C0000AFF65010369095483790FF483890153889
:109C100039903A904846F1B3012978D0022976D09C
:109C2000032976D0042974D0052972D0062972D070
:109C3000072970D008296ED009296ED00A296CD066
:109C40000B296AD00C296AD00D2968D00E2966D05C
:109C50000F2967D0102965D0112963D0122963D04C
:109C6000132961D014295FD015295FD016295DD042
:109C700017295BD018295CD019295AD01A2958D035
:109C80001B2958D01C2956D01D2954D01E2954D028
:109C90001F2952D000E03AE020294ED021294FD090
:109CA00022294DD023294BD024294CD025294AD014
:109CB000262948D0272948D0282946D0292944D008
:109CC0002A2945D02B2943D02C2941D02D2941D0F8
:109CD0002E293FD02F293DD030293DD031293BD0EE
:109CE000322939D0332939D0342937D0352935D0E4
:109CF0003621017199F9040007EB8001D1E90123B4
:109D000057F82010C1A0EDE203E004E005E00021D7
:109D1000EFE70321EDE70621EBE70921E9E780F80A
:109D200004A0E7E70471E5E70671E3E780F804C003
:109D3000E0E70371DEE70571DCE780F80480D9E72E
:109D400080F804B0D6E72421D3E780F804E0D1E717
:109D50002A21CEE72D21CCE73021CAE73321C8E7FD
:109D6000B0A00290B5A00390AFF60C200490B9A06B
:109D70000590BEA00690AFF618200790C1A00890ED
:109D8000C6A00990AFF628200A90CAA00B9083982D
:109D900000280ED0AFF608200C90AFF63C200D90B6
:109DA000CAA00E900BD1AFF2FC400F90AFF2EC4086
:109DB0000AE0AFF208500C90AFF2F840EFE7AFF6D0
:109DC00030200F90AFF668201090C6A0119005D1FA
:109DD000AFF228501290AFF2145004E0AFF65020CA
:109DE0001290AFF6842013903BA01490AFF268401D
:109DF0001590AFF6942016903DA01790AFF27840E2
:109E00001890AFF6A42019903FA01A90AFF28840A6
:109E10001B90AFF6B4201C90B8A01D90BDA01E9062
:109E2000AFF6C4201F90C1A02090C6A02190AFF62D
:109E3000D0202290C9A02390CEA02490AFF6E0209D
:109E40002590A3E12055E2FBF541203D2020202074
:109E500021C2202020202020000000004881010095
:109E60002055E2FBF542203D2020202040C220204A
:109E700020202020000000002055E2FBF543203D7B
:109E80002020202023C220202020202000000000AD
:109E90002049E2FBF541203D202020202024C02045
:109EA00020202020000000002049E2FBF542203D58
:109EB000202020202025C02020202020000000007D
:109EC0002049E2FBF543203D20202020205EC020D9
:109ED0002020202000000000207441202020203D70
:109EE00020202026B0432020202020200000000039
:109EF000207442202020203D2020202AB043202012
:109F00002020202000000000207443202020203D3D
:109F100020202028B0432020202020200000000006
:109F20002055E8EDE241203D2020202029C22020BC
:109F300020202020000000002055E8EDE242203DD6
:109F4000202020202DC220202020202000000000E2
:109F50002055E8EDE243203D202020202BC2202088
:109F600020202000EEF2EAE0EBE8E1F0F3E9F2E590
:109F70002055E8EDE22020002055F1E5F2E84120EF
:109F80003D202020207BC220202020200000000037
:109F90002055F1E5F2E842203D202020207DC2201E
:109FA00020202020000000002055F1E5F2E84320A9
:109FB0003D202020205BC220202020200000000027
:109FC0002050E2FBF54120203D202020205DC2F200
:109FD00020202020000000002050E2FBF54220203D
:109FE0003D202020203CC2F2202020200000000044
:109FF0002050E2FBF54320203D202020203EC2F2ED
:10A000002020202000000000DDE1020020CAC0CB9B
:10A01000C8C1D0CEC2CAC020C1C0C9CFC0D1C02023
:10A020000000000020556F757441203D2020202045
:10A0300021562020202020200000000020207365D1
:10A04000742076616C756520556F757441202020F1
:10A050000000000020556F757442203D2020202014
:10A060004056202020202020000000002020736582
:10A07000742076616C756520556F757442202020C0
:10A080000000000020556F757443203D20202020E3
:10A09000235620202020202000000000202073656F
:10A0A000742076616C756520556F7574432020208F
:10A0B0000000000020496F757441203D20202020C1
:10A0C0002024C020202020200000000020496F759F
:10A0D0007442203D202020202025C0202020202048
:10A0E0000000000020496F757443203D202020208F
:10A0F000205EC02020202020000000002055696E36
:10A100007641203D2020202029562020202020207C
:10A110000000000020207365742076616C75652056
:10A1200055696E7641202020000000002055696EA0
:10A130007642203D202020202D5620202020202047
:10A140000000000020207365742076616C75652026
:10A1500055696E7642202020000000002055696E6F
:10A160007643203D202020202B5620202020202018
:10A170000000000020207365742076616C756520F6
:10A1800055696E764320202000000000C5A026906F
:10A19000CAA02790AFF638602890CEA02990D3A00F
:10A1A0002A90AFF644602B90D6A02C90DBA02D9087
:10A1B000AFF654602E90DFA02F90E4A03090AFF661
:10A1C00060603190E7A03290ECA03390AFF6706001
:10A1D0003490F0A03590F5A03690AFF67C603790C3
:10A1E000F8483890F84839903A904846F1B3012938
:10A1F0003CD002293AD003297ED004297CD00529FD
:10A200007AD0062979D0072977D0082975D009296D
:10A2100074D00A2972D00B2970D00C296FD00D2967
:10A220006DD00E296BD00F296AD0102968D0112962
:10A2300066D0122965D0132963D0142961D015295D
:10A240007ED016297CD017297AD0182979D01929DF
:10A2500077D01A2975D01B2974D01C2972D01D29DA
:10A2600070D01E296FD01F296DD000E0F0E02029AA
:10A2700069D0212968D0222966D0232964D02429D5
:10A280007ED025297CD026297AD0272979D0282963
:10A2900077D0292975D02A2974D02B2972D02C295E
:10A2A00070D02D296FD02E296DD02F296BD0302959
:10A2B0006AD0312968D0322966D033297ED034293A
:10A2C0007CD000E0A4E0352978D0362180F8041055
:10A2D00099F9040007EB8001D1E9012357F8201018
:10A2E000AFF6E400E7F79AFB0120E7F725FBB74C50
:10A2F00001222121608805E0ACE0ADE0AEE0AFE0F6
:10A30000B1E0B2E0E6F7E1F9B4F8760001224021CD
:10A31000E6F7DBF9B4F8EA0001222321E6F7D5F9E4
:10A32000208801222421E6F7D0F9B4F87400012234
:10A330002521E6F7CAF90122B4F8E8005E2104E01D
:10A3400095E097E098E099E09BE0E6F7BEF9207F82
:10A3500000222621E6F7B9F994F8900000222A217C
:10A36000E6F7B3F994F8040100222821E6F7ADF9E5
:10A37000608901222921E6F7A8F9B4F87E0004E0FB
:10A3800082E083E04AE14BE14CE101222D21E6F736
:10A390009CF9B4F8F20001222B21E6F796F9208906
:10A3A00001227B21E6F791F9B4F87C0001227D219E
:10A3B000E6F78BF9B4F8F000012200E034E15B210C
:10A3C000E6F783F961684FF6E850814201DD00212C
:10A3D0006160A16F814201DD0021A167D4F8EC101A
:10A3E000814202DD0020C4F8EC006068002280B2E7
:10A3F0005D21E6F784F8A06F002280B23C21E6F7E9
:10A400007EF8D4F8EC00002280B23E21E6F777F81F
:10A410006F4C207853283DD066283CD026283AD06F
:10A420002D2839D0302838D07E2837D08C2836D007
:10A43000902835D0912834D0922840F02D84A4F172
:10A440009000408F28B363A368A262A16DA0FEE3D1
:10A4500000213BE7032139E7062137E7092135E7EA
:10A4600080F804A034E7047132E7067130E780F821
:10A4700004C02DE703712BE7057129E780F80480FC
:10A4800026E780F804B023E724211FE780F804E0E2
:10A490001EE7F7E37FE1F6E3F6E3F6E3F6E3F6E340
:10A4A000F6E3F6E320556D61696E7341203D20208F
:10A4B00020207B562020202000000000207365749F
:10A4C0002076616C756520556D61696E7341202041
:10A4D0000000000020556D61696E7342203D202010
:10A4E00020207D562020202000000000207365746D
:10A4F0002076616C756520556D61696E7342202010
:10A500000000000020556D61696E7343203D2020DE
:10A5100020205B562020202000000000207365745E
:10A520002076616C756520556D61696E73432020DE
:10A530000000000020506F75744120203D20202035
:10A5400020205D572020202000000000202073657F
:10A55000742076616C756520506F757441202020E1
:10A560000000000020506F75744220203D20202004
:10A5700020203C5720202020000000002020736570
:10A58000742076616C756520506F757442202020B0
:10A590000000000020506F75744320203D202020D3
:10A5A00020203E572020202000000000202073653E
:10A5B000742076616C756520506F7574432020207F
:10A5C0000000000028EE0000C8E10200D0050820CD
:10A5D000AC01001020D1E1EEF0EAE0202032303072
:10A5E000302E30302E3030200000000020CFCE2022
:10A5F000CFCBC8D1202020202020202020202020A8
:10A600000000000020CFCE20CCCA20202020202017
:10A610002020202020202020000000002A2155E6B4
:10A620002D2153E6302151E633214FE6F148B0F9B0
:10A630001A0007EB8004F2B1EFA00290F4A003909F
:10A64000F9A00490FE4847F82E00FE486060A06024
:10A65000022B02DD86F8048002E0A94200DA3171A3
:10A6600099F9040007EB8001D1E9012357F8201084
:10A67000F5A0FBF7F2B8FAA00290FF48039018305B
:10A68000049000F2947047F82E00EE486060A060DD
:10A69000022B02DD86F8048002E0A94200DA317163
:10A6A00099F9040007EB8001D1E9012357F8201044
:10A6B000AFF6B440DDE7F1A00290F6A00390E048C9
:10A6C0000490E0480590012B02DD8498307102E08F
:10A6D000A94200DA317199F9040007EB800157F8BB
:10A6E00020204B68F1A1F7A0E7F798F90220E7F7DF
:10A6F00023F9FA4C002240212088E5F7E6FF0022EA
:10A7000060882321F5F744BBF54802901830039088
:10A710001830049018300590F2A00690F048783078
:10A720000790C7480890C7480990012B02DD84981C
:10A73000307102E0A94200DA317199F9040007EBA7
:10A74000800157F820204B68D8A1DEA0E7F766F912
:10A750000220E7F7F1F8E14C0022A41D2121208816
:10A76000E5F7B3FF608800224021E5F7AEFFA0883F
:10A7700000222321E5F7A9FFA41D0022208826211D
:10A78000E5F7A3FF608800222A21E5F79EFF00225B
:10A79000A0882821B6E794F90100F0B301287DD004
:10A7A00002287CD003287BD004287AD0052879D0D1
:10A7B000062878D0072877D0082876D0CF4CD04DFF
:10A7C000D04ED14FDFF84483DFF84493DFF844A341
:10A7D000DFF844B3092869D00A2868D00B2840F074
:10A7E0005B82984BCDA01A46114600BFE7F716F9D9
:10A7F00000230A2219462078E5F722FF00230F22C2
:10A8000019462888E5F71CFF0023132219463088D3
:10A81000E5F716FF0023042200E063E03868012119
:10A8200080B2E5F70DFF002307220121B8F80000F0
:10A83000E5F706FF00230A220121B9F80000E5F739
:10A84000FFFE00230D220121BAF80000E5F7F8FE13
:10A85000002310220121BBF80000E5F7F1FEB54806
:10A860000023132201210088E5F7EAFEB24C002301
:10A87000052220890321E5F7E3FE608900230322F6
:10A880000221E5F7DDFEA089002307220221E5F77A
:10A89000D7FE00230B22E089022109E06DE07DE074
:10A8A000FEE18DE2CFE277E3A6E3A6E3A6E3A6E32B
:10A8B000E5F7C6FE208A00230F220221E5F7C0FE3D
:10A8C000608A00230D220321E5F7BAFEA08A002347
:10A8D00013220321E5F7B4FE984800230A2203213E
:10A8E0000088D7E1574A96A311469BA0E7F796F850
:10A8F00000230422194640F21B40E5F7A1FE002385
:10A900000B22194645F27820E5F747FE394C002323
:10A9100080340422A08C022180B2E5F791FEE08D04
:10A9200000230522032180B2E5F78AFED6340023F6
:10A9300060880A220221E5F783FEA08800230A220C
:10A940000321E5F77DFEA4F5EB70002313221946E1
:10A9500090F82C00E5F774FE854C00230522208832
:10A960000121E5F76DFE608800230B220121E5F748
:10A9700067FE0023A0881122EFE3324B7DA11A4627
:10A9800082A0E7F74BF88748002221210078E5F7FD
:10A990009CFE8548002240210078FDE3294B83A0DE
:10A9A0001A461146E7F73AF8864800231322008832
:10A9B000194680B2E5F744FE83480023132200883D
:10A9C000012180B2E5F73CFE804800231322008875
:10A9D000022180B2E5F734FE7D480023132200886F
:10A9E000032180B2E5F72CFE7A4C00230E2220785A
:10A9F0001946F1E09C00001020C1E0E9EFE0F1F120
:10AA0000204E312020202020202020200000000087
:10AA100020C1E0E9EFE0F1F1204E3220202020209B
:10AA2000202020200000000020C1E0E9EFE0F1F14B
:10AA3000204E332020202020202020200000000055
:10AA4000E8D0000030620000CAC0CBC8C1D0CEC27E
:10AA5000CAC020C1C0C9CFC0D1D1CEC20000000041
:10AA600020427970617373204E31202020202020F5
:10AA700020202020000000007CE600002055E2E2BB
:10AA8000EEE43D2020202040C22020202020202055
:10AA9000000000002055EFFDF1203D202020202364
:10AAA000C22020202020202000000000202020D1D3
:10AAB000C8CBCEC2DBD520C2C2CEC4CEC22020209D
:10AAC00000000000202020202020CAC0CBC8C1D018
:10AAD000CEC2CAC02020202000000000FE010010CD
:10AAE0008420010020CFDDD12020F42E4220202020
:10AAF000202AC2202020202000000000A0580010A2
:10AB0000A2580010A4580010C0580010AA580010F5
:10AB1000AC580010AE580010B05800104D54202012
:10AB20002020202020202020202020202020202025
:10AB300000000000B2580010545F0010B45800101C
:10AB40002020202020202A2A2A2A2A2A2A2A2020B5
:10AB500020202020000000002A303030302A303001
:10AB6000303030302A20202020202020000000001B
:10AB700010000010CEF8E8E1EAE820EFF0E8E5EC9C
:10AB8000E02020202020204000000000CEF8E8E156
:10AB9000EAE820EFE5F0E5E4E0F7E82020202021D6
:10ABA00000000000EC580010ED58001043414E200A
:10ABB0002020202020202020202020202020202095
:10ABC0000000000048C107204AC107204CC10720EF
:10ABD0004EC10720BC120820E5F732FD6078002343
:10ABE0000E220121E5F72CFDA07800230E22022180
:10ABF000E5F726FDE07800230E220321E5F720FD8E
:10AC0000FF4800684FF0000380B24FF003024FF09E
:10AC10000101E5F715FDFB4800230322808E022188
:10AC200080B2E5F70DFDF8480322002300881146A5
:10AC300080B2E5F705FDF54D002305222888194669
:10AC400080B2E5F7FDFC00230522012100E0F8E3D6
:10AC5000EF4C208880B2E5F7F3FC28882188002398
:10AC6000401A80B205220221E5F7EAFCE94CA0680F
:10AC70000023C0F3074005220321E5F7E1FCA068AB
:10AC8000000EA2E2FCE370E3E0E3FAE3FAE3FAE3A6
:10AC9000FAE3FAE3E5F7D4FC0DF50B7DBDE8F08FA0
:10ACA000DDA3E3A2E849E9A0E6F7B8FEED480023FA
:10ACB000052219460078E5F7C3FCEB48002309227A
:10ACC0000088194680B2E5F7BBFC4FF4F8700AF033
:10ACD00015FE002380B20D221946E5F7B1FCE348CA
:10ACE0000023052201210078E5F7AAFCE0480023B3
:10ACF00009220088012180B2E5F7A2FC4FF4FA7026
:10AD00000AF0FCFD80B200230D220121E5F798FC3A
:10AD1000BC48002313228089194680B2E5F790FCD5
:10AD2000D44C00230522A069022180B2E5F788FCFB
:10AD3000D14D28880AF0E2FD80B200230A220221C8
:10AD4000E5F77EFC208C00230E220221E5F778FC3B
:10AD5000B4F9080002225E21E5F782FB606E002351
:10AD600080B205220321E5F76BFC68880AF0C6FD76
:10AD700080B200230A220321E5F762FCB4F84E00FA
:10AD800000230E220321E5F75BFCB4F954000222F4
:10AD90002621E5F765FBB94800230F220121007841
:10ADA000E5F74EFCB648002311220088012180B24D
:10ADB000E5F746FC4FF4FB700AF0A0FD80B2CAE153
:10ADC000A14BB0A01A461146E6F728FEB34800236F
:10ADD0000722B0F84000194680B2E5F731FCA54CD7
:10ADE00000230A2294F83D001946E5F729FC0023C8
:10ADF00094F889000C221946E5F722FCA848132292
:10AE000000210078E6F729FDA64807220121006805
:10AE1000E6F7D2FCA448072202210068E6F7CCFC42
:10AE2000A248072203210068E6F7C6FCA0481322C7
:10AE300002210068E6F7C0FC9E4813220321006847
:10AE4000E6F7BAFC28E7804B9BA01A461146E6F7C6
:10AE5000E5FD924C00233C34062219462078E5F7A4
:10AE6000EFFB00230A2219466078E5F7E9FB00238F
:10AE700010221946A078E5F7E3FB954C0023102239
:10AE800094F90C00012180B2E5F7DAFB607B002326
:10AE900013220121E5F7D4FB94F98000002380B24E
:10AEA00010220221E5F7CCFB94F881000023132245
:10AEB0000221E5F7C5FB94F9F400002380B21022CB
:10AEC0000321E5F7BDFB94F8F500002313220321CD
:10AED000E5F7B6FB4B4C00233F34022220780121DA
:10AEE000E5F7AEFBE51C0023287806220121E5F7F3
:10AEF000A7FBAE1D0023307808220121E5F7A0FB57
:10AF0000A71D002338780A220121E5F799FB04F1F7
:10AF10000C08002398F800000C220121E5F790FBB3
:10AF20000222607800231146E5F78AFB6878002347
:10AF300006220221E5F784FB707800230822022113
:10AF4000E5F77EFB787800230A220221E5F778FBFB
:10AF500098F8010000230C220221E5F771FBA0788C
:10AF6000002302220321E5F76BFBA87800230622C9
:10AF70000321E5F765FBB078002308220321E5F7FC
:10AF80005FFBB87800230A220321E5F759FB002371
:10AF900098F802000C221AE12B4B1A46114608467B
:10AFA000E6F73CFD4B4C0023032220781946E5F7D9
:10AFB00047FB6078002303220121E5F741FBA078DD
:10AFC000002303220221E5F73BFB0322E078002364
:10AFD0001146E5F735FB0023207907221946E5F7EE
:10AFE0002FFB6079002307220121E5F729FB0023CD
:10AFF0000722A07902216FE0B1E0EAE04BE150E1E5
:10B0000080C10F401C010010E003001044C1072064
:10B0100046C107200040044020202020202020207E
:10B02000202020202020202020202026000000009A
:10B030002020202020202020202020202020202010
:10B040002020205E0000000030620000CAC52020E1
:10B0500020202020202020202020202020202020F0
:10B060000000000016C0072030C0072017C00720CE
:10B0700032C0072040EC07201CDB020018C007206C
:10B0800034C0072020C0C2C0D0C8C8202020202043
:10B090002020202020202020000000001C00001084
:10B0A00056C007207CC0072084C0072080C007202E
:10B0B00088C007208CC007202A2A2020202020209A
:10B0C0002020202020202020202020200000000000
:10B0D000D0050820FCF10720E5F7B2FAE07900235B
:10B0E00007220321E5F7ACFA0023207A0B22194648
:10B0F000E5F7A6FA607A00230B220121E5F7A0FA12
:10B10000A07A00230B220221E5F79AFAE07A0023C5
:10B110000B220321E5F794FA0023207B0F22194626
:10B12000E5F78EFA607B00230F220121E5F788FA0C
:10B13000A07B00230F220221E5F782FAE07B0023A7
:10B140000F220321E5F77CFA0023207C1322194605
:10B15000E5F776FA607C0023132201219AE5F64B8D
:10B16000F6A01A461146E6F759FCFA4D00231322C1
:10B17000688E194680B2E5F763FAA5F1A4040023AE
:10B1800020880222012180B2E5F75AFA0023608864
:10B190000222114680B200E02EE1E5F751FAA88CB8
:10B1A00000230222032180B2E5F74AFA04F5C074B5
:10B1B000002320880A220121E5F742FA6088002353
:10B1C0000A220221E5F73CFAA08800230A22032183
:10B1D00060E5D94B1A4611460846E6F71FFCDE4CDF
:10B1E0000023022220881946E5F72AFA6088002306
:10B1F00002220121E5F724FA0222A0880023114649
:10B20000E5F71EFAE088002302220321E5F718FA89
:10B210000023207A04221946E5F712FA607A002307
:10B2200004220121E5F70CFAA07A0023042202216E
:10B23000E5F706FAE07A002304220321E5F700FA95
:10B240000023A08907221946E5F7FAF9E0890023CF
:10B2500007220121E5F7F4F9208A002307220221C1
:10B26000E5F7EEF9608A002307220321E5F7E8F904
:10B270000023208B13221946E5F7E2F9207D0023F5
:10B2800013220121E5F7DCF9B24800231322808C58
:10B29000032180B2FEE4A84BB0A01A461146FFF786
:10B2A000A5BAA54BB3A01A461146E6F7B7FBB74CB3
:10B2B0000023042220880121E5F7C2F960880023D9
:10B2C00004220221E5F7BCF9A0880023042203210F
:10B2D000E5F7B6F90023E08808221946E5F7B0F94A
:10B2E0002089002308220121E5F7AAF960890023BB
:10B2F00008220221E5F7A4F9A089002308220321EE
:10B30000E5F79EF90023E0890C221946E5F798F944
:10B31000208A00230C220121E5F792F9608A00239C
:10B320000C220221E5F78CF9A08A00230C220321CC
:10B33000E5F786F99648002311220088194680B265
:10B34000E5F77EF993480023112203210078E5F701
:10B3500077F9914C112201212088E6F791FA608853
:10B3600011220221E6F78CFA96E48C4B1A4611461C
:10B370000846E6F753FB94F90100C0B1012828D034
:10B38000022826D019283AD01A2844D01B284ED09B
:10B390001C28E9D16F48814B52301A46C0780128E9
:10B3A00052D07F497FA000BFE6F738FB74E48348A2
:10B3B0007A4B00681A46C00708D0814981A0E6F799
:10B3C0002DFB644800225D21C08A73E374497DA08F
:10B3D000EAE7012181407948704B00681A46014232
:10B3E00001D0774900E06E497CA0E6F717FB94F99D
:10B3F0000100002280B22121E5F767F94CE45548AD
:10B40000664B52301A460078012802D0644979A070
:10B41000CAE76B49FBE74F48604B52301A46407809
:10B42000012802D05E4979A0BEE76549FBE749489B
:10B430005A4B52301A468078012803D0584979A0D7
:10B44000B2E75EE35E49FAE75D49ABE77B4890F817
:10B45000230001281AD002281AD003281AD006285F
:10B460001AD00C281AD076A102917BA10391B8B111
:10B470007FA1049184A1059148491531069112E0FC
:10B4800040E357E136E2C8E21CE33CE384A1EBE78A
:10B4900089A1E9E78EA1E7E793A1E5E798A1E3E7B2
:10B4A0003E491531049194F9011094F90420914218
:10B4B00001DA217104E08A1A012A01DD4A1E227193
:10B4C000022902D108B10220207194F9040007EB8F
:10B4D000800157F820204B688F4990A0E6F79EFA2C
:10B4E0000220E6F729FA1B4C0022803C4021E08C28
:10B4F000E5F7EBF800222321208DE5F7E6F800229E
:10B500002421608DE5F7E1F800222521A08DE5F7E3
:10B51000DCF800225E21208EE5F7D7F81F48E18D88
:10B52000343800EB81006FF001022621E5F7BAF80C
:10B5300000222821608E5FE7306200003720202043
:10B5400020202020202020202020202020202020FB
:10B55000000000001C010010920B0820534E5450B4
:10B5600020202020202020202020202020202020DB
:10B57000000000004D5220202020202020202020EC
:10B58000202020202020202000000000106A001031
:10B59000F05800106DC10720F2580010C8E10200F9
:10B5A000942E0100202020C0E2E0F0E8FF20D1CA64
:10B5B0002E204E3420202020000000007CC00720D8
:10B5C000C42C010020202020C0E2E0F0E8FF202071
:10B5D000F1E5F2E82020202000000000202020C01B
:10B5E000E2E0F0E8FF20E1E0F22E204E21202020D2
:10B5F00000000000202020C0E2E0F0E8FF20D1CAD7
:10B600002E204E312020202000000000202020C0CD
:10B61000E2E0F0E8FF20D1CA2E204E322020202088
:10B6200000000000202020C0E2E0F0E8FF20D1CAA6
:10B630002E204E3320202020000000001C0000108F
:10B6400020E2FBEAEBFEF7E5ED2020202020202081
:10B65000202020200000000020C4EBE8F2E5EBFCF5
:10B66000EDEEF1F2FC2020202028F72E0000000053
:10B6700020EEF7E5F0E5E4EDEEE520E2EAEBFEF79B
:10B68000E5EDE8E5000000002020302520202630F0
:10B690005E202030403A30233A3024200000000061
:10B6A00020F0E0E720E220ECE5F1FFF6202020206A
:10B6B000202020200000000020F0E0E720E22032DF
:10B6C00020ECE5F1FFF6E020202020200000000023
:10B6D00020F0E0E720E2203320ECE5F1FFF6E02067
:10B6E000202020200000000020F0E0E720E220EFF2
:10B6F000EEEBE3EEE4E0202020202020000000001C
:10B7000020F0E0E720E220E3EEE4202020202020CB
:10B710002020202000000000C0210100202020C0A7
:10B72000C2D2CECCC0D2C8D7C5D1CAC8C920202069
:10B730000000000094F9010010B1012805D00AE0D2
:10B74000F1A3F1A2F0A1F6A003E0FBA3FAA2FAA1F3
:10B75000FFA0E6F763F994F902000022401C80B2D2
:10B760002121E4F7B2FF94F902000022801C80B28C
:10B770002121E4F7AAFF94F902000022C01C80B244
:10B780002121E4F7A2FF94F90210F74DC1EB01105B
:10B7900000EB411005EB80000A268069002290FB37
:10B7A000F6F080B25E21E4F790FF94F902000022E7
:10B7B000C0EB001101EB401005EB80005E21D0F8DA
:10B7C000D40090FBF6F080B2E4F77FFF94F902001A
:10B7D0000022C0EB001101EB401005EB80005E2160
:10B7E000D0F8900190FBF6F080B2E4F76EFF94F988
:10B7F00002000122C0EB001101EB401005EB8000BC
:10B800004021C06980B2E4F760FF94F90200012290
:10B81000C0EB001101EB401005EB80004021D0F897
:10B82000D80080B2E4F751FF94F902000122C0EB86
:10B83000001101EB401005EB80004021D0F894018D
:10B8400080B2E4F742FF94F902000022C0EB00113D
:10B8500001EB401005EB80002321B0F93000E4F744
:10B86000FFFD94F902000022C0EB001101EB401033
:10B8700005EB80002321B0F9EC00E4F7F1FD94F929
:10B8800002000022C0EB001101EB401005EB80002C
:10B890002321B0F9A801E4F7E3FD94F902000022A6
:10B8A000C0EB001101EB401005EB80002421006A81
:10B8B00000B2E4F7D5FD94F902000022C0EB0011BC
:10B8C00001EB401005EB80002421D0F8DC0000B231
:10B8D000E4F7C6FD94F902000022C0EB001101EB71
:10B8E000401005EB80002421D0F8980100B2E4F765
:10B8F000B7FD39E59DA00290A2A00390A7A00490F7
:10B90000ACA00590B1A00690B6A00790BBA008908F
:10B91000C048099094F9010094F90410421A022ACF
:10B9200001DD801E01E0884200DA207194F90400F4
:10B9300007EB8001D1E9012357F82010B6A0E6F704
:10B940006DF80120E5F7F8FFB94C00222121B4F889
:10B950005C0080B2E4F7B9FEB4F96000A0F13201F6
:10B960001E2905D80022402180B2E4F7AEFE05E092
:10B970006FF001024021AF48E4F794FEB4F85E0096
:10B980000022232180B2E4F7A0FEB4F96200A0F106
:10B9900032011E2905D80022242180B2E4F795FE49
:10B9A00005E06FF001022421A248E4F77BFEB4F920
:10B9B000620032381E2807D8B4F86400002225211E
:10B9C00080B2E4F782FE05E06FF00102252199487C
:10B9D000E4F768FEB4F96600A0F13201282905D821
:10B9E00000225E2180B2E4F770FE05E06FF00102F4
:10B9F0005E219048E4F756FEB4F9660032382828F4
:10BA000004D800222621B4F8680053E06FF0010248
:10BA100026218848E4F746FEA6E4854D86A00290DC
:10BA2000E87FA0B18AA003908FA0049094A0059015
:10BA3000784806905FF0040085F8250094F901002D
:10BA400094F90410421A022A07DD801E07E07148AB
:10BA50000390914804900120EEE7884200DA2071BB
:10BA600094F9040007EB8001D1E9012357F8201075
:10BA70008AA0E5F7D3FF0120E5F75EFFE87F6FF0CE
:10BA80000702012818D0022819D0D210212189A03C
:10BA9000E4F708FE35F86A0F0022232180B2E4F7AC
:10BAA00014FE68880122242180B2E4F70EFE0122F0
:10BAB000A888252180B29FE4212180A0E8E72121E8
:10BAC00082A0E5E78548744B85A2408F10B18AA11A
:10BAD0008FA001E094A19AA0E5F7A0FF9E48002363
:10BAE0000C220088012180B2E4F7AAFD9B480023C4
:10BAF0000F220088012180B2E4F7A2FD0023122268
:10BB00002EE16BE166E140E12021202020205E2033
:10BB10002020202020204020202020230000000082
:10BB2000204E202020552020202020204920202089
:10BB30002020502000000000202120202020402034
:10BB4000202020202320202020202420000000006E
:10BB5000204E20202049202020202050202020205E
:10BB60002074202000000000D8EC07202074F8EAA0
:10BB70002E6D61783D2020202020202021B0432000
:10BB8000000000002074E2E5EDF22E6D61783D20AA
:10BB90002020202040B04320000000002074F8EA5C
:10BBA0002EF0E5E32E3D20202020202023B043204E
:10BBB000000000002074EEF2EAEB2EEDE0E3F02E40
:10BBC0002020202024B04320000000002074E2EA5E
:10BBD000EB2EEDE0E3F02E202020202025B04320A6
:10BBE000000000002074EEF2EAEB2EE1E0F22E20DD
:10BBF000202020205EB04320000000002074E2EAF4
:10BC0000EB2EE1E0F22E20202020202026B0432041
:10BC100000000000E8D00000202020CACBC8CCC023
:10BC2000D2CACECDD2D0CECBDC2020200000000066
:10BC30001C000010341C010020C2FBE2EEE42020B6
:10BC40002020202020202020212020200000000073
:10BC50002055EEF2EAEB2EED2EEF2EED2E202020D9
:10BC60002024C220000000002055E2EAEB2EED2E39
:10BC7000EF2EED2E202020202025C22000000000E5
:10BC80002054E72EED2EEF2EED2E20202020202018
:10BC90002023F12E000000003062000020CEF2EAE6
:10BCA000EBFEF7E5EDE8E520CD2ECF2ECD2E2020C2
:10BCB00000000000C2FBEAEB2E000000D0E5EBE53F
:10BCC00020E2E5EDF22DF0E000000000D0E5EBE52C
:10BCD00020C0C22EC1C0D232000000001C010010E2
:10BCE00020574731323233324C332020202020205D
:10BCF000202020200000000020D1E1EEF0EAE0202A
:10BD000020303030302E30302E3030200000000017
:10BD100020C2E5F0F1E8FF20202020202020202074
:10BD20002020202000000000446174652020202095
:10BD300020303030302E30302E30302000000000E7
:10BD400056657273696F6E202020202020202020ED
:10BD50002020202000000000FEE3020000E402009A
:10BD6000F3480121008880B2E4F76AFCF148F4A1AD
:10BD7000B0F900000090F048B0F90030EF48B0F999
:10BD80000020F2480DF066FDB3E5F148408F30B178
:10BD9000F04B194603F1180201F1300003E0EEA365
:10BDA000F3A2EDA1F8A0E5F739FE94F90220FC49D1
:10BDB000C2EB021303EB421201EB8201E34A0020C3
:10BDC000093A0B1893F86B301354401CC0B250283A
:10BDD000F7D38EE5E0A3E6A2DFA1EBA0E5F71EFE18
:10BDE00094F90230EF49D94A03EB43040020C4EB35
:10BDF0004313093A01EB83010B1893F821301354D4
:10BE0000401CC0B25028F7D373E52DE9F043E64853
:10BE1000016A41F400110162416B21F40011416398
:10BE2000016A21F0F8610162E049CA6CE04B1A40F6
:10BE3000CA64016C41F480710164416D21F4807128
:10BE400041654FF46161491EFDD1016C41F480717F
:10BE50000164416D41F480714165406BDFF8F092FF
:10BE600060F0F860820D09F18009A9F25710C9F855
:10BE70000420494604788D6841788378A2F540769D
:10BE800005F07F074FF001084FF0000CA0F12900EA
:10BE9000FF3E01D0AA421BD080F82DC0042C00D256
:10BEA00031B190F82E401CB980F82F8080F82850CE
:10BEB000994203D380F82F8080F8287080F82EC034
:10BEC000142180F82B1080F829C080F82AC020E0C7
:10BED000641CE4B280F82940042C1AD3491CC9B26E
:10BEE00080F829C080F82A10994212D380F828706F
:10BEF00080F82AC080F82F8080F82E8090F82D10CE
:10BF000039B1590880F82B10022902D8022180F893
:10BF10002B10C9F80820BDE8F0832DE9F04FA548A3
:10BF200087B090F82F00002805F0E986DFF820A2FE
:10BF30000024AAF18005AAF826409E4AAAF82840C3
:10BF4000A88E907094711046B2F9421090F82800B3
:10BF50000A2917DAFD2811D07D280FD0FB280DD033
:10BF60007B280BD0F72809D0772807D0EF2805D0F9
:10BF70006F2803D0FE2801D07E2803D18E490C8083
:10BF80008E490C70724B803303F11007F928397811
:10BF90007ED00126E7287CD07928C5D091467A2822
:10BFA00078D01A46B84602F1100C177D9CF9012092
:10BFB0001346521C52B201925A1E52B296467A1E33
:10BFC00052B27F1C00927AB202929CF902C05329AD
:10BFD0007DD07B4A4FF47A7B00291268039277D098
:10BFE0005A4F4FF003088D3F142972D0082971D0A1
:10BFF000092970D08929F8D08A296DD08B296CD075
:10C0000030296BD08D296AD08E2969D02829EED0AD
:10C010006C2966D06D2965D06E297DD06F29FCD042
:10C0200082297AD0872979D0812978D0802977D040
:10C03000592976D03A461629FBD01729F9D0292953
:10C04000F7D02A29F5D06129F3D03229F1D07F2900
:10C05000EFD01746212965D02B2964D07B2963D0E6
:10C06000903A7C29B2F914707AB25ED010295DD072
:10C0700049295CD0512901F07D84522901F04E8577
:10C080002F2901F07E86712901F03887882902E086
:10C09000DAE0E9E0F1E001F06487932902F0AB8592
:10C0A000942902F03587332903F02380712903F0A6
:10C0B0008280722903F0B080732903F0E180742933
:10C0C00003F0CD81752903F0018276290BE0E1E0D0
:10C0D00048E103E3ADE3E9E20EE31FE33AE366E39D
:10C0E00081E3AFE3C9E303F04F82772903F086824F
:10C0F000782903F0B982832903F0EF82842903F0C1
:10C100001C83852903F049841F2903F015853A29EA
:10C1100003F007863B2955E0CEE3EAE3F9E3F9E3D0
:10C12000F9E3F9E3F9E3F9E3F9E3F9E3F9E3F9E32F
:10C1300002E40200FCE30200FAE30200F8E302007A
:10C1400025642E25642E25640000000039020010AD
:10C150001C010010D4A5010020446174652020203A
:10C1600020323030302E30302E30302000000000B1
:10C17000536F6674776172652076657273696F6E4E
:10C1800020504C4400000000536F66747761726564
:10C190002076657273696F6E204350550000000071
:10C1A000D8EC0720D005082000C0092000C00240BC
:10C1B000FF0FC0FF1C00001030C0072016C0072072
:10C1C00080C0072003F0FA85702903F08D86862948
:10C1D00003F0FE868F2904F01180562904F0428076
:10C1E000552904F09380572904F08682582904F0D9
:10C1F000DB84392905F0D280632905F00D8165299A
:10C2000005F096817D2905F03082DFF848C4692960
:10C2100005F0B1836729FBD06B2905F0B28367462F
:10C22000662905F0C483E2462D2905F0E3833D46E7
:10C230008C2905F0AF84902905F069859129FBD000
:10C240009229F9D005F05BBD53290AD01869C3F8CB
:10C250001500187D5876002306211A46532001F058
:10C260006FBE002105F079BB532100201E6009F04C
:10C27000C5F8F949FF200860E4E792F8331010464A
:10C2800029B180F8334000BF82F82D40DAE780F80A
:10C290003360F9E74E46EF280FD0F72812D0454615
:10C2A000012B19D0052B3BD0092B41D0FD2843D0C1
:10C2B000FB2844D0FE2849D0C4E70199404688F8BD
:10C2C000011002E0404688F801E004710B220021D1
:10C2D00008F1010002F010B8FD2809D1ACF1010C01
:10C2E00085F802C03C22002108F10200E8F79DFC1D
:10C2F00096F82800FB2807D1A8783C22401CA8709B
:10C300000021A81CE8F791FC96F82800FE2899D196
:10C31000A6F844402C706C70AC70EC702C7191E7F6
:10C320007E288FD1CD48016821F00101016089E7A5
:10C33000FE2801F01B8585E70098287100E02A712E
:10C340000422002108F1040002F022BE0823072283
:10C35000062105208DE80F0004230322022101207D
:10C3600003F0ACBFBE49FB28B1F91A80B1F9102027
:10C37000B1F91CC002EB080901F18002B2F90870A2
:10C3800019D0FD2829D0B1F91020B1F91A107B2855
:10C39000114428D07E288FD06B2835D07D2838D006
:10C3A000F72889D0EF2887D0772885D06F28B6D096
:10C3B000FE2830D046E7A7480199417010E00121DE
:10C3C00000E000214944BCF1010F01D0002200E04F
:10C3D0000122891A093102F034BF9E4880F801E039
:10C3E000012FEED1EBE7012F0AD000200844BCF169
:10C3F000010F07D00021401A96490930487033E1F7
:10C400000120F3E70121F6E700231A4619461F2011
:10C4100025E79048F3E3DFF83C92F3B1012F3BD0DE
:10C420000020AE46BCF1010F38D00022801A801CDB
:10C430004D46984257DA012F32D0002000EB080217
:10C44000BCF1010F2ED00020101A801C98424ADB4C
:10C450007446BCF1010F27D031E00398814D0028CC
:10C46000A8D000231A4619466620E5F7B5FA2746F4
:10C470004C4609E0401C40B26070202804DB0021DB
:10C480000846E5F796FA2F6094F901002A6806FA43
:10C4900000F11142EED0D5E60120C2E70122C5E746
:10C4A0000120CBE70120CFE7012F0CD00020181A84
:10C4B000801EC3B2002211468D20E5F78DFAA08BB5
:10C4C000032802D0BEE60120F1E7BAF8080095F98A
:10C4D0000110012800D00020081AC01E0022C3B29B
:10C4E00011468E20BBE6012F27D0002000EB08026A
:10C4F000BCF1010F23D00020101A801C984228DACA
:10C50000012F1ED000200A18BCF1010F1BD0002003
:10C51000101A801C98421CDBA3EB0800012F14D0DA
:10C520000021401ABCF1010F11D000210844C01EA7
:10C530000022C3B211468B2091E60120D6E70120EC
:10C54000DAE70120DFE70120E2E70121E9E7012145
:10C55000ECE7012F0FD000200A18BCF1010F0CD01E
:10C560000020101AC01C984209D100231A4619460F
:10C57000302002F07DBE0120EEE70120F1E7012F1F
:10C580000ED000200A18BCF1010F0BD00020101AA9
:10C59000001D984208D100231A4619466C2075E305
:10C5A0000120EFE70120F2E7BCF1010F14D00020D9
:10C5B000C0F10100B84200D000268819401D984201
:10C5C0000CD100231A4619461620E5F705FA322049
:10C5D000E3F76BFE05F08EB80120E9E7012F0ED0DE
:10C5E00000200844BCF1010F0BD00022801A801DEE
:10C5F000984208D100231A4619467B2046E30120C1
:10C60000EFE70122F2E7012F1CD000200844BCF123
:10C61000010F19D00022801AC01D984202F0C78471
:10C62000012F13D000200844BCF1010F10D00021CD
:10C63000401A0830984245F0628300231A46194692
:10C64000902023E30120E1E70122E4E70120EAE76B
:10C650000121EDE7AC01001080C10F400040044013
:10C660009C00001080C007205846A9E27A7838461E
:10C67000521E52B27A70032A7ED0012A7DD005E084
:10C68000FB287BD0FE2833D058B9DBE599F825107C
:10C6900025E1009401940294039497F9020003F0B9
:10C6A00009BE002103F085BB002089E25846E3F76C
:10C6B000FCFD002211461046E3F7CAFD99F8280058
:10C6C000FD2872D0FB2871D0F728EAD079E14170BB
:10C6D000042268E3781C37E6787832E300221146BA
:10C6E0001046E3F7B5FD99F82800FD28C8D1BDE74D
:10C6F00079780429D5D1CCE7002211461046E3F71A
:10C70000A7FD99F82800FD28B0D0FB287DD0FE2891
:10C7100076D197F9010099F8251061E000221146C1
:10C720001046E3F795FD99F82800FD289ED0FB28D8
:10C730006BD0FE28ECD199F8251097F901204B1EFB
:10C740009A4204D10022BB78114691209EE28A428F
:10C75000A7D077E5002211461046E3F779FD99F856
:10C760002800FD280DD0FB280FD0EF2817D07E28F9
:10C7700017D0F72872D002E043E044E045E002F031
:10C78000B4BCB9783846491E02E0B9783846491C2D
:10C790008170298AC91E4AB20021B81CD4E57E7076
:10C7A00050E5FD4880F8FD434CE582E182E100223E
:10C7B00011461046E3F74CFD99F82800FD2896D065
:10C7C000FB2822D0FE28A3D199F8251097F9010063
:10C7D0004A1E904204D100231A461946922055E27F
:10C7E0008842B5D02EE5002211461046E3F730FD11
:10C7F00099F82800FD2887D0FB2806D0FE280ED007
:10C800008AE2467042E7447040E77A783846521C24
:10C8100052B27A70032AF5DA80F8018036E799F887
:10C82000250097F90120411E8A42D4D082428FD040
:10C8300008E55846E3F739FD99F82800F72887D02E
:10C8400005F05ABA5846E3F730FD99F82800FD285C
:10C8500005D0FB2807D0FE280AD0F3E498E27978C7
:10C860003846491E37E07978491C7970A98A36E044
:10C8700097F90100B5F91410B2E75846E3F715FD32
:10C8800099F82800FD2804D0FB2806D0FE280BD0FC
:10C89000D8E479783846491E02E079783846491C50
:10C8A0004170A98A891C1AE0B5F9140097F90110A2
:10C8B000801C814295D0C5E45846E3F7F6FC99F810
:10C8C0002800FD28CBD0FB2802D0FE2809D0B9E4EF
:10C8D00079783846491C4170698AAA8A11444AB25B
:10C8E00061E2B5F91210B5F9142097F9010011446D
:10C8F00076E75846E3F7D9FC99F82800FD2812D0CE
:10C90000FB2814D097F90110012917D0FE2831D047
:10C9100098E432E04CE058E071E0F2E126E2B3E264
:10C92000EFE2FCE250E379783846491E02E079787C
:10C930003846491C417002220121CBE6EF2806D07F
:10C940006F2804D0F72806D0772804D008E0BAF87A
:10C950002C10491C02E0BAF82C10491EAAF82C1021
:10C960000B2201218D48E8F76BF9BAF92C104FF42E
:10C9700018702AE302299DD064E45846E3F795FC39
:10C9800099F82800FD2804D0FB2806D0FE280AD0FC
:10C9900058E479783846491E02E079783846491CCF
:10C9A0004170E98A9BE797F90100B5F9161017E77E
:10C9B0005846E3F77AFC99F82800FD2879D0FB283F
:10C9C00078D0FE283FF488AE3CE45846E3F76DFC8F
:10C9D00099F82800FD2804D0FB2806D0FE280AD0AC
:10C9E00030E479783846491E02E079783846491CA7
:10C9F00041700822D7E178780828BCD022E43220A0
:10CA0000E3F753FC99F828104F46EF290AD0F7298D
:10CA10000DD062481030FD2912D0FB2917D0FE2915
:10CA200020D00FE45D4864304178491C03E05B4846
:10CA300064304178491E00F8011F0222002149E4B8
:10CA40005649643191F90110425C521C05E053498A
:10CA5000643191F90110425C521E4254084409228B
:10CA6000002137E490F9011090F9002001EB8101D9
:10CA700002EBC203494D490003EB021290F9020098
:10CA800001EB820164350844297880B2592912D01B
:10CA9000162978D0172977D0612976D04F2975D0FB
:10CAA000322974D02A2973D0292972D07F2971D0D4
:10CAB00035E435E138E1394A95F902108A3A394CC2
:10CAC000535C374A384EDFF8E480552B40F2D223CE
:10CAD0003AD0984233D132F91100552108F0B8FE0E
:10CAE000334F397895F9020034F9100008F0B0FEA0
:10CAF000397B95F9020036F9100008F0A9FEB7F964
:10CB0000101095F9022038F9120008F0A1FE95F9ED
:10CB10000200284931F9100045F2555108F098FEFD
:10CB200095F90200244931F91000002108F090FE27
:10CB300095F90200214931F91000002120E000217F
:10CB40000846E4F736FF50E09842F8D132F9110078
:10CB5000AA2108F07DFE164F397895F9020034F9C4
:10CB6000100008F075FE397B95F9020036F91000C7
:10CB700008F06EFEB7F9101095F9022038F912008E
:10CB800008F066FE8DE51EE03AE042E052E05BE030
:10CB900071E07EE088E00000D8EC0720480100103A
:10CBA00028DB02002CDB020030DB020024DB020069
:10CBB0002C40024038DB020034DB020018DB0200AC
:10CBC000E3F773FB67E4B82808D100210846E4F7CF
:10CBD000F0FE00231A461946102057E000210846AF
:10CBE000E4F7E7FEBAF83A00F0B3F84BF8A2FEA17A
:10CBF000CDF800B0F54800BFE4F73FFF4BE4A6E3F3
:10CC0000A0F540716939E9D10846E4F7D2FEFFF793
:10CC1000FBBBA0F54071B53991D10846E4F7C9FED8
:10CC200000231A4601216220E4F7D6FE0A2087F885
:10CC3000300039E5A0F58071273980D16E702C71F4
:10CC40000A2089F8300026E4A0F54071E739E3D1E5
:10CC50000846E4F7AEFEEA48047044708470C4707D
:10CC600004714471847100E045E0C47144728472BF
:10CC700042F21070A4E77D28CED10021AC7808469E
:10CC8000E4F797FE0022234611462B20E4F7A4FE8A
:10CC9000EAE47E28C0D100210846E4F78AFE00239A
:10CCA0001A4619462C20F1E7A0F50071B33995D149
:10CCB0000846E4F77EFE002140F6026008F07CFFA3
:10CCC00000214FF4606008F077FF00210846E4F788
:10CCD00070FECC48BD4B0460CB480460CB48046078
:10CCE000BAF83A00CDF800B010B1C9A2CEA181E7E0
:10CCF000D3A2D9A17EE7B54BDDA2E3A1CDF800B068
:10CD000078E75846E3F7D1FA99F82800FD2807D0CC
:10CD1000FB2809D0FE280BD0F7283FF433AFB4E44A
:10CD200079783846491ED2E479783846491CCEE4F1
:10CD300097F9010040B101280BD0022810D0032838
:10CD40000ED00428E9D0A0E400231A461946292071
:10CD500003E000231A4619462D20E4F73DFE39E48E
:10CD6000801E0022C3B211462A20F6E70022114697
:10CD70001046E3F76DFA99F82800FD280AD0FB2841
:10CD80000CD097F901103D4679B1012902F0AD812F
:10CD90007C707AE479783846491E02E07978384622
:10CDA000491C41700122002194E4FE28B7D1BC48FF
:10CDB000017801290CD1BB4A95F9021012789142F1
:10CDC00006D10470B848002104804FF4F870D0E513
:10CDD000A878E4F7E5FEB5480078A0B1012817D09F
:10CDE00065281DD0662820D0672823D0682827D042
:10CDF00069282AD06A282DD06C2831D06B282FD0F2
:10CE0000642834D041E440F6B830A9A3009025E06E
:10CE100040F6B830ACA3B2A20090B7A1BCA0EBE63C
:10CE200040F6B830C0A3009008E040F6B830C4A384
:10CE3000009003E040F6B830C7A30090CCA2ECE726
:10CE400040F6B830D0A3009008E040F6B830D4A344
:10CE5000009003E040F6B830D7A30090DCA2DCE7F6
:10CE600040F6B830E0A3DAA2E5A10090D6E76878F2
:10CE7000564B002840F6B830E7A2009002D0ECA153
:10CE8000F148B9E6F1A1FBE700210846E3F7F8F91C
:10CE9000002211461046E3F7DBF999F82800FD2837
:10CEA00009D0FB280BD07B2811D0F7283FF46AAEBD
:10CEB000FE2810D04DE479783846491E02E0797892
:10CEC0003846491C4170BAF81410491C07E5BAF8F5
:10CED000141079703DE4BAF9140097F90120431C4D
:10CEE0009A4205D120B100231A4619467F2034E723
:10CEF0008242DBD00028D9D000227B7811467C20EA
:10CF000034E2FD2808D0FB287FF4ABA9D54802996C
:10CF100000F8041F002141E4D2480099F8E7584680
:10CF2000E3F7C3F90F21A9F8541099F828004F46E8
:10CF3000FB2833D0FD2832D07B2831D07D2830D05B
:10CF4000C84A92F9011041B301292BD002292AD0F5
:10CF50009046042928D0052927D0062926D008295B
:10CF600025D0092924D00A2923D00B2922D00C2925
:10CF700021D00E2920D00F291FD011291ED012290F
:10CF80001DD013291CD014291BD015291AD01729FC
:10CF900004F0B286182916D006E4DAE164E1A2E1D1
:10CFA000CEE1D2E1E3E1E9E1F6E1FCE107E212E200
:10CFB00021E229E22FE24AE2AAE2B0E2B6E2BCE2D2
:10CFC00036E340E354E384E390E350E3306200004F
:10CFD0002020202020EDE5E2E5F0EDFBE9212121F4
:10CFE000202020200000000020202020202020CF12
:10CFF000E0F0EEEBFC2020202020202000000000AC
:10D00000440B082080C007207CC0072084C0072074
:10D01000202020202020EEF7E8F9E5ED2121212035
:10D020002020202000000000202020C6F3F0EDE0AA
:10D03000EB20F1EEE1FBF2E8E92020200000000007
:10D04000202020202020636C656172202121212076
:10D050002020202000000000202020202045766590
:10D060006E74206C6F6720202020202000000000BC
:10D07000202020202070617373776F72642021213B
:10D0800021202020000000002020202020202057E8
:10D09000726F6E67202020202020202000000000DA
:10D0A00016C0072017C0072030C0072019C007206E
:10D0B00020CFF0E8F7E8EDE020EDE5E8E7E2E5F184
:10D0C000F2EDE02000000000E2FBF0E0E2EDE8E23B
:10D0D000E0FEF9E8E920E7E0F0FFE42000000000CE
:10D0E00020EDE5E2EEE7ECEEE6EDEE2E20C8E4E51D
:10D0F000F2202020000000002020E5ECEAEEF1F212
:10D10000E820E1E0F2E0F0E5E82020200000000067
:10D11000C2EAEBFEF7E5EDE8E520EAEEEDF2F0EE2F
:10D12000EBFF2020000000002020202020EDE52043
:10D13000E2E2E5E4E5EDE020202020200000000010
:10D14000202020EDE520EFEEE4EAEBFEF7E5EDE050
:10D1500020202020000000002020202020EFE5F0EB
:10D16000E5E3F0E5F2E02020202020200000000090
:10D1700020EDE5E2EEE7ECEEE6EDEE2EC1E0F2E0CA
:10D18000F0E5FF20000000002020202020C0F1E872
:10D19000ECECE5F2F0E8FF2E20202020000000005B
:10D1A00020C1E0F2E0F0E5FF20E7E0F0FFE6E0E597
:10D1B000F2F1FF2000000000C1E0F2E0F0E5FF2006
:10D1C000F0E0E7F0FFE6E0E5F2F1FF20000000000C
:10D1D0002020202020EDE5E2EEE7ECEEE6EDEE2E5D
:10D1E00020202020000000002020202020C8E4E58E
:10D1F000F220CAC5C120B932202020200000000042
:10D2000020E5ECEAEEF1F2E820E1E0F2E0F0E5E81A
:10D2100020B93120000000002020202020C2CACBED
:10D22000DED7C5CD212121202020202000000000B4
:10D230002020202020C1C0D2C0D0C5C8204E32201E
:10D24000202020200000000070220100202020204B
:10D2500020C1C0D2C0D0C5C8204E312020202020FF
:10D2600000000000AC010010FC4DAC706878401C60
:10D2700040B26870022812D0032812D0062812D0BB
:10D28000072812D00C2812D00D2813D00F2813D045
:10D29000102813D0152822D0162822D010E02E7185
:10D2A0000EE004200BE0052002E0082007E00B2040
:10D2B000287105E00E2002E00E20F9E711206870C9
:10D2C00018220021681CE7F7B0FC95F9010095F9D8
:10D2D0000410411A022944F31285801E2CE0142008
:10D2E000E6E71720EBE7DD4DAC706878401E40B2F2
:10D2F000687003280AD007280AD00D280AD00F2802
:10D300000AD010280BD0162818D009E0022004E01B
:10D31000062002E00C2000E00E20687000E069703A
:10D3200024220021681CE7F780FC95F9010095F99B
:10D330000410884284F2E384287143E41520ECE76A
:10D34000C6481821847003F055BDC44884704470E9
:10D3500038E4FE28F1D197F83800002876D1002370
:10D36000642089F830001A4619464920F5E3FE2862
:10D37000E3D100231A461946512005E0FE28DCD1EE
:10D3800000231A4619465220E4F726FB5846E2F7D6
:10D390008CFF87F8244015E4FE28CED100231A46DE
:10D3A00019462F201FE0B7F8580010B1A7F85840D1
:10D3B00001E0A7F85860B7F95810862084E1B7F863
:10D3C000560010B1A7F8564001E0A7F85660B7F92B
:10D3D0005610802078E199F838000028BED100234B
:10D3E0001A4619469320E4F7F7FA5846E2F75DFF2C
:10D3F00088F8044027E499F838000028AED10023CB
:10D400001A4619469420EEE7FE2896D100231A46C4
:10D41000194688203AE4EF2806D06F2804D0F72870
:10D4200006D0772804D00EE435F87E0F401C02E0C9
:10D4300035F87E0F401E28808848642201219238EA
:10D44000E7F7FEFBB5F90010FE203DE193E14FF454
:10D45000F07359004FF4B4574D008E007A004FF02E
:10D4600078084FF0F00C4FF48079EF2806D06F2841
:10D4700004D0F72838D0772836D050E4BAF9000025
:10D480005446782807D0F02808D0984219D088420E
:10D4900006D1258016E0A4F800C013E0238011E037
:10D4A000A84201D126800DE0B04201D1278009E0D9
:10D4B000B84201D1228005E0904202D1A4F8008058
:10D4C00000E02180654878219038E7F7B9FBB4F98E
:10D4D0000010484608F0BCF9B4F9000000EB8000E9
:10D4E00040000BF0C2FB1AE4BAF900005446782859
:10D4F000E0D0F028E2D09842CDD08842CED0A842E9
:10D50000DFD0B042C5D0B842CCD09042D9D1CDE71F
:10D51000FE2888D100231A46194683207AE7FE2880
:10D52000ABD100231A461946852073E7FE28A4D103
:10D5300000231A46194671206CE792F9021001295E
:10D540000AD002290AD003290AD004290AD00529C1
:10D550000AD006290BD00BE0012509E00A2507E0D7
:10D56000642505E05D4603E042F2107500E03C4DA5
:10D5700005EB8502520091467E280BD1404619B337
:10D58000491E817006220121801CE7F743FB00BF82
:10D5900087F82D4098F802000028A4D0DAF8781017
:10D5A000B1FBF9F209FB121090FBF5F0009097F82F
:10D5B000281000FB05F4EF290AD06F2908D0F729BD
:10D5C00008D0772906D009E0062188F80210DFE7A5
:10D5D000401C00E0401E009087F82D6009220021C9
:10D5E0006846E7F74DFB0098DAF878106843091BA6
:10D5F0000844CAF8780097F828005546EF2805D067
:10D600006F2803D0F72801D0772805D11348154A91
:10D6100001211838E7F734FBA86F01B24FF49F706F
:10D6200008F016F9A86F000C01B24FF4A0704BE09F
:10D63000BAF80810504609B1048100E00681BAF931
:10D640000810762040E0FE2844F05983BAF83A20CA
:10D6500040F2EE3042B1AAF83A40F0E3AC010010DB
:10D66000A08601003F420F00AAF83A600121E7E2DC
:10D6700097F8381000297ED17D243E25EF2801D06F
:10D680006F280DD1BAF80A1050463E290FD04581B7
:10D69000BAF90A104FF4967008F0DAF887F82D609E
:10D6A00097F82800F72804D0772802D012E44481A4
:10D6B000EEE7BAF80A1050463E2908D0A0F80A5002
:10D6C000BAF90A104FF4967008F0C2F88CE1448160
:10D6D000F6E7FE28EAD100231A4619461720E4F798
:10D6E0007BF9E8F735FF3220FFF76ABA5846E2F7D0
:10D6F000DCFD99F828004D46FB2806D0FD2808D00F
:10D700007B280ED0FE280ED046E4FF484178491C05
:10D7100002E0FD484178491E4170042255E3401C57
:10D72000FEE30420FDE3F84C4FF49E7794F90100EA
:10D7300030B1012848D002287ED003287DD00EE1E8
:10D74000DC214FF4817008F083F8FD214FF48670DE
:10D7500008F07EF8BB214FF4877008F079F8BB2100
:10D760004FF4827008F074F8B6214FF4837008F01B
:10D770006FF8172100E0F0E34FF4847008F068F8C8
:10D7800014214FF4857008F063F81821384608F02A
:10D790005FF8FD214FF48E7008F05AF8BB214FF46A
:10D7A0008F7008F055F8FD214FF4907008F050F894
:10D7B000BB214FF4917008F04BF81E214FF492708A
:10D7C00008F046F81421C6E0DC214FF4817008F01F
:10D7D0003FF8FD214FF4867008F03AF8BB214FF472
:10D7E000877008F035F8BB214FF4827008F030F8EC
:10D7F000B6214FF4837008F02BF82D214FF484707C
:10D8000008F026F828214FF4857008F021F841F23D
:10D81000FC21384608F01CF8FD214FF48E7008F00A
:10D8200017F8BB214FF48F7008F012F8FD214FF468
:10D83000907008F00DF801E00CE04DE0BB214FF4D2
:10D84000917008F005F846214FF4927008F000F846
:10D85000282180E0DC214FF4817007F0F9FFFD21E1
:10D860004FF4867007F0F4FFBB214FF4877007F088
:10D87000EFFFBB214FF4827007F0EAFFB6214FF4AF
:10D88000837007F0E5FF64214FF4847007F0E0FF38
:10D890005A214FF4857007F0DBFF6E21384607F000
:10D8A000D7FFFD214FF48E7007F0D2FFBB214FF45C
:10D8B0008F7007F0CDFFFD214FF4907007F0C8FF87
:10D8C000BB214FF4917007F0C3FF5A214FF49270BF
:10D8D00007F0BEFF96213EE0DC214FF4817007F097
:10D8E000B7FFFD214FF4867007F0B2FFBB214FF464
:10D8F000877007F0ADFF4FF48276BB21304607F00A
:10D90000A7FFB621B01C07F0A3FFB421301D07F01C
:10D910009FFFAA21B01D07F09BFFDC21384607F0CE
:10D9200097FFFD214FF48E7007F092FFBB214FF45B
:10D930008F7007F08DFFFD214FF4907007F088FF86
:10D94000BB214FF4917007F083FF31464FF4927082
:10D9500007F07EFFAA214FF4937007F079FF6078FB
:10D96000042803D100210846E4F723F8607885F8FD
:10D970003000E2E44F46EF2810D0F72812D0FE28FE
:10D980003EF46FAC93B1012B31D0022B4DD0032B61
:10D9900064D0042B7ED0052B7DD0CEE45A4801996B
:10D9A000417011E2584880F801E00DE2574C94F8BC
:10D9B00028108DF80010FD2806D07D2804D0FB2803
:10D9C00005D07B2803D00FE0C8B2401C01E0C8B2EC
:10D9D000401E8DF80000172200216846E7F71AF96B
:10D9E0009DF8000084F8280087F82D60A5E4474CD6
:10D9F00094F824108DF80010FD2813D07D2811D044
:10DA0000FB2801D07B28EFD1C8B2401E8DF8000062
:10DA10003B2200216846E7F7FDF89DF8000084F8F6
:10DA20002400E1E7C8B2401CF0E7384D95F820101B
:10DA30008DF80010FD2805D07D2803D0FB2801D0EB
:10DA40007B28D1D18DF800403B2200216846E7F7C2
:10DA5000E1F89DF8000085F82000C5E72B4C94F80C
:10DA60002C108DF80010FD2816D07D2814D0FB282E
:10DA700001D07B28B8D1C8B2B0F101008DF8000008
:10DA80001F2201216846E7F7C5F89DF8000084F8D9
:10DA90002C00A9E703E020E0C8B2401CEEE71B4CD5
:10DAA00094F838108DF80010FD2813D07D2811D07F
:10DAB000FB2801D07B2897D1C8B2401E8DF800000A
:10DAC0000C2201216846E7F7A5F89DF8000084F8CC
:10DAD000380089E7C8B2401CF0E70C4CA18FFD2844
:10DAE00049B28DF8001017D07D2815D0FB2801D041
:10DAF0007B2896D1B1F101018DF80010632200213D
:10DB00006846E7F787F803E0AC01001000400240E8
:10DB10009DF90000A08767E7491CEDE75846E2F74A
:10DB2000C4FB99F828204C46FB2A17D0FD2A2FD099
:10DB3000FC4890F90130DBB3012B5ED041F27A153D
:10DB4000AF1CA91E41F27E184FF48C59022B7AD0DB
:10DB5000042B77D0052B61D01DE4F1E1F14C607806
:10DB6000401C6070BAF8040058B105220021601C06
:10DB7000E7F75BF894F9010002281ED0032802D0D1
:10DB800009E40122F2E70420607084F8048031E4A3
:10DB9000E44C6078401E6070BAF8040048B1052279
:10DBA0000021601CE7F741F86078032803D021E4E6
:10DBB00005E00122F4E70220607020711AE44FF4BE
:10DBC0008975EF2A06D06F2A04D0F72A07D0772A62
:10DBD00005D00FE4BAF804005446401C03E0BAF83C
:10DBE00004005446401EA080CE48032200218C38F9
:10DBF000E7F726F8B4F9041021E0BAF80400544617
:10DC000060B16FF00B014FF48A75EF2A0AD06F2ACA
:10DC100008D0F72A09D0772A07D004E4FE2A3EF478
:10DC200020AB2AE4E088401C01E0E088401EE08050
:10DC3000BC480D228A38E7F703F8B4F906102846E5
:10DC400033E300E079E0FE2A0BD07E2A14D090F96D
:10DC50000200C0B1012823D0022840D003285DD0A3
:10DC60000BE40C46084607F049FE012802D00121CA
:10DC700020461AE30021FBE781780322491C00F8C3
:10DC8000021F002138E3EF2A06D06F2A04D0F72ABA
:10DC900004D0772A02D0F6E328462BE028462FE06E
:10DCA000EF2A06D06F2A04D0F72A07D0772A05D0AA
:10DCB000E9E3384607F022FE401C03E0384607F04F
:10DCC0001DFE401EADF80000FF2200216846E6F769
:10DCD000C2FFBDF90010384607F0BAFDD3E3EF2AC2
:10DCE00006D06F2A04D0F72A08D0772A06D0CAE3D4
:10DCF0004546404607F002FE401C04E045464046CB
:10DD000007F0FCFD401EADF80000FF220021684630
:10DD1000E6F7A1FFBDF900102846DDE7EF2A06D09F
:10DD20006F2A04D0F72A05D0772A03D0ABE34D46FB
:10DD30004846DFE74D464846E2E77E2A90D108464E
:10DD400007F0DCFD784C012813D0284607F0D6FDFB
:10DD50002070384607F0D2FD6070404607F0CEFDD7
:10DD6000A070484607F0CAFD84F8030006F057FB90
:10DD70009CE45820207093206070FE20A070E62064
:10DD8000F2E75846E2F791FA99F828104F46FB2936
:10DD900016D0FD291CD07B2971D0624890F9010072
:10DDA000F0B14FF48B79012832D04FF41777022865
:10DDB0005AD0032870D0042858D005286DD075E4B7
:10DDC00058484178491C06E00522F0E30322EEE3BF
:10DDD00054484178491E4170698B0029F6D1F3E718
:10DDE000EF2906D06F2904D0F72905D0772903D071
:10DDF0005CE4288A401C01E0288A401E28822122F7
:10DE000000214A48E6F71CFFB5F910109A205BE4A0
:10DE1000EF2906D06F2904D0F72914D0772912D022
:10DE200044E4B5F91A0010B1012802D008E06E836D
:10DE300011E0A88B012803D1A5F81C800CE0F0E3C9
:10DE40006C83AC8308E0B5F91A0058B10128F7D10A
:10DE5000A88B0328F4D1AE83B5F91A10FC2007F083
:10DE6000F7FC24E06E83E7E7688B48B1EF2922D006
:10DE70006F2920D0F72921D077291FD016E4FEE39F
:10DE8000EF2906D06F2904D0F72907D0772905D0CC
:10DE90000CE4A88B401C03E01DE09EE0A88B401E14
:10DEA000A8832248032201210C30E6F7C9FEB5F908
:10DEB0001C104846F9E1A88A401C01E0A88A401ECF
:10DEC000A8821A4804220021001DE6F7B9FEB5F920
:10DED00014103846E9E1688B00287ED14FF4957024
:10DEE000EF2906D06F2904D0F72904D0772902D072
:10DEF0000AE4314600E02146E983D6E1A88AC4B2AB
:10DF00005846E2F7D2F999F82800FB281BD0FD28E3
:10DF10001DD07B283EF47DAA024991F9012007E03B
:10DF2000F6E3A6E0AC010010B8580010AC000010F9
:10DF3000002A13DBA24211DA4B780022012174205F
:10DF4000E3F74AFD15E5FB484178491C02E0F94832
:10DF50004178491E417062B229E3FFE3A24270D0CA
:10DF600007E55846E2F7A1F9B5F9362001202F461A
:10DF700002B1152099F828104D464FF00D094FF0C9
:10DF8000130AFB292CD0FD2972D07B2971D040F2D5
:10DF9000CE284FF434794FF4357A4FF4427B672919
:10DFA00068D0E44C94F90130F3B3012B6FD0022B0D
:10DFB0006ED0042B6DD0062B6CD0082B6BD0092BA8
:10DFC0006AD00A2B69D00B2B68D00D2B67D00F2B92
:10DFD0007ED0112B7DD0132B00E0FAE37AD0A8E19C
:10DFE000D44D42B2681C6978491C69700021E6F77B
:10DFF0001CFE95F9010002281ED0032822D0052816
:10E0000025D0072827D00A283DD00B2826D00C2859
:10E0100026D00D2826D00E2826D00F2826D010284E
:10E0200029D0112829D000E035E1122827D0132863
:10E0300027D0142829D09CE42879002890D12E716B
:10E0400021E0F3E30420687085F804801BE00620DB
:10E050006870052016E00820687014E00A2011E0BE
:10E0600085F801900C200DE00F2068700E2009E06B
:10E0700016E0F3E347E011206870102002E085F815
:10E0800001A012202871AC7073E41520E7E313E1BE
:10E0900020E19FE117E28FE2AEE2CFE239E3B8E39D
:10E0A000A44C42B2601C6178491E61700021E6F701
:10E0B000BCFD94F90100142812D0122813D01028A6
:10E0C00013D00E2813D00C2814D0072814D002E047
:10E0D000FCE3FCE3FCE3052810D0032811D048E45E
:10E0E00084F801A045E4112009E00F2007E084F83E
:10E0F00001903EE40B2002E0062000E00420607066
:10E1000037E40220FBE701214FF4337007F0A0FB56
:10E110000021404607F09CFBC021484607F098FBD1
:10E12000A82140F2D22007F093FB0121504607F0CE
:10E130008FFBFB2140F2D62007F08AFBFF214FF432
:10E14000367007F085FBFF2140F2DA2007F080FBF4
:10E15000FF214FF4377007F07BFB002140F2DE20F7
:10E1600007F076FBC0214FF4437007F071FBA82144
:10E1700040F20E3007F06CFB01214FF4447007F0C1
:10E1800067FBFE2140F2123007F062FBA1215846E6
:10E1900007F05EFBA22140F20A3007F059FB312163
:10E1A00040F2DA3007F054FB32214FF4777007F079
:10E1B0004FFB332140F2DE3007F04AFB00214FF4E1
:10E1C000787007F045FB002140F2E23007F040FB99
:10E1D000FF214FF4387007F03BFBFF2140F2E220B3
:10E1E00007F036FBFF214FF4397007F031FBFF21B8
:10E1F00040F2E62007F02CFBFF214FF43A7007F0C5
:10E2000027FBFF2140F2EA2007F022FBFF214FF419
:10E210003B7007F01DFBFF2140F2EE2007F018FBDA
:10E22000FF214FF43C7007F013FBFF2140F2F22076
:10E2300007F00EFBFF214FF43D7007F009FBFF21B3
:10E2400040F2F62007F004FBFF214FF43E7007F088
:10E25000FFFAFF2140F2FA2007F0FAFAFF214FF40B
:10E260003F7007F0F5FAFF2140F2FE2007F0F0FAC8
:10E27000FF214FF4407007F0EBFAFF2140F202302B
:10E2800007F0E6FAFF214FF4417007F0E1FAFF21B1
:10E2900040F2063009E0FE2904D0F72902D0EF2928
:10E2A00043F02D8522B1002103E007F0D1FA53E4B9
:10E2B00001214FF43370F8E7DAB3FE2903D0F729D0
:10E2C00001D0EF29F3D1388F08B1002100E00121FE
:10E2D0004046EAE77E2909D094F9020078B1012886
:10E2E0002DD0022843D0032859D035E4A07803224A
:10E2F000401CA0700021A01CE6F78CFC2CE4EF2948
:10E3000006D06F2904D0F72905D0772903D013E070
:10E31000788F401C01E0788F401E78870548FF22E7
:10E320000021D638E6F797FCB7F93A10484603F0D3
:10E330000EBAFDE3AC01001085F82D600CE4EF2966
:10E3400012D06F2910D0F72901D07729F4D1B88FD6
:10E35000401EB887FF220021FE48E6F77CFCB7F993
:10E360003C1040F2D220E2E7B88F401CF1E7EF29E1
:10E3700012D06F2910D0F72901D07729DCD1F88F7E
:10E38000401EF887F348FF220021801CE6F763FC5B
:10E39000B7F93E105046CAE7F88F401CF1E7EF2965
:10E3A00014D06F2912D0F72901D07729C4D137F8BA
:10E3B000400F401E3880E748FF220021001DE6F78D
:10E3C0004AFCB7F9001040F2D620B0E737F8400F0A
:10E3D000401CEFE77E2989D094F9020030B1012872
:10E3E0001FD0022838D0032852D016E4EF2914D0C9
:10E3F0006F2912D0F72901D077299DD137F8420F24
:10E40000401E3880D348FF220021801DE6F723FC00
:10E41000B7F900104FF4367089E737F8420F401C07
:10E42000EFE7EF2914D06F2912D0F72901D077290F
:10E4300082D137F8440F401E3880C648FF220021A1
:10E440000830E6F708FCB7F9001040F2DA206EE772
:10E4500037F8440F401CEFE7EF2915D06F2913D090
:10E46000F72901D0772989D137F8460F401E388027
:10E47000B848FF2200210A30E6F7EDFBB7F900109B
:10E480004FF4377053E7EFE337F8460F401CEEE7E1
:10E49000EF2914D06F2912D0F72901D0772985D11F
:10E4A00037F8480F401E3880AA48FF2200210C3060
:10E4B000E6F7D1FBB7F9001040F2DE2037E737F876
:10E4C000480F401CEFE77E2985D094F9020030B157
:10E4D00001281FD0022838D0032851D048E4EF2962
:10E4E00014D06F2912D0F72901D0772985D137F8B8
:10E4F000760F401E38809748FF2200213A30E6F719
:10E50000AAFBB7F900104FF4437010E737F8760F05
:10E51000401CEFE7EF2914D06F2912D0F72901D062
:10E52000772985D137F8780F401E38808948FF2237
:10E5300000213C30E6F78FFBB7F9001040F20E30B7
:10E54000F5E637F8780F401CEFE7EF2914D06F2974
:10E5500012D0F72901D0772985D137F87A0F401EDC
:10E5600038807C48FF2200213E30E6F774FBB7F983
:10E5700000104FF44470DAE637F87A0F401CEFE7EA
:10E58000EF2915D06F2913D0F72901D0772986D12B
:10E5900037F87C0F401E38806E48FF220021403043
:10E5A000E6F759FBB7F9001040F21230BFE665E319
:10E5B00037F87C0F401CEEE7EF2906D06F2908D012
:10E5C000F7290AD077290CD010E0B7F87200401C68
:10E5D0000AE0B7F87200801C06E0B7F87200401E2F
:10E5E00002E0B7F87200801EA7F8720085F82D606F
:10E5F000B7F97210584658E6EF2906D06F2908D0AF
:10E60000F7290AD077290DD011E0B7F87400401C23
:10E610000BE0B7F87400801C07E0B7F87400401EE8
:10E6200003E0FBE3B7F87400801EA7F8740085F8D8
:10E630002D60B7F9741040F20A3036E67E2907D112
:10E64000A0780822401CA0700021A01CE6F7E2FA86
:10E6500095F82800404F4FF02008EF2801D06F2890
:10E6600029D194F90220B85C401CC0B2B8542028CB
:10E6700015D3A0F121010F2902D230200BE0FEE3D7
:10E68000A0F13A01072901D2412004E0A0F15B0189
:10E69000062902D26120B85404E07A2802D9404603
:10E6A00007F80280C1B240F2DA3000EB420007F016
:10E6B000CFF885F82D6095F82800F72802D0772844
:10E6C00043F01D8394F902007A22395C491EC9B2D5
:10E6D0003954202915D3A1F121030F2B02D207F8B9
:10E6E00000800FE0A1F13A03072B01D2392104E0A9
:10E6F000A1F15B03062B02D25A21395402E07A2998
:10E7000000D93A54395C40F2DA3202EB40000EE6AE
:10E71000ECE37E293FF4EAAD94F9020030B1012820
:10E7200026D002283ED0032858D00BE4EF291BD076
:10E730006F2919D0F72902D077297FF4E8AD37F88F
:10E740004A0F401E38800348FF2200210E30E6F7B2
:10E7500082FA04E0D8000010020C0820E0E2B7F9C9
:10E7600000104FF43870E2E537F84A0F401CE9E733
:10E77000EF2913D06F2911D0F72901D07729DCD1E7
:10E7800037F84C0F401E3880FF220021F948E6F789
:10E7900062FAB7F9001040F2E220C8E537F84C0FF2
:10E7A000401CF0E7EF2915D06F2913D0F72901D0CD
:10E7B0007729C2D137F84E0F401E3880ED48FF222E
:10E7C0000021801CE6F747FAB7F900104FF43970C2
:10E7D000ADE50CE237F84E0F401CEEE7EF2914D000
:10E7E0006F2912D0F72901D07729A6D137F8500F19
:10E7F000401E3880DF48FF220021001DE6F72BFA7B
:10E80000B7F9001040F2E62091E537F8500F401CB0
:10E81000EFE77E293FF46AAD94F9020038B1012890
:10E8200022D002283BD0032857D004E477E2EF2916
:10E8300016D06F2914D0F72901D077299FD137F846
:10E84000520F401E3880CB48FF220021801DE6F782
:10E8500002FAB7F900104FF43A7068E530E21DE2B1
:10E8600037F8520F401CEDE7EF2914D06F2912D072
:10E87000F72901D077299CD137F8540F401E3880F2
:10E88000BC48FF2200210830E6F7E5F9B7F900108F
:10E8900040F2EA204BE537F8540F401CEFE7EF2930
:10E8A00017D06F2915D0F72901D077299DD137F8D6
:10E8B000560F401E3880AF48FF2200210A30E6F78D
:10E8C000CAF9B7F900104FF43B7030E520E098E04A
:10E8D0000FE137F8560F401CECE7EF2914D06F29F1
:10E8E00012D0F72901D07729A8D137F8580F401E48
:10E8F0003880A048FF2200210C30E6F7ACF9B7F9C8
:10E90000001040F2EE2012E537F8580F401CEFE7F8
:10E910007E293FF4EBAC94F9020030B101281FD0FE
:10E92000022838D0032851D0C1E4EF2914D06F2930
:10E9300012D0F72901D077299DD137F85A0F401E00
:10E9400038808C48FF2200210E30E6F784F9B7F9B1
:10E9500000104FF43C70EAE437F85A0F401CEFE720
:10E96000EF2914D06F2912D0F72901D077299DD132
:10E9700037F85C0F401E38807E48FF22002110309F
:10E98000E6F769F9B7F9001040F2F220CFE437F862
:10E990005C0F401CEFE7EF2914D06F2912D0F72944
:10E9A00001D07729A0D137F85E0F401E388071481A
:10E9B000FF2200211230E6F74EF9B7F900104FF4AC
:10E9C0003D70B4E437F85E0F401CEFE7EF2914D038
:10E9D0006F2912D0F72901D0772985D137F8600F38
:10E9E000401E38806348FF2200211430E6F733F9D7
:10E9F000B7F9001040F2F62099E437F8600F401C98
:10EA0000EFE77E2985D094F9020030B101281FD0AC
:10EA1000022838D0032851D049E4EF2914D06F29B7
:10EA200012D0F72901D0772986D137F8620F401E1E
:10EA300038805048FF2200211630E6F70CF9B7F96C
:10EA400000104FF43E7072E437F8620F401CEFE79D
:10EA5000EF2914D06F2912D0F72901D0772986D158
:10EA600037F8640F401E38804248FF2200211830DA
:10EA7000E6F7F1F8B7F9001040F2FA2057E437F85A
:10EA8000640F401CEFE7EF2914D06F2912D0F7294B
:10EA900001D0772986D137F8660F401E3880354877
:10EAA000FF2200211A30E6F7D6F8B7F900104FF42C
:10EAB0003F703CE437F8660F401CEFE7EF2914D0B5
:10EAC0006F2912D0F72901D0772986D137F8680F3E
:10EAD000401E38802748FF2200211C30E6F7BBF893
:10EAE000B7F9001040F2FE2021E437F8680F401C0F
:10EAF000EFE77E2986D094F9020030B1012821D0B9
:10EB000002283DD0032855D018E4EF2916D06F29EC
:10EB100014D0F72901D0772986D137F86A0F401E23
:10EB200038801448FF2200211E30E6F794F800E0F8
:10EB30005BE0B7F900104FF4407014E437F86A0F47
:10EB4000401CEDE7EF2917D06F2915D0F72901D028
:10EB5000772984D137F86C0F401E38800548FF2292
:10EB600000212030E6F777F8B7F9001040F20230C4
:10EB700011E40000E800001037F86C0F401CECE7CF
:10EB8000EF2913D06F2911D0F72901D077299CD113
:10EB900037F86E0F401E3880FF220021F848E6F754
:10EBA0005AF8B7F900104FF441700EE437F86E0FC1
:10EBB000401CF0E7EF2914D06F2912D0F72901D0BB
:10EBC0007729A9D137F8700F401E3880EC48FF2212
:10EBD0000021801CE6F73FF8B7F9001040F206303C
:10EBE0001AE437F8700F401CEFE783428CD1FE29FE
:10EBF0003DF437AB72E45846E1F757FB99F828002B
:10EC0000FB2813D0FD283AD07B2858D0DC49A2310C
:10EC100091F9011049B302297DD004297CD006293D
:10EC20007BD008297AD00A2979D057E4D448A23079
:10EC30004178491C49B24170012908D003290AD002
:10EC400005290DD0072911D0092914D015E002217A
:10EC50004170067111E00421417080F804800CE0DD
:10EC600006214170052104E092E22AE0082141706A
:10EC70000721017101E00A2141700A2285E1C04D9E
:10EC80000A22A23500216878401E6870681CE5F7EA
:10EC9000CCFF95F90100092801D108200DE00728D3
:10ECA00006D0052806D0032806D001287DD015E41B
:10ECB000062002E0042000E0022068700EE40A2032
:10ECC00077E199F8381059BBEF2806D06F2804D0A7
:10ECD000F72806D0772804D027E5B9F87000401C43
:10ECE00002E0B9F87000401EA9F87000A448E622BE
:10ECF000DC217E38E5F7A4FFB9F970104FF481707C
:10ED000006F0A6FDB9F87000233001B2A9F876101C
:10ED10004FF4867005E009E027E048E09FE083E1DA
:10ED200044E006F095FD89F82D60FEE499F838106E
:10ED3000E1BBEF2806D06F2804D0F72806D077284B
:10ED400004D0F2E4B9F87600401C02E0B9F876008D
:10ED5000401EA9F876008A484FF48772F02178386F
:10ED6000E5F76EFFB9F97610D2E799F83810E9B9EE
:10ED7000EF2806D06F2804D0F72806D0772804D0D3
:10ED8000D3E4B9F87800401C02E0B9F87800401EDE
:10ED9000A9F878007A48C82200217638E5F750FFB4
:10EDA000B9F978104FF48770B4E700E137E0002438
:10EDB00099F838104FF49672012781BBA98C182955
:10EDC00007D0A1F59053FC3B06D12A243422032717
:10EDD0000CE016241A2209E06E2902D0DC2904D0A6
:10EDE00004E053247122052700E0AF24EF2806D069
:10EDF0006F2804D0F72813D0772811D095E4B9F8FC
:10EE00007E002146401CA9F87E005D487038E5F779
:10EE100017FFB9F97E104FF484707BE71DE364E0BF
:10EE2000B9F87E002146401EA9F87E00544870388B
:10EE3000E5F706FFB9F87E00C01B02B2E01B01B285
:10EE40004F486E38E5F7FCFEB9F97E104FF4847038
:10EE500006F0FEFCB5F900104FF485705AE700216A
:10EE600099F838204FF496740127F2BBAA8C182A1F
:10EE700009D0A2F59053FC3B08D1282100E069E3BA
:10EE8000322403270CE01421182409E06E2A02D052
:10EE9000DC2A04D004E050216E24052700E0AA21DA
:10EEA000C846EF2806D06F2804D0F72823D077284B
:10EEB00021D03AE428882246401C288030486E3809
:10EEC000E5F7BEFEE01902B22888384401B22C48AA
:10EED0007038E5F7B5FEB5F900104FF4857006F00F
:10EEE000B7FC4446B8F97E1001E068E050E04FF40A
:10EEF0008470FEF7F1BE28882246401E28802048F4
:10EF00006E38E5F79DFEB5F900104FF4857025E2E7
:10EF10005846E1F7CAF999F828004D46FB2811D068
:10EF2000FD2838D07B287CD01549A23191F90110F9
:10EF300029B3022966D0042974D0062973D0082980
:10EF400072D072E40E48A2304178491C49B2417037
:10EF5000012906D0032908D005290BD0072911D093
:10EF600012E00221417006710EE00421417080F828
:10EF7000048009E0062141700521017104E01BE0D5
:10EF80000A0100100821417008220021FEF7C7BBCA
:10EF9000E5F74BFE49E4FB4D082200216878401E4E
:10EFA0006870681CE5F741FE95F9010077E66C7022
:10EFB0003BE4F449487038E495F8381011B1E6F7AD
:10EFC00079FF32E4EF2806D06F2804D0F72806D066
:10EFD000772804D029E435F8720F401C02E035F898
:10EFE000720F401E28804FF49672C821E648E5F75C
:10EFF00027FEB5F900104FF4827006F029FC05F8E1
:10F00000456C12E495F838100029D8D14FF4977464
:10F01000EF280AD06F2808D0F7280AD0772808D020
:10F0200082E4EFE318E03BE05FE035F8740F401C4A
:10F0300002E035F8740F401E2880D3484FF49672D2
:10F04000C821801CE5F7FCFDB5F90010204606F04C
:10F05000FFFB05F8476C67E495F838100029AED13E
:10F06000EF2806D06F2804D0F72806D0772804D0E0
:10F070005AE435F87A0F401C02E035F87A0F401E4A
:10F080002880C148CD226E210830E5F7D9FDB5F9B9
:10F0900000104FF4837006F0DBFB05F84D6C43E481
:10F0A00095F8381000298AD14FF49874EF2806D0CB
:10F0B0006F2804D0F72806D0772804D034E435F838
:10F0C0007C0F401C02E035F87C0F401E2880AE48C3
:10F0D000C82269210A30E5F7B3FDB5F900102046D2
:10F0E00006F0B6FB05F84F6C1EE4FE283DF4B9A807
:10F0F0001AE45846E1F7D9F899F828004C46FB285D
:10F100000AD0FD280CD07B2811D0FE2812D09D49B2
:10F110004978022930D007E49A484178491C02E036
:10F1200098484178491E417099F8251089E099F86E
:10F1300025003EE7934894F8251090F90100884295
:10F14000D4D010B101280AD066E499F82100012832
:10F1500003D00121A020FFF7A8B80021FAE794F816
:10F160002100012884D199F82200012802D0012130
:10F17000A220F0E70021FBE794F8221001298ED1AC
:10F18000EF2808D06F2806D0F72807D0772805D0B9
:10F1900084F82D6040E4288C401C01E0288C401E3F
:10F1A000ADF80000182201216846E5F749FDBDF9D8
:10F1B0000010A4209DE65846E1F777F899F828005A
:10F1C000FD2804D0FB2806D0FE280AD024E46D4890
:10F1D0004178491E02E06B484178491C4170FEF7B6
:10F1E000F5BD684890F9010038B101280AD002281D
:10F1F0000DD003283DF455AA0EE400231A46194603
:10F20000762035E000231A461946772030E00023A7
:10F210001A46194678202BE05846E1F746F899F847
:10F220002800FD2804D0FB2806D0FE280BD06BE474
:10F2300054484178491E02E052484178491C4170C7
:10F24000A98A4AB2A1E64F48B5F9141090F9010015
:10F250008842CFD030B1012806D002280CD0032834
:10F260000CD051E4002300E0012300221146752058
:10F27000E2F7B2FBFDF718BA0223F6E70323F4E73F
:10F280005846E1F712F899F82800FB2818D0FD2815
:10F290001AD07B2823D03B4C6FF0310594F9011034
:10F2A00001291ED002295ED003296AD0042971D019
:10F2B000052970D006296FD007293FF416AF23E443
:10F2C00030484178491C05E02E4890F90110012989
:10F2D00003D0491E417007222CE10471FBE707208F
:10F2E00067E6284FC8461037FE2808D0EF2817D009
:10F2F0006F2815D0F7281BD0772819D01FE0214997
:10F3000094F902000A3131F81020204931F9100037
:10F310001AB1002106F09CFA11E04FF0FF31F9E735
:10F3200094F9021037F81100401C27F8110006E08C
:10F3300094F9020037F81010491E27F8101094F9BC
:10F340000200642207EB40002946E5F779FC94F9B6
:10F3500002000F4D4AE000BF35F9120006F078FABE
:10F3600088F82D6046E4074FC8461C37FE2814D0A5
:10F37000EF2823D06F2821D0F72825D0772823D055
:10F3800029E03EE0AC0100108E00001040DB0200DE
:10F3900046DB02003FE048E051E094F90200FD49FD
:10F3A00031F81020FC4931F9100022B15FF0000162
:10F3B00006F04EFA0FE04FF0FF31F9E794F9020042
:10F3C00037F81010491C04E094F9020037F81010C7
:10F3D000491E27F8101094F90200642207EB400040
:10F3E0002946E5F72DFC94F90200EC4D35F81000A4
:10F3F00006F084FA94F9022037F912108842AFD04F
:10F40000AAE7FE28AED1E34994F902000C3131F8A5
:10F410001020E3491CE0FE28A4D1DE4994F9020043
:10F42000123131F81020DF4912E0FE289AD1D94973
:10F4300094F90200183131F81020DB4908E0FE2869
:10F4400090D1D44994F902001E3131F81020D749E7
:10F450008ABB00BF31F91000CDE000217BE65846A1
:10F46000E0F723FF99F82800FB280DD0FD2816D0DF
:10F470007B286FD0C749163991F90120012A20D085
:10F48000032A3FF432AE12E4C24816384178491CD0
:10F4900049B24170022912D180F801800FE0BD48C5
:10F4A000163890F90110012906D0491E49B2417061
:10F4B000022903D003E058E0047100E04670032203
:10F4C00038E0FE28DFD191F902003BE05846E0F732
:10F4D000ECFE99F82810FB2911D0FD291AD07B29C0
:10F4E0002AD0AC48163890F90120012A26D0032AE8
:10F4F00031D0042A3CD0052A3FF479AB15E4A54865
:10F5000016384178491C49B24170022911D180F85E
:10F5100001800EE09F48163890F90110012905D0AE
:10F52000491E49B24170022903D101E0047100E093
:10F5300046700522012129E50521F1E3FE29A2D12A
:10F5400090F9020093494E3131F810100029984982
:10F5500080D00AE0F7E3FE2995D18E4990F90200A8
:10F560005E3131F81020934972E731F9100074E7E9
:10F57000FE2988D1874990F90200663131F81010D0
:10F5800000298D49F1D165E75846E0F78EFE99F8DC
:10F590002800FB28B3D0FD28BCD07B283FF49FAEC9
:10F5A0007C49163991F90110012904D003290BD0A7
:10F5B000042917D06DE0FE28A0D176484E3000888F
:10F5C00000287B480BD007E0FE2897D171485630C1
:10F5D00000880028794802D0B0F900003DE7B0F972
:10F5E000000008E0FE2889D16A48663000880028BB
:10F5F0007148F4D0F0E74FF0FF31ACE55846E0F742
:10F6000054FE99F82800FB28C4D0FD2882D07B281E
:10F61000C4D06049163991F90110012904D0032999
:10F620000BD0042917D034E0FE2888D159484E3039
:10F63000408800285E480BD007E0FE288CD1554852
:10F640005630408800285D4802D0B0F9020004E737
:10F65000B0F90200CFE7FE288BD14E4866304088D3
:10F6600000285548F4D0F0E75846E0F71EFE99F818
:10F670002800FB288ED0FD288ED07B288ED04549CF
:10F68000163991F90110012907D003290ED0042958
:10F690001AD005293FF429AD0BE4FE28FCD13D48E2
:10F6A0004E308088002842480BD007E0FE28F3D176
:10F6B0003848563080880028404802D0B0F904000D
:10F6C000CBE6B0F9040096E7FE28E5D13148663074
:10F6D000808800283848F4D0F0E75C465846E0F7C8
:10F6E000E4FD99F82800FB2806D0FD2809D07B28E6
:10F6F0000ED0FE280ED01AE0264816384178491C54
:10F7000003E0244816384178491E417002223CE447
:10F7100002204EE41F49163991F90120002ABBDB73
:10F72000012A04DC00224B7811468420F2E31949B7
:10F7300016394978022974D02CE45846E0F7B5FD13
:10F74000144C99F82800503CFB2815D0FD2841D0D6
:10F750007B2853D004F13A0191F90120CAB1012A62
:10F760006ED0022A73D0032A72D0042A71D0062ADE
:10F7700070D0082A6FD0FFE0064816384178491C3F
:10F7800049B2417005291BD004291ED007291FD07A
:10F790002EE038E0C20100104CDB020052DB020018
:10F7A00058DB02005EDB020064DB02006ADB020061
:10F7B00070DB020080DB020088DB020078DB0200E5
:10F7C000062141700521017112E080F804800FE0EC
:10F7D00008210CE0FB484178491E49B241700729D5
:10F7E00002D0052902D003E0062100E00421417087
:10F7F00008220021401CE5F718FABDE0F149082075
:10F800004870B9E0F0E0FE2804D0EF280AD0F728CD
:10F810000FD0B1E091F9020034F8101081F001012D
:10F8200097E052E191F9020034F8101041F0010123
:10F830008FE091F9020034F8101021F0010188E006
:10F84000FE2809D0EF280ED0F72813D094E018E056
:10F8500033E04EE069E086E091F9020034F81010E0
:10F8600081F0020175E091F9020034F8101041F0C6
:10F8700002016EE091F9020034F8101021F002014B
:10F8800067E0FE2804D0EF2809D0F7280ED073E0F7
:10F8900091F9020034F8101081F0040159E091F957
:10F8A000020034F8101041F0040152E091F9020016
:10F8B00034F8101021F004014BE0FE2804D0EF28AA
:10F8C00009D0F7280ED057E091F9020034F8101053
:10F8D00081F008013DE091F9020034F8101041F088
:10F8E000080136E091F9020034F8101021F0080107
:10F8F0002FE0FE2804D0EF2809D0F7280ED03BE0F7
:10F9000091F9020034F8101081F0100121E091F912
:10F91000020034F8101041F010011AE091F90200D1
:10F9200034F8101021F0100113E0FE2804D0EF2865
:10F9300009D0F72810D01FE091F9020034F8101018
:10F9400081F4004105E091F9020034F8101041F40F
:10F95000004124F810100FE091F9020034F8101063
:10F9600021F40041F5E7FE2806D100210846E2F720
:10F9700020F80020E0F799FC924D934E95F9020093
:10F9800036F8100005F0BAFF95F9022034F912108C
:10F9900088427CD036F9120060E55846E0F785FCD5
:10F9A00099F828004C46FB2814D0FD2816D07B2857
:10F9B0001AD0844991F90110C1B1012931D002292D
:10F9C0004AD0032964D004297DD005297CD006299A
:10F9D0007BD011E47B484178491C02E079484178AA
:10F9E000491E417006222DE4082079E4EF2806D054
:10F9F0006F2804D0F72805D0772803D017E468884B
:10FA0000401C01E06888401E68804FF49672142103
:10FA10006E48E5F715F9B5F902104FF48E70FEF750
:10FA20005BB9EF2806D06F2804D0F72805D07728D7
:10FA300003D016E4A888401C01E0A888401EA880D6
:10FA400062484FF496721421801CE5F7F9F8B5F975
:10FA500004104FF48F70E2E7EF2806D06F2804D02F
:10FA6000F72805D0772803D029E4E888401C01E076
:10FA7000E888401EE88055484FF496721421001D16
:10FA8000E5F7DEF8B5F906104FF49070C7E740E2ED
:10FA9000EF2806D06F2804D0F72805D0772803D0A8
:10FAA00037E22889401C01E02889401E2881474808
:10FAB0004FF496721421801DE5F7C2F8B5F90810CD
:10FAC0004FF49170ABE701E01BE0FAE3EF2806D0BA
:10FAD0006F2804D0F72805D0772803D019E2688969
:10FAE000401C01E06889401E688138484FF49672D6
:10FAF00014210830E5F7A4F8B5F90A104FF4927014
:10FB00008DE7EF2806D06F2804D0F72805D0772896
:10FB100003D0FEE1A889401C01E0A889401EA8810D
:10FB20002A484FF4967214210A30E5F789F8B5F99E
:10FB30000C104FF4937072E75846E0F7B6FB99F853
:10FB40002800FB2809D0FD2811D0C8467B2817D0F3
:10FB5000B5F91A20E2B101231BE01A484178491C8B
:10FB600008E02A8A02B101220A44D21CCFE51548D6
:10FB70004178491E4170698B0029F2D00121F0E7DC
:10FB8000688B00B10120298A01B10121084450E3AA
:10FB90000023B5F9101009B1012700E000271F4428
:10FBA000084BFF1C93F901309F4232D128214D466A
:10FBB000EF280DD06F280BD0F72813D0772811D05D
:10FBC00019E00000AC01001090DB02009E00001064
:10FBD000BAF902200A2A03D01E2A0AD00A2108E014
:10FBE0001E2106E0BAF902200A2A02D0282AF5D1FD
:10FBF000F6E7AAF8021028220A21FF48E5F720F8C4
:10FC0000BAF902104FF4887005F022FE85F82D40F5
:10FC10007FE10AB1012400E0002409B1012700E0DE
:10FC200000273C449C4225D1422005F067FE00B2EB
:10FC3000ADF8100098F82810EF2906D06F2906D0EB
:10FC4000F72906D0772906D008E0401C04E00A30E6
:10FC500002E0401E00E00A38ADF8100088F82D6080
:10FC60004FF44872962104A8E4F7EAFFBDF910109A
:10FC70004220C2E40AB1012400E0002409B10127B6
:10FC800000E000273C44641C9C421ED1A62005F0E5
:10FC900035FE00B2ADF8100098F828104446EF2960
:10FCA00006D06F2906D0F72906D0772906D008E0BC
:10FCB000401C04E0801C02E0401E00E0801EADF805
:10FCC000100040F6B8325946F2E3FE28A0D133B90D
:10FCD00029B10022012311465620FCF7D7BF09B1F4
:10FCE000012000E00020834204D1012A02D1A88B28
:10FCF000012802D031B1012005E000231A4619463F
:10FD00005720EAE7002083427CF4CBAC012AFBD1E8
:10FD1000A88B0328F8D100231A4619465820DCE79F
:10FD2000EFE35846E0F7C1FA99F828004D46FB2862
:10FD30000AD0FD280DD07B2873D0AF498E3191F9C0
:10FD4000011079B1F0E3B9E0AB488E304178491C3D
:10FD500003E0A9488E304178491E417001220021FC
:10FD6000401CF6E3202005F0C9FD00B2ADF81000FC
:10FD700095F82810EF2906D06F2906D0F72906D06C
:10FD8000772906D008E0401C04E00A3002E0401E5B
:10FD900000E00A38ADF8100085F82D604FF4487285
:10FDA0000A2104A8E4F74CFFBDF91010202024E438
:10FDB00001210020E1F7FDFDFCF776BC5846E0F795
:10FDC00074FA99F828104D46FB290DD0FD2910D062
:10FDD0007B2973D088488E3090F9010080B10128CA
:10FDE00035D0022859D0EFE383488E304178491C42
:10FDF00003E081488E304178491E41700322AEE70E
:10FE00003C2005F07BFD00B2ADF8100095F82810FD
:10FE1000EF2907D06F2907D0F72907D0772907D016
:10FE200009E0F8E3401C04E00A3002E0401E00E074
:10FE30000A38ADF8100085F82D604FF4487296210D
:10FE400004A8E4F7FDFEBDF910103C20A4E53E2017
:10FE500005F054FD00B2ADF8100095F82810EF2918
:10FE600006D06F2906D0F72906D0772906D008E0FA
:10FE7000401C04E00A3002E0401E00E00A38ADF801
:10FE8000100085F82D604FF44872962104A8E4F71D
:10FE9000D7FEBDF910103E207EE5402005F02EFD76
:10FEA00000B2ADF8100095F82810EF2907D06F299F
:10FEB00007D0F72907D0772907D009E037E0401CA1
:10FEC00004E00A3002E0401E00E00A38ADF81000FD
:10FED00085F82D604FF44872962104A8E4F7B0FE2F
:10FEE000BDF91010402057E55846E0F7DEF999F8C3
:10FEF00028104D46FB290ED0FD2911D07B2916D0A4
:10FF00003D488E3090F90100B0B101283AD0022866
:10FF100074D019E29BE138488E304178491C03E0E7
:10FF200035488E304178491E4170022217E7324829
:10FF30008E3080F8018007E2262005F0DFFC00B259
:10FF4000ADF8100095F82810EF2906D06F2906D0DB
:10FF5000F72906D0772906D008E0401C04E00A30D3
:10FF600002E0401E00E00A38ADF8100085F82D6070
:10FF700040F22622C82104A8E4F762FEBDF9101061
:10FF8000262009E5282005F0B9FC00B2ADF81000E4
:10FF900095F82810EF2906D06F2906D0F72906D04A
:10FFA000772906D008E0401C04E00A3002E0401E39
:10FFB00000E00A38ADF8100085F82D6040F22622E6
:10FFC000C82104A8E4F73CFEBDF910102820E3E4A2
:10FFD0005846E0F76AF999F828104D46FB2919D0E0
:10FFE000FD291BD07B291FD003488E3090F90100DA
:10FFF000E0B1012840D002E01E01001076E00228A6
:020000040002F8
:1000000060D003286FD004286ED005286DD0062854
:100010006CD099E1F5484178491C02E0F3484178F9
:10002000491E417006229AE60620DEE4302005F0E3
:1000300065FC00B2ADF8100095F82810EF2906D045
:100040006F2906D0F72906D0772906D008E0401C92
:1000500004E00A3002E0401E00E00A38ADF810006B
:1000600085F82D6040F22622C82104A8E4F7E8FDB7
:10007000BDF9101030208FE4322005F03FFC00B2B3
:10008000ADF8100095F82810EF2906D06F2906D09A
:10009000F72906D0772906D008E0401C04E00A3092
:1000A00002E0401E00E00A38ADF8100085F82D602F
:1000B00040F22622C82104A8E4F7C2FDBDF91010C1
:1000C000322069E4342005F019FC00B2ADF81000CC
:1000D00095F82810EF290AD06F290AD0F7290AD0FD
:1000E00077290AD00CE017E03CE061E0F0E3401C27
:1000F00004E00A3002E0401E00E00A38ADF81000CB
:1001000085F82D6040F22622C82104A8E4F798FD66
:10011000BDF9101034203FE4362005F0EFFB00B2AB
:10012000ADF8100095F82810EF2906D06F2906D0F9
:10013000F72906D0772906D008E0401C04E00A30F1
:1001400002E0401E00E00A38ADF8100085F82D608E
:1001500040F22622C82104A8E4F772FDBDF9101070
:10016000362019E4382005F0C9FB00B2ADF81000C4
:1001700095F82810EF2906D06F2906D0F72906D068
:10018000772906D008E0401C04E00A3002E0401E57
:1001900000E00A38ADF8100085F82D6040F2262204
:1001A000C82104A8E4F74CFDBDF91010382060E523
:1001B0003A2005F0A3FB00B2ADF8100095F8281026
:1001C000EF2906D06F2906D0F72906D0772906D067
:1001D00008E0401C04E00A3002E0401E00E00A385B
:1001E000ADF8100085F82D6040F22622C82104A841
:1001F000E4F726FDBDF910103A203AE55C46584672
:10020000E0F753F899F82800FB2806D0FD2808D01D
:100210007B280DD0FE280ED01EE074484178491C82
:1002200002E072484178491E4170698BFFF709B8B6
:10023000688B401CF9E6B5F91A206AB16B4991F94F
:100240000130934208DA4B78002211465720E1F73B
:10025000C3FB2046FCF7B4BC6449B5F91A2091F9F8
:10026000011050E05F465846E0F71FF899F8280063
:100270004E46FB2806D0FD2808D07B2822D0FE2839
:1002800022D03BE0594F7878401C02E0574F7878F5
:10029000401E7870288A002142B2781CE4F7C5FC21
:1002A00086F82440009401940294039497F9010085
:1002B00071780844632316224FEA000108F087FB97
:1002C00042E092E0288AB0E6B5F91020B2B1474981
:1002D00091F90130934211DA4B78002211465520F2
:1002E000E1F77AFB0421009401940294632316221F
:1002F0000846039408F06BFB3846ABE73B49B5F979
:10030000102091F9011091426FD01DE05846DFF79F
:10031000CCFF99F828004D46FB2816D0FD283DD08B
:100320007B286DD0314991F9012082B3032A7ED018
:10033000062A7DD0092A7CD00C2A7BD00F2A7AD0BD
:10034000122A79D0152A78D025E2284B5878401CFB
:1003500040B2587001281BD0022819D0042842D07E
:10036000052840D0072843D0082841D00A2841D08A
:100370000B283FD00D283FD00E283DD010283DD06F
:1003800011283BD0132806D0142804D029E039E0E6
:1003900083F8018025E01520587022E0134B58782F
:1003A000401E40B2587001281AD0022818D00428E4
:1003B000EED00528ECD0072815D0082813D00A283D
:1003C00016D00B2814D00D2814D00E2812D01028C7
:1003D00012D0112810D0132810D014280ED000E00D
:1003E0005C701522D1E10620D6E7FEE3AC010010D7
:1003F0000920D1E70C20CFE70F20CDE71220CBE773
:10040000092012E6E72819D0EF2820D06F2828D03D
:10041000F7282FD077287DF48FAF0520CDE9000491
:100420000294039491F9020069780844F0E12BE00A
:1004300068E099E0C9E0F9E028E1F0E1CDE9006485
:100440000294039491F9020069780844F5E10220CE
:10045000CDE900040294039491F9020069780844FC
:10046000FBE1CDE900840294039491F902006978DC
:10047000084401E20420CDE900040294039491F9B8
:1004800002006978084407E2FE2812D0EF281AD04B
:100490006F2822D0F7282AD07728BCD12520CDE993
:1004A00000040294039491F90200697808440DE273
:1004B000FEE32120CDE900040294039491F90200A7
:1004C0006978084413E22220CDE9000402940394E1
:1004D00091F902006978084420E22320CDE9000464
:1004E0000294039491F902006978084426E22420DA
:1004F000CDE900040294039491F90200697808445C
:100500002CE2EEE3EF2810D06F2818D0F72821D086
:100510007728C2D13520CDE900040294039491F9E3
:1005200002006978084431E2EFE33220CDE90004AB
:100530000294039491F902006978084436E233206A
:10054000CDE900040294039491F90200697808440B
:100550003CE21CE13420CDE900040294039491F9BB
:1005600002006978084441E2EF280FD06F2817D0C5
:10057000F7281FD0772890D14520CDE900040294B8
:10058000039491F902006978084447E24220CDE9DA
:1005900000040294039491F90200697808444DE242
:1005A0004320CDE900040294039491F90200697894
:1005B000084453E24420CDE900040294039491F9E5
:1005C00002006978084459E2FEE3EF280FD06F2853
:1005D00017D0F72820D077289BD15520CDE90004EB
:1005E0000294039491F90200697808445EE2522073
:1005F000CDE900040294039491F90200697808445B
:1006000064E25320CDE900040294039491F90200BE
:10061000697808446AE2EFE35420CDE900040294CB
:10062000039491F90200697808446FE2EF280FD033
:100630006F2817D0F7281FD077289CD16520CDE9E7
:1006400000040294039491F902006978084479E265
:100650006220CDE900040294039491F902006978C4
:1006600008447FE26320CDE900040294039491F9E9
:1006700002006978084485E26420CDE90004029410
:10068000039491F90200697808448BE2EF2812D0B4
:100690006F281BD0F72824D077289DD17520CDE96D
:1006A00000040294039491F90200697875230844C8
:1006B000EE220146B5E37220CDE9000402940394D2
:1006C00091F90200697872230844F1E77320CDE9BB
:1006D00000040294039491F902006978732308449A
:1006E000E6E77420CDE900040294039491F9020036
:1006F000697874230844DBE75846DFF7D6FD99F89C
:1007000028004D46FB2816D0FD2845D07B283FF415
:1007100077AEFF4AFF4992F9013083B3032B79D0BA
:10072000062B78D0092B77D00C2B76D00F2B75D0D9
:10073000122B74D02FE0F64B5878401C40B2587002
:10074000012849D0022847D0042812D0052810D00B
:10075000072810D008280ED00A280ED00B280CD05D
:100760000D280DD00E280BD010280BD0112809D041
:100770000AE0062007E0092005E00C2003E02EE057
:100780000F2000E01220587012220021581CE4F7BC
:100790004CFA85F8244042E2DD4B5878401E40B2C6
:1007A0005870012816D0022814D0042814D0052827
:1007B00012D00728DDD00828DBD00A28DBD00B2890
:1007C000D9D00D28D9D00E28D7D01028D8D01128AC
:1007D000DAD1D5E75C70D7E783F80180D4E7E72862
:1007E0001ED0EF282BD06F2839D0F72846D0772895
:1007F0007DF4A2AD0520CDE900040294039492F9A2
:10080000020000EB4002C2EB401001EB8000C07F11
:1008100005234DE742E0A3E0EAE031E17CE167E255
:10082000CDE900640294039492F9020000EB4002C7
:10083000C2EB401001EB8000C07F012338E70220AB
:10084000CDE900040294039492F9020000EB400207
:10085000C2EB401001EB8000C07F022328E7CDE906
:1008600000840294039492F9020000EB4002C2EB70
:10087000401001EB8000C07F032319E70420CDE97D
:1008800000040294039492F9020000EB4002C2EBD0
:10089000401001EB8000C07F042309E7FE2818D038
:1008A000EF282DD06F283BD0F72849D077289FD14B
:1008B0002520CDE900040294039492F9020000EB94
:1008C0004002C2EB401001EB8000C07F2523EFE621
:1008D000F4E32120CDE900040294039492F902008C
:1008E00000EB4002C2EB401001EB8000C07F2123EF
:1008F000EE22014608F06BF885F82460FDF71CBD78
:100900002220CDE900040294039492F9020000EB46
:100910004002C2EB401001EB8000C07F2223C7E6FB
:100920002320CDE900040294039492F9020000EB25
:100930004002C2EB401001EB8000C07F2323B7E6EA
:100940002420CDE900040294039492F9020000EB04
:100950004002C2EB401001EB8000C07F2423A7E6D9
:10096000EF2815D06F2823D0F72831D07728C5D1AC
:100970003520CDE900040294039492F9020000EBC3
:100980004002C2EB401001EB8000C07F35238FE6B0
:100990003220CDE900040294039492F9020000EBA6
:1009A0004002C2EB401001EB8000C07F32237FE6A3
:1009B0003320CDE900040294039492F9020000EB85
:1009C0004002C2EB401001EB8000C07F33236FE692
:1009D0003420CDE900040294039492F9020000EB64
:1009E0004002C2EB401001EB8000C07F34235FE681
:1009F000EF2815D06F2823D0F72831D07728B6D12B
:100A00004520CDE900040294039492F9020000EB22
:100A10004002C2EB401001EB8000C07F452347E657
:100A20004220CDE900040294039492F9020000EB05
:100A30004002C2EB401001EB8000C07F422337E64A
:100A40004320CDE900040294039492F9020000EBE4
:100A50004002C2EB401001EB8000C07F432327E639
:100A60004420CDE900040294039492F9020000EBC3
:100A70004002C2EB401001EB8000C07F442317E628
:100A8000EF2815D06F2823D0F72831D07728B6D19A
:100A90005520CDE900040294039492F9020000EB82
:100AA0004002C2EB401001EB8000C07F5523FFE500
:100AB0005220CDE900040294039492F9020000EB65
:100AC0004002C2EB401001EB8000C07F5223EFE5F3
:100AD0005320CDE900040294039492F9020000EB44
:100AE0004002C2EB401001EB8000C07F5323DFE5E2
:100AF0005420CDE900040294039492F9020000EB23
:100B00004002C2EB401001EB8000C07F5423CFE5D0
:100B1000AC010010D0050820EF2815D06F2823D095
:100B2000F72831D07728B2D16520CDE900040294AE
:100B3000039492F9020000EB4002C2EB401001EB7B
:100B40008000C07F6523B3E56220CDE900040294F4
:100B5000039492F9020000EB4002C2EB401001EB5B
:100B60008000C07F6223A3E56320CDE900040294E6
:100B7000039492F9020000EB4002C2EB401001EB3B
:100B80008000C07F632393E56420CDE900040294D4
:100B9000039492F9020000EB4002C2EB401001EB1B
:100BA0008000C07F642383E55846DFF77EFB99F819
:100BB00028002A211B2727224D464FF02D0CFB2809
:100BC0002ED0FD2875D07B2874D0F84991F90110FA
:100BD000F1B303296FD006296ED009296DD00C29F5
:100BE0006CD00F296BD0122900E0FDE368D01529E5
:100BF00067D0182966D01B2970D01E296FD02129F3
:100C00006ED024296ED027296DD02A296CD02D29A9
:100C10006BD030296AD0332969D0362968D0CEE329
:100C2000E24843785B1C5BB24370012B6ED0022B11
:100C30006CD0042B50D0052B4ED0072B59D0082B4D
:100C400057D00A2B57D00B2B55D00D2B55D000E089
:100C5000D3E00E2B51D0102B51D0112B4FD0132B92
:100C60004FD0142B4DD0162B4DD0172B4BD0192B0A
:100C70007ED01A2B7CD01C2B49D01D2B47D01F2B8C
:100C800047D0202B45D0222B45D0232B43D0252BDA
:100C90006FD0262B6DD0282B1FD0292B1DD02B2BAE
:100CA00068D02C2B66D02E2B37D02F2B35D00AE0D6
:100CB000E7E33BE09CE0CFE0FCE02BE15AE18CE194
:100CC000BBE1DEE102E2312B29D0322B27D0342BDD
:100CD00027D0352B25D026E0062187E01AE23DE219
:100CE00060E286E082E2A5E2C8E2EBE20EE331E3F5
:100CF0008EE309217AE00C2178E00F2176E01221C1
:100D000074E0152172E0182170E056E364E01E21C2
:100D10006CE021216AE0242168E0302166E0332183
:100D200064E0362162E03622FFF719B89F48437825
:100D30005B1E5BB24370012B4CD0022B4AD0042BBC
:100D40004AD0052B48D0072BC6D0082BC4D00A2B7D
:100D5000CFD00B2BCDD00D2BCDD00E2BCBD0102B3D
:100D6000CBD0112BC9D0132BC9D0142BC7D002E084
:100D700035E036E037E0162BC3D0172BC1D0192B46
:100D8000C1D01A2BBFD01C2B29D01D2B27D01F2B35
:100D9000BDD0202BBBD0222BBBD0232BB9D0252BF1
:100DA000B9D0262BB7D0282B1BD0292B19D02B2B11
:100DB0001CD02C2B1AD02E2B15D02F2B13D0312B2F
:100DC000ABD0322BA9D000E03AE3342BA7D0352B9F
:100DD000A9D1A4E74470A6E780F80180A3E7477093
:100DE000A1E742709FE780F801C09CE741709AE755
:100DF00037216E484170E2E2E2E2E72812D0EF28A4
:100E000016D06F281BD0F7281FD077287FF476AD37
:100E10000520CDE90004029403460394EE223D210F
:100E200008465AE0CDE90064029401230394F5E7F3
:100E30000220CDE90004029403460394EEE7CDE9D5
:100E40000084029403230394E8E70420CDE900041E
:100E5000029403460394E1E7E72811D0EF2815D068
:100E60006F281AD0F7281ED07728CFD10520CDE9DA
:100E70000004029403460394EE223E2108462CE02F
:100E8000CDE90064029401230394F5E70220CDE943
:100E90000004029403460394EEE7CDE90084029433
:100EA00003230394E8E70420CDE9000402940346F9
:100EB0000394E1E7E72813D0EF2817D06F281CD060
:100EC000F72820D07728A1D10520CDE9000402948D
:100ED000034603943F21EE22084607F078FD0DE516
:100EE000CDE90064029401230394F3E70220CDE9E5
:100EF0000004029403460394ECE7CDE900840294D5
:100F000003230394E6E70420CDE90004029403469A
:100F10000394DFE7FE280ED0EF2816D06F281BD0F1
:100F2000F72820D07728DAD12520CDE900040294D3
:100F30000346039472E72120CDE90004EE22034624
:100F40003D21029408460394D4E42220CDE9000414
:100F500002940346039461E72320CDE90004029440
:100F6000034603945AE72420CDE900040294034683
:100F7000039453E7FE280ED0EF2819D06F281ED017
:100F8000F72823D07728AAD12520CDE900040294A0
:100F90000346039470E72120CDE90004EE220346C6
:100FA0003E21029408460394A4E40000AC01001022
:100FB0002220CDE900040294034603945CE7232039
:100FC000CDE9000402940346039455E72420CDE9BB
:100FD00000040294034603944EE7FE280ED0EF2847
:100FE00016D06F281BD0F72820D077289BD125203A
:100FF000CDE900040294034603946BE72120CDE978
:101000000004EE2203463F2102940846039471E453
:101010002220CDE900040294034603945AE72320DA
:10102000CDE9000402940346039453E72420CDE95C
:1010300000040294034603944CE7EF280CD06F2879
:1010400011D0F72816D077289DD13520CDE900049E
:10105000029403460394E1E63220CDE900040294B1
:1010600003460394DAE63320CDE9000402940346F4
:101070000394D3E63420CDE900040294034603949C
:10108000CCE6EF280CD06F2811D0F72817D077289E
:10109000ACD13520CDE90004029403460394EBE67D
:1010A0003220CDE90004029403460394E4E63320A1
:1010B000CDE90004029403460394DDE633E23420D4
:1010C000CDE90004029403460394D5E6EF280CD042
:1010D0006F2811D0F72816D0772887D13520CDE991
:1010E0000004029403460394F4E63220CDE90004A0
:1010F000029403460394EDE63320CDE90004029404
:1011000003460394E6E63420CDE900040294034646
:101110000394DFE6EF280CD06F2811D0F72816D003
:10112000772891D14520CDE9000402940346039429
:1011300074E64220CDE900040294034603946DE670
:101140004320CDE9000402940346039466E644205C
:10115000CDE900040294034603945FE6EF280CD027
:101160006F2811D0F72816D0772891D14520CDE9E6
:1011700000040294034603947EE64220CDE9000475
:1011800002940346039477E64320CDE900040294D9
:101190000346039470E64420CDE90004029403461C
:1011A000039469E6EF280CD06F2811D0F72816D0E9
:1011B000772892D14520CDE9000402940346039498
:1011C00088E64220CDE9000402940346039481E6B8
:1011D0004320CDE900040294034603947AE64420B8
:1011E000CDE9000402940346039473E6EF280CD083
:1011F0006F2811D0F72816D0772892D15520CDE945
:10120000000402940346039408E65220CDE900044A
:1012100002940346039401E65320CDE900040294AE
:1012200003460394FAE55420CDE9000402940346F2
:101230000394F3E5EF280CD06F2811D0F72816D0CF
:10124000772892D15520CDE90004029403460394F7
:1012500012E65220CDE900040294034603940BE603
:101260005320CDE9000402940346039404E654207D
:10127000CDE90004029403460394FDE5EF280CD069
:101280006F2811D0F72816D0772892D15520CDE9B4
:1012900000040294034603941CE65220CDE90004A6
:1012A00002940346039415E65320CDE9000402940A
:1012B000034603940EE65420CDE90004029403464D
:1012C000039407E6EF280CD06F2811D0F72816D02A
:1012D000772892D16520CDE9000402940346039457
:1012E0009CE56220CDE9000402940346039495E551
:1012F0006320CDE900040294034603948EE5642044
:10130000CDE9000402940346039487E5EF280CD04E
:101310006F2811D0F72816D0772892D16520CDE913
:101320000004029403460394A6E56220CDE900047C
:101330000294034603949FE56320CDE900040294E0
:101340000346039498E56420CDE900040294034623
:10135000039491E5EF280CD06F2811D0F72816D010
:10136000772892D16520CDE90004029403460394C6
:10137000B0E56220CDE90004029403460394A9E598
:101380006320CDE90004029403460394A2E564209F
:10139000CDE900040294034603949BE55846DEF72A
:1013A00084FF99F828004D46FB2809D0FD283BF41E
:1013B00030A8FF4991F9011029B1012928D080E115
:1013C000FB4846707DE1242004F098FA00B2ADF8A5
:1013D000100095F82810EF2907D06F2907D0F729BA
:1013E00007D0772907D009E0F1E3401C04E0801C16
:1013F00002E0401E00E0801EADF8100041F288328D
:10140000642104A8E3F71CFCBDF9101024209EE120
:10141000FE283EF4CDAC54E15846DEF746FF99F87D
:1014200028104C46FB293DF4D6AEFD293DF4CFAE45
:10143000DF4890F9010030B101282AD002284DD0B0
:10144000032871D03DE1A62004F058FA00B2ADF8AF
:10145000100094F82810EF2906D06F2906D0F7293C
:1014600006D0772906D008E0401C04E0801C02E08A
:10147000401E00E0801EADF8100040F6B83240F289
:101480006C7104A8E3F7DCFBBDF91010A620FCF793
:1014900023BCA82004F032FA00B2ADF8100094F892
:1014A0002810EF2906D06F2906D0F72906D0772912
:1014B00006D008E0401C04E0801C02E0401E00E072
:1014C000801EADF8100040F6B83240F26C7104A8EE
:1014D000E3F7B6FBBDF91010A820D8E7AA2004F066
:1014E0000DFA00B2ADF8100094F82810EF2906D0DC
:1014F0006F2906D0F72906D0772906D008E0401CCE
:1015000004E0801C02E0401E00E0801EADF81000E8
:1015100040F6B83240F26C7104A8E3F791FBBDF9D4
:101520001010AA20B3E7FFE7FE293EF441ACE6E342
:101530005846DEF7BAFE99F828004C46FB280AD038
:10154000FD289B480BD090F9010090B1012835D0BF
:10155000022858D07FE096484178491C01E0417844
:10156000491E00F8011F698A4AB20021E3F75DFBBA
:1015700071E0A62004F0C2F900B2ADF8100094F8B2
:101580002810EF2906D06F2906D0F72906D0772931
:1015900006D008E0401C04E0801C02E0401E00E091
:1015A000801EADF8100040F6B83240F26C7104A80D
:1015B000E3F746FBBDF91010A62048E0A82004F090
:1015C0009DF900B2ADF8100094F82810EF2906D06C
:1015D0006F2906D0F72906D0772906D008E0401CED
:1015E00004E0801C02E0401E00E0801EADF8100008
:1015F00040F6B83240F26C7104A8E3F721FBBDF964
:101600001010A82023E0AA2004F078F900B2ADF869
:10161000100094F82810EF2906D06F2906D0F7297A
:1016200006D0772906D008E0401C04E0801C02E0C8
:10163000401E00E0801EADF8100040F6B83240F2C7
:101640006C7104A8E3F7FCFABDF91010AA2004F0AD
:10165000FFF884F82D605648B5F9121090F9010092
:1016600088422ED194F82800D2E64D46FB2807D0B8
:10167000FD2809D07B283EF4D7ACF72809D00FE02D
:101680004B480199FEF7ADB9494880F801E0FEF7F3
:10169000A9B9002B3AF4E5AD032BFBD0042BF9D00C
:1016A000434F7BB1012B28D0DFF80881B9464FF4B6
:1016B000806B032B4FD0042B76D0052B75D0062BD7
:1016C00074D01CE3FE2817D10022BB7811465920A4
:1016D000E0F782F9364897F90210EE38405C552859
:1016E00008D04FF47A60009033A339A23EA144A001
:1016F000E0F7C3F9E4F72CFF01E32D4C243CEF287D
:1017000006D06F2808D0F7280AD077280CD010E030
:1017100034F81C00401C0AE034F81C000A3006E0D3
:1017200034F81C00401E02E034F81C000A3824F88B
:101730001C0004EB4C004FF4FA620021E3F780FA3E
:1017400097F90200344A34F9101032F9100004F00D
:101750007FF8FCF7F1BDFE2829D1002540F6026094
:1017600004F0CCF807B24FF4606004F0C7F800B2A0
:1017700000903F2F62DC00265EE000BF0BEB4010C4
:1017800005A904F094F99DF8140042284BD19DF866
:10179000151099F90200814245D19DF816004B2899
:1017A00041D16D1C2DB239E051E08DE0CAE08AE0F4
:1017B000AC010010530B0820202020202020E4E062
:1017C000EDEDFBE52121212020202020000000005C
:1017D000202020EFF0E5E4F8E5F1F2E2F3FEF9E88D
:1017E000E52020200000000020202020F3EDE8F775
:1017F000F2EEE6E8F220E2F1E52020200000000011
:101800002020C2E2E5E4E5EDE8E520E1E0F2E0F0E9
:10181000E5E820200000000020DB020008EB0501C5
:10182000009801F8010C4FF0FF3240210098DEF7DC
:101830007EFF761C36B20090BE429FDB002299F8F4
:1018400002301146672038E0AAF8144057E2FE281B
:1018500039D1002540F6026004F050F807B24FF489
:10186000606004F04BF800B281463F2F20DC002678
:101870001CE000BF0BEB491005A904F018F99DF816
:101880001400422809D19DF816005A2805D16D1C74
:101890002DB208EB050101F8019C4FF0FF32402109
:1018A0004846DEF744FF761C814636B2BE42E1DB95
:1018B000F9480022114683786920E0F78DF8AAF8EC
:1018C00014503F2DC0DC1AE2FE2849D1002540F615
:1018D000026004F013F807B24FF4606004F00EF8F1
:1018E00000B281463F2F27DC0026DFF8AC8321E0E1
:1018F0000BEB491005A904F0DAF89DF81400422812
:101900000FD19DF8151098F90200814209D19DF878
:101910001600572805D16D1CE0482DB2284400F868
:10192000019C4FF0FF3240214846DEF700FF761C55
:10193000814636B2BE42DBDBD748002211468378AF
:101940006B20BAE7FE280BD1D348EE3810F80C0014
:1019500055283AF486AC6FF003010020E0F729F82F
:10196000CDE1FD281AD0FE2808D010E000210CF1AE
:101970000100FDF70DBBFB280CD0F2E7BB42E8D01D
:10198000BDE1FB2806D0FD2808D0FE2809D0F728A5
:10199000DFD0B4E101988CF80100E7E78CF801E0B2
:1019A000E4E7BB42D5D001DC8CF80440A7E1FE2877
:1019B00018D1BB4D039806FA03F1884328600AD179
:1019C00011E0491C48B27870202804DB0021084649
:1019D000DFF7EFFF2C6097F901102A6806FA01F093
:1019E0001042EED08BE100210846DFF7E2FF2C60C9
:1019F00085E100BFAB4A99F82310528E571C521E46
:101A0000BFB292B281B3FD2808D0FB280DD0ABB194
:101A10006146012B4AD0042B64D069E08CF801E0C8
:101A2000BEF1030F64D1022105E001998CF8011089
:101A300003295DD104218CF8011059E0F72804D066
:101A4000EF2816D0FE2814D01FE001292BD0022940
:101A500019D0032904D0062922D00C2902D004E091
:101A6000022003E0062001E044E00C2089F8230076
:101A70000BE00129F4D0022912D00329F2D0062963
:101A8000F3D00C290FD089F8236099F82310BA20DD
:101A900003F0DEFE99F8230018B3E0F749F927E0D8
:101AA00089F82380F1E789F82340EEE7EF2806D094
:101AB0006F2804D0F72806D0772804D006E089F8EC
:101AC0002D606F8602E089F82D606A8675481822BD
:101AD00001213230E3F7B4F8688E01B2AC2003F094
:101AE000B7FE05E0FE2803D1212008708CF80160C4
:101AF00004224BE0FD2807D0FB2808D05BB1012B66
:101B000021D0022B3BD040E08CF801E03DE0019970
:101B10008CF8011039E0F72804D0EF2806D0FE2811
:101B200004D005E00C2089F8230001E089F8236047
:101B300099F82310BA2003F08BFE99F8230020B304
:101B4000E0F7F6F821E0EF2806D06F2804D0F72858
:101B500006D0772804D006E089F82D606F8602E071
:101B600089F82D606A864F48142201213230E3F74C
:101B700067F8688E01B2AC2003F06AFE05E0FE282B
:101B800003D100210846DFF714FF022200210AF1E9
:101B90000100EEE65846DEF788FB99F828004F462C
:101BA000FB2811D0FD2813D095F90110C9B140F6DA
:101BB000C412012926D002294AD0032976D004294B
:101BC00005D0052971D09AE06878401C02E04CE00D
:101BD0006878401E687099F82500002142B2681CA0
:101BE000C7E6F87F012808D0022809D087F81F60CF
:101BF00099F81F10E820FCF758BB0220F877F7E7A8
:101C0000FC77F5E7F97F81B3EF2806D06F2808D07D
:101C1000F7280AD077280CD010E0B7F86C00401CE9
:101C20000AE0B7F86C00801C06E0B7F86C00401EB4
:101C300002E0B7F86C00801EA7F86C001948642118
:101C40001438E2F7FDFFB7F96C10EC20FBF73CBD50
:101C5000EF2806D06F2809D0F7280BD077280DD0B1
:101C600011E0B7F86E00401C0BE045E0B7F86E00DD
:101C7000801C06E0B7F86E00401E02E0B7F86E0068
:101C8000801EA7F86E00074864211238E2F7D8FFDB
:101C9000B7F96E10EE20D9E7AC010010530B082005
:101CA00080C007209C00001000E022E0EF2806D052
:101CB0006F2808D0F7280AD077280CD010E0B7F8A2
:101CC0006A00401C0AE0B7F86A00801C06E0B7F81A
:101CD0006A00401E02E0B7F86A00801EA7F86A009A
:101CE0003C220A21FF48E2F7ABFFB7F96A10F02067
:101CF000ACE799F8201011B9FE283AF4D2ACF949B2
:101D000000206A3981F82F0007B0BDE8F08F5846EF
:101D1000DEF7CBFA99F82800EEE7F349C8054160F1
:101D20000021016103210170AA2101725521017274
:101D30007047AA21480701725521017270472DE9A9
:101D4000F041E84C01266A3CE8482675A17F39B18C
:101D5000016A41F080610162416B81F08061416301
:101D6000B4F85010491C09B2A4F8501002297EDBC7
:101D700004F112040025E58766704069C0F3C06174
:101D80002175627DD748A4F1120400F196009142BA
:101D900002D0028C521C028484F82710D449D54BFF
:101DA000D54F0A78B3F900309A4207DA02F10102FE
:101DB000D2B20A709A4204DB3E7002E001DD0D707F
:101DC0003D70B4F85210491C09B2A4F852101429FD
:101DD00002DBA4F85250A675B4F84610491C09B2AB
:101DE000A4F846100A295DDBA4F846506675418CBC
:101DF000491C09B24184B1F5FA7F03DB4584018CAB
:101E0000C1830584B4F8480042F21077401C00B248
:101E1000A4F848000A280BDBA4F84850E67503F044
:101E2000C9FAB4F94000B84202DA401CA4F84000F4
:101E3000B4F84A00401C00B2A4F84A00142807DB9A
:101E4000A4F84A502676207F08B1257700E026774F
:101E5000B4F84C00401C00B2A4F84C00322808DB57
:101E6000A4F84C506676607F10B1657701E019E008
:101E70006677B4F84E00401C00B2A4F84E00642807
:101E800010DBA4F84E50A676B4F94200B84202DA4C
:101E9000401CA4F84200B4F95400002802D0401EAF
:101EA000A4F85400BDE8F08170471CB593A1DFF899
:101EB0005482D1E90001CDE90001934840F2D241BA
:101EC000A8F800100068874C04F19604A08603F07F
:101ED0003FF9A4F58070012585778C484FF4FA61AD
:101EE0000068B0FBF1F14FF0E020491E416107218D
:101EF00001617E4E306820F000603060306C40F050
:101F000080003064306C40F480703064306E40F09B
:101F100000703066B06F40F00070B06703F013FBE4
:101F20007B48401EFDD1212003F01EFB0D2003F055
:101F30001BFB112003F018FB442003F015FB75492F
:101F400047F6FF7048808880C88008814881888172
:101F5000C881088248828882C8820883488388832F
:101F6000C88348848884C884088548858885C8854E
:101F7000088648868886C886088748878887C887ED
:101F800065490880488004F039F804F064FA04F0E8
:101F90001AF862491120087261480025614B0570EA
:101FA000608F10B160A266A101E06BA25EA15D48E6
:101FB000DFF734FDE2F7F5FEE0F7BDF9306840F4F5
:101FC00000603060B06940F40060B0618621642038
:101FD00003F03EFC4FF41651002006F037F903F0F1
:101FE000C6FC02F09DFA4E480622183801788DF89A
:101FF000051041788DF8041080788DF8030069464B
:102000005B4809F009FE40F2DA3003F077FC594FE3
:1020100038704FF4777003F071FC10F0FF007870A7
:1020200001D0202800D17D7040F2DE3003F066FC44
:1020300010F0FF00B87001D0202800D1BD704FF41F
:10204000787003F05BFC10F0FF00F87001D02028DE
:1020500000D1FD7040F2E23003F050FC10F0FF00C0
:10206000387101D0202800D13D714FF4797003F010
:1020700045FC10F0FF00787101D0202800D17D715F
:1020800040F2E63003F03AFC10F0FF00B87101D0E6
:10209000202800D1BD714FF47A7003F02FFC10F0AE
:1020A000FF00F87101D0202800D1FD7140F2EA3024
:1020B00003F024FC10F0FF00387201D0202800D17A
:1020C0003D727D724FF43377384603F017FCDFF82A
:1020D00014B0A8F800000BF1160BBBF83610A8F8E6
:1020E000021049E08600001080841E0000C0092014
:1020F0006CC107206EC10720EF5800100073043236
:102100003C460000BC0B082080C10F40D458001092
:1021100080A903006C5F0010E258001000400240EC
:10212000AC010010306200002020202020204574E7
:102130006865726E65742020202020200000000059
:1021400020202020C8EDE8F6E8E0EBE8E7E0F6E83C
:10215000FF20202000000000202020696E697469A3
:10216000616C697A6174696F6E2020200000000044
:102170000000001006000010384603F0BFFB0128E5
:102180001AD1608FC54B20B1AFF26402AFF250019B
:1021900003E0AFF23C02AFF27001C048DFF73EFC53
:1021A000E4F7DFF9BE4803F063FF09F017FBBC4812
:1021B00003F05EFFE3F799FEBA483A27BA49B0F94F
:1021C00000004FF00208022802D001282DD03FE085
:1021D000B64AB2F9000038B34FF03C0990FBF9F071
:1021E00081F80080B249924608804FF4FF7003F0F6
:1021F00085FBBAF90010411A91FBF9F0AD4908804E
:102200004FF4FF7003F07AFBBAF90010401AC0EBEC
:10221000001080004FF46161B0FBF1F201FB12008D
:10222000A5490880A548058012E001200870A4484F
:10223000A4490088C0B2087000EB400101EB001017
:10224000A14901EB8000A2498561A048008808707F
:10225000FFF763FDBBF82400B0F5166F06D0B0F5AC
:10226000965F03D0A0F5B851703905D199494FF464
:10227000AF7008809849088006F00DFBB4F90000A3
:10228000A14600EB8000400006F0EFFCB4F900002E
:1022900040F6B83191FBF0F001B29048022901807C
:1022A00002DA4146A0F8008089B2891C01808C4A7C
:1022B000032100200BF06EFA8A49087018B140F231
:1022C000E9310BF08BFA884B0A22002101200AF039
:1022D000ABFE864C84F83B0018B14FF4FB710AF05A
:1022E000E7FE0F20A4F854007748DFF804A29830E6
:1022F000DFF800B2DFF8008280F8FD53A57709F01F
:102300005DFC9AF8001019B18AF8005006F05AFEE8
:102310009BF8001019B18BF8005006F0A0F977482F
:10232000017811B1057005F0FBF8A07C00B1A5742F
:10233000207D48B1B8F90000C82802DA401CA8F88E
:1023400000002575E0F735F8E07C20B1E57406F073
:1023500062FB06F05EFE607D30B16575E07808B91D
:10236000F9F753FDF9F7D9FDA07D10B1A575E4F794
:1023700075F8E07D40B30BF0FFF90121C9F85C105E
:10238000E575E0F79DFAE4F7D9FAE4F7EAF8E078C2
:1023900010B9434803F06CFEA8F80050DDF788FF41
:1023A000E2F7C4FBDDF784FFE2F740F8E1F740FC19
:1023B000E0F7F1F9E1F7A1F8E0F757FCE0F75CFF8F
:1023C000E0F78CFFE0F7EEFE207EC0B12576E078E6
:1023D00028B903F03BF9E07808B902F0A1F8306AB7
:1023E00040F080603062DFF745FDE0F7D4F9E07837
:1023F00008B9E2F74FFCE2F7C9F900F08DFC607E06
:1024000000B16576A07EA8B3A576E07808B9FFF79D
:1024100090FCDFF7D9FCDFF717FD03F007F8DFF7D3
:1024200085FCDFF772FFE2F78FFA94F831007F1C2A
:10243000401CFFB284F831003C2F06D3002703F084
:10244000DDFD04F008F803F0BEFDE2F77DFAE1F7E8
:10245000AAFE94F832000A2802D2401C84F8320006
:10246000E3F7AFFF01F0FCFFE0F784FDE3F793FF34
:1024700003F029FAE07E00283FF440AFE57660796A
:102480000028F9D00A283FF639AF401E10F0FF00AF
:1024900060717FF433AF142060712FE73062000069
:1024A0003807082030C0072016C007205CC007206E
:1024B0005AC00720180000101600001058C007204E
:1024C00032C0072017C0072040EC072034C0072087
:1024D00018C0072054C007200E0000106EC107204E
:1024E000C3420200A0580010218E02001C00001000
:1024F000EF58001059C1072022C00720E9580010EA
:102500002DE9F84F9E460A9B202931D2CC1701EBCA
:102510005475EC1026466FF03C077C4325F0070508
:1025200000EB44044D1BDFF8E8A704F5B774002A5C
:1025300034D0A0B2C5F10701C9B24FF0010404FACA
:1025400001F40244514611DC25E023B1012B05D0F2
:10255000022B06D008E00D5C254304E00D5C6540CD
:1025600001E00D5C25400D54401C80B28242ECDC41
:10257000BDE8F88F23B1012B05D0022B06D008E06F
:102580000D5C254304E00D5C654001E00D5C2540D9
:102590000D54401E80B28242ECDBE9E7BEF1000F31
:1025A000E6D0B2B201EB0E064FEAE67406EB5477C2
:1025B000ADB2A94627F00705C7F3CF04A6EB050582
:1025C000AFB277DDA24244D1C8463FE023B1012B30
:1025D00013D0022B24D035E0C2F1030101EB4105F9
:1025E000C5EB811100EB4106C8F1070C1AF8061083
:1025F000012505FA0CF529430FE0C2F1030101EBB7
:102600004105C5EB811100EB4106C8F1070C1AF832
:102610000610012505FA0CF569400AF8061011E0CC
:10262000C2F1030101EB4105C5EB811100EB41054E
:10263000C8F1070C1AF80560012101FA0CF18E436C
:102640000AF8056008F101081FFA88F8B845BDD3FB
:102650008CE0CD1701EB557CCCF3CF05C5F103051C
:1026600005EB4506C6EB851500EB45082CF0070584
:102670004E1BFF25F5407144CE1701EB56760096B0
:10268000C6F3CF06C6F1030606EB460CCCEB861666
:1026900000EB4606B346009E26F00706891B89B26A
:1026A000C1F10806FF21B1402BB1012B0ED0022B46
:1026B00019D023E05EE01AF808C04CEA050C0AF8CD
:1026C00008C01AF80BC04CEA010C09E01AF808C05F
:1026D0008CEA050C0AF808C01AF80BC08CEA010C49
:1026E0000AF80BC00AE01AF808C02CEA050C0AF830
:1026F00008C01AF80B608E430AF80B60A11A012972
:102700007FF74BAF511C1FFA81FC2DE023B1012B49
:102710000DD0022B19D023E0CCF1030101EB4105D0
:10272000C5EB811100EB41054FF0FF360AE0CCF11B
:10273000030101EB4105C5EB811100EB41051AF8DE
:102740000560F6430AF805600AE0CCF1030505EBE5
:102750004506C6EB851500EB450600210AF8061074
:102760000CF1010C1FFA8CFCA445CFD3BEF1000F75
:10277000BFF613AFA24240D1A9F1010139E023B164
:10278000012B12D0022B22D032E0C2F1030404EB61
:102790004405C5EB841400EB440CC1F107061AF89C
:1027A0000C400125B5402C430EE0C2F1030404EBBC
:1027B0004405C5EB841400EB440CC1F107061AF87C
:1027C0000C400125B5406C400AF80C4010E0C2F105
:1027D000030404EB4405C5EB841400EB440CC1F185
:1027E00007061AF80C500124B440A5430AF80C500F
:1027F000491E89B2B942C2D2BAE623B1012B26D012
:10280000022B43D062E0C2F1030101EB4105C5EBAD
:10281000811100EB410CC9F108061AF80C504FF079
:10282000FF0909FA06F10D430AF80C50C4F103013F
:1028300001EB4105C5EB811100EB410129FA07F9D4
:102840001AF8015045EA09050AF801503EE0C2F1C4
:10285000030101EB4105C5EB811100EB410CC9F10E
:1028600008061AF80C50FF2101FA06F675400AF81E
:102870000C50C4F1030505EB4506C6EB851500EBCE
:102880004505F9401AF805604E401DE0C2F103010C
:1028900001EB4105C5EB811100EB410CC9F10806C4
:1028A0001AF80C50FF2101FA06F6B5430AF80C504D
:1028B000C4F1030505EB4506C6EB851500EB4505A0
:1028C000F9401AF805608E430AF80560111B0129CA
:1028D00092DD521E91B22BE023B1012B0DD0022BC1
:1028E00019D023E0C1F1030202EB4205C5EB8212CD
:1028F00000EB42054FF0FF360AE0C1F1030202EBA4
:102900004205C5EB821200EB42051AF80560F6435A
:102910000AF805600AE0C1F1030505EB4506C6EBC0
:10292000851500EB450600220AF80620491E89B2EB
:10293000A142D1D81CE62DE9F8470446DDE9090596
:1029400017468A469946E61948B90CE04B460022DC
:10295000514620460095FFF7D3FD641C24B2A642E1
:10296000F4DABDE8F887002220460095FFF7C8FD9D
:102970000AEB09008046401E01B200233A46204679
:102980000095FFF7BDFD761EC9F1000034B203B219
:102990000FFA88F1002220460095FFF7B1FD78423A
:1029A00002B20023514620460095FFF7A9FDD8E763
:1029B0002DE9F84381460E461D46002022B1022A29
:1029C0001AD1002480462CE00024804612E03719FA
:1029D000621B002339464846CDF80080FFF790FD82
:1029E0002A1B002339464846CDF80080FFF788FDB2
:1029F000641CE4B2AC42EAD3BDE8F883371B621B27
:102A0000002339464846CDF80080FFF779FD2A1BA0
:102A1000002339464846CDF80080FFF771FD641C5D
:102A2000E4B2AC42EAD3E7E72DE9F8474FF0FF35CF
:102A3000C3F120039D4005EA020323FA01F200924C
:102A40009DF80210DFF8C88289469DF80310099CA2
:102A50008A4608EB00019DF800709DF801C018F847
:102A6000002091F87A3091F8F45091F86E6184B1B9
:102A70007A4008F8002083EA0C0381F87A3085EA6E
:102A8000090581F8F45086EA0A0600BF81F86E61F4
:102A900067E73A4308F8002043EA0C0381F87A30EC
:102AA00045EA090581F8F45046EA0A06EEE72DE901
:102AB000FC4F07460CA88A46B0E8100316469B4612
:102AC00000251CE005FB0480611E5B46415C8DF81F
:102AD0000710A11E415C8DF80610E11E415C8DF8C7
:102AE0000510211F405C8DF80400781900B2CDF864
:102AF00000905146019AFFF797FF6D1C2DB2B54229
:102B0000E0DBBDE8FC8F2DE9FF4F96B0814624A89D
:102B1000DDF88C50B0E8100C002020260DF14008A4
:102B200008F80060401C00B20A28F9DB002004E02D
:102B3000115C08F80010401C00B29842F8DB2B270B
:102B4000002D02DA684205B22D2700214FF00A0C51
:102B50000DF14C0095FBFCF20CFB12554554491C41
:102B600049B215B20A29F5DB01250021092200E04E
:102B700045B110F802C0BCF1000F03D1A24201DD43
:102B8000865405E0855C303585540025491CC9B262
:102B9000521E52B2002AEBDA2D2F02D14754491CA3
:102BA000C9B26CB14AB205E0851815F8015C8554CC
:102BB000521E52B2A242F7DC2E22491C0255C9B263
:102BC000002207E0AAEB0204855C4444521C04F88E
:102BD000015C52B28A42F5DB002001AC1BE000BF71
:102BE00018F800104B4E01EB410200EB400116F8C3
:102BF000125004F8115006EB420204EB41015578E3
:102C00004D7095788D70D578CD7015790D7152799C
:102C1000401C4A7100B29842E2DB002503EB4306F8
:102C20000EE0605D8DF84F0009EB050000B208234F
:102C3000CDF800B0139A1799FFF7F6FE6D1C2DB270
:102C4000B5EB460FEDDB1AB0BDE8F08F2DE9F0478C
:102C500096B080468A460020DDF884901E9C202590
:102C600010A90D54401C00B20A28FADB002003E032
:102C7000155C0D54401C00B29842F9DB002C01DABF
:102C8000604204B2002013AE5FF00A0294FBF2F53A
:102C900002FB15443454401C40B22CB20A28F5DB28
:102CA000002001AC19E00A5C1A4F02EB420200EB73
:102CB000400517F8126004F8156007EB420204EBB8
:102CC000450556786E709678AE70D678EE701679A7
:102CD0002E715279401C6A7100B29842E3DB0025E4
:102CE00003EB43060EE0605D8DF84F0008EB050036
:102CF00000B20823CDF800905146139AFFF794FED6
:102D00006D1C2DB2B5EB460FEDDB16B0BDE8F087BC
:102D10003807082094DB02002DE9F05FFF480088A7
:102D2000FF4C352104F180056081FE480088A081B8
:102D3000FD480088E081FD4800882082FC4800882A
:102D4000608204F1EA000170362180F88010F948B1
:102D50000068E86242F21070A862F74800881828FC
:102D600006D0A0F59051FC3905D14BF680300AE031
:102D700045F6C05007E06E2802D0DC2802D003E000
:102D8000EE4800E0EE48A862EE48B0F90020EE48B8
:102D9000012AB0F9000004D001280ED003280FD07A
:102DA00011E0A96A6431A962012802D0032802D087
:102DB00010E00A310DE01E310BE0A96A0A3101E092
:102DC000A96A1E31A962E1490988012902D1A96ACB
:102DD000491CA962DE490988A182DE490988E1828D
:102DE000DD4909682183DD4909886183DC49098857
:102DF0006180A280E08040F6026002F07FFD2081C9
:102E0000D848A94645F2555B0188A4F85C10418872
:102E1000A4F85E108088A4F86000D348DFF85CE373
:102E20000188A4F862104188A4F864108088A4F88E
:102E30006600CE480168E964CD48B94D0088A4F821
:102E40006800B03501202880CA482B1D03F1040812
:102E5000418819800189A8F8001003F1080A428905
:102E6000AAF80020C44A03F10C01B2F900605E45E3
:102E700001D1BEF80060DFF8A8C200F11E000E808C
:102E80000CF1C40C30F80E6CACF800600CF10406C8
:102E9000C77F37804FF002076F80058E5D80C38E3D
:102EA000A8F80230058FAAF80250B2F90220A0F16A
:102EB0001E005A4501D1BEF802204A80B0F85C10CD
:102EC000DFF8BCA2ACF802100AF1460790F88900BE
:102ED0007080DFF8B082002007F1460C07F18C0B00
:102EE00007F1D20E07F58C71C0EB001202EB401512
:102EF000431C08EB85022AF81030956927F810501A
:102F0000D5692CF81050168E2BF81060156A2EF823
:102F1000105092F83A5005F0F70521F8105092F849
:102F20005760012E01D01EB106E045F4807501E026
:102F300025F4807521F8105092F83B50ED0731F8D8
:102F4000105002D045F4007501E025F400758E4E56
:102F500021F81050D56A26F810504636956A26F8A2
:102F6000105006F14605526A25F81020D8B22128E3
:102F7000BAD38649A24604F11C004B887431A3835E
:102F800031F8744C448051F8702C828011F858CC80
:102F9000A0F806C031F86C8CA0F8088031F86A5CA3
:102FA00045817B4F11F8576C86813F88C78103822A
:102FB00044828282A0F816C0A0F8188045838683D8
:102FC0004A88C2830A8802844A6842840A7F8284CB
:102FD0000A89C2844A8902854A7F4285B1F87620EF
:102FE0008285B1F87420C2858A6F028691F890209C
:102FF0004286B1F87C208286B1F87E20C28691F8A4
:103000009110DFF81CC101870CF1D00C5E4D4FF020
:10301000010060A18CF8000005F1F8050A68C5F808
:1030200056204A68C5F85A20DFF870B10989A5F81A
:103030005E109BF800300CF104024FF00001012BF0
:1030400065D01170DFF85881354BB8F80040D8339F
:10305000002C5DD01970DFF84CE1314C9EF8006017
:10306000DC34012E55D0217002268CF801604EA66A
:103070003768C5F86A707768C5F86E703689A5F844
:1030800072609BF80160012E44D05170B8F8026064
:10309000002E40D083F801109EF80160012E3BD035
:1030A000617003268CF8026041A63768C5F87E700F
:1030B0007768C5F882703689A5F886609BF802505B
:1030C000012D2AD082F80210B8F80450002D79D0D2
:1030D00083F802109EF80250012D74D0A1700425CF
:1030E0008CF80350344D35A63768C5F812707768F0
:1030F000C5F8167036896E839BF80350012D7ED07B
:1031000082F80310B8F80620002A79D05CE0E0E0ED
:10311000E1E0E2E0E3E0E4E0E5E0E6E032010010D7
:10312000D80300103A0100103401001036010010DD
:103130003801001094010010C0000010B0AD010073
:10314000605B0300B6000010B8000010BA00001069
:103150002A0100102C0100109801001054010010E9
:10316000AC000010040200100A020010A8010010B8
:103170004C01001040EC0720900100108801001065
:10318000700C0820D8EC0720140E0820D005082069
:103190002E01001053686F636B0000006A0100107D
:1031A000100200106E010010536D6F6B650000007F
:1031B000446F6F72000000008C0F08202020202038
:1031C0002000000093E094E083F803109EF80320B1
:1031D000012A7DD0E170FD4A1388A9F80C30FC4B20
:1031E0004A461B88A9F80E30FA4B1B88A9F8103004
:1031F000F94B1B88A9F81230F84B1B8801E07AE0E4
:103200007BE0A9F81430F64BFA4DFB4E1B88A9F869
:103210001630F44BDFF820841B881383F24B1B8895
:103220005383F24B1B889383F14B1B88D383B5F9EF
:1032300000301384B5F902405484B5F904509584E4
:1032400037880AF16E063780EC4F3F887780EC4F65
:103250003F88B780EB4F3F88F780EB4F3F8837813F
:10326000EA4F3F887781EA4F3F88B781E94F3F882F
:10327000F781E94FE94E3F88AAF87E7036881680BC
:10328000E74EEC4F36885680E64E36889680E64EFE
:103290003688D680E54E36881681E54E4FF000021E
:1032A0003688A9F80A60814607F10C06501CB8540C
:1032B00018F802C0BCF1000F23D006F80290C2B289
:1032C0000C2AF3D3DD48038044808580BDE8F09F5D
:1032D00015E01070B6E61870BDE62070C4E65070B8
:1032E000D4E65870D8E66070DBE69070ECE6987033
:1032F000F0E6A070F3E6D07004E7D87066E7E070FF
:1033000069E7B154DBE710B501280DD1CB4C4FF480
:103310009F70643CE16A02F085FCE16ABDE8104000
:103320004FF4A27002F07EBC10BD70B501280AD126
:10333000C34D002404F56570295D02F03DFC641C5A
:10334000E4B2402CF6D370BDBC480C380178BD48BF
:10335000B0F9000011B1002102F07ABA4FF0FF314C
:10336000FAE7B6480C384178B648B0F9020019B10E
:103370005FF0000102F06CBA4FF0FF31FAE7AF489E
:103380000C388178AF48B0F9040019B15FF0000142
:1033900002F05EBA4FF0FF31FAE7A8480C38C17866
:1033A000A848B0F9060019B15FF0000102F050BA68
:1033B0004FF0FF31FAE77047012806D19F48E43803
:1033C000B0F96E10862002F043BA7047012806D18A
:1033D0009A48E438B0F97010802002F039BA70478A
:1033E00010B5012813D19848007800280FD19348D0
:1033F000E622DC217238E1F723FC9048E438B0F98A
:103400007210BDE810404FF4817002F021BA10BD77
:1034100010B5012814D18C480078002810D18748B5
:103420004FF48772F0217038E1F70AFC8348E438E2
:10343000B0F97410BDE810404FF4867002F008BA7D
:1034400010BD10B5012813D17F48007800280FD196
:103450007A48C82200216E38E1F7F2FB7748E43859
:10346000B0F97610BDE810404FF4877002F0F0B963
:1034700010BD10B501281BD173480078002817D162
:103480006E48CD226E216C38E1F7DAFB6B4CCD2211
:10349000E43C04F17800B4F97A10491DE1F7D0FB5F
:1034A000B4F97810BDE810404FF4827002F0D0B942
:1034B00010BD10B501281BD163480078002817D132
:1034C0005E48C82269216A38E1F7BAFB5B4C692182
:1034D000E43C04F17A00B4F97820521FE1F7B0FB24
:1034E000B4F97A10BDE810404FF4837002F0B0B91F
:1034F00010BD10B5012810D150484FF49672142118
:103500006438E1F79DFB4D486438B0F90010BDE820
:1035100010404FF48E7002F09BB910BD10B5012819
:1035200010D146484FF4967214216238E1F788FBB7
:1035300042486438B0F90210BDE810404FF48F7073
:1035400002F086B910BD10B5012810D13B484FF4E8
:10355000967214216038E1F773FB38486438B0F98B
:103560000410BDE810404FF4907002F071B910BD26
:1035700010B5012810D131484FF4967214216038EB
:10358000E1F75EFB2D486438B0F90610BDE8104045
:103590004FF4917002F05CB910BD10B5012814D140
:1035A00029480078002810D124484FF4967214213D
:1035B0005C38E1F745FB21486438B0F90810BDE8F4
:1035C00010404FF4927002F043B910BD400100105A
:1035D00078000010C8C007208E030010CAC0072062
:1035E00090030010800000107E0000108400001086
:1035F00082000010F2010010740000107200001030
:103600008C00001092000010940000108E0000103A
:10361000960000109A0000109C0000109E00001000
:10362000A0000010A2000010A4000010A6000010CE
:10363000A80000104A0F0820B00B0820BC0400109E
:103640000C0C082070DB02005400001010B501289B
:10365000BBD1FB4800780028B7D14FF496721421F3
:10366000F848E1F7EDFAF7480A38B0F90A10BDE872
:1036700010404FF4937002F0EBB8A6E710B50128A4
:10368000A3D1EF48007800289FD1EF4800214FF4E4
:1036900096740088182806D0A0F59052FC3A05D1FF
:1036A0002A2134240BE016211A2408E06E2802D0C7
:1036B000DC2803D003E05321712400E0AF21E1486E
:1036C00022460E38E1F7BCFA2246DE4C8A3C04F171
:1036D0007C00B4F97E10491DE1F7B2FAB4F97C1010
:1036E000BDE810404FF4847002F0B2B86DE710B539
:1036F00001282BD1D2480078002827D1D2480021B8
:103700004FF496720088182806D0A0F59053FC3B21
:1037100005D1282132220BE01421182208E06E285E
:1037200002D0DC2803D003E050216E2200E0AA2161
:10373000C4480C38E1F784FAC2488A38B0F97E10E0
:10374000BDE810404FF4857002F082B83DE7704745
:1037500070477047704770477047704770477047B1
:10376000704770477047704770477047704710B593
:10377000012813D1B34845F255518A380346B0F9B0
:103780006A40CA43E41EB3F96C30062C10D2DFE85D
:1037900004F00609030F0303A0F86A1015E75B1E87
:1037A000172B02D8A0F86A200FE74EF6EF61F3E777
:1037B0004EF6EE61F0E72DE9F04385B00446DDE911
:1037C0000C890D4616461F461422A0A1684606F035
:1037D000EBF90A20B4FBF0F100FB114230328DF816
:1037E000012030318DF800109F4901EB85010A88D6
:1037F000ADF8032089788DF80510B6FBF0F100FBD9
:10380000116230318DF80710B7FBF0F130328DF8CE
:10381000082000FB117230318DF80B10B8FBF0F16D
:1038200030328DF80C2000FB118230328DF80F20E1
:1038300030318DF80E10B9FBF0F100FB11903030F3
:103840008DF8120030318DF81110684605B0BDE8D2
:10385000F0832DE9F04707467A4890B0603000EBDE
:10386000C7144E228149204606F059F94FF4606092
:1038700002F044F87A424021DCF759FF400100F59C
:10388000806005460DA902F012F90BA9281D02F06F
:103890000EF903A905F1080002F009F904A905F1E0
:1038A0000C0002F004F90CA905F1100002F0FFF879
:1038B00009A905F1140002F0FAF89DF8340004F1AA
:1038C000280555284FD020264FF0400850286DD0AD
:1038D0005C49603101EBC71101F1290215319246B3
:1038E000894642287ED053287DD161A00E220168EE
:1038F00021608088A0809DF8350060A13130607122
:10390000E01D06F00CF99DF812109DF81100CDE9AC
:1039100000019DF810309DF80C209DF80D109DF8C9
:103920000E00FFF748FF01461322484606F0F7F85D
:103930009DF836004C287DD054287CD055287BD06B
:1039400075287AD051A00168C4F829108088A4F89D
:103950002D00FF2084F82F005FF030059DF8300027
:1039600041286BD06DE29DF8360052283BD13222BF
:1039700049A1204606F0D3F89DF812109DF81100D9
:10398000CDE900019DF810309DF80C209DF80D1038
:103990009DF80E00FFF70FFF014604F111001422FD
:1039A00006F0BDF814224AA12846BDE017224EA118
:1039B000204606F0B4F89DF812109DF81100CDE9EC
:1039C00000019DF810309DF80C209DF80D109DF819
:1039D0000E00FFF7F0FE014604F11700132206F077
:1039E0009EF801E0A5E0A1E0164884F82A80603046
:1039F0009DF8302000EBC7102B30412A03D19DF8F1
:103A0000311041291BD03FA00168C4F82B10416838
:103A1000C4F82F100089A4F8330084F835609DF8AD
:103A200026109DF82500CDE900019DF824309DF871
:103A300031106FE0E4E1EAE1F5E1F7E1FDE171E089
:103A40005400001062040010C000001030302FFF3E
:103A5000EDE22F3030202030303A30303A30302014
:103A6000202020202020000094E102009CE302009E
:103A7000C1CFD120B920202020202000202020C02C
:103A8000E2E0F0E8FF212121402020004020F4E87E
:103A9000E3EDFF2020000000C2EAEBFEF7E5EDE8D1
:103AA000E520C8C1DDCFE0402020202020202020BC
:103AB0002020202020202020202020202020202006
:103AC0002020202020202020202020202020000036
:103AD00040202020202020202020202020202020C6
:103AE0002020202000000000C0E2E0F0E8FF20EFEE
:103AF000E8F2E0FEF9E5E920F1E5F2E820402020D7
:103B00000000000020F3F1F2F0E0EDE5EDE0202010
:103B1000200000009DF83200FFF74DFE014604F141
:103B20003600A7E10D22FFA105F0F9FF10B0BDE8B6
:103B3000F0879DF83600002543284ED11522FDA1BF
:103B4000204605F0ECFF9DF812109DF81100CDE91C
:103B500000019DF810309DF80C209DF80D109DF887
:103B60000E00FFF728FE01461322484605F0D7FF56
:103B700084F828801622F5A1504605F0D0FFF948B8
:103B80009DF8302000EBC7103F30412A03D19DF84B
:103B90003110412926D0AFF294000168C4F83F10DB
:103BA0004168C4F843100089A4F8470084F84960CC
:103BB0009DF826109DF82500CDE900014A259DF8C5
:103BC00024309DF831109DF83200FFF7F4FD0146D6
:103BD00004F14A00132205F0A2FF9DF836005A288E
:103BE00006D04DE00D22CFA105F099FF4C25F4E75A
:103BF00060192022DCA105F092FF9DF812109DF8BB
:103C00001100CDE900012035EDB29DF810309DF88E
:103C10000C209DF80D109DF80E00FFF7CCFD01461D
:103C20006019132205F07BFF1335E8B204F8008019
:103C3000401C9DF83020C5B2412A03D19DF83100C7
:103C4000412849D06119D1A00B3503680B60436846
:103C50004B60008908818E729DF826109DF8250022
:103C6000CDE90001EDB29DF824309DF831109DF8AA
:103C70003200FFF7A0FD01466019132205F04FFF47
:103C80009DF836004B287FF451AF60191D22C3A167
:103C900005F045FF9DF812109DF81100CDE90001D7
:103CA0001D35EDB29DF810309DF80C209DF80D10DB
:103CB0009DF80E00FFF77FFD01466019132205F005
:103CC0002EFF1335E8B204F80080401C9DF8302028
:103CD000C0B2412A08D00BE060190D22B7A105F04F
:103CE0001EFF0D35EDB2CBE79DF83110412941D0D3
:103CF000A6A321181D680D605D684D601B890B81AE
:103D00008E720B30C5B29DF826109DF82500CDE9C6
:103D100000019DF824309DF831109DF83200FFF726
:103D20004AFD01462C441322204605F0F8FE2722C6
:103D3000A6A1204605F0F3FE9DF80F009DF8131094
:103D400000EB012001B20A2091FBF0F200FB1211FE
:103D50003031A17212B292FBF0F100FB112230322D
:103D6000227209B251B191FBF0F200FB1211303115
:103D7000E17104E020440D2290A1D5E6E6719DF8A2
:103D80002E109DF82F2001EB022109B291FBF0F2D9
:103D900000FB12113031A17512B292FBF0F100FB61
:103DA00011223032227509B231B191FBF0F200FBE1
:103DB00012113031E17400E0E6749DF82C109DF88A
:103DC0002D2001EB022109B291FBF0F200FB121150
:103DD000303184F8231012B292FBF0F100FB112273
:103DE000303284F8212009B239B191FBF0F200FBA6
:103DF0001210303084F8200098E684F8206095E6B0
:103E000014227DA1284605F08AFE4125A6E581A061
:103E100033250168C4F829104168C4F82D100089C1
:103E2000A4F831009AE510227EA101E0102282A1BF
:103E3000504605F074FE392590E59DF83100412883
:103E40001AD060190D2281A105F069FE9DF8261097
:103E50009DF82500CDE900010D35EDB29DF8243027
:103E60009DF830209DF831109DF83200FFF7A3FC3B
:103E700001466019132257E660190F2277A153E615
:103E80002DE9F041374C0027EA3CDFF8E4C1277008
:103E900025780CF805706D1CEDB22570642DF7D3F4
:103EA000734DCC3501262F806670A8B12E80277007
:103EB00007E000BF0CF807E07F1CFFB22770642FFB
:103EC00005D2FFB210F807E0BEF1000FF2D10720D3
:103ED00025F81600761C66704FF6FF76B1420AD0C0
:103EE0002888401C2880A4F856106078082125F8FE
:103EF0001010401C6070B2420AD028880921401C72
:103F00002880A4F85820607825F81010401C6070B4
:103F1000B34206D02888401C2880A4F85A300A21D1
:103F2000A8E0ACE020EDE520F3F1F2F0E0EDE5ED06
:103F3000E0202000C1E0F2E0F0E5FF2E2020C0E20A
:103F4000E0F0E8FF2121212040202000C1E0F2E044
:103F5000F0E5FF20EDE520EEE1EDE0F0F3E6E5ED44
:103F6000E02C2000C2040010C1E0F2E0F0E5FF2EDA
:103F70002020C2FBF0E0E2EDE8E2E0FEF9E8E92013
:103F8000E7E0F0FFE42040202000000020E7E0E22E
:103F9000E5F0F8E5ED20202000000000C1E0F2E0AF
:103FA000F0E5FF2E2020CAEEEDF2F0EEEBFC20E56E
:103FB000ECEAEEF1F2E820402020000020EDE520C0
:103FC000E7E0E2E5F0F8E5ED202000002C2055EDDB
:103FD000E0F72020202C20C22C2055EAEEED2020F6
:103FE000202C20C22C2043E1E0F2202020202C2095
:103FF000C02AF7200000000040EEF2EAEBFEF7E8EE
:10400000EBF1FF2020202020202020202020202035
:10401000000000004020EFE5F0E5E3F0E5E22020BD
:10402000200000004020E7E0E2FBF8E5EDEE20553F
:10403000E2FBF52E202000004020E7E0EDE8E6E579
:10404000EDEE2055E2FBF52E202000002C2020F381
:10405000F1F2F0E0EDE5EDE0202020002C20EDE590
:1040600020F3F1F2F0E0EDE5EDE0202000000000AB
:10407000E60E0820607825F81010401C60707A4821
:104080007A4CB0F90030FF2B18D07948B0F9000015
:10409000FF2813D07749B1F90010FF290ED0764AD6
:1040A000B2F90020FF2A09D023706070A170E2707D
:1040B000724B03220621204608F0ECFD7048B0F94F
:1040C0000030FF2B18D06F48B0F90000FF2813D044
:1040D0006D49B1F90020FF2A0ED06C49B1F90010EA
:1040E000FF2909D023706070A270E170634B032236
:1040F00006215E4808F0CEFD6548B0F90030FF2B80
:1041000018D06448B0F90000FF2813D06249B1F913
:104110000010FF290ED0614AB2F90020FF2A09D011
:1041200023706070A170E270544B032206214F4847
:1041300008F0B0FD5A48B0F90030FF2B18D05948AC
:10414000B0F90000FF2813D05749B1F90020FF2A29
:104150000ED05649B1F90010FF2909D023706070C4
:10416000A270E170454B03220621404808F092FD01
:104170004F48B0F90030FF2B1AD04E48B0F900007C
:10418000FF2815D04C49B1F90020FF2A10D04B4927
:10419000B1F90010FF290BD023706070A270E1709C
:1041A000BDE8F0410322354B0621304808F072BDCE
:1041B000BDE8F081012806D12C486038B0F90E1016
:1041C000D02001F045BB7047012806D12748603850
:1041D000B0F91010F42001F03BBB7047012806D164
:1041E00022486038B0F91210F62001F031BB704758
:1041F000012806D11D486038B0F91410F82001F0EC
:1042000027BB7047012806D118486038B0F916104E
:10421000FA2001F01DBB7047012806D11348603811
:10422000B0F91810D82001F013BB7047012806D14F
:104230000E486038B0F91A10D62001F009BB70475B
:10424000012806D109486038B0F91C10DC2001F0C3
:10425000FFBA7047012806D104486038B0F91E1033
:10426000DA2001F0F5BA7047E6000010B80400103B
:10427000E8000010EA000010EC000010B20F082067
:10428000EE000010F0000010F2000010F40000102A
:10429000F6000010F8000010FA000010FC000010FA
:1042A000FE000010000100100201001004010010C7
:1042B00006010010080100100A0100100C01001096
:1042C00070472DE9F04F93468B4A5488641C548004
:1042D0001478A0427ED19488DFF820E2641C948098
:1042E0000D78AEF800504D78AEF802508D78AEF8EB
:1042F0000450C978AEF80610AEF808B013F8286F6D
:10430000AEF80A605978AEF80C109D78AEF80E50F1
:1043100041EA0621DB7845EA0125AEF810307949FB
:10432000641C9480764843EA0523B1F900101818FC
:10433000C1EB4113C3EB012100EB011872484FF0B0
:104340000006B8FBF0FCC2E90A860CF10101C2E9E3
:1043500008C1304656815489034600F26D10A50706
:1043600000D1401C814203D81846091AD18004E0CC
:10437000641CA3B25381642BEDD3D062168101205B
:104380009081D1885489614D8946A2469389B0B203
:10439000A70735F813600644B6B2168103D1022B85
:1043A00001D1761C1681B6B2B14203D81081081A29
:1043B000D08104E05B1C98B290810D28E6D3ACEB71
:1043C0000C1000EB4000C0EB001008EBC0134FF4E2
:1043D000616400E021E0B3FBF4F081B204FB10342F
:1043E0003C25B4FBF5F0136383B205FB104011824A
:1043F00084B253829482AEF814905846BBF17B0F7E
:104400000BD14348017203710470A0F81CA091897C
:104410000176D1890173A0F12000BDE8F08F38B595
:10442000354C207800281AD0302009F0ABF903462B
:10443000E32018700020587006209870EC20D87087
:10444000312119734E20587399733420D87330205A
:1044500000907B2204F11801207809F0FDF938BDA5
:1044600070B5254CE08A08B1401EE082294E3088A4
:10447000002840D02848008800283CD0E069002867
:1044800039D0401EE06136D10520E08241F278103B
:1044900001F034FA184D183501281FD041F27A1076
:1044A00001F02CFA287041F27C1001F027FA6870B4
:1044B00041F27E1001F022FAA8704FF48C5001F006
:1044C0001DFAE870FFF7ABFFB6F9000001280DD028
:1044D00002280ED003280ED110480BE05820287077
:1044E00093206870FE20A870E620EAE74FF4616030
:1044F00000E00548E06170BDA0580010545F001056
:10450000003EE843220100108051010004E4020053
:104510002040024020010010D2000010803A090023
:104520002DE9F05F4FF4967001F0E8F9FF4908803B
:10453000102001F0E3F9FE4C2080122001F0DEF99A
:1045400060802C2001F0DAF9FA4C20802E2001F056
:10455000D5F96080142001F0D1F9F74C20801620A5
:1045600001F0CCF96080182001F0C8F9F34C2080EC
:104570001A2001F0C3F960801C2001F0BFF9F04C53
:1045800020801E2001F0BAF96080202001F0B6F9E9
:10459000EC490880242001F0B1F9EB49088026207D
:1045A00001F0ACF9E94C2080282001F0A7F96080E7
:1045B0002A2001F0A3F9A080302001F09FF9E44CFB
:1045C0002080322001F09AF96080342001F096F9C1
:1045D000A080362001F092F9DE4C2080382001F0D6
:1045E0008DF960803A2001F089F9A0803C2001F02B
:1045F00085F9D94908803E2001F080F9D749088023
:10460000402001F07BF9D6490880422001F076F97C
:10461000D4490880A62001F071F9D34C2080A8204D
:1046200001F06CF96080AA2001F068F9A080782080
:1046300001F064F9CD4908807E2001F05FF9CC4992
:104640000880C62001F05AF9CA490880C82001F044
:1046500055F9C9490880822001F050F9C7490880FE
:10466000842001F04BF9C6490880862001F046F904
:10467000C4490880902001F041F9C3490880922084
:1046800001F03CF9C1490880942001F037F9C04994
:104690000880962001F032F9BE4908809A2001F086
:1046A0002DF9BD49212208800021BB48E0F7C8FA56
:1046B0004FF4177001F022F9B84C208040F25E20D0
:1046C00001F01CF9B64D288040F2662001F016F981
:1046D000B44908804FF41A7001F010F9B24908800B
:1046E000208829880844B1490880802001F006F913
:1046F000AF490880BC2001F001F9AE490870BE2026
:1047000001F0FCF8AC490880C42001F0F7F8AB498F
:104710000880CA2001F0F2F8A9490880CC2001F0F5
:10472000EDF8A8490880CE2001F0E8F8A6490880F5
:104730004FF4197001F0E2F8A4490880D02001F08C
:10474000DDF8A3490880D22001F0D8F8A1490880FB
:10475000D42001F0D3F8A0490880D62001F0CEF88B
:104760009E490880D82001F0C9F89D490880DA20C8
:1047700001F0C4F89B490880DC2001F0BFF89A4999
:104780000880EC2001F0BAF898490880EE2001F08A
:10479000B5F897490880F02001F0B0F895490880F5
:1047A000F22001F0ABF894490880F42001F0A6F85B
:1047B00092490880F62001F0A1F891490880F8207C
:1047C00001F09CF88F490880FA2001F097F88E4993
:1047D0000880FC2001F092F88C4D00B20B28288054
:1047E00001D3002028804FF48B7001F087F8DFF8A8
:1047F0002082A8F800004FF4957001F07FF88549F9
:104800000880FE2001F07AF8834908804FF4807018
:1048100001F074F8814908804FF4817001F06EF85E
:104820007F4908804FF4827001F068F87D49088064
:104830004FF4837001F062F87B4908804FF4977061
:1048400001F05CF8794908804FF4987001F056F84F
:10485000774908804FF4847001F050F8754908805A
:104860004FF4857001F04AF8734908804FF4867060
:1048700001F044F8714908804FF4877001F03EF868
:104880006F4908804FF4887001F038F86D4908804E
:104890004FF4897001F032F86B4908804FF48A7048
:1048A00001F02CF8694908804FF48E7001F026F869
:1048B000674908804FF48F7001F020F8654908803F
:1048C0004FF4907001F01AF8634908804FF491702A
:1048D00001F014F8614908804FF4927001F00EF86D
:1048E0005F4908804FF4937001F008F85D49088033
:1048F000762001F003F85C4908804FF4D17000F095
:10490000FDFF5A4908804FF4D27000F0F7FF584C71
:1049100020804FF4D37000F0F1FF564E30804FF4FA
:10492000D47000F0EBFFDFF85091A7E026010010F3
:104930009AC00720600300109EC007206403001087
:10494000A2C0072068030010ACC00720A6C0072043
:1049500006C10720C403001070030010AEC007207A
:1049600072030010B0C007206A0300107403001027
:10497000B4C0072078030010C0C00720B6C00720CD
:104980007A03001074000010BAC007207E030010E4
:10499000BCC0072080030010AC000010B000001065
:1049A000AE000010B2000010B4000010CCC0072010
:1049B00072000010DCC00720D0000010820300103D
:1049C00084030010C2C0072086030010C4C0072063
:1049D000780000107A0000107C0000107E000010AB
:1049E0008000001082000010840000108800001079
:1049F0008A000010860000108C030010C8C0072039
:104A00008E030010CAC0072090030010B6000010EB
:104A1000B8000010BA0000101A0100101C010010AC
:104A20008C0000108E000010960000109000001006
:104A3000980000109A0000109C00001092000010D6
:104A4000940000101E01001020010010220100102F
:104A50009E000010A0000010A2000010A400001092
:104A6000A6000010A8000010240100107C01001016
:104A7000800100108401001090010010A9F80000CE
:104A80004FF4D87000F03AFFFF4F38804FF4D570E4
:104A900000F034FFDFF8F4A3AAF800004FF4E07050
:104AA00000F02CFFFA4948804FF4E17000F026FF37
:104AB00060804FF4E27000F021FF70804FF4E370EB
:104AC00000F01CFFA9F802004FF4E87000F016FF98
:104AD00078804FF4E47000F011FFAAF80200A020E3
:104AE00000F00CFFEB490870A22000F007FFEA4934
:104AF0000870A42000F002FFE8490880C02000F000
:104B0000FDFEE7490880C22000F0F8FEE549088074
:104B10004FF49E7000F0F2FEE34908804FF49F705E
:104B200000F080FFE14908604FF4A37000F0E6FE5A
:104B3000DF4908804FF4A47000F0E0FEDD490880F2
:104B40004FF4A57000F0DAFEDB4908804FF4A67040
:104B500000F068FFD94908604FF4A77000F062FFC9
:104B6000D74908604FF4A87000F0C8FED549088006
:104B70004FF4A97000F0C2FED34908804FF4AA7028
:104B800000F0BCFED14908804FF4AB7000F0B6FED7
:104B9000CF4908804FF4A07000F0B0FECD490880E6
:104BA0004FF4A17000F0AAFECB4908804FF4A27028
:104BB00000F038FFC94908604FF4017000F09EFE14
:104BC000C749088040F2062000F098FEC5490880D9
:104BD0004FF4027000F092FEC349088040F20A20B0
:104BE00000F08CFEC14908804FF4037000F086FE8F
:104BF000BF49088040F20E2000F080FEBD490880C9
:104C00004FF4047000F07AFEBB49088040F2122095
:104C100000F074FEB94908804FF40D7000F06EFE8C
:104C2000DFF8DCB25E46ABF8000040F2362000F060
:104C300065FEB44F38804FF40E7000F05FFEB24C4A
:104C4000208040F23A2000F059FEDFF8C0A2AAF816
:104C500000004FF40F7000F051FEDFF8B492A9F895
:104C6000000040F23E2000F049FE70804FF41070CA
:104C700000F044FE788040F2422000F03FFE608069
:104C80004FF4117000F03AFEAAF8020040F24620FC
:104C900000F034FEA9F802004FF4127000F02EFE6E
:104CA000B08040F24A2000F029FEB8804FF4137023
:104CB00000F024FEA08040F24E2000F01FFEAAF873
:104CC000040056464FF4147000F018FEA9F80400D2
:104CD0004F4640F2522000F011FEABF806004FF4B0
:104CE000157000F00BFE8749C88040F2562000F096
:104CF00005FEE0804FF4167000F000FEF08040F2F8
:104D00005A2000F0FBFDF880E02000F0F7FD81491B
:104D10000880BA2000F0F2FD7F490870AC2000F056
:104D2000EDFD7E490880AE2000F0E8FD7C4908805A
:104D3000B02000F0E3FD7B490880B22000F0DEFDEA
:104D400079490880B42000F0D9FD78490880B62060
:104D500000F0D4FD76490004000C088001D00D2835
:104D600001D300200880B82000F0C8FD71490880F8
:104D70004FF4187000F0C2FD6F49088040F26220C5
:104D800000F0BCFD6D4908804FF4337000F0B6FDB3
:104D90006B49088040F2CE2000F0B0FD69490880E0
:104DA0004FF4347000F0AAFD6749088040F2D22029
:104DB00000F0A4FD654908804FF4357000F09EFDB9
:104DC0006349088040F2D62000F098FD61490880D0
:104DD0004FF4367000F092FD5F49088040F2DA200F
:104DE00000F08CFD5D4908804FF4377000F086FDBF
:104DF0005B49088040F2DE2000F080FD59490880C0
:104E00004FF4437000F07AFD5749088040F20E30AD
:104E100000F074FD554908804FF4447000F06EFDB9
:104E20005349088040F2123000F068FD5149088073
:104E30004FF4387000F062FD4F49088040F2E220E4
:104E400000F05CFD4D4908804FF4397000F056FDCC
:104E50004B49088040F2E62000F050FD49490880A7
:104E60004FF43A7000F04AFD4749088040F2EA20CA
:104E700000F044FD454908804FF43B7000F03EFDD2
:104E80004349088086E00000880100108C01001072
:104E90007C0100103D0000103E000010BC0000101E
:104EA00076000010BEC00720C00000109401001062
:104EB00092030010CEC0072094030010D4C0072036
:104EC0009C030010D8C00720A0030010DAC0072000
:104ED000A2030010D0C00720960300109803001012
:104EE000B6010010BC010010C2010010C801001082
:104EF000CE010010D4010010DA010010E001001012
:104F000010020010180200102002001028020010E9
:104F1000A4030010AC0300103F000010CE000010EE
:104F2000C2000010C4000010C6000010C80000102D
:104F3000CA000010CC00001048010010DEC007209D
:104F4000D2000010D4000010D6000010D8000010CD
:104F5000DA000010DC000010DE000010E00000109D
:104F6000E2000010E4000010120100101401001013
:104F70001601001018010010E6000010E8000010F3
:104F8000EA000010EC000010EE000010F00000102D
:104F9000F200001040F2EE2000F0B0FC554908800D
:104FA0004FF43C7000F0AAFC5349088040F2F22014
:104FB00000F0A4FC514908804FF43D7000F09EFCC5
:104FC0004F49088040F2F62000F098FC4D490880D7
:104FD0004FF43E7000F092FC4B49088040F2FA20FA
:104FE00000F08CFC494908804FF43F7000F086FCCB
:104FF0004749088040F2FE2000F080FC45490880C7
:105000004FF4407000F07AFC4349088040F20230CF
:1050100000F074FC414908804FF4417000F06EFCD0
:105020003F49088040F2063000F068FC3D490880A6
:105030004FF4427000F062FC3B49088040F20A30B5
:1050400000F05CFC394908804FF48C7000F056FC8D
:10505000374C20804FF48D7000F050FC6080354E4E
:10506000002400BF04F5657000F0A1FC3055641CFD
:10507000E4B2402CF6D3304F002440F2DA3600BFC1
:1050800006EB440000F093FC3855641CE4B20A2C93
:10509000F6D34FF4F97000F031FC284908804FF442
:1050A000F87000F02BFC264908804FF4FA7000F0ED
:1050B00025FC244908804FF4FB7000F01FFC2249B6
:1050C0000880B5F90000062801D305202880B8F92A
:1050D0000010032906D0022904D0012902D00121A1
:1050E000A8F8001040F2EE3000F008FC17490880E4
:1050F000BDE8F09FF4000010F6000010F80000106A
:10510000FA000010FC000010FE000010000100106A
:105110000201001004010010060100100801001037
:105120000A0100100C0100100E0100101001001007
:10513000720100100C0C0820020C08205CC0072033
:1051400030C0072032C0072034C0072056010010AD
:1051500030B54E482021C0F8A01100BFD0F8A011F2
:105160004906FBD500F180000322C0F884204FF4EB
:105170000031C0F828114FF00001C0F82C114FF099
:105180000103C0F88C30424C446003604FF0AA0326
:10519000C3604FF05504C460A0F18000D0F888507F
:1051A0006D01FBD540F8802FC360C460C0F8881043
:1051B000384A4264C0F848118168A0F180006FEA63
:1051C00011618A073449D0F80C2102F0030207D09C
:1051D00092B3012A46D0022A4AD0032A51D13BE099
:1051E0002AB1012A11D0022A27D0032A49D150F826
:1051F000882FC2F30E02521C53000268C2F307420A
:10520000521CB3FBF2F2254B0CE050F8882FC2F38E
:105210000E02521C53000268C2F30742521CB3FB39
:10522000F2F21F4B5A43C36FA0F18800DBB203F1C7
:105230000103B2FBF3F223E00EE050F8882FC2F333
:105240000E02521C53000268C2F30742521CB3FB09
:10525000F2F24FF4FA43E5E7D0F804210F4BD2B253
:10526000521C0BE0D0F804210D4BD2B2521C05E0C9
:10527000D0F804214FF4FA43D2B2521CB3FBF2F23D
:105280000A6043F23A01016030BD000000C00F40E7
:105290004F0003004AF10040D458001000093D00BF
:1052A0008096980070B542F22734614300220223B1
:1052B000FF240425012660B1012809D13948436043
:1052C000C26081610460456146604168C907FCD1E4
:1052D00070BD4FF040204360C26081610460456151
:1052E00046604168C907FCD170BD4FF040210120E4
:1052F00008602D480168491C01602C490020087095
:105300002B48016821F0FF01091D0160016841F08F
:10531000807101607047234901200860224841687C
:10532000491C41607047012110B11E48416070471F
:105330004FF04020FAE7002110B11A484160704751
:105340004FF04020FAE728B11648416841F00201C9
:10535000416070474FF04020F7E710B50022124C33
:10536000032318B1012808D0002010BD22604FF09F
:10537000402081614361012004E06260094881614D
:105380004361022000F002F8012010BD00F01F026E
:105390000121914040094FF0E02202EB8000C0F86B
:1053A00000117047008000401CC1072001C0072089
:1053B000004003404E48016A41F0004101624D49FE
:1053C0004A68D30709D04C4B1B8833B1836B43F039
:1053D000004383630620887003E0C36B43F00043FF
:1053E000C363500848604878401E10F0FF004870C2
:1053F00003D12020487088684860704710B53D4A46
:10540000002320244F2908D0412909D052290BD04C
:10541000532908D15360936004E0C2E9010301E01D
:1054200050609060547010BD906010BDF0B5314C6C
:1054300000252078401CC0B22070092800D92570B2
:105440002E482F4900680978084303D052214FF0B5
:10545000333041E02C492B48DFF8B0C0B1F90010DF
:105460002B4AB0F9023001EB81061278DCF800100B
:10547000B3EB460F01DA552A1DD0254BB0F94E701B
:105480005B78B7EB460F01DA552B14D0214EB0F9FB
:105490000870B6F900607642B74201DA552A0FD09B
:1054A000B0F95420B24201DA552B09D090F83F20D0
:1054B00092070ED109E0C1B952214FF001300BE043
:1054C00099B952214FF0011006E090F88B00800747
:1054D00005D051B952210520FFF790FF05E0532177
:1054E0000020FFF78BFFCCF80050E570F0BD000006
:1054F00000C0092024C107207400001080C00720CC
:105500002200001040EC0720B6C007209C010010CC
:10551000BE000010B8C007209148016841F040412A
:105520000160416821F003014160416841F00C01D4
:105530004160416841F0300141608A481421C160F6
:105540003821016070478848016C41F400510164C2
:10555000C16D41F40051C1658449491EFDD1416DC1
:1055600041F400514165704710B57F4C02462068F8
:1055700040F400602060606940F400606061FFF703
:10558000CBFF0021606920F400606061491CC9B252
:105590000529F7D3104600F0EFF80020616921F4E7
:1055A00000616161401CC0B20528F7D30020616929
:1055B00041F400616161401CC0B20528F7D3BDE829
:1055C000104000F0E1B870B5674C0246206840F426
:1055D00000602060606940F400606061FFF79CFF3C
:1055E0000021606920F400606061491CC9B205298E
:1055F000F7D35F4D0020012AE88002D0022A05D0AF
:105600000EE0002000F0B8F8E88009E0002000F08B
:10561000B3F8574DAD1D6870002000F0ADF828704C
:105620000020616921F400616161401CC0B205285D
:10563000F7D30020616941F400616161401CC0B290
:105640000528F7D3BDE8704000F09EB82DE9F04181
:105650000820FFF789FF0120FFF7B5FF444CE088E1
:10566000C00751D120783830C0B2FFF77DFF02204B
:10567000FFF7A9FF20893F4B401C2081207888B18B
:105680006078E18803EB400200251184401CA18072
:10569000C0B225706070102801D328466570C0071D
:1056A00008D02DE06178E08823F8110060800120A7
:1056B000207016E0DFF8B8C00CF10A0C0022114689
:1056C00003EB401636F81170491CC9B23A44102950
:1056D000F8D311092CF81010401CC0B20228EDD3E9
:1056E00075B12120FFF740FF0D20FFF73DFF207827
:1056F00040B11120FFF738FFBDE8F041442033E707
:105700002020EFE71020F5E7BDE8F08110B5184C38
:105710002078401C00F0010020702030FFF724FFAB
:105720000D20FFF721FF20781030C0B2FFF71CFFDB
:105730004420FFF719FF0820FFF716FF0120FFF7AD
:1057400042FFE088C007F6D120783830C0B2FFF7BA
:105750000BFF0220FFF737FF2089401C208110BD7E
:1057600000C002400000024000C00920C0D4010077
:10577000D85800106C5F0010FC498860486800062B
:10578000FCD58868C0B27047F948016821F04041F3
:105790000160416821F003014160416821F00C0182
:1057A0004160416821F030014160F049002008600B
:1057B0007047EF48016841F040410160416821F0C5
:1057C00003014160416841F00C014160416841F0D2
:1057D00030014160E5482021C1600160704700B59B
:1057E000FFF7E7FFE34A106840F480101060D069CB
:1057F00040F48010D0610620FFF7BEFF106840F42F
:1058000080101060906940F4801090615DF804EBA6
:10581000BAE700B5FFF7CDFFD64A106840F4801014
:105820001060D06940F48010D0610520FFF7A4FF1C
:10583000FF20FFF7A1FF0346106840F480101060BE
:10584000906940F480109061FFF79EFF184600BDFC
:105850002DE90340FFF7DDFFC007FBD1FFF7BFFFD6
:10586000FFF7A7FFC34A106840F480101060D069AA
:1058700040F48010D0610220FFF77EFF9DF8010008
:10588000FFF77AFF9DF80000FFF776FF9DF8040010
:10589000FFF772FF9DF805301846FFF76DFF10689F
:1058A00040F480101060906940F48010906110689E
:1058B00040F480101060906940F480109061FFF710
:1058C00063FF18460CBD10B5AB4CB4F900000A28B4
:1058D00001DA401C2080B4F9020045F2AA51884246
:1058E0000BD02088032802D10220FFF7B1FF2088C7
:1058F000042802D1A1490120087010BD2DE9014002
:10590000FFF787FFC007FBD1FFF753FF994A1068E5
:1059100040F480101060D06940F48010D061032002
:10592000FFF72AFF9DF80100FFF726FF9DF8000012
:10593000FFF722FFFF20FFF71FFF0346FF20FFF7BF
:105940001BFF03EB0023106840F480101060906987
:1059500040F480109061106840F4801010609069ED
:1059600040F480109061FFF70FFF184608BD00B5A6
:105970000220FFF7C3FF804948800020088000BD57
:105980007B48016841F040410160416821F003011A
:105990004160416841F00C014160416841F03001D3
:1059A000416072482021C16038210160704701B513
:1059B000FFF72FFFC007FBD1FFF7FBFE6D4A106812
:1059C00040F480101060D06940F48010D0611068FD
:1059D00040F480101060D06940F48010D061032042
:1059E000FFF7CAFE9DF80100FFF7C6FE9DF8000014
:1059F000FFF7C2FEFF20FFF7BFFE0346106840F42A
:105A000080101060906940F480109061106840F43C
:105A100080101060906940F480109061FFF7B4FE30
:105A2000184608BD2DE93140FFF7F3FEC007FBD152
:105A3000FFF7BFFE4F4A106840F480101060D06935
:105A400040F48010D0610320FFF796FE9DF801001E
:105A5000FFF792FE9DF80000FFF78EFEFF20FFF794
:105A60008BFE0346FF20FFF787FE0446FF20FFF76B
:105A700083FE0546FF20FFF77FFE05EB002004EBC9
:105A8000002003EB0023106840F480101060906940
:105A900040F480109061106840F4801010609069AC
:105AA00040F480109061FFF76FFE184638BD13B5C3
:105AB0004FEA0104FFF7ADFEC007FBD1FFF779FE07
:105AC0002C4A106840F480101060D06940F48010B7
:105AD000D0610320FFF750FE9DF80100FFF74CFE58
:105AE0009DF80000FFF748FEFF20FFF745FE2070FD
:105AF000FF20FFF741FE6070FF20FFF73DFEA07022
:105B0000FF20FFF739FEE070106840F4801010604D
:105B1000906940F480109061106840F4801010602B
:105B2000906940F480109061BDE81C402CE677B588
:105B30000D461646FFF76DFEC007FBD1FFF739FE95
:105B40000C4B186840F480101860D86940F480103D
:105B5000D8610320FFF710FE9DF80100FFF70CFE4F
:105B60009DF80000FFF708FE002410E0000002404E
:105B700000C0024000C0092030C107201F000010F3
:105B8000FF20FFF7F9FD641C05F8010BE4B2B442F5
:105B9000F6D3186840F480101860986940F48010BB
:105BA0009861186840F480101860986940F480107B
:105BB0009861BDE87E40E7E513B50C46FFF729FE86
:105BC000C007FBD1FFF70BFEFFF7F3FD574A106844
:105BD00040F480101060D06940F48010D061022041
:105BE000FFF7CAFD9DF80100FFF7C6FD9DF8000014
:105BF000FFF7C2FD2046FFF7BFFD0346106840F4E3
:105C000080101060906940F480109061106840F43A
:105C100080101060906940F480109061FFF7B4FD2F
:105C200018461CBD2DE90340FFF7F3FDC007FBD16B
:105C3000FFF7D5FDFFF7BDFD3C4A106840F480102A
:105C40001060D06940F48010D0610220FFF794FD0D
:105C50009DF80100FFF790FD9DF80000FFF78CFD17
:105C60009DF80400FFF788FD9DF80500FFF784FD0F
:105C70009DF80600FFF780FD9DF807301846FFF7F6
:105C80007BFD106840F480101060906940F4801033
:105C90009061106840F480101060906940F48010AA
:105CA0009061FFF771FD18460CBD13B54FEA010472
:105CB000FFF7AFFDC007FBD1FFF791FDFFF779FDBF
:105CC0001A4A106840F480101060D06940F48010C7
:105CD000D0610220FFF750FD9DF80100FFF74CFD59
:105CE0009DF80000FFF748FD2078FFF745FD60783C
:105CF000FFF742FDA078FFF73FFDE3781846FFF776
:105D00003BFD106840F480101060906940F48010F2
:105D10009061106840F480101060906940F4801029
:105D20009061FFF731FD18461CBD000000C009203E
:105D30002DE9F84FE0F715FCFF4BDFF800A4002039
:105D4000C1018E4600247A2141430091009900252B
:105D500001EBC40109B28B460EEB051121440EB2D2
:105D600000219955DFF8D8C3594607221AF8017067
:105D7000B946FF0705D09F5D1CF8028047EA080777
:105D80009F554FEA59080AF80180491C521E52B229
:105D900009B2002AEADA6D1CEDB2082DDCD3641CCE
:105DA00064B20F2CD2DB401CC0B20428C8D3BDE8BB
:105DB000F88FE4490A6842F480720A608A6942F402
:105DC00080728A6100EB4000800000E0401E0028E5
:105DD000FCD1C86940F48070C8617047D9490A682D
:105DE00042F480720A608A6942F480728A6142F6E3
:105DF000E062504300E0401E0028FCD1C86940F436
:105E00008070C8617047CF48016A21F07F510162FC
:105E1000816B41F40011816300BF00BF00BF00BF70
:105E200000BF00BF00BF00BF00BF00BFC16B41F497
:105E30008021C16300BF00BF00BF00BF00BF00BF23
:105E400000BF00BF00BF00BF816B41F40021816330
:105E50004FF00C01491EFDD1416B8900FCD4704705
:105E6000B84A00B50346106A40F440201062106A38
:105E700040F400101062FFF7C6FF00BF00BF00BF74
:105E800000BF00BF00BF00BF00BF00BF00BF906BDE
:105E900040F48020906300BF00BF00BF00BF00BF80
:105EA00000BF00BF00BF00BF00BFD06B40F40010B8
:105EB000D06300BF00BF00BF00BF00BF00BF00BF76
:105EC00000BF00BF00BF106A40F07F501062906BAF
:105ED00040EA83509063D06B6FEA0301C9B240EA95
:105EE0008150D06300BF00BF00BF00BF00BF00BF34
:105EF00000BF00BF00BF00BFD06B40F40020D063E4
:105F000000BF00BF00BF00BF00BF00BF00BF00BF99
:105F100000BF00BF184600BD8A4A00B50346106A9C
:105F200040F430101062FFF76EFF00BF00BF00BFEB
:105F300000BF00BF00BF00BF00BF00BF00BFD06BED
:105F400040F48020D06300BF00BF00BF00BF00BF8F
:105F500000BF00BF00BF00BF00BFD06B40F4001007
:105F6000D06300BF00BF00BF00BF00BF00BF00BFC5
:105F700000BF00BF00BF106A40F07F501062906BFE
:105F800040EA83509063D06B6FEA0301C9B240EAE4
:105F90008150D06300BF00BF00BF00BF00BF00BF83
:105FA00000BF00BF00BF00BFD06B40F40020D06333
:105FB00000BF00BF00BF00BF00BF00BF00BF00BFE9
:105FC00000BF00BF00BD30B55FF0000404F18000E9
:105FD000C0B2FFF7A1FF8020FFF79EFF0025002041
:105FE000FFF73EFF0020FFF73BFF6D1CEDB2082DD1
:105FF000F5D3641CE4B2202CE8D330BD70B5524810
:10600000401EFDD14F48016A41F07F510162016A93
:1060100041F470110162016841F0C0410160C16941
:1060200041F08041C1614FF416742146491EFDD1F3
:10603000816941F0804181612046401EFDD13F20B1
:10604000FFF76AFF4FF4E16635466D1EFDD13F2034
:10605000FFF762FF641EFDD10C20FFF75DFF761E87
:10606000FDD170BD00B5FFF7C9FF5DF804EBAAE7ED
:106070002DE9F041FFF75CFE3448017809B10021B9
:1060800000E00121002601704FEA060404F18000BF
:10609000C0B2FFF741FF8020FFF73EFF0025264FEB
:1060A00000E015B90120FFF784FEB85D761C36B21A
:1060B000FFF7D6FE6D1CEDB2102DF2D3641CE4B2D6
:1060C000202CE3D3BDE8F08110B51F48401EFDD160
:1060D0001FA325A22AA130A0DBF7A0FC00227B2170
:1060E0002320DAF7F2FABDE810400020C0E7154897
:1060F000016A21F07F510162816B41F400118163DB
:1061000000BF00BF00BF00BF00BF00BF00BF00BF97
:1061100000BF00BFC16B41F48021C16300BF00BF5D
:1061200000BF00BF00BF00BF00BF00BF00BF00BF77
:10613000816B41F480113BE0AC5F00103807082010
:106140001EE4020000C00920804F1200E658001033
:1061500035362020C8EDE8F6E8E0EBE8E7E0F6E8C1
:10616000FF2020380000000035202020EDE520EF42
:10617000EEE4EAEBFEF7E5EDE0202036000000005B
:106180003320202020C1E0F2E0F0E5FF20B92320F9
:10619000202020340000000031202020202020C0BA
:1061A000C2C0D0C8DF212020202020320000000003
:1061B0008163416B8900FCD47047A94A00B503464E
:1061C000106A40F480201062106A40F4401010629F
:1061D000FFF78DFF00BF00BF00BF00BF00BF00BFC3
:1061E00000BF00BF00BF00BFD06B40F48020D06371
:1061F00000BF00BF00BF00BF00BF00BF00BF00BFA7
:1062000000BF00BFD06B40F40010D06300BF00BFE0
:1062100000BF00BF00BF00BF00BF00BF00BF00BF86
:10622000106A40F07F501062906B40EA8350906398
:10623000D06B6FEA0301C9B240EA8150D06300BF5E
:1062400000BF00BF00BF00BF00BF00BF00BF00BF56
:1062500000BFD06B40F48010D06300BF00BF00BF10
:1062600000BF00BF00BF00BF00BF00BF00BF00BD38
:106270007B4A00B50346106A40F480201062106A21
:1062800040F440101062FFF732FF00BF00BF00BFB4
:1062900000BF00BF00BF00BF00BF00BF00BF906BCA
:1062A00040F48020906300BF00BF00BF00BF00BF6C
:1062B00000BF00BF00BF00BF00BFD06B40F40010A4
:1062C000D06300BF00BF00BF00BF00BF00BF00BF62
:1062D00000BF00BF00BF106A40F07F501062906B9B
:1062E00040EA83509063D06B6FEA0301C9B240EA81
:1062F0008150D06300BF00BF00BF00BF00BF00BF20
:1063000000BF00BF00BF00BFD06B40F48010D0635F
:1063100000BF00BF00BF00BF00BF00BF00BF00BF85
:1063200000BF00BF00BD40F0B800F5E5F4E540F067
:10633000C000F1E54A484FF48021C1634FF40011D9
:1063400081634FF40021816300BF00BF00BF00BF25
:10635000426B9200F9D4C16370474FF0000000BF58
:10636000401C00B26428FADB704730B50346FFF7E3
:10637000E1FF3B494FF400108863C210CA638210EA
:106380008A6344108C638D6B45EA83558D63CD6BB6
:10639000DB43DBB245EA8353CB63CA63CC63C86398
:1063A00030BD3048416821F040514160816821F0A2
:1063B00030018160816821F0C0018160816821F431
:1063C00040718160816821F440618160416821F4FD
:1063D00040514160416821F440414160416821F4ED
:1063E00040314160416821F440214160416821F41D
:1063F00040114160416821F440014160416821F051
:1064000040714160416821F0406141601448016A77
:10641000154A11430162016841F4701101600021C5
:10642000C26B42F08042C263491C0A29F8DB4FF07C
:1064300000014FF4FA7200BF491C9142FBDB0021BE
:106440004CF25032836B43F080438363491C91428A
:10645000F8DBE22089E7AF205EE5AE205CE50000D6
:1064600000C0092000C002400000C07F30B5FF4BD3
:106470000122FF4C587800F01F011878491D04E0F4
:106480009D5C205C6840521CD2B28A42F8D300283E
:1064900000D1FF2030BD30B5F44B0122F54C5878C7
:1064A00000F01F011878491D04E09D5C205C6840E5
:1064B000521CD2B28A42F8D3002800D1FF2030BD4E
:1064C000EA4B30B5283301225878E94C00F01F011F
:1064D0001878491D04E09D5C205C6840521CD2B2D3
:1064E0008A42F8D3002800D1FF2030BDDF4B30B501
:1064F000283301225878DF4C00F01F011878491D1D
:1065000004E09D5C205C6840521CD2B28A42F8D301
:10651000002800D1FF2030BD2DE9F04FDFF858A34F
:10652000D64D0026BAF9102005F5807B531C1BB20E
:10653000994605F5C07E4FF09E0C0EEB82030BEBE7
:106540008204082924D84FF4702707EA014145F84E
:10655000221005F18001D04641F822C007780BF8DF
:106560002270417861708178A170C178E1700479FE
:106570000EF822404179597081799970C079D870AC
:10658000A8F81090B9F1080F01DBAAF8106099E1A2
:106590004FF40027102956D8DFF8E0C245F82270E2
:1065A0009E270CF1800CB9F1080F4CF8227090F87E
:1065B00000800BF8228090F8018084F8018090F828
:1065C000028084F8028090F8038084F8038090F8B9
:1065D00004800EF8228042795A7082799A70C279CA
:1065E000DA705F4674465346AAF8109000DB1E82AC
:1065F00008394FF4702202EA0142BAF910100BEB8D
:10660000810345F821209E224CF82120027A07F8C8
:106610002120427A5A70827A9A70C27ADA70027BAA
:1066200004F821200EEB8102437B5370837B93702F
:10663000C07BD070491C08B25146AAF81000082847
:10664000A5DB0E823EE118297ED8DFF8308245F8BE
:10665000227008F180084FF09E0C48F822C090F894
:1066600000800BF8228090F801C084F801C090F8F7
:1066700002C084F802C090F803C084F803C090F808
:1066800004C00EF822C042795A7082799A70C27999
:10669000DA7074465346AAF81090B9F1080F00DB7F
:1066A0001E82BAF91020DFF8D4910BEB820345F873
:1066B000227009F180099E2749F8227090F808C0DD
:1066C0000BF822C090F809C083F801C090F80AC006
:1066D00083F802C090F80BC083F803C0037B04F872
:1066E000223004EB820C437B8CF80130837B8CF8E6
:1066F0000230C37B521CD0468CF8033012B24346A2
:10670000A8F81020082A00DB1E8210394FF47022EE
:1067100002EA0143B8F91010424645F8213049F821
:106720002170077C0BF821700BEB8103477C5F70B5
:10673000877C9F70C77CDF70037D04F821300EEBEF
:106740008104437D637000E007E0837DA370C07D1A
:10675000E070491C08B21082B0E020297DD8DFF833
:106760001C8145F8227008F180084FF09E0C48F813
:1067700022C090F800800BF8228090F801C084F8C5
:1067800001C090F802C084F802C090F803C084F8F9
:1067900003C090F804C00EF822C042795A70827982
:1067A0009A70C279DA705346AAF81090B9F1080FBE
:1067B00000DB1E82BAF91020304B4FF09E0C803364
:1067C00045F8227043F822C0047A0BF822400BEB04
:1067D0008203447A5C70847A9C70C47ADC70047B97
:1067E0000EF822400EEB8203447B5C70847B9C702D
:1067F000C47B521CD046DC7012B2D9464346A8F87E
:106800001020082A00DB1E82B8F910201B4B45F827
:10681000227080330EEB820743F822C0047C09F813
:10682000224009EB8203447C5C70847C9C70C47CB5
:10683000DC70047D0EF82240447D7C70847DBC7049
:10684000C47D521CFC7012B273464446A8F8102056
:10685000082A00DB2682183900E033E04FF470226A
:1068600002EA01424446B8F9101009E06C1208200F
:1068700026E4020026E5020034C10720C80F0820E4
:1068800045F82120FF4A42F821C0077E09F821700F
:1068900009EB8102477E5770877E9770C77ED7705D
:1068A000027F03F821200EEB8103427F5A70827F22
:1068B0009A70C07FD870491C08B22082082801DB7A
:1068C000A8F810609AF800105046002919D0B0F9C5
:1068D0001210ED4A55F821301363EA4B53F821307A
:1068E00053635BF8213093635EF82130D363212337
:1068F0005360491C09B24182082900DB46828AF8AC
:106900000060BDE8F08F2DE9F04FDFF880A3E04D87
:1069100000269AF8032005F1400B531CDBB2994680
:1069200005F1600E4FF09E0C0EEB82030BEB820420
:10693000082924D84FF4702707EA014145F82210AE
:1069400005F12001D04641F822C007780BF82270EB
:10695000417861708178A170C178E17004790EF896
:1069600022404179597081799970C079D87088F83E
:106970000390B9F1080F01D38AF8036098E14FF44E
:106980000027102956D8DFF808C345F822709E2743
:106990000CF1200CB9F1080F4CF8227090F800802F
:1069A0000BF8228090F8018084F8018090F8028032
:1069B00084F8028090F8038084F8038090F80480C3
:1069C0000EF8228042795A7082799A70C279DA7010
:1069D0005F46744653468AF8039000D3DE70083948
:1069E0004FF4702202EA01429AF803100BEB810384
:1069F00045F821209E224CF82120027A07F8212018
:106A0000427A5A70827A9A70C27ADA70027B04F8FB
:106A100021200EEB8102437B5370837B9370C07BFC
:106A2000D070491CC8B251468AF803000828A5D383
:106A3000CE703DE118297ED8DFF8548245F82270E7
:106A400008F120084FF09E0C48F822C090F8008012
:106A50000BF8228090F801C084F801C090F802C0C1
:106A600084F802C090F803C084F803C090F804C012
:106A70000EF822C042795A7082799A70C279DA701F
:106A8000744653468AF80390B9F1080F00D3DE70BC
:106A90009AF80320DFF8F8910BEB820345F8227097
:106AA00009F120099E2749F8227090F808C00BF8D8
:106AB00022C090F809C083F801C090F80AC083F89A
:106AC00002C090F80BC083F803C0037B04F82230A7
:106AD00004EB820C437B8CF80130837B8CF8023012
:106AE000C37B521CD0468CF80330D2B2434688F8A0
:106AF0000320082A00D3DE7010394FF4702202EA16
:106B0000014398F80310424645F8213049F82170B6
:106B1000077C0BF821700BEB8103477C5F70877C4F
:106B20009F70C77CDF70037D04F821300EEB810479
:106B3000437D637000E007E0837DA370C07DE0705B
:106B4000491CC8B2D070AFE020297DD8DFF8408161
:106B500045F8227008F120084FF09E0C48F822C03A
:106B600090F800800BF8228090F801C084F801C0F2
:106B700090F802C084F802C090F803C084F803C003
:106B800090F804C00EF822C042795A7082799A7047
:106B9000C279DA7053468AF80390B9F1080F00D32E
:106BA000DE709AF803203A4B4FF09E0C203345F8E4
:106BB000227043F822C0047A0BF822400BEB8203C8
:106BC000447A5C70847A9C70C47ADC70047B0EF822
:106BD00022400EEB8203447B5C70847B9C70C47B00
:106BE000521CD046DC70D2B2D946434688F8032006
:106BF000082A00D3DE7098F80320254B45F8227050
:106C000020330EEB820743F822C0047C09F82240AF
:106C100009EB8203447C5C70847C9C70C47CDC70D7
:106C2000047D0EF82240447D7C70847DBC70C47D60
:106C3000521CFC70D2B27346444688F80320082ADE
:106C400000D3E670183900E032E04FF4702202EA17
:106C5000014298F80310444645F821200C4A20329E
:106C600042F821C0077E09F8217009EB8102477EB6
:106C70005770877E9770C77ED770027F03F82120F8
:106C8000427F07E0481008200040044034C107203C
:106C9000C81108200EEB8103491C5A70827F9A703C
:106CA000C07FD870C8B2E070082801D388F80360AC
:106CB0009AF801105046002918D0017955F8213072
:106CC000FF4A1363FF4B53F8213053635BF82130C5
:106CD00093635EF82130D36321235360491CC9B20A
:106CE0000171082900D306718AF8016009E670B5C0
:106CF0000022072420E000BFB2FBF4F56B18A5EBDF
:106D0000C5051544DBB215F0FF0F01D10025C554B0
:106D1000C55C6D062D0EC554865CF60702D045F0A5
:106D2000010501E005F0FE05C554835C5B0843F0F6
:106D300080038354521CD2B28A42DDD3B1FBF4F2F9
:106D40000A44521C05E0435C43F080034354491C51
:106D5000C9B28A42F7D870BD2DE9F04F09ACDA4FBD
:106D6000B4E8004DD94C4FF4002607F18009B4F97E
:106D700010504FF09E0C47F8256007F5807649F8D3
:106D800025C006F8250006EB850041708270C370AF
:106D900006F1800000EB850200F8258082F801A052
:106DA00082F802B082F803E06D1C29B20022218231
:106DB000202900DB22822178002917D0B4F9121093
:106DC000C34B57F821501D6359F821505D6356F8A5
:106DD00021509D6350F82100D86321205860491C40
:106DE00008B26082202800DB6282227089E52DE9EA
:106DF000F04F09ACB34FB4E8004DB44C203F4FF412
:106E00000026E578DFF8BC924FF4C77C47F8256090
:106E100007F1400649F825C006F8250006EB850075
:106E200041708270C37006F1200000EB850200F80B
:106E3000258082F801A082F802B082F803E06D1C80
:106E4000E9B20022E170082900D3E27061780029DC
:106E500016D021799A4B57F821501D6359F82150CB
:106E60005D6356F821509D6350F82100D8632120BE
:106E70005860491CC8B22071082800D32271627082
:106E80003FE59048843000F12801C2788A7082780A
:106E9000CA700279130943EA02120A7140790209A1
:106EA00042EA0010487170472DE9F84FDFF81CA244
:106EB0009AF8060000287ED0DFF808C20CF1DE0C3C
:106EC0009CF80100401C8CF80100ACF15A000178DC
:106ED000302970D1ACF13209A9F128034078197931
:106EE0005A79012403259B7900F0A0064FF00E0B80
:106EF0004FF00208B4EB901F07D1BBEB111F04D178
:106F0000B8EB121F01D1012B1FD0B4EB901F07D19A
:106F1000BBEB111F04D1B8EB121F01D1B02B2CD049
:106F2000684E8436777807F0A0070E3707F0FF0C1D
:106F3000F779B4EB901F7FD1BBEB111F7CD1B8EB7D
:106F4000121F79D1B12B75D076E0302089F800007E
:106F5000361D4F4689F80160FFF793FFBC71FD7144
:106F600005203872FFF7ACFA7872FFF7BFFAB872F3
:106F70000B208AF808000146B9E29CF802000D36A1
:106F8000401C8CF80200302089F800004D4689F83A
:106F90000160FFF776FFB020A8714E48B0F90000FD
:106FA000FE2800DBFF20E8714B48B0F90000B0F587
:106FB000C87F03DA00E03BE22C7208E040F28E2149
:106FC000884201DDFF2001E0A0F28F1028724348C3
:106FD0002C46017869724078A87241480178E972BC
:106FE0004049407828730988CC2001F0030140EA29
:106FF000011068738020A8733B480068C00701D067
:107000008120A0733948008818B1A07B40F040006F
:10701000A0731920E0730A21A81DFFF768FEFFF78F
:107020004FFAA074FFF762FAE07414218AF808108E
:107030005DE2FFE7012F0BD0B4EB901F78D1BBEBE3
:10704000111F75D1B8EB121F72D1B12B6ED06FE04A
:10705000302089F800004D4689F801C0FFF711FF84
:10706000B120A8712248EC710078552801D0FF208A
:1070700006E0204890F83D0008B1F72000E0F0203D
:1070800028721D480078012846D0022846D0F020FA
:10709000687218480A212C46B0F9082092FBF1F3D7
:1070A00042F210721A44ADF800208278AA72C278B7
:1070B000EA729DF800202A739DF801206A731DE092
:1070C00000800440E8110820C80F082034C10720C0
:1070D00000400440320100103A0100102A01001063
:1070E0002C010010AA0000107CC0072084030010AF
:1070F000BE00001040EC072016C007204289AA738A
:10710000008AE873FE48B0F90000A0F5AA42553A9B
:1071100006D1FC48008805E0F920B9E7F820B7E778
:1071200090FBF1F020740B21A81D62E0022F11D01A
:10713000F54E767806F0A0060B36F6B2B4EB901F4B
:1071400066D1BBEB111F63D1B8EB121F60D1B22B1C
:107150005CD05DE0302089F800004C4689F801C021
:10716000FFF78FFEB120A071E84884F807804078CF
:10717000552801D0FF2006E0E54890F8890008B1C5
:10718000F72000E0F0202072E2480078012827D0A4
:10719000022827D0F0206072DD480A214E30B0F975
:1071A000062092FBF1F342F210721A44ADF800206F
:1071B0000278A2724278E2729DF8002022739DF854
:1071C000012062730289A273C089E073CC48B0F9D0
:1071D0000200A0F5AA42553A06D1CA48408805E007
:1071E000F920D8E7F820D6E790FBF1F020740B21C6
:1071F000A01DFFF77CFDFFF763F9E074FFF776F958
:10720000207515208AF80800014670E1012F0BD087
:10721000B4EB901F20D1BBEB111F1DD1B8EB121F97
:107220001AD1B22B16D017E0302089F800004D4655
:1072300089F80160FFF725FEB220A871EC710821E2
:10724000A81DFFF754FDFFF73BF92874FFF74EF92F
:1072500068741AE0022F0BD0B4EB901F1CD1BBEB6B
:10726000111F19D1B8EB121F16D1B22B12D013E097
:10727000302089F800004C4689F80160FFF701FED4
:10728000B220A07184F8078039E012208AF8080043
:1072900001462CE1032F0CD00124B4EB901F16D132
:1072A000BBEB111F13D1B8EB121F10D1B22B0CD0B6
:1072B0000DE0302089F800004C4689F80160FFF7A6
:1072C000E0FDB220A071E57119E0042F0BD0B5EB01
:1072D000501F2DD1BBEB111F2AD1B8EB121F27D1A4
:1072E000032B17D024E0302089F800004C4689F8A1
:1072F0000160FFF7C6FDB220A0710420E0710821F3
:10730000A01DFFF7F4FCFFF7DBF82074FFF7EEF8A1
:107310006074BAE767B1192F0AD2302089F80000EB
:1073200023204C4689F80100FFF7ABFDA5714CE026
:10733000784CB5EB501F247807D1BBEB111F04D15B
:10734000B8EB121F01D1082B0BD0B5EB501F1AD18F
:10735000BBEB111F17D1B8EB121F14D1042B10D0A7
:1073600011E06C48022C01D100210170302089F815
:10737000000022204C4689F80100FFF782FD08201A
:10738000AAE0012F0BD0B5EB501F30D1BBEB111F82
:107390002DD1B8EB121F2AD1042B26D027E00020D4
:1073A000DAF7FEFB5C48007864281CD05FF001002F
:1073B00089F80700302089F8000023204C4689F81E
:1073C0000100FFF75EFD0420A071012084F8070092
:1073D000FFF776F82072FFF789F860720A208AF8C2
:1073E0000800014683E0FF20E2E7022F21D0B5EB41
:1073F000501F07D1BBEB111F04D1B8EB121F01D1F5
:10740000072B31D0B5EB501F07D1BBEB111F04D1B7
:10741000B8EB121F01D10A2B36D0B5EB501F6AD141
:10742000BBEB111F67D1B8EB121F64D10B2B43D0FC
:1074300061E00120DAF7B4FB37480078642811D006
:107440005FF0010089F80700302089F80000232050
:107450004C4689F80100FFF714FD0420A07184F860
:107460000780B5E7FF20EDE72A48012C01D1002174
:107470000170302089F8000022204C4689F8010074
:10748000FFF7FFFC072027E0244801210180CA20E4
:10749000FEF7DEF9302089F8000022204C4689F8FA
:1074A0000100FFF7EEFC0A20A071FFF709F8E07178
:1074B000FFF71CF8207219E0184800210180CA204B
:1074C000FEF7C6F9302089F8000022204C4689F8E2
:1074D0000100FFF7D6FC0B20A071FEF7F1FFE07171
:1074E000FFF704F8207209208AF8080009210648ED
:1074F0002830FFF708FA00208AF80600BDE8F88F68
:1075000090010010880100106C120820BE000010CD
:1075100040EC072016C0072019C007208403001084
:107520002DE9F84FFF490024A1F1500A4878FF4F98
:10753000401C4870FC499AF8000091F902209042E2
:1075400015D19AF801205046912A10D18278DD2A6F
:107550007ED19AF80300DD28FAD148780628F7D1C1
:107560000A230022D921D720DDF7FCFABC709AF853
:107570000100DFF8BCB3DFF8BC8301255646DD28E7
:107580002FD1307800F03F00142861D3BBF90010F0
:10759000143188425CDAE84921220978401A8DF8D2
:1075A000000000216846DDF740FB9DF80000B2783E
:1075B000C0EB001101EB401108EB810008F821201D
:1075C000F2784270317981707179C170B17901714D
:1075D000F1794171C4750A2180F8331080F84C505C
:1075E000BC707078DE282ED1307800F03F0014286F
:1075F000CBD3BBF9001014318842CBDACE4921221B
:107600000978401A8DF8000000216846DDF70DFB6F
:107610009DF80000B178C0EB001202EB401208EBBD
:1076200082008171F178C171317901727179417291
:10763000B1798172F179C172C4750A2180F8331071
:1076400080F84C50BC70B2467078DFF8F09200E0E1
:1076500046E2DA283DD19AF80000564600F03F0095
:1076600014283BD3BBF900101431884236DAB249F2
:1076700021220978401A8DF8000000216846DDF7C4
:10768000D4FA9DF80000B178C0EB001202EB401C68
:1076900008EB8C000A230173F1784173317981730F
:1076A0007179C173B1790174F2794274C47580F84B
:1076B000333080F84C504F2907D880F86A1001EB1E
:1076C00008006B2101EB8C014254BC707078DA2801
:1076D00004D09AF80100D82814D0BEE0307800F029
:1076E0003F003D280DD130794107954805D496F9E2
:1076F000051001F5FA71018000E004809149142021
:107700000880ADE19AF80000DFF83C8200F03F000D
:1077100051463D2832D03E2830D03F282ED089F81F
:107720001F008A78CB784E4602EB0322A9F800208E
:10773000864A4B7912883E2A0A796AD002EB0322E4
:107740004FEA820300EB4002C2EB401206EB8202DA
:10775000A2F50052C2F860348B7991F807C003EBB0
:107760000C23C3F30D0300BFA2F85E349AF8071090
:10777000404409065FD500F83D5C5EE000EB400246
:10778000C2EB401309EB8306A6F5005686F87B048E
:107790008A78CB7802EB0322A6F85C246B4A4B79FB
:1077A00012883E2A0A7902EB032214D04FEA8202A1
:1077B000C6F860248A79CB7902EB0322C2F30D026A
:1077C000A6F85E249AF80710090608EB000109D50F
:1077D00001F83D5C08E0C6F860248A79CB7902EBB9
:1077E0000322EDE701F83D4C86F87A4496F87C14C4
:1077F00031B900233C381A464321C0B2DEF73DFAC6
:1078000086F87C54D6F86004002826DAC6F860446E
:1078100023E002EB032300EB4002C2EB401206EB35
:107820008202A2F50052C2F860348B7991F807C049
:1078300003EB0C2398E700F83D4CB47796F8200052
:1078400028B900231A4643210120DEF716FA86F8EC
:1078500020507068002800DA74609AF80100D92876
:107860005FD19AF80000DFF8E8C000F03F00DFF8D1
:10787000E480DFF8E4B0DFF8E4E051463D282DD0A5
:107880003E282BD03F2829D08B7889F81C302F4AEE
:10789000CB7889F81D3012884B793E2A0A7977D047
:1078A00002EB0322C2F30D0300EB4002C2EB4016D1
:1078B00009EB8602A2F50052A2F864348B79CE79E6
:1078C00003EB0623C3F30D03A2F866344A791306CB
:1078D0000CEB000371D503F83D5C93E000EB400234
:1078E000C2EB401609EB8606A6F500568B7886F8A3
:1078F0007834CA7886F87924144A4B7912883E2A5B
:107900000A7902EB032233D0C2F30D02A6F86424F5
:107910008A79CB7902EB0322C2F30D02A6F8662422
:107920001EE099E0BC120820AC01001034C1072011
:10793000AC000010D8EC07201D000010D005082076
:1079400014C10720D40300105B01001026010010B1
:107950005E01001064010010610100106701001059
:107960004B791A060CEB000209D502F83D5C08E0E1
:10797000A6F864248A79CB7902EB0322CEE702F8D9
:107980003D4C5A0608EB000203D502F83D5C02E0CC
:1079900025E002F83D4C9AF807100A060BEB0002AE
:1079A00002D502F83D5C01E002F83D4C49060EEBC1
:1079B000000103D501F83D5C02E021E001F83D4CF7
:1079C00086F87A4496F87C1431B900233C381A467C
:1079D0004321C0B2DEF751F986F87C543CE002EB5B
:1079E000032300EB4002C2EB401609EB8602A2F52E
:1079F0000052A2F864348B79CE7903EB062363E757
:107A000003F83D4C520608EB000202D502F83D5C3B
:107A100001E002F83D4C9AF807100A060BEB000251
:107A200002D502F83D5C01E002F83D4C4906704485
:107A300002D500F83D5C01E000F83D4C89F81E409D
:107A400099F820004E4628B900231A464321012008
:107A5000DEF713F986F820509AF80100DA283FD1B2
:107A60009AF80000514600F03F003D2822D18A7963
:107A70004F2A0BD840F2E96609EB8606A6F50056B8
:107A800086F8CD244A44CE7982F821609AF8041011
:107A9000FF4ACB0601D5157000E01470FD4A4B0774
:107AA00001D5157000E014700A07FB4901D50D706F
:107AB00000E00C7000EB4001C1EB401209EB8206C4
:107AC000A6F5005686F87A4496F87C1431B900235E
:107AD0003C381A464321C0B2DEF7CFF886F87C5412
:107AE0009AF80010504601F01F02082A14D141787C
:107AF000DE2911D1E9494388E94D0B8083884B8009
:107B0000C3888B803233962B03D88B882B80E54B30
:107B10001C7089882980BC70092A0DD14178DE2922
:107B20000AD1E14B81781980E04BC17819700A299C
:107B300001D2DF490C70BC700A2A0AD14178DE29D3
:107B400007D1DC4A41881180DB49DAF8040008607B
:107B5000BC70FC71D2E470B5D848D94C0188491C7E
:107B60000180216AD74A114235D14188491C4180A0
:107B7000206A226AC0F3090000EB4001CF480C30B4
:107B800000EB8101D04B1A40D04B1A43636AC3F318
:107B90000A031343A26A4A60E26A8A6043F04072B1
:107BA0000A604168CAB2CA49302A09D04A79521CCF
:107BB0004A7102C8C14BC1F303420021243306E0DD
:107BC0000022F5E710F8015B5D54491CC9B29142EF
:107BD000F8D3FFF7A5FC0420606070BD2DE9F041EB
:107BE000BC4C206AB74908427ED1206AB349C0F331
:107BF000090000EB40000C31A26A01EB8003B44D98
:107C000001F18600E97A4254491CA26AC9B2120AFB
:107C10004254491CA26AC9B2120C4254491CA26ABD
:107C2000C9B2120E4254491CE26AC9B24254491CFC
:107C3000E26AC9B2120A4254491CE26AC9B2120C81
:107C40004254491CE26AC9B2120E4254491CE972FC
:107C5000216A9D4801409D480143606AC0F30A00C3
:107C60000843A16A5960E16A40F040709960186069
:107C7000A06A924EC0B22436302808D06879401CE1
:107C800010F0FF00687104D0012819D030E0002006
:107C90006871A06A3070A06A000A7070A06A000C57
:107CA000B070A06A000EF070E06A3071E06A000AFD
:107CB0007071E06A000CB071E06A000EF07117E0BC
:107CC000A06A3072A06A000A7072A06A000CB072DA
:107CD000A06A000EF072E06A3073E06A000A707306
:107CE000E06A000CB07300E017E0E06A000EF07389
:107CF000707800F01F073F1DFEF7B8FB3E44717817
:107D000088420AD1FEF7C7FBB178884205D168796D
:107D100018B10120A871FFF7C7F804206060BDE822
:107D2000F0816B4A507A401C507264484189491C6A
:107D30004181B2F91030B2F91200614983421BD07F
:107D4000654B53F820300B63634B803353F820307E
:107D50004B63624B53F820308B63604B803353F896
:107D60002030CB6321234B60401C00B25082082896
:107D700004DB0020508201E001201070C8687047C9
:107D8000534A5449908B401C9083D3781079834296
:107D90001DD04A4B803B53F820300B63474B603B70
:107DA00053F820304B63454B403B53F820308B63F6
:107DB000424B203B53F82030CB6321234B60401CC7
:107DC000C0B21071082804D30020107101E0012016
:107DD0005070C8687047424910B50A6842F40052B2
:107DE0000A6040490A6822F00F020A600A6842F0FD
:107DF00005020A60364A4FF00001D1813A4B4FF03C
:107E000001021A602E4C22602161A1606061216034
:107E10004FF0190000F0E6F803202061012010BDAA
:107E20002F4910B50A6842F480420A602D498A68D9
:107E300022F470328A600A6942F4A0320A61244A4C
:107E40004FF00001D181284B4FF001021A60214C04
:107E500022602161A160606121604FF0190000F093
:107E6000C1F803202061012010BDF0B51E4C012295
:107E70002260174BDD89114A0C3215B943F2FF75A8
:107E80001560B3F90E50022D30DB0020F0BD00006C
:107E90005A0000105800001059000010F80100109E
:107EA0004A0100104E00001004C1072002C1072043
:107EB0005C0300104C010010A801001048120820BB
:107EC00000400440000400C000000FC0002000017A
:107ED00034C1072000800440C80F0820C8100820C3
:107EE000C4C00F4000C0024000C00340C1F30A01FB
:107EF00041EA4035002007E000EB400152F8211034
:107F000089B2A94204D8401CB3F90E108842F3D3B9
:107F100000EB400652F8261042F82650DD896D1C11
:107F2000DD8107E0401C00EB400652F8265042F885
:107F300026102946B3F90E50A842F3D30020606002
:107F40002E4D01460DE000BF01EB410752F83760AE
:107F500002EBC707FF68001DBFB207EB064640C52E
:107F6000491CB3F90E60761C06EBD676B1EB660FB2
:107F7000EAD3A060E0602061606100202060012001
:107F800084E71F4810B5C0681E4C2062206AC007F5
:107F900005D0FFF7E0FDA08A00F10100A082206A71
:107FA000800704D5FFF7BDFEE08A401CE08216483A
:107FB000C0682062207B401C2073206AC00708D064
:107FC000FFF70CFE208B00F1010020834FF0000032
:107FD000A072206A800704D5FFF7D2FE608B401C98
:107FE000608310BD00F01F020121914040094FF055
:107FF000E02202EB8000C0F80011704700800340CF
:108000000040044034C107200080044030B50378AC
:108010000122FF4C06E000BF10F8015FE35C6B40FB
:10802000521CD2B28A42F7D3184630BD30B503781D
:108030000122F84C06E000BF10F8015FE35C6B40E2
:10804000521CD2B28A42F7D3184630BD30B5F2493D
:108050004FF48064CA89A242FDD032B9EF4B1D7D36
:1080600015F0600F01D0187030BDED4D4B89E8540C
:108070005B1C98B24881A04201D100204881521C6B
:10808000CA8130BDFFB509ADD0CD8DF800108DF897
:1080900001208DF8023000258DF803408DF8046032
:1080A0008DF8057029466C4603E0625C5540491C1A
:1080B000C9B28142F9D380EA0501221820545170D7
:1080C0000A2100259170C61C04E0605DFFF7BEFF29
:1080D0006D1CEDB2B542F8D3FFBD70B58FB0002274
:1080E00013466C4604E0C55CE5546A405B1CDBB299
:1080F0008B42F8D3C8208DF80A00601861544A40BA
:1081000042700A2200258270CE1C04E0605DFFF7F9
:108110009DFF6D1CEDB2B542F8D30FB070BDF7B541
:108120009AB00E4615466421684601F06FFD162090
:10813000FFF78CFF0A20FFF789FF9DF8680080F0A9
:108140001C04FFF783FF9DF869004440FFF77EFFA2
:108150009DF86A004440FFF779FF9DF86B004440AA
:10816000FFF774FF002704E0F05D4440FFF76EFF67
:108170007F1CAF42F8D3AD1DE8B24440FFF766FF65
:108180002046FFF763FF0A20FFF760FF1DB0F0BD38
:1081900000B58FB01E216846FFF79FFF0FB000BDEE
:1081A00000B5A0488FB022210068ADF800009E48BD
:1081B0000078ADF802009D480088ADF804009C48A6
:1081C0000088ADF806009B480088ADF808009A4882
:1081D0000088ADF80A0099480088ADF80C0098486E
:1081E0000088ADF80E0097480088ADF8100068468A
:1081F000FFF773FFD2E700B58A488FB034210068DB
:10820000ADF8000088480078ADF802008748008883
:10821000ADF8040086480088ADF80600854800885F
:10822000ADF8080084480088ADF80A00834800884B
:10823000ADF80C0082480088ADF80E008148008837
:10824000ADF810006846FFF748FFA7E72DE9F047B3
:108250007F4A7D4E7D4F12684FF003099308540802
:108260004FF0830C4FF00708D50820B1012828D023
:108270000020BDE8F087306820F0F0003060306802
:1082800040F050003060D7F8A801C0F381100128F9
:1082900008D0022803D0032803D01A4602E0224661
:1082A00000E02A465D4E86F80CC01009B0FBF1F0E4
:1082B000010A3171307086F80C9086F8088005202C
:1082C00024E0306920F00F003061306940F00A008E
:1082D0003061D7F8A801C0F30120012808D0022896
:1082E00003D0032803D01A4602E0224600E02A46C3
:1082F000584E86F80CC01009B0FBF1F0010A31713C
:10830000307086F80C9086F80880062000F0EFF9AF
:10831000C6F804800120ACE73F490A89002AFDD055
:108320004D48CB88C05C5B1C9BB2CB80B3F5806FA3
:1083300001D10023CB80521E0A8170472DE9F04302
:10834000DFF8D8C0DCF80800DFF80C81C0F3420485
:10835000314800224FF4806981880B46491C8DB258
:108360000189491C8EB20121032C1CD0022C25D07E
:10837000062C33D0012C14D19CF814309B0632D536
:108380000170C18900290CD0491EC181244B81890B
:108390005B5C8CF80030491C89B28181494500D171
:1083A0008281BDE8F0839CF8144014F09E0F03D046
:1083B00004619CF80000F4E7E407F2D09CF8004068
:1083C00008F80340417085804D4505D006814E4533
:1083D000E7D102818170E4E78280F7E7016941F427
:1083E00080710161DDE70270DBE7F0B51A4C7225A0
:1083F000643C6526207889B072287DD16078652834
:108400007BD1A078612878D1E078642875D125E007
:1084100026E4020026E5020058C1072000C0004003
:10842000106600107CC0072016C007202A0100102B
:108430002C0100103401001036010010380100102A
:10844000B2030010F201001000C0024000C00F4053
:10845000D458001000000140106200100621204690
:10846000FFF7D4FDA17988425AD106212046FFF7B3
:10847000DDFDE179884253D12079617900EB01205B
:1084800080B2ADF814000746FDF7CCFA0790381D0E
:10849000FDF7C8FA06908DF800508DF80160612054
:1084A0008DF8020064208DF803009DF814008DF80B
:1084B00004009DF815008DF805009DF81C008DF84E
:1084C00006009DF81D008DF807009DF81E008DF830
:1084D00008009DF81F008DF809009DF818008DF820
:1084E0000A009DF819008DF80B009DF81A008DF810
:1084F0000C009DF81B0001E012E07AE08DF80D0001
:108500000E216846FFF782FD8DF80E000E216846A9
:10851000FFF78CFD8DF80F0010216846FFF7DDFD99
:108520002078772865D16078722862D1A078692890
:108530005FD1E07874285CD12079652859D10F216A
:108540007148FFF763FDE17B884252D10F216E48ED
:10855000FFF76CFD217C88424BD16079A17900EB5B
:10856000012087B2ADF81870E0798DF81C00207AF0
:108570008DF81D00607A8DF81E00A07A8DF81F001E
:10858000E07A8DF82000207B8DF82100607B8DF84B
:108590002200A07B8DF8230038460799FDF742FBA7
:1085A000381D0899FDF73EFB77208DF800008DF807
:1085B000015069208DF8020074208DF803008DF8B9
:1085C00004609DF818008DF805009DF819008DF8DD
:1085D000060007216846FFF719FD8DF807000721FF
:1085E0006846FFF723FD8DF8080009216846FFF76C
:1085F00074FD09B0F0BD084400B2B0F5806F02DB35
:10860000A0F5806000B2002802DA00F5806000B2B8
:10861000704770B53C4B064664330022985D0A28CB
:108620001BD1911E3046FFF7E6FF1D5C002408E0D9
:10863000511B891E3046FFF7DEFF185C4440521C78
:10864000D2B2AA42F4D94FF0FF313046FFF7D3FF40
:10865000185CA04201D1012070BD002070BD2DE941
:10866000F0412A4C0025A07828B1A580E58025811D
:10867000A570BDE8F08120890028FAD0A0884FF0CD
:10868000FF32114600B2FFF7B6FF1F4F6437385C68
:108690000A28EED1A0886FF0020100B2FFF7ABFF0D
:1086A0003E5C642EE5D2A088114600B2FFF7A3FF1E
:1086B000FFF7AFFF0028DCD0F01C4142A08800B2D9
:1086C000FFF799FFE08000220F4B08E0E088114699
:1086D00000B2FFF790FF385C9854521CD2B2B242FD
:1086E000F4D3A088E0802581BDE8F0417DE600F06C
:1086F0001F020121914040094FF0E02202EB80006F
:10870000C0F8001170470000AC61001058C107208C
:1087100010B5FDF735F9EA4C206840F00200206002
:10872000E06940F00200E061C020FDF725F8206814
:1087300040F002002060A06940F00200A06110BD7E
:1087400070B506460D46FDF71BF9DD4C206840F07C
:1087500002002060E06940F00200E0610220FDF7C5
:108760000BF83046FDF708F82846FDF705F82068B5
:1087700040F002002060A06940F00200A06128469D
:1087800070BD70B50546FDF7FBF8CD4C206840F094
:1087900002002060E06940F00200E0617821491E9B
:1087A000FDD10320FCF7E8FF2846FCF7E5FF552044
:1087B000FCF7E2FF216841F002012160A16941F06C
:1087C0000201A16170BD2DE9F04107460D46164634
:1087D000FDF7D6F8BA4C206840F002002060E0694E
:1087E00040F00200E0610520FCF7C6FF3846FCF7C8
:1087F000C3FF2846FCF7C0FF3046FCF7BDFF2068EA
:1088000040F002002060A06940F00200A061BDE8D5
:10881000F08110B5FDF7B4F8A94C206840F00200D3
:108820002060E06940F00200E0610C20401EFDD1B4
:10883000A020FCF7A1FF5520FCF79EFF216841F026
:1088400002012160A16941F00201A16110BD70B572
:108850000446FDF795F89A4D286840F0020028601C
:10886000E86940F00200E86124B1012C04D0022C38
:1088700004D004E0812402E0822400E08424204625
:10888000FCF77AFF286840F002002860A86940F0F1
:108890000200A86170BD10B5FFF73AFF0E20FFF788
:1088A00070FF0421B1EB501F04D08022E0210F2083
:1088B000FFF789FF7820401EFDD14FF49670FDF739
:1088C00076F83E287DD0C1212A20FFF739FFFE210E
:1088D0002920FFF735FF03212820FFF731FF202152
:1088E0006020FFF72DFF20217020FFF729FF75483A
:1088F000401EFDD1FF212020FFF722FFFF21212074
:10890000FFF71EFFFF210020FFF71AFFFF210120C4
:10891000FFF716FFFF210420FFF712FFFF210520BC
:10892000FFF70EFFFF212420FFF70AFFE02125209B
:10893000FFF706FF31210820FFF702FFC0210920C1
:10894000FFF7FEFE00211020FFF7FAFE00211120A4
:10895000FFF7F6FE00211420FFF7F2FE002115209C
:10896000FFF7EEFE00211820FFF7EAFE0021192094
:10897000FFF7E6FE13215120FFF7E2FEC02152204F
:10898000FFF7DEFE13214120FFF7DAFEC02142206F
:10899000FFF7D6FE13213120FFF7D2FEC02132208F
:1089A000FFF7CEFE0522E7210F20FFF70CFF06217F
:1089B0002B20FFF7C5FE4448401EFDD100210C20AE
:1089C00000E002E0BDE81040BAE6C3217CE72DE9F3
:1089D000F04709AC0026B4E800073C4CDDF820C0A5
:1089E000E578082D00D3E670394FE5787855781989
:1089F0006D1C01720274037680F820C080F8288014
:108A000080F8309080F838A0E8B2E070072800D9EC
:108A1000E670BDE8F08770B5FFF7FBFE2B4C2070C9
:108A200060701C20FFF7ADFE60711D20FFF7A9FEEE
:108A3000A0712D20FFF7A5FEE0712078810713D5E6
:108A4000244E002505F17600C0B2FFF79AFE70555E
:108A50006D1CEDB2082DF5D3002202212C20FFF76A
:108A6000B2FE0120A07070BD10F0540FFBD10022A7
:108A70001C212C20FFF7A7FE2079E1788842F2D054
:108A8000134E0025217906EBC500415C05F1360047
:108A9000C0B2FFF755FE6D1CEDB2082DF2D30821D0
:108AA0003520FFF74DFE0020FFF7D1FE2079401C56
:108AB000C0B220710728D6D90020207170BD0000F7
:108AC00000C00920C0D40100804F1200E7580010F8
:108AD000EE1208206C12082070B504464FF6FF70A5
:108AE00000224AF201050DE0A35C58400823C607A6
:108AF0004FEA500000D068405B1E1BB2002BF6D13D
:108B0000521C12B28A42EFDB70BD0000B848016807
:108B100021F003010160016841F0404101604168BA
:108B200021F003014160416841F00C01416041685E
:108B300041F030014160AF481421C1602021016043
:108B400070472DE9F04102460E46FFF7DFFF18217E
:108B5000491EFDD1A84D286840F001002860E86951
:108B600040F00100E8611007400EFCF705FE00240C
:108B7000A24F04E0385DFCF7FFFD641C24B2B44250
:108B8000F8DB286840F001002860A86940F0010087
:108B9000A861BDE8F08170B502460D46FFF7B6FF4B
:108BA0001820401EFDD1944C206840F00100206048
:108BB000E06940F00100E0611007400EFCF7DCFDC9
:108BC0002846FCF7D9FD206840F001002060A0692C
:108BD00040F00100A06170BD10B50246FFF796FF9E
:108BE0001821491EFDD1844C206840F0010020600E
:108BF000E06940F00100E06102F00F00802141EAED
:108C0000C000FCF7B9FDFF20FCF7B6FD216841F07C
:108C100001012160A16941F00101A16110BD10B500
:108C200080210320FFF7B7FF41210020FFF7B3FFAA
:108C300000210120FFF7AFFFBF210320FFF7ABFFAB
:108C400010210220FFF7A7FF03210846FFF7A3FF2B
:108C500006210220FFF79FFF01210220FFF79BFF63
:108C60003021BDE810400F2095E7654970B5B1FB94
:108C7000F0F1C1F30724CDB26249B1F900102829FF
:108C800002D01E2902D007E05F4900E05F49B1FB36
:108C9000F0F0C0F30724C5B280210320FFF77BFF6B
:108CA00029460020FFF777FF21460120FFF773FFD9
:108CB000BF210320FFF76FFF10210220FFF76BFF9A
:108CC00003210846FFF767FF06210220FFF763FF35
:108CD00001210220FFF75FFFBDE8704030210F2027
:108CE00059E74B4A454B91785854491CC8B290708B
:108CF000202801D1002090707047FFB509ADD0CD7C
:108D00008DF800108DF801208DF8023000258DF8C7
:108D100003408DF804608DF8057029466C4603E029
:108D2000625C5540491CC9B28142F9D380EA050111
:108D30002218205451700A2100259170C61C04E0AD
:108D4000605DFFF7CEFF6D1CEDB2B542F8D3FFBDFD
:108D50002DE9F0470920FFF73FFF2D4C002620703A
:108D6000A0B10025DFF8AC802B4FDFF8B09008E011
:108D7000A07900284FF0000011D0FFF72DFF6D1CE7
:108D8000EDB22078854201D2052DF1D30820FFF7FE
:108D900023FF0122607040280BD0267111E0FFF7FD
:108DA0001BFF397808F80100491C397089F8006008
:108DB000E5E72079052801D2401C2071C0B20528C2
:108DC00014D06671A17849B1E078814206D060790B
:108DD00020B1A2710020FFF7B4FEA6700520FFF7B6
:108DE000FBFE400600D5A671BDE8F0876271E9E799
:108DF00000C002400000024000C00920246A0010A8
:108E0000688909001E010010A0252600389C1C005E
:108E100070C107202E1308206DC107206CC10720E8
:108E20002DE9F041574E14463278904245D1564ACA
:108E30001078401C107000297ED0544801297CD045
:108E40004FF00008022979D0052936D1A2F114008B
:108E50002178417061788170A178C170E1780171E9
:108E60002179417161798171A179C171E1790172D1
:108E7000217A4172617A8172A17A454DC172E1799C
:108E80002970A2796A70607A237A00EB032000B21D
:108E9000A880E37AA77A03EB07233E4F1BB2EB804F
:108EA000B7F90070BA4263D14000A8605806000EBE
:108EB000A870042902D006292CD059E0093004F00A
:108EC000ABF807462078387060787870A078B87072
:108ED000E078F870A9780A46C91C080A38717971D7
:108EE0006878B8712878F8713A7200F0FDF90020BE
:108EF000294908E0AA683B180244401C51F8222086
:108F0000C0B212785A723A7A8242F3D8AA783946B5
:108F100009322AE00C2004F07FF80146207808701E
:108F200060784870A0788870E078C87081F8048014
:108F300006204871687802E022E01CE01EE088719B
:108F40002878C871B5F90420D01702EB1063181205
:108F5000087210464872B5F90620D01702EB10636C
:108F6000181288721046C8720C22307804F072FA17
:108F70000020BDE8F0810121017001E080F800804F
:108F80000120F6E757000010586A001012C10720B0
:108F9000F85800101A01001028E60200C84910B560
:108FA0000A894AF2010342400A81082092B2D4079A
:108FB0004FEA520200D05A40401E00B20A810028F7
:108FC000F4D110BD10B5BF48BD4CC178827801EB1B
:108FD0000221A1804179027901EB022189B2E1806D
:108FE00040782070042811D1491E7E290ED800F047
:108FF0007BF9A0884100E160E0884006000E6070C7
:1090000001440020B1F5003F01D8A07010BD607090
:1090100010BD2DE9F05F0920FFF7DEFDAA4DAB4F33
:109020000026287088B10024DFF89882DFF8A0922B
:1090300006E03878E8B30020FFF7CEFD641CE4B208
:109040002878844201D2052CF3D3DFF8748298F893
:10905000010000287ED00820FFF7BEFD9D4D0028AE
:109060002870F7D0002498F80220DFF86C92DFF81F
:109070006CA201214FF46F7BF2B33970FFF746FD0C
:109080001820401EFDD1D9F8001041F00101C9F8A7
:109090000010D9F81C1041F00101C9F81C10FCF7B0
:1090A0006BFB98F8021098F80100814270D20024FE
:1090B000C5E0FFE75FF0010008EB000118F80020B1
:1090C000401CC0B201F8012C0828F5D30020FFF79E
:1090D00083FD88F8070099F800004146082801D16F
:1090E00089F800607E480A78B0F900008242A5D174
:1090F0004878032805D000E015E0042801D00628B0
:109100009CD106216F48FFF7E7FC98F8062098F8F5
:10911000071002EB0121884290D1724808210670A5
:1091200089F800108AE7402814D139704FF6FF7093
:109130004446A8F80800FFF7E9FC1820401EFDD1BE
:10914000D9F80010C84641F00101C9F80010D9F85B
:109150001C1000E0ABE041F00101C9F81C10FCF765
:109160000BFB5F4D2888C0B2FCF706FB288880B255
:10917000FFF714FF2078FCF7FFFA2078FFF70EFFC7
:109180006078FCF7F9FA6078FFF708FF002518E02F
:109190005FE000218946E16808442178042905D16F
:1091A000584503D25AF82000007881464846FCF71B
:1091B000E3FA4846FFF7F2FEA078401C6D1CA07051
:1091C000EDB2A0786178884201D23D2DE1D3C0B2E2
:1091D000C9B288420AD13D2D08D22089C0B2FCF71D
:1091E000CBFAA078401C6D1CA070EDB26178C0B2C3
:1091F000884206D93D2D04D22089000AFCF7BCFA2A
:10920000667040464BE000229246C26898F8000023
:109210001144042806D1594504D2304850F82100A1
:10922000007882465046FCF7A7FA5046FFF7B6FE94
:1092300098F80210491C641C88F80210E4B298F8EF
:10924000021098F801204046914202D22A789442B6
:10925000D9D398F8021098F8010081420ED12878ED
:1092600084420BD2B8F80800C0B2FCF785FA98F82F
:109270000200401C641C88F80200E4B298F8020066
:1092800098F80110884209D92878844206D2B8F8A3
:109290000800000AFCF770FA88F801604846016887
:1092A00041F001010160816941F001018161052006
:1092B000FFF792FC400600D53E70BDE8F09F00002D
:1092C00078C107202E13082070C1072076C107201F
:1092D0006DC1072071C1072000C0092028E60200E7
:1092E0001A0100106CC10720F0B53B483B49002231
:1092F000008848B13A4803888B804388CB80436814
:109300000B81007F488109E0364800888880364814
:109310000088C8803548006808814A81344D354F3F
:109320000020A5F1210300BFC0EB001404EB4014A2
:1093300007EB840494F83A6006F0F7062E541A54AA
:1093400094F8576016B142F0010601E022F00106E0
:109350001E5494F83B40E407F4B202D044F00204F7
:1093600001E024F002041C54401CC0B22128DBD3CD
:1093700021480A7001240378012B00D10C701F4B87
:109380001D78012D03D10D7845F002050D704A704E
:109390004578012D00D14C705D78012D03D14D78B9
:1093A00045F002054D708A708578012D00D18C70D2
:1093B0009D78012D03D18D7845F002058D70CA701E
:1093C000C078012800D1CC70D878012803D1C878A2
:1093D00040F00200C870F0BDB600001088C1072040
:1093E000D00508202C0100102A010010980100105F
:1093F0008D6A0010D8EC07206A0100106E01001081
:10940000C1F12002904010B5FC4A4FF4007453158E
:109410000EE0002801DA946500E0D46500BF00BFCB
:1094200000BF936500BF00BF00BFD3654000491E69
:109430000029EED110BD70B50546F148007801282D
:1094400013D04FF0A04045F4807181620121416248
:1094500000210213436BDB0702D0491C9142F9D370
:1094600000214162056BA8B270BDE44C206C40F451
:109470000070206420214FF0FF30FFF7C1FF04216E
:109480000620FFF7BDFF05210120FFF7B9FF0521E9
:109490002846FFF7B5FF00F0CBF94FF0000528464E
:1094A0004FF480714FEA4505A16500BF00BF00BFC2
:1094B000E165626D920501D545F00105401C10285B
:1094C000F0D300F0B5F9CEE770B50546CC480C46B0
:1094D000007801280ED04FF0A04245F480709062D1
:1094E000D46200201113536BDB0702D0401C88426A
:1094F000F9D370BDC148016C41F4007101642021B1
:109500004FF0FF30FFF77CFF04210520FFF778FFC5
:1095100005210120FFF774FF05212846FFF770FFA2
:1095200002210846FFF76CFF10212046FFF768FF75
:10953000BDE8704000F07CB92DE9FC47B04C002537
:109540003620257000906946626808469047019869
:109550002521B1EB106F01D101202070A9480168CD
:1095600041F080410160A948A74981602178002924
:1095700060D0016921F470210161A048016C41F4BF
:10958000807101644FF0A0444FF44F402060782078
:10959000C4F800016420401EFDD14FF00208C4F859
:1095A0000080302060604001606143F20F702061F4
:1095B0001227E7607801C4F800014FF40060A06151
:1095C0006426761EFDD1A5614FF400410020FFF70F
:1095D0007BFF4FF480190020FFF72DFF10F4084F98
:1095E00002D0761C4E45F6D30220FFF724FF064634
:1095F0000320FFF720FF4FF6F0710840844940EA4E
:10960000064088420DD14FF440510020FFF75CFF27
:1096100000260120FFF70FFF800602D4761C4E457E
:10962000F7D300264FF480391020FFF704FFC1075D
:1096300009D105E0C16821F00F01491DC160A1E712
:10964000761C4E45F0D341070CD5616841F001010D
:109650006160D4F8001141F48061C4F80011152153
:10966000A16000E0A760800701D5A56102E04FF48A
:109670008070A061674881882164418861640088A6
:10968000A064654B654EA3F16401002001F1200246
:1096900000EB400703EB472741F8307001EBC007B0
:1096A0007E6042F8305002EBC007401C7D60042809
:1096B000EED3C4F80811C4F80C210320C4F810013B
:1096C000C4F8185154490020554E243901F11802AC
:1096D00000EB400306EB432341F8303001EBC003BD
:1096E0005D6042F82050401C0328F1D304F1AC0423
:1096F00021676267C4F87880E5674FF02600C4F8F8
:1097000054014FF08800C4F8380F4FF6FF70C4F8CA
:109710003C0F606D40F00300606554F8AC0D40F004
:1097200001002060BDE8FC873E484FF08051016099
:1097300070473D484FF0805101607047F0B54FF0E1
:10974000A045D5F82811344E0388243E021D56F852
:109750003140DB1C9B0803D080CA5B1E80C4FBD158
:10976000008806EBC102401E40F04040491C50609A
:10977000032900D10021C5F82811F0BD70B54FF0C4
:10978000A04533E0C5F8E80F00072FD5D5F81841FC
:1097900028E02148443850F8340041001CD5C0F37B
:1097A0000A06F61E40F2EA518E4215D81F490842B9
:1097B00012D146F0004000F0A5FC68B1164A011D28
:1097C000643AF61C52F83420B30803D040CA5B1E3A
:1097D00040C1FBD102F01AFE641C042C00D100240D
:1097E000C5F81841D5F81401A042D2D1D5F8E00F40
:1097F000D5F8E41F0840C5D170BD000000C00920A5
:1098000094C10720C4C00F400501155000C002409C
:10981000905C002000000010B4130820FF050080B9
:10982000B42B082000E100E080E100E00000901B84
:109830000748016C21F4007101644FF48071816567
:1098400000BF00BF00BFC16500BF00BF00BF7047C1
:1098500000C009200FB41CB5084B06AA7B4469461A
:109860000090059800F09BFA04460020694600F03D
:10987000A9FA20461CBC5DF814FB00006505000039
:1098800070B50446856900683026C10600D42026DC
:10989000C00708D070BDD4E9012130469047206A46
:1098A00000F1010020626D1EF5D570BD70B5044653
:1098B00085690068C00708D170BDD4E90121202066
:1098C0009047206A00F1010020626D1EF5D570BD41
:1098D00070B505460C46012A05D02868800600D5DB
:1098E000EA69002302E0012305E05B1C934202D2F7
:1098F000E05C0028F9D1A869E618C01AA861286AB6
:10990000184428622846FFF7BBFF04E0D5E901218F
:1099100014F8010B9047B442F8D32846FFF7C6FF6E
:1099200070BD00002DE9F04107460025106875293B
:10993000394616A411D0AFF30080002803DAC0F135
:10994000000013A407E039688A0701D511A402E0DA
:10995000490704D510A4012501E0AFF300800021E0
:109960000A2307F1240607E0B0FBF3F203FB120021
:10997000303070541046491C0028F5D12B46224641
:109980003846BDE8F04100F0A9B900000000000031
:109990002D0000002B000000200000002DE9F05FEA
:1099A000044689464FF0000ADFF830B1FB44C0F8A6
:1099B00020A02046E168884700287ED0252806D0D0
:1099C000D4E901219047206A401C2062F1E700257C
:1099D0005F462046E16888472028064609DB312E8D
:1099E00007D207EB060010F8200C10B128430546FB
:1099F000EFE7A80701D525F00405C4F81CA000274F
:109A0000C4F818A02A2E09D0304600F0FDFA50B351
:109A100004EB8700303E804686611CE0D9F80010D8
:109A200004EB870209F10400916181462046E16858
:109A30008847012F064618D1E069002820DA25F072
:109A400020051DE0D8F8180000EB800006EB400070
:109A50003038C8F818002046E1688847064600F00C
:109A6000D3FA0028EED1012F0AD02E2E08D120469D
:109A7000E16888477F1C0646022F45F02005C1DBC0
:109A8000A069002803DA404245F00105A061E8071B
:109A900001D025F0100586B1A6F14100192802D8A1
:109AA000203645F400654A463146204625604D463D
:109AB000D6F766FB60B1012800E00BE005D0ED1D94
:109AC00025F007000830814673E72D1DA94670E791
:109AD000304675E7206ABDE8F09F0000C45F0000D3
:109AE00010B5431C02E010F8011B71B18107FAD1D7
:109AF0004FF0013202C88C1A8C4314EAC211F9D01B
:109B0000C01A0A0603D0C01E10BDC01A10BD0A0438
:109B100001D0801E10BD0902FCD0401E10BD032ADA
:109B200040F2308010F0030C00F0158011F8013B7A
:109B3000BCF1020F624498BF11F801CB00F8013B61
:109B400038BF11F8013BA2F1040298BF00F801CB25
:109B500038BF00F8013B11F0030300F02580083AFC
:109B6000C0F0088051F8043B083A51F804CBA0E853
:109B70000810F5E7121D5CBF51F8043B40F8043BA8
:109B8000AFF30080D20724BF11F8013B11F801CBDD
:109B900048BF11F8012B24BF00F8013B00F801CBAE
:109BA00048BF00F8012B704710B5203AC0F00B8079
:109BB000B1E81850203AA0E81850B1E81850A0E8D1
:109BC0001850BFF4F5AF5FEA027C24BFB1E818502B
:109BD000A0E8185044BF18C918C0BDE810405FEA9B
:109BE000827C24BF51F8043B40F8043B08BF704717
:109BF000D20728BF31F8023B48BF11F8012B28BF1C
:109C000020F8023B48BF00F8012B70474FF00002DC
:109C100000B5134694469646203922BFA0E80C5062
:109C2000A0E80C50B1F12001BFF4F7AF090728BF3D
:109C3000A0E80C5048BF0CC05DF804EB890028BFB9
:109C400040F8042B08BF704748BF20F8022B11F0E2
:109C5000804F18BF00F8012B704700004FF0013C07
:109C600050F8042B51F8043B9A4221D1A2EB0C038B
:109C7000934313EACC1317D150F8042B51F8043B4B
:109C80009A4215D1A2EB0C03934313EACC130BD1E8
:109C900050F8042B51F8043B9A4209D1A2EB0C0373
:109CA000934313EACC13DBD04FF00000704700BFA2
:109CB000D01A01BAB1FA81F101F0180122FA01F0CB
:109CC000CB40C1F12001DBB2C0B2C01A2CFA01F3C3
:109CD000D11A914311EAC311E6D170472DE9F0473B
:109CE00004460D469246994600F1240080462168BC
:109CF000880604D5E06921F01001216000E0012010
:109D00000027A84201DDA0EB0507A16907EB0502CA
:109D100002EB0300A1EB0000A0612068C00602D4A2
:109D20002046FFF7ADFD002608E0D4E901211AF82E
:109D300006009047206A401C761C20624E45F4DBEA
:109D40002068C0060AD52046FFF79AFD06E0D4E950
:109D5000012130209047206A401C2062381EA7F164
:109D60000107F4DC07E0D4E9012118F80500904769
:109D7000206A401C2062281EA5F10105F3DC204664
:109D8000FFF794FD21680220090600D40120BDE8F8
:109D9000F087000001694A1C02610878704700B52D
:109DA0008FB0CDE901310021059105497944CDE914
:109DB000031011466846FFF7F1FD0FB000BD00002B
:109DC000E5FFFFFF0A6802F8010B0A60704710B553
:109DD000436913B1AFF3008001E0FFF779FD012083
:109DE00010BD126800F124010A7000224A7001229D
:109DF000EDE711684FF0FF32E9E72DE9F0470F4634
:109E0000914680460446002614F8015B2DB100F00F
:109E100031F80068405DC007F6D12B2D02D02D2D02
:109E200018D0641E4A463946204600F02BF827B168
:109E30003968A14201D1C7F800804FF002047105D2
:109E40000BD54042002803DDD6F754FA0460A00782
:109E5000BDE8F08746F48066E4E70028F8DAD6F734
:109E600049FA04606FF00040F2E7000000487047D4
:109E7000703E082010B500F079F8001D10BD00BF3D
:109E8000D93B00002DE9F05F824604468B4615461B
:109E9000641C0027B9460078302801D09DB113E03A
:109EA00014F8010B0127782803D0582801D045B1B8
:109EB0000AE00DB1102D07D1002714F8010B102571
:109EC00002E0082500E00A250026B0460FE005FB69
:109ED000080005FB06F1012701EB104680B2B6F53C
:109EE000803F804601D30120814614F8010B2946AA
:109EF00000F040F80028EADABBF1000F04D0641E3D
:109F000007B95446CBF80040B9F1000F06D0D6F798
:109F1000F1F902210160C81EBDE8F09F48EA064041
:109F2000FAE77546FFF7A2FFAE46050069465346BD
:109F300020F00700854618B020B5D6F753F9BDE8E4
:109F400020404FF000064FF000074FF000084FF0A0
:109F5000000B21F00701AC46ACE8C009ACE8C00931
:109F6000ACE8C009ACE8C0098D46704700487047AE
:109F7000903E08203A2800D2303820F02002412AB2
:109F800001D3A2F137004FF0FF32884200D20246DF
:109F9000104670470446AFF300802046D6F710F90C
:109FA00000487047743E082001491820ABBEFEE708
:109FB00026000200704700B5002200F007F8C043F9
:109FC00080B2010241EA102080B200BD05E000BF6E
:109FD00030F8023B891E5BBA1A440129F8DC11B142
:109FE000007802EB002290B200EB124000EB104030
:109FF00080B27047084400EB104080B27047010205
:10A0000041EA102080B270470146012030390A2908
:10A0100000D300207047000070B50D4609890E1866
:10A02000374902EB420001EBC00430203070607809
:10A03000A11C001D70700620B0706078F07062780E
:10A04000301D01F0E9FD6078001DA880811CE980C9
:10A05000217801F07F01297031542878402813D0ED
:10A0600006DC022818D0042809D0062827D10BE0E6
:10A07000412833D0422831D0432820D12EE0206916
:10A08000FFF72EFD82B200E0E27B6A80E88821695A
:10A09000304401F0C1FD12E0E07B0022012802D033
:10A0A000022821D103E0206990F9002002E0206914
:10A0B000B0F900202946304602F042FC6880AA88A8
:10A0C000701C698811547078698808447070E88839
:10A0D00069882A8908441044288170BDE07B0022E9
:10A0E000012806D0022807D00428E3D1206902689D
:10A0F000E0E720690278DDE720690288DAE70000FE
:10A10000C82400102DE9F0470027DFF890900028C0
:10A110000CDA2349D9F8002020F0004009680244F5
:10A1200001EB4101B2EB910F18D8012705460F3022
:10A1300020F003060FB9FFF7FCFA1A4CD4E900022D
:10A14000011B891AB1420CD2044600680028F5D1DF
:10A1500027B9FFF7E9FA0020D6F754F80020BDE848
:10A16000F08772B1101921680160206000F10808C1
:10A17000C0F80460D9F800103144C9F8001027B1C4
:10A1800005E004F108086660F4E7FFF7CDFAA8F8E7
:10A1900000500020A8F802004046E0E7A4C10720D4
:10A1A000D0DA0200C4C107202DE9F04707468946EE
:10A1B00090460026284C294D0BE0207838B1042227
:10A1C000394604F10A0001F017FD012835D00E349C
:10A1D000761C28888642F0DB2149384601F0C6FC0F
:10A1E000D0B91F4804220021001D01F02BFD10B141
:10A1F0000020BDE8F0870026174C0AE0207830B137
:10A2000006224946201D01F0F7FC01281AD00E3421
:10A21000761C28888642F1DB404600F027F80028AB
:10A22000E7D00D49C0EBC00001EB40040E3C042216
:10A23000394604F10A0001F0EFFC06224946201DD0
:10A2400001F0EAFC07480088E07007480078A07039
:10A25000032020700120CCE754EA0720D6DA020060
:10A26000343E0820D8DA0200DADA0200F0B50546FA
:10A27000012116480E46164A03E0037853B10E300A
:10A28000491C13889942F8DD1248104B04880020BD
:10A2900001210DE0067045700846F0BD5F78012F82
:10A2A00004D1DF78A74201D83C4608460E33491C4A
:10A2B0001788B942F2DD0028EFD0044AC0EBC00194
:10A2C00002EB410101F80E6D4D70F0BD54EA07201C
:10A2D000D6DA0200D8DA02002DE9F04781460F46AF
:10A2E00000253D4C3D4E0BE0207838B10422494614
:10A2F00004F10A0001F080FC012815D00E346D1C19
:10A3000030888542F0DB3649484601F02FFCDFF803
:10A31000C880334D01284FF0040209D00021281DC8
:10A3200001F090FCE8BB1DE0207803284ED350E0FC
:10A330004946281D01F060FC012806D104220021B5
:10A34000281D01F07FFC00B900273846FFF78EFF7B
:10A3500006003CD0C6EBC60108EB41040E3C0422CB
:10A3600049461DE000271C4C0BE0207838B1042240
:10A37000291D04F10A0001F03FFC0128D4D00E345D
:10A380007F1C30888742F0DB0020FFF76FFF06005C
:10A390001DD0C6EBC60108EB41040E3C0422291D6A
:10A3A00000E013E004F10A0001F036FC06220D493A
:10A3B000201D01F031FC0C480078A0700B4800789B
:10A3C000E070304600F012F9022020700020BDE855
:10A3D000F0872046FBE7000054EA0720D6DA0200A7
:10A3E000343E0820FAF50200DADA0200DBDA020075
:10A3F0002DE9F0470026DFF8D480DFF8D490B2468C
:10A40000344F5DE0B9F80050691C89B2A9F800101A
:10A410003A88914201D3A9F800A02F49C5EBC500A5
:10A4200001EB40042078C8B3E07820B1401E10F062
:10A43000FF00E07043D1607801280AD10422274947
:10A4400004F10A0001F0D8FB012806D06078012849
:10A4500018D010F0FF0F02D031E084F801A00422E0
:10A460001F4904F10A0001F0C7FB012817D020782A
:10A47000032818D0A07800B3401E10F0FF00A07091
:10A480001BD012E02078032817D0A078A8B1401E76
:10A4900010F0FF00A07010D0022005E00FE011487E
:10A4A0000088E0700BE00420207098F80000E07055
:10A4B000681CBDE8F04700F099B884F800A0761C4D
:10A4C000388886429EDBBDE8F0870000DBDA0200B8
:10A4D00020590010D6DA020054EA0720383E08203E
:10A4E00000F60200D8DA02002DE9F0410646002508
:10A4F000134C00F10E08134F0DE0207848B10128ED
:10A5000007D0042204F10A01404601F075FB01283E
:10A5100006D00E346D1C38888542EEDBBDE8F08134
:10A52000062206F10801201D01F076FB064800888E
:10A53000E07006480078A07003202070EEE700006D
:10A5400054EA0720D6DA0200D8DA0200DADA02008A
:10A550002DE9F04105460E462A20FFF7D3FD0446BB
:10A5600005F1080106220F46001D01F055FB0622E9
:10A570001C4904F10A0001F04FFB4FF4C160208236
:10A580004FF4807060820820A0820620A07504200D
:10A59000E075268304F1240006223946064601F0C0
:10A5A0003BFB05F10E0104F12A000422054601F0EF
:10A5B00033FB06220B4904F11A0001F02DFB0422A3
:10A5C000094904F1200001F027FB01223146284609
:10A5D000FFF7EAFD2046FFF7B1F82046BDE8F0415D
:10A5E00000F022BA00000010343E082070B5054685
:10A5F0002A20FFF787FD044606222349001D01F0AB
:10A600000BFB0622214904F10A0001F005FB4FF47F
:10A61000C16020824FF4807161820820A0820620F0
:10A62000A0750420E07521830622184904F11A0060
:10A6300001F0F2FA0422164904F1200001F0ECFACC
:10A640004FF0060265B1002104F1240001F0F2FA96
:10A650001049C5EBC50001EB40010422091F06E0CB
:10A66000094904F1240001F0D7FA0949042204F150
:10A670002A0001F0D1FA2046FFF760F82046BDE835
:10A68000704000F0D1B90000FAF50200000000109F
:10A69000343E082054EA0720F0B500231D461C462E
:10A6A00000268A5DA2F14107192F01D83A4618E029
:10A6B000A2F16107192F01D8473A12E0A2F1300741
:10A6C000092F01D8121D0CE02B2A04D02F2A04D008
:10A6D0003D2A04D013E03E2203E03F2201E00022A5
:10A6E0006D1C761C42EA8313042EDAD31A0C027016
:10A6F0001A0A42708370E41CC01C091D15B1641B4A
:10A7000015B103E0392CCBD3002101702046F0BDF8
:10A7100010B58A880C891346E31A9BB2921E4B80AF
:10A72000802B02D28418637011E0FF2B06D8521ED2
:10A73000812483185C704C889C7008E0921E8318FA
:10A7400082245C704C88240A9C704C88DC700B78E6
:10A7500083548A8010BD70B5054608780C460228DF
:10A760001646104613D003F0FDF8A188091AE180BF
:10A77000891E89B2A18022786A54A288691C50542B
:10A78000324621462846BDE8704002F0D9B801F0B3
:10A790001FF8EAE7002070477047704700207047B5
:10A7A0002DE9F047054608466979072978D200EB7C
:10A7B0000208040075D04FF000094CA100F0CCF85D
:10A7C000012806D04DA1204600F0C6F801286AD025
:10A7D00072E00E344EA1204602F0A2FB012809D0FF
:10A7E00054A1204602F09CFB0128264621D0A8F166
:10A7F00001073CE0687940F001005CE052A102F002
:10A800008FFB012815D13420FFF77CFC342206F1A0
:10A810000901686200F079FF6A6A801E02F8009000
:10A82000E880687940F001006871688840F4007041
:10A8300034E04146304600F053F90600DED13BE0FB
:10A8400030783B2808D00D2836D00A2834D02F285D
:10A8500006D02B2804D009E0707820282CD005E001
:10A860003CA1701C02F05CFB012803D0761CBE42A8
:10A87000E6D321E04020FFF745FC402221466862F4
:10A8800000F043FF6A6A801E02F80090E880687951
:10A8900040F001006871688840F4006068800BE057
:10A8A00021E01FE0FFE710342046D5F713FDA86034
:10A8B000687940F0020068714146204600F0FCF8DB
:10A8C00008B1044679E720780D280BD160780A2872
:10A8D00008D1687940F004006871072802D1A01CF3
:10A8E000404500D30020BDE8F0870000436F6E7440
:10A8F000656E742D547970653A200000436F6E7454
:10A90000656E742D4C656E6774683A200000000017
:10A910006170706C69636174696F6E2F782D7777E1
:10A92000772D666F726D2D75726C656E636F6465E1
:10A93000640000006D756C7469706172742F666FCD
:10A94000726D2D6461746100626F756E64617279FD
:10A950003D000000786D6C0010B5DF220BE004783C
:10A960005C40144201D0002010BDFF222D2B00D1ED
:10A97000DF22401C491C0B78002BF0D1012010BDB8
:10A9800006220249001D01F037B900000000001046
:10A9900070B5044600F12205204E042220492846C5
:10A9A00001F02AF938BB0422002104F11E0001F055
:10A9B00049F908B1002070BD28780E21B1EB101FB5
:10A9C0000ED101202071002060715E20A071687896
:10A9D00000F07F00E071A8782072E87860720FE0E4
:10A9E000284601F0D5F830B901212846FFF774FC5C
:10A9F0000028E0D0061D06223146201D01F00CF98A
:10AA00000622084904F10A0001F006F90820208214
:10AA10002046FEF793FE012070BD0000FAF502000B
:10AA200000F602000000001070B500282AD0A0F146
:10AA30000806154C0025FEF77CFE09E02546246833
:10AA40002068800703D0FEF76FFE022010E064B19B
:10AA5000B442F3D10D4861680B4B0268511A016092
:10AA60009C4209D10020606008E0FEF75DFE0120F5
:10AA7000BDE87040D5F7C6BB20682860BDE87040CF
:10AA8000FEF752BE70BD0000C4C10720A4C107205C
:10AA900010B50346074C084600224FEA03630146FF
:10AAA0004FEA4000594000D560405B00521C082A24
:10AAB000F5D310BDB71DC1040246491E06E0037858
:10AAC0000D2B02D143780A2B02D0401C8842F6D3CA
:10AAD000904201D0884201D100207047801C70470D
:10AAE0000246491E07E003783B2B0CD00D2B08D003
:10AAF0000A2B06D0401C8842F5D3904201D08842F0
:10AB000005D1002070474378202BF6D0F2E7801C57
:10AB1000704701784278090641EA02418278C0789C
:10AB200041EA02210843704710B50246CB880C78F1
:10AB300000201344022C03D11A78120600D5401EBF
:10AB40000022498803E09C5C521C44EA00209142A8
:10AB5000F9DC10BD012070472DE9F0410679074668
:10AB60000D46102E23D2DFE806F008080A0C121258
:10AB70001416181A1C220E1E200824A418E026A45D
:10AB800016E028A414E0FFF709FE040010D12CA45D
:10AB90000EE02EA40CE030A40AE033A408E035A4B3
:10ABA00006E037A404E03AA402E041A400E046A491
:10ABB0004CA1284602F09CF98046284454A102F09A
:10ABC00097F9804405EB0800214602F091F900EB6B
:10ABD0000804012E15D00C2E13D0F86948B128199D
:10ABE0004FA102F085F904442919F86902F0C4FE66
:10ABF000044428194EA102F07BF9204480B2BDE83C
:10AC0000F081281950A102F073F9F1E774657874A6
:10AC10002F68746D6C0D0A00746578742F637373FC
:10AC20000D0A00006170706C69636174696F6E2F4A
:10AC3000782D6A6176617363726970740D0A000021
:10AC4000746578742F786D6C0D0A0000696D61670A
:10AC5000652F6769660D0A00696D6167652F6A7007
:10AC600065670D0A00000000696D6167652F626D00
:10AC7000700D0A00696D6167652F706E670D0A00BF
:10AC8000696D6167652F782D69636F6E0D0A00002D
:10AC90006170706C69636174696F6E2F782D736970
:10ACA0006C7665726C696768742D6170700D0A004E
:10ACB0006170706C69636174696F6E2F78616D6C1F
:10ACC0002B786D6C0D0A00006170706C69636174A3
:10ACD000696F6E2F6F637465742D73747265616D27
:10ACE0000D0A0000485454502F312E31203230309C
:10ACF000204F4B0D0A5365727665723A204B656999
:10AD00006C2D455745422F322E310D0A00000000B0
:10AD1000436F6E74656E742D547970653A2000002F
:10AD20004C6173742D4D6F6469666965643A2000E7
:10AD3000436F6E6E656374696F6E3A20636C6F73F8
:10AD4000650D0A0D0A00000043616368652D436FBD
:10AD50006E74726F6C3A206E6F2D63616368650D5F
:10AD60000A0000002DE9F0414FF4987704460E46A2
:10AD7000B94233D0A6F58070913831D0032831D054
:10AD800027A1204602F0B4F8054620442CA102F089
:10AD9000AFF80544BE4217D060192FA102F0A8F801
:10ADA0000544A6F5807091380ED1601931A102F0EA
:10ADB0009FF805446019384902F09AF80544601973
:10ADC00036A102F095F80544601935A102F090F81B
:10ADD0000544BE4208D1A8B2BDE8F08136A1D0E753
:10ADE0003CA1CEE742A1CCE76019484902F080F8C7
:10ADF000A6F580760544913E0DD0032E0DD0444932
:10AE0000601902F075F805446019424902F070F8C3
:10AE1000284480B2E0E74049F2E74049F0E700000B
:10AE2000485454502F312E3120353031204E6F741C
:10AE300020496D706C656D656E7465640D0A000067
:10AE40005365727665723A204B65696C2D4557459E
:10AE5000422F322E310D0A00436F6E74656E742DD1
:10AE6000747970653A20746578742F68746D6C0D10
:10AE70000A0000005757572D41757468656E746954
:10AE8000636174653A204261736963207265616C25
:10AE90006D3D202200000000F0DA0200220D0A00C1
:10AEA000436F6E6E656374696F6E3A20636C6F7387
:10AEB000650D0A0D0A000000485454502F312E3100
:10AEC00020333034204E6F74204D6F64696669659D
:10AED000640D0A00485454502F312E312034303143
:10AEE00020556E617574686F72697A65640D0A0029
:10AEF000485454502F312E3120343034204E6F744A
:10AF000020466F756E640D0A0000000010F7020005
:10AF1000BDF602004BF7020004F6020062F60200E2
:10AF2000704700207047000070B504460078202864
:10AF300004D1002070BD641C2E2805D0207830F08C
:10AF40002001F8D10B2070BD0A4E002505EB45000D
:10AF500006EB4001204601F0E3FF012803D06D1C01
:10AF6000102DF3D3EEE705EB450006EB40004079EA
:10AF700070BD00009AF50200002070470020704765
:10AF80000020704770B500250446057040884006D3
:10AF900002D5E06AFFF7C4FF6088000602D5A06A08
:10AFA000FFF7BEFF6088C00504D5002211460320CC
:10AFB000FFF7F2FB6088000504D50022114604204B
:10AFC000FFF7EAFB206A10B1FFF72EFD2562606AE9
:10AFD00010B1FFF729FD6562E5602561A5826580F6
:10AFE00070BD00002DE9F05F044615461E460020A6
:10AFF0008246884A884B17E000EB400702EB0717B0
:10B0000000F101007F78A7420ED110F0FF0736D083
:10B0100007EB470002EB0014303C06292FD2DFE893
:10B0200001F007161212181F1F78B842E4DB26E061
:10B03000207808B90220207031462846FFF78AFDA3
:10B0400000281DD0E3E02046FFF79CFFDFE003204F
:10B050004CE0A18A206908442061A4F814A0D6E03D
:10B06000052E0CD92078DFF8B4914FF0090B05EBD1
:10B070000608032806D008287ED009287DD00020A5
:10B08000BDE8F09F66A1284601F04AFF01280DD0D7
:10B0900065A1284601F044FF012829D064A1284673
:10B0A00001F03EFF012845D00A201FE060883246AB
:10B0B00040F4806060802946204600F059F92078ED
:10B0C000072814D020223F21A81D00F011FB08B151
:10B0D00080F800A0AD1D2846FFF726FF2071294605
:10B0E000204600F0A9F80120E06065E020708EE0C5
:10B0F00032462946204600F03BF92078072876D0D2
:10B1000020223F21681D00F0F3FA060008D089F8DC
:10B110000070701CC9F80480FFF73FFB86F800A0A0
:10B120006D1D2846FFF700FF20712946204600F0DC
:10B1300083F835E032462946204600F019F9207898
:10B14000072864D084F805A0324629462046FFF738
:10B1500027FB06004FF0080A0BD0608880050AD450
:10B1600089F8007031462046C9F8048000F048FA9A
:10B1700008B984F800A001E020E039E0A81DFFF73D
:10B18000D3FE2071A91D204600F056F8207808282B
:10B190003DD06088800503D584F800B03EB328E038
:10B1A0006088C00708D07820FEF7ACFF20622046F8
:10B1B00001F042F9052099E7042097E73246294635
:10B1C0002046FFF7EDFA060021D06088800502D501
:10B1D00084F800B00DE089F8007031462046C9F8C7
:10B1E000048000F00DFA00283FF44AAFD8E70EE0E3
:10B1F0002E4689F80070A8EB0601C9F80480A9F86A
:10B2000002103146204600F04FF90028C8D1012035
:10B2100036E7000064590010EBDA02000C59001008
:10B2200048454144202F0000474554202F0000008E
:10B23000504F5354202F00002DE9F0410446087868
:10B2400000270D46202801D141A501277820FEF7CF
:10B2500059FFDFF8088106460020295C3154295C3B
:10B2600031B1202904D00D2902D0401C7728F4D315
:10B27000002131543046FFF781FE10B36188CA07C0
:10B2800004D12279012A0BD00C2A09D041F04001C7
:10B290006180E0624FF00040E060C80704D04CE0FD
:10B2A00041F08101618036E03046FFF765FE30B144
:10B2B000E169814203D1618841F010016180E06160
:10B2C0003BE0304601F01FFE02460020414602E00E
:10B2D000934205D0401C51F83030002BF8D126E0C5
:10B2E0002BB36188CA0704D12279012A0DD00C2A18
:10B2F0000BD008EBC000CB074268E262C26840682E
:10B30000A2EB0000E06008D017E041F0010108EB7B
:10B31000C00061804068A0620FE01148E2690368E4
:10B320009A4202D141F0100161800068C7E7012F05
:10B3300008D0608840F0040060803046BDE8F041ED
:10B34000FFF772BB012007A52071002784E70000EA
:10B35000696E6465782E68746D00000064F90200FF
:10B36000D4F70200696E6465782E63676900000097
:10B370002DE9F04706464088072592460F464005CE
:10B3800000D501253548007808B925F001054FF0B2
:10B3900000080C464FF00709C6F81C8055E0E80786
:10B3A00005D02FA12046FFF7D7FA012810D0A80713
:10B3B00005D531A12046FFF7CFFA012825D068072F
:10B3C0003DD532A12046FFF7C7FA012830D036E03C
:10B3D000153425F0010521462046FFF75DF9304977
:10B3E000204601F09DFD01280CD12D48FEF778FB89
:10B3F000044420783A2805D1601C04462949FEF708
:10B400002DFCE0B186F8009019E0113425F002051A
:10B4100000203218215C9175215C2C2904D00D2963
:10B4200002D0401C0528F4D3304480F8168006E092
:10B43000133425F00405204600F076F9F06107EB9F
:10B440000A012046FFF738FB04460CB1002DA6D1B7
:10B45000E80701D086F80090BDE8F087ECDA02003A
:10B46000417574686F72697A6174696F6E3A2042CF
:10B4700061736963200000004163636570742D4C43
:10B48000616E67756167653A2000000049662D4D61
:10B490006F6469666965642D53696E63653A20005F
:10B4A00004DB0200B0C107202DE9F04105464079D8
:10B4B000494E0C46C00652D47088E988884279D932
:10B4C000421A2146686A01F00DFA002870D0E98816
:10B4D000001D0C187ED041A12046FFF73DFA01283F
:10B4E0000FD1153427460AE042A1384601F018FD75
:10B4F00001280DD038467168FFF7F2FA0746002F91
:10B50000F2D120467168FFF7D7FAD0B10446E2E7DE
:10B510000A370A222221384600F0EAF80028F0D043
:10B5200000210170C01B82B239460120FFF734F9B7
:10B53000688840F480706880687940F02000687105
:10B54000DFE720780D2845D160780A2842D1687954
:10B55000A41C40F0100068717068A0423AD9697963
:10B56000C1F30110032835D17088AA684906A2EBFF
:10B570000001A9600FD4E98888421CD9421A2146EB
:10B58000686A01F0AFF9B0B1801E001B82B221469B
:10B590000220FFF701F9A86804281BD200221146F7
:10B5A0000320FFF7F9F8688820F480706880012094
:10B5B000BDE8F0810EE0EA88A968706802F108032E
:10B5C0009942E2D2511A401A6979083841F0400193
:10B5D0006971DAE70020EBE70C590010436F6E74D5
:10B5E000656E742D446973706F736974696F6E3A18
:10B5F0002000000066696C656E616D653D2200008B
:10B600002DE9F041384D04460F4668684FF00006BA
:10B61000A0EB010082B26A806188607909051CD5BF
:10B62000010706D4A16891420ED940F0080060716C
:10B630002661206910442061A168884204D23946FD
:10B640000520FFF7A9F840E039460420FFF7A4F8E9
:10B65000608820F40060608043E000071FD4A06889
:10B66000904204D839460020FFF796F83AE01F4987
:10B6700080B2E0800A68B0EB920F01D99008E080B8
:10B6800080B2FEF73FFD60626A88394600F0C4FA76
:10B6900068882061607940F00800607115E0E088FA
:10B6A000216981420AD2401A824200D21046626A5F
:10B6B000531802463946184600F0AEFA69882069E8
:10B6C00008442061A168884202D20020BDE8F081D0
:10B6D000E2880020616AFFF75FF8606AFFF7A4F96B
:10B6E000666226610120F1E70C590010D0DA0200F1
:10B6F00005E0934207D00D2B05D023B1401C037801
:10B700008B42F6D170470020704710B5002307E048
:10B710000C783CB15B1C04700A2C03D0401C491C03
:10B720009342F5D398B210BD2DE9F04704460C3092
:10B73000D4F7D0FDA0F2B275872D29D840F26D1054
:10B740006843691CDFF8848000EB9107002604F150
:10B75000080900BF08EB8601484601F0E1FB01281B
:10B7600002D0761C0C2EF5D30C2E11D017484C307D
:10B77000012E30F81600074404D9A807B0F10040A4
:10B7800000D17F1C601DD4F7A5FD401E1E2802D9E4
:10B790000020BDE8F0873D1804F11100D4F79AFDB0
:10B7A00005EB450100EBC10504F11400D4F792FD4F
:10B7B000C5EB051100EB810504F11700D4F78AFDF4
:10B7C000C5EB051100EB8100E3E7000036F5020050
:10B7D000002800DAC043400002F0C4B810B5FDF7FD
:10B7E000A8FF00F06DF8074800213C22818006493F
:10B7F0000988C1800549064800F00EFABDE81040EE
:10B80000D4F701BDA8C10720D4DA020092DA020001
:10B81000343E082030B5002106480B460124064A74
:10B8200003E0037044700E30491C1588A942F8DB10
:10B8300030BD000054EA0720D6DA020010B5FDF74B
:10B8400078FFFDF779FEFFF7E5FF0448002101606E
:10B850004160BDE81040FDF767BF000018590010B7
:10B860002DE9F0410126114C0025114F19E0E5604A
:10B870002561A582658010482562656202880D4BAE
:10B880000021052001F0D0FB60700121217030B152
:10B890000A49098801F00CFC012800D125703034D8
:10B8A000761C38788642E2DDBDE8F08164590010EC
:10B8B000EBDA0200E5AF0200E8DA0200EEDA02009D
:10B8C0000649054809684218121F002102601160EC
:10B8D0004160034801607047C4C10720D0DA02000C
:10B8E000A4C1072070B5104C104800256570017880
:10B8F000C90701D00121617000780D494008A0708E
:10B900000948093001F0F4FA20720A4A03210020A4
:10B9100001F040FF207018B10749098801F05EFF6F
:10B920000648056070BD0000B06A00100EDB020022
:10B930000600001079C902000ADB02001459001049
:10B94000034802782C2042430021024800F072B9DB
:10B95000DDDA0200E0EA07200448007800EB40004E
:10B9600082000021024800F065B90000DCDA020024
:10B9700028590010F8B504460F46808AFEF73FFBB1
:10B98000054621880E30814245D3A07C0421B1EBCD
:10B99000101F40D1264907EB870001EB800104F11D
:10B9A00022000422064600F027F958BB0422214950
:10B9B000304600F021F928BB6FBB31780E223046AB
:10B9C000B2EB111F04D1D4F741FC012815D00EE0D1
:10B9D00004223146684600F01FF9154800990268B4
:10B9E00080684A40024202D10843401C05D02046EC
:10B9F000FEF7C6FF78B1E07E02E0E07E022801D0CB
:10BA0000112808D104F1120000F016F818B9208BA3
:10BA100030F0C00001D00020F8BDA07C0007800EEF
:10BA200000F10E016180281A20800120F8BD00007D
:10BA3000343E082000F6020001780907890EFEF75F
:10BA4000BABA00002DE9F041214C8046214F207800
:10BA5000C0070AD02049404600F088F840BB0422C5
:10BA6000FF21404600F0EEF810BB1B4D2078143546
:10BA7000800704D52946404600F078F800BB164EF2
:10BA800020782836400704D53146404600F06EF84D
:10BA9000D0B92078800702D52078000710D420780C
:10BAA000400702D52078C0060ED42078C00704D005
:10BAB000002038700848BDE8F0812078800703D561
:10BAC000012038702846F6E7022038703046F2E749
:10BAD000CEDA020022590010343E08202DE9F04150
:10BAE0000446DDF818800F461646012A08D0022EBB
:10BAF00006D0062E04D0112E02D00020BDE8F08121
:10BB0000194D45216888401C68802088A174143034
:10BB100080B2E374FEF773FAA0826888FEF76FFACA
:10BB2000E0820020208384F81A80E676A0833846DD
:10BB3000FFF788FF0146042204F11E0000F06CF8B4
:10BB40000422394604F1220000F066F804F11200E4
:10BB5000FFF772FFA08320882230208029782046BA
:10BB6000BDE8F041D4F76DBB2259001018B50C4662
:10BB700001460422684600F04FF8206800994840CA
:10BB8000A168084201D0002018BD012018BD0000A6
:10BB900038B5044601460422684600F03DF80648E0
:10BBA000826800980243521C01D0002038BD02492F
:10BBB0002046FFF7DBFF38BD343E08200C4800214B
:10BBC0008278012A04D0017080F80110D4F72ABBD2
:10BBD000817081880122491C8BB28380C1888B428D
:10BBE00004D1044B1B881944C18042700270EDE7F8
:10BBF000A8C10720D4DA020010B508E003780C7859
:10BC0000A34201D0002010BD401C491C521E002A36
:10BC1000F4D1012010BD000030B5134606E000BF8E
:10BC2000054611F8014B401C2C705B1E002BF7D110
:10BC3000104630BD03E000BF00F8011B521E002A71
:10BC4000FAD170473AB103788B4201D00020704797
:10BC5000401C521EF6E70120704700002DE9F04716
:10BC600081460D461A4C00261A4FDFF86C8029E0F9
:10BC70006A886078824223D8E988A01C4944FFF78B
:10BC8000BBFFE8B198F803006178A128688802D06A
:10BC9000884215D30DE0884204D13968761C8E4263
:10BCA00013D018346178814203D9081AA98908444D
:10BCB000A881A889E17B0844A8813046BDE8F087C7
:10BCC0001834761C38688642D2DB4FF0FF30F5E737
:10BCD000C8240010F4E30200B06A001070B51E4BD7
:10BCE00002EB420203EBC2040A78412A0BD006DCC5
:10BCF000022A08D0042A1DD0402A2AD116E0422A5E
:10BD000001D0432A25D1FEF70FFFE17B012904D0A2
:10BD1000022905D004291CD105E02169087016E02C
:10BD20002169088013E02169086010E04A88042A2C
:10BD300007D00EE04A88E37B9A420AD8256900239F
:10BD4000AB544A88C98801442069FFF765FF012088
:10BD500070BD002070BD0000C824001070B50A89B5
:10BD60008A8002EB000302F102001D7886B20D709A
:10BD7000CE80587802060FD500F07F04042C1FDC1B
:10BD80003019C8800020024604E006029818521CB0
:10BD900080783043A242F8DBCB884C891A18A24243
:10BDA0000EDC48800B81302D06D0A02D04D0A12DB3
:10BDB00002D0A32D00D00A81487818B1A84201D042
:10BDC000002070BD012070BD7047000070B5018873
:10BDD0002A2941D3418A4FF4807399423CD1818A08
:10BDE000082939D1817D062936D1C17D042933D175
:10BDF000028B00F11204B2F5806F2DD00ADC4FF4F3
:10BE0000007500F12A009A4217D0AA4224D10422D8
:10BE1000124909E024304FF41065B2F5006F0FD0DD
:10BE2000AA4219D106220E49FFF7E6FE002813D0D8
:10BE30002046BDE87040FEF757BB0422074901E0E9
:10BE400006220749FFF7D8FE002805D029462046DC
:10BE5000BDE87040FEF77CBB70BD0000343E08209A
:10BE60000000001070472DE9F84304464188001D8A
:10BE70000E18258830462946FEF79DF828B93078F7
:10BE800048B3082801D1707810B10020BDE8F883CC
:10BE900005F12200FEF736F900F12607002139707E
:10BEA0007970018580462A1F311D381DFFF7B4FEC9
:10BEB00029463846FEF77FF87880A8F8005080239E
:10BEC000009340460023012204F11E01FFF706FE05
:10BED0004046FEF7A9FD0120D8E700002DE9F05FFC
:10BEE000428800F1040B02EB0B050646287B6FF03D
:10BEF000030101EA900014287ED3318881427BD36C
:10BF00000244081A1FFA80F8728006F112012846CE
:10BF100001F00CF95FEA000A06F11E076DD000225D
:10BF20000421381DFEF752F8024604213846FEF778
:10BF30004DF80146F07EFEF75DF801463088FEF7C9
:10BF400059F8024631882846FEF740F8C0430004FD
:10BF5000000C51D10AEB4A0101EBCA00F9494FF03C
:10BF6000100901EB800414F82C0D0B2879D2DFE8BE
:10BF700000F04444C4F9F7F6F5F4F3F20600687BE8
:10BF8000410704D5A07840F00800A070CEE18107F9
:10BF900013D5C00630D5281DFEF7BBFDA169401C96
:10BFA000884229D105F10800FEF7B3FD6169884296
:10BFB00022D100BF84F82290B0E1D4E9041291426A
:10BFC0003FD0C00618D505F108000746FEF7A1FDD1
:10BFD00001466069814215D120610021204601F0AF
:10BFE00087FBA078221D40F00800A070A76A238973
:10BFF00004215046B84701E07DE0CCE0A07820F075
:10C0000008001DE0A07840071BD53846FEF781FDEB
:10C0100001466069001F814213D12061676A0422D2
:10C0200038883918363107F13A00FFF7F5FD3A2123
:10C03000384600F051FA04203880A07820F004003F
:10C04000A070281DFEF765FDA16988420AD0281D51
:10C05000FEF75FFDA169401C8842ABD1A08BE08355
:10C06000A8E76AE1A178B8F1000F41F00800A070DC
:10C070000DD0E08958B17188A66A01EB0B024346E6
:10C0800005215046B047A16901EB0800A061687B1B
:10C09000C00717D0D4E90401884213D1221DA56A34
:10C0A000238902215046A847A069401CA06160690D
:10C0B000401C6061112084F82200504601F04CFAC7
:10C0C00008211BE1A178B8F1000F21F00800A07051
:10C0D0000FD084F822906078000707D5E0894045AA
:10C0E00002D9A0EB080000E00020E081504601F0FA
:10C0F00033FAA08BE083BDE8F09F687B410701D550
:10C100000221FBE0C10601D4800704D43946284649
:10C1100001F0AEFAF4E7221DA66A238900215046F9
:10C12000B047C0B32946504601F05CF900F0B6FFB5
:10C130002061401C6061281DFEF7EBFC401CA061E3
:10C14000122084F82200504601F006FAA07820F070
:10C150000100A07053E0E6E0BDE0A3E08FE062E004
:10C1600036E0FFE7687B41077AD4C10714D005F1B8
:10C170000800FEF7CEFC61698842BCD1281DFEF79D
:10C18000C8FC401CA0616069206184F82290504680
:10C1900001F0E2F911E040E0C10616D505F1080012
:10C1A000FEF7B7FC61698842A5D1281DFEF7B1FCF6
:10C1B000A16988429FD160692061221DA56A2389F7
:10C1C00001215046A8470A2198E0800793D424E033
:10C1D000687B410744D4122636EA000111D080075B
:10C1E0001BD52946504601F0FDF8281DFEF791FCAD
:10C1F000401CA06184F82260504601F0ADF9032193
:10C200007CE005F10800FEF784FC61698842B4D146
:10C210002946504601F0E6F8B0E739462846BDE821
:10C22000F05F01F025BA687B41077FD4C10718D0C1
:10C2300005F108000646FEF76CFC6169884205D0EE
:10C240003046FEF766FC2169884296D1281DFEF72C
:10C2500060FC404400F10100A061606920611AE0C7
:10C2600064E0C0067FF547AF05F10800FEF751FC1A
:10C2700001466069814297D1062120613EE0687BDA
:10C28000410753D4C0073FF436AF281DFEF741FCE9
:10C290004044401CA06184F82290504601F05CF9B3
:10C2A00009212BE0687B410740D4C10609D505F17F
:10C2B0000800FEF72EFC014660698142A7D120618B
:10C2C000EEE7C007DFD0281DFEF723FC404400F155
:10C2D0000100A0616EE6687B410727D4C10612D534
:10C2E00005F10800FEF715FC0146606981428ED118
:10C2F000206160780221C00700D101212046BDE8FD
:10C30000F05F01F0FFB9C007BDD0281DFEF701FCAA
:10C310004044401CA061112084F822005046BDE832
:10C32000F05F01F019B9687B4107CAD5221DA56AE3
:10C33000238903215046A847DBE7BDE8F05F0520CD
:10C34000D3F760BFE0EA07202DE9F84305464188AE
:10C35000001D0C18A088FDF752FE082848D30127BD
:10C36000284EDFF8A48047E03078022842D1608868
:10C37000FDF745FE718888423CD117F0FF0737D0A2
:10C38000717905F11E09890724D5E08810B30022D0
:10C39000042105F12200FDF719FE0246042148465A
:10C3A000FDF714FE0146E87EFDF724FE8046A088D6
:10C3B000FDF725FE4146FDF71DFE8046A088FDF7EE
:10C3C0001EFE014642462046FDF700FEC043000423
:10C3D000000C0DD12088FDF712FE02462888494640
:10C3E000083883B20093B56804F108033846A847BB
:10C3F000BDE8F8830C367F1C98F800008742B3DD57
:10C40000F6E7000028590010DCDA0200084A30B4D0
:10C41000D2E90034591C01F01F01A14205D0054C9E
:10C4200044F82300116030BC704730BCFEF7FCBA02
:10C4300018590010B43D082070B5044640882E26D7
:10C440000025000623D57822216AA06AFEF769FD3F
:10C450000028206A0ED000782328F4D020790C28F8
:10C4600014D1206AFDF73CFB216A421E8A5C0A2A2D
:10C4700004D00AE00670206A4570EFE70246921E7B
:10C48000401E8A5C0D2A00D1401E0D5470BDA06A6A
:10C49000226A0178012905D0022905D0032905D097
:10C4A000167070BD742102E0632100E069211170F3
:10C4B000236A20220221401C5A700278042A06D3E3
:10C4C000236A4E1C401C5A543146772EF5D3226AFB
:10C4D0005554A06270BD000070B50180A0F1080441
:10C4E0000F31606821F00305A8420CD9FDF721F94E
:10C4F0006068411B04480268511A01606560BDE82C
:10C500007040FDF711B970BDA4C1072070B5FFF7E9
:10C510005BFC27480078012801D1FDF769FF254918
:10C52000D1E90020824241D0234A52F82040401CE9
:10C5300000F01F004860208A082806D0B0F5C16FBF
:10C540002FD12046FFF742FC2BE000212046FFF7C9
:10C5500011FA10B304F11E00042200210546FFF772
:10C5600071FB28B9012204F10A012846FDF71CFEDF
:10C57000E07E012806D0022808D006280ED0112817
:10C580000FD107E02046FFF76EFC0AE02046FFF7D8
:10C5900069FC06E02046D3F750FE02E02046D3F7C0
:10C5A0004EFE2046BDE87040FEF73EBA70BD00006A
:10C5B000A9C1072018590010B43D08202DE9F05FEB
:10C5C000002505274FF0010BA946DFF8D882B64EAB
:10C5D0003DE198F8001032784046914202D9594620
:10C5E00080F800B0C9B2B14801EB410100EB011481
:10C5F00014F8300D0B2811D2DFE800F006100610F9
:10C600001180FEFD1010FC00607800F031FD022862
:10C61000F1D2A7496078098800F04AFD11E16088ED
:10C62000410702D54FF4CA7528E1C10602D54FF47F
:10C63000987523E1A18A0029F0D1D4E903128A4236
:10C6400016D3C1070DD0410605D520F0400060800B
:10C65000E06AFEF765FC2046FFF7EEFE2770BDE8B6
:10C66000F09F607800F096FC2046FEF78BFCD2E04D
:10C67000607800F0ABFD054600F0CEFC8246608895
:10C68000002681070AD440F002006080514620460F
:10C69000FEF762FA0646608840057ED461880AEBA0
:10C6A0000600A5EB0605490615D5E36A0146AAB2C0
:10C6B0001846FEF765FC0746A8420AD2E06AFEF774
:10C6C0002FFC608820F040006080C4F80CB0C4F8F3
:10C6D0002C90B8B20AE0D4E90321521AAA4200D938
:10C6E0002A46E36A1944FFF797FA80B2A0823044E1
:10C6F00082B26078514600F0ADFE8CE0206A00788E
:10C70000632815D004DC232877D02E2804D1A8E78D
:10C71000692873D074280BD0607800F00FFC204695
:10C72000FEF730FC98F80000401C88F8000096E7FF
:10C73000607800F04BFD064600F06EFC074660880E
:10C740000025810717D440F002006080394620465A
:10C75000FEF702FA05460EE0701B216A82B2891CC0
:10C760007819FEF7D2FF054405F17800B0424AD8A7
:10C770002046FFF761FE206A00787428ECD0632819
:10C7800037D1DFF820A104F1080B0AF1040A608810
:10C79000000701D4C4F8089000E079E098F8001090
:10C7A0008AF80010701B82B2206A7919801C5B46DF
:10C7B000FDF7F0FFC0F30D010D440104618802D5BF
:10C7C00041F0080101E021F00801618040041AD421
:10C7D00005F1F000B04216D80807E3D42046FFF771
:10C7E0002BFE206A00786328D1D0206A0078742854
:10C7F000B2D004E040E03CE021E01CE011E06088C1
:10C8000040F020006080AAB2A2826078394600F031
:10C8100021FE0620207098F80010491C88F80010AE
:10C820001DE7216A2046891CFEF706FD0420C4F896
:10C830001090207013E72046FFF7FEFD5EE7A08A08
:10C8400050B198F80010491C88F800106D1C307821
:10C850008542FFF4BEAE02E72770608810F0280F13
:10C8600002D12046FFF7E8FD608820F020006080BC
:10C87000F5E640F2911501E040F2F515607800F020
:10C88000A5FC00F0C9FB82462946FEF76BFA064676
:10C890006078B2B2514600F0DDFD607800F07AFBBE
:10C8A0003DE7000008590010EBDA0200645900105F
:10C8B000EEDA02000848007801280BD10748084A40
:10C8C000817813680B4413604278D20702D081F05C
:10C8D0000101817070470000A8C10720B06A0010F4
:10C8E0001459001070B506000C4615461CD019E00E
:10C8F00060782D2814D120782D2803D0A0782D28F9
:10C9000008D00DE03146A01C00F00AFB012807D139
:10C91000204670BD3146E01C00F002FB012805D026
:10C92000A41CAD1E012DE3D8002070BD601C70BD9D
:10C930000A0E02700A0C42700A0A8270C1707047B7
:10C9400070B5054608780E460228144610460FD0EA
:10C9500001F008F8F188024604202944904202DCE4
:10C96000230E01F8013B2402401EF7D1104670BD92
:10C97000FEF72EFFEEE700002DE9FF4FC34D8FB00D
:10C9800098462A781C99824244D1172942D300271D
:10C99000ADF80C70ADF80E104FF0300AADF8107015
:10C9A0008DF805A001A91846FFF7D8F990B3022623
:10C9B0008DF8056001A94046FFF7D0F950B301A9F1
:10C9C0004046FEF7B1F828BB04208DF8050001A908
:10C9D0004046FFF7C3F9E8B1BDF80620287A824245
:10C9E00018D1BDF80A1001EB080005F10901FFF7A5
:10C9F00003F978B18DF8057001A94046FFF7AEF94B
:10CA000040B19DF80400E870A02807D0A12805D007
:10CA1000A32803D0002013B0BDE8F08FBDF80800B4
:10CA200001A960F31F44814602208DF805004046AD
:10CA3000FFF794F90028EDD001A94046FEF774F8FD
:10CA4000686001A94046FFF789F90028E2D001A9F2
:10CA50004046FEF769F80028DCD1BDF80AB001A90C
:10CA60004046FFF77BF90028D4D001A94046FEF7E5
:10CA70005BF80028CED1BDF80A608DF805A001A9A9
:10CA80004046FFF76BF90028C4D0002060F307048C
:10CA900060F30F243DE000BFC4F30720401CC0B288
:10CAA00060F30F240090142848D88DF805A001A940
:10CAB0004046FFF753F90028ACD006208DF805005A
:10CAC00001A94046FFF74AF90028A3D001A9404632
:10CAD000FFF7C4F8071E01DA02206FE0009805A9ED
:10CAE00001EB400001A920F8027C00208DF8050030
:10CAF0004046FFF733F900288CD0E878A3283BD0D4
:10CB0000634807EB470100EBC100416909B1002010
:10CB10008847BDF80C00BDF80E108842BCD35B48B6
:10CB2000C078A3280DD0BDF8100089B20844801D3C
:10CB300080B2ADF81000B0F5B86F42D9012060F3B3
:10CB40000704002060F30F24BDF80E0000F01AFE69
:10CB50000746BDF80E204146FFF75EF8A22007F811
:10CB6000090007F80B40C4F30720B855BDF80E3094
:10CB7000009328783B4682E0454907EB4700009048
:10CB800011F830009DF8042000F07F039A4201D094
:10CB9000032013E0000601D504200FE03A4601A966
:10CBA0004046FFF79BF840B13948009900EBC100BF
:10CBB00041690029ADD00120AAE7052060F30704F0
:10CBC000C2E700F0DFFD054606F109001FFA80FB11
:10CBD000ADF80CB00027C4F3072407E005A801A9AD
:10CBE00030F817202846FDF717FA7F1CBC42F5DC09
:10CBF00057468DF804A0ADF808B001A92846FDF706
:10CC000087FD224C6068FEF7E3FD00F10802BDF8E5
:10CC10000800B31A801A80B2ADF8080003EB0801CF
:10CC2000491C2844FEF7F8FFA2208DF8040001A952
:10CC30002846FDF76DFD227ABDF80800521D801AC6
:10CC400080B2ADF80800A9EB020303EB0801284409
:10CC5000FEF7E2FF8DF8047001A92846FDF758FDA4
:10CC6000BDF80C10BDF808000E1A20B1411932466B
:10CC70002846FEF7D1FFB3B2009320782B46DDE9BA
:10CC8000101200F0E9FD0120C5E60000B06A0010B6
:10CC9000C82400102DE9FF4F85B081461D468B4EFC
:10CCA00000248B4F08E00922711C8AA0FEF7A4FF24
:10CCB000012804D01836641C38688442F3DB3868D5
:10CCC000844250D0069806284DD802D24FF000007A
:10CCD000079000261DB135F8026B142E43DC0020AE
:10CCE00006E000BF35F810103A6891423BDA401C6C
:10CCF000B042F7DBB9F1000F01D1DFF8E491002079
:10CD0000ADF810000746DFF8C48113E035F81700CE
:10CD100000EB400108EBC100BDF810104278C37B66
:10CD200011449B1D1944ADF81010416909B1002050
:10CD300088477F1CB742E9DBDFF8A8A104EB440277
:10CD400008EBC2089AF8081098F80F00084425303C
:10CD5000BDF81010ADF80E00084480B2ADF8100018
:10CD6000B0F5B86F03D9002009B0BDE8F08F00F02E
:10CD700009FD0446BDF80E00ADF80C00002706E0E2
:10CD800035F8172001A92046FDF746F97F1CB74268
:10CD9000F6DBBDF80E004FF0300BADF808008DF853
:10CDA00004B001A92046FDF7B3FC43208DF8040030
:10CDB0004D4801A902682046FDF7CDFC02208DF800
:10CDC000040001A92046079AFDF7C5FC01A92046E9
:10CDD000069AFDF7C0FCBDF808004021801F80B214
:10CDE000ADF808002154BDF80810671C0426CE5584
:10CDF0004846FEF727FE0146BDF80820A01C104457
:10CE00000422FEF709FF98F80F00BDF80810ADF8EE
:10CE10000600081AADF80A00801E80B2ADF80800BE
:10CE200006212154BDF80810BDF80600C855BDF80C
:10CE30000A00BDF806202044D8F81010FEF7ECFEDA
:10CE4000A4208DF8040001A92046FDF761FCBDF87F
:10CE500008009AF808105546401AADF80A00801EDE
:10CE600080B2ADF808002654BDF808109AF8080002
:10CE7000C855BDF80A001B499AF80820204409311A
:10CE8000FEF7CAFE02208DF80400002201A9204608
:10CE9000FDF761FC8DF804B001A92046FDF738FCD0
:10CEA000BDF80C10BDF808000E1A20B10119324669
:10CEB0002046FEF7B1FEB3B200930C492878234612
:10CEC0000A88494600F0C8FC01204DE7C82400103C
:10CED000F4E30200082B0601020101020000000039
:10CEE0000FDB0200B06A0010145900100CDB0200C6
:10CEF00000220B7803700B781BB1401C491C521C9C
:10CF0000F7E71046704710B50446002004E00146DC
:10CF10001046FDF7BDFD641C2278002AF7D110BD34
:10CF200006E00378934201D000207047401C491C62
:10CF30000A78002AF5D101207047000010B510B31F
:10CF40001249097888421ED800EB4001104A01EBD3
:10CF5000C00102EB810414F82C1D0B2913D2DFE869
:10CF600001F0120A060C0C0C0C0C0C060C00012132
:10CF7000204600F0C7FB012010BD042184F82210D8
:10CF800000F0EAFAF3E7002010BD0000DDDA02004D
:10CF9000E0EA072010B578B31D490978884234D8F3
:10CFA00000EB40011B4A01EBC00102EB810411219F
:10CFB00014F82C2D921E092A27D2DFE802F0110561
:10CFC000111B1B1B1B1B130084F822102169491C19
:10CFD00021616169491C13E0204600F093FB09E0E0
:10CFE0000121F9E7D4E904239A4206D0A07840F061
:10CFF0000100A070012010BD07E084F82210591C28
:10D00000616100F0A9FA0521E6E70020F3E70000DE
:10D01000DDDA0200E0EA072010B53630FDF772F8DD
:10D02000362141803A3010BD2DE9F0410F2804D857
:10D030001BB101250C4C0D4E06E00020BDE8F0812F
:10D04000277847B12C346D1C3778BD42F8DD0420B9
:10D05000D3F7D8F8F1E7012626706070E170A3627B
:10D06000A283E8B2EAE70000E0EA0720DDDA020086
:10D0700018B108490978884201D9FF20704700EBB0
:10D08000400101EBC000044901EB800010F82C0CBA
:10D0900070470000DDDA0200E0EA072003484FF69F
:10D0A000FF71008801EB004070470000ACC1072011
:10D0B00010B5C0B11B4A1278904214D899B100EB58
:10D0C000400202EBC000184A02EB80002C38427884
:10D0D000D20708D0826A32B10278012A05D0022A2A
:10D0E00003D0092A01D0002010BD022202700022C4
:10D0F00082700281418140F2B451818141F21C1160
:10D10000C181511EC0E90421826180F8222080F88B
:10D110002320426204220021001DFEF78BFD012026
:10D1200010BD0000DDDA0200E0EA07202DE9F04141
:10D1300005460127234C01F10C08234E17E0207807
:10D14000022812D02888FCF75AFF218988420CD186
:10D150006888FCF754FF6189884206D10422414661
:10D16000201DFEF749FD012809D02C347F1C3078A2
:10D170008742E4DD687B10F0150F20D102E0F8B2A1
:10D18000BDE8F08180071AD501270E4C14E0207805
:10D1900002280FD16888FCF732FF6189884209D1E3
:10D1A00004224146201DFEF737FD2888FCF727FFA3
:10D1B0002081E4E72C347F1C30788742E7DD0020B3
:10D1C000DEE70000E0EA0720DDDA020000EB4001C4
:10D1D00001EBC000054901EB800040F2B45130F88A
:10D1E000200C884200D9084680B27047E0EA072048
:10D1F0002DE9F0477448754B007898B1754A0021C5
:10D20000734814780BE0028C0AB1521E0284012C80
:10D2100003D1C28B0AB1521EC2832C30491C1A782A
:10D220009142F0DB00264FF011084FF0020A6A4FDE
:10D230006A4D9946A8E0297899F80000814201D901
:10D24000012028702878624900EB400202EBC00000
:10D2500001EB800414F82C0D0B2877D2DFE800F0E6
:10D260009090905959778677776C0600D4E904201E
:10D27000A178A0EB0200C90700D038B1E18B91B1D1
:10D2800000287DD0208C00287AD120E0A07820F0E2
:10D290000100A07084F822806069401C60612878D9
:10D2A00000F05AF911E084F822806069401C606146
:10D2B000287800F051F9A078221D40F00800A070F5
:10D2C000A66A238902212878B047052175E094F8E1
:10D2D0002300A8B104F11C04401EE0714FF01800B7
:10D2E000A071A1684FF0000328780A88164600F064
:10D2F00045F9A06806803888A080208860805FE0BB
:10D300000021204600F0F4F9A07840F00800A07059
:10D3100042E0208CD0B994F82300E0B3401E84F89A
:10D320002300287800F018F921783888032901D0E3
:10D330002B480088208443E0208C38B9607851461F
:10D34000C00700D10121204600F0DCF918E0208C54
:10D35000B0B994F82300F0B1401E84F8230084F89B
:10D360002280287800F0F8F83888E3E7208C38B974
:10D3700094F8230078B1401E84F823003888208474
:10D380002878401C2870761C99F800108E42FFF413
:10D3900052AFBDE8F087FFE7042084F82200287828
:10D3A00000F0DAF8221DA66A238903212878B04705
:10D3B00060785146C00700D10121204600F0A2F953
:10D3C0002878401C2870E4E7A8C10720DDDA0200B5
:10D3D000E0EA0720A9C10720E0DA02009CC107208B
:10D3E000E4DA0200F0B50A7B6FF0030303EA92046B
:10D3F000143C2BD01431002240F2B45324E08D5C55
:10D40000002D23D0012D02D0022D18D101E0521C95
:10D410001AE08E187578042D11D100EB40050C4FE1
:10D4200005EBC005768807EB85052C3D76BA9E4254
:10D4300000D91E46AE81AE7846F00206AE708D1859
:10D440006D78002D02D02A44A242D8D3F0BD00004E
:10D45000E0EA07202DE9F047A1F13A060746708877
:10D460001546362802D00020BDE8F087F7B33648CD
:10D47000007887424CD807EB4700344900EBC700DF
:10D4800001EB800414F82C0D0A2841D1D4E90410D2
:10D4900081423DD155B3A189A94200D20D4628440D
:10D4A000606105F136013046FFF716F83146204637
:10D4B00000F01EF960784FF0180A40072CD5042DB3
:10D4C0002AD9A07840F00400A0703A20FCF71AFE98
:10D4D00080467119363104223A30FEF79DFB102048
:10D4E00084F822000023281F82B200E010E0914659
:10D4F0003146384600F042F884F822A04B46042218
:10D500004146384600F03AF84046FDF78DFA0FE004
:10D510003046FDF789FAA6E7A078002320F0040042
:10D52000A07084F822A02A463146384600F026F83A
:10D5300007483580008820840648007884F8230056
:10D54000A08BE08301208FE7DDDA0200E0EA07200C
:10D55000E0DA0200DEDA020070B505463A20FCF798
:10D56000D1FD0446002301461A46284600F006F87D
:10D570002046BDE87040FDF757BA00002DE9F8439A
:10D580000D461746984678B137490978491C8842B4
:10D590000AD800EB400101EBC000344901EB8004E4
:10D5A0002C3CA089B84202D20020BDE8F88305F1E6
:10D5B00026066089FCF723FD30802089FCF71FFDDB
:10D5C00070802169301D4144FFF7B2F906F108006F
:10D5D000A169FFF7ADF95020307394F82200707301
:10D5E000E089FCF70CFDF081002030827082A07889
:10D5F00081070ED520F00200A07040F2024068873B
:10D6000005F13A07A089FCF7FAFC788060203073B6
:10D610000427201DFEF716FA00220421FCF7D6FC91
:10D6200002460421201DFCF7D1FC01460620FCF730
:10D63000E1FC01461437B8B28046FCF7DBFC024639
:10D6400039463046FCF7C2FCC04380B2FCF7D7FC39
:10D650003082A5F8008080230093E3780622211D04
:10D660002846FEF73BFAA0E7DDDA0200E0EA0720F1
:10D6700070B51D4E05461D4B3278407B02EB4204CF
:10D6800004EBC20203EB820440072CD40422201DC9
:10D69000FEF7C2FA2888FCF7B2FC20816888FCF704
:10D6A000AEFC60810020E070697BC9060BD505F1F6
:10D6B0000800FDF72EFA2061042084F82200281DBE
:10D6C000FDF727FA07E02061142084F82200281DC6
:10D6D000FDF71FFA401CA0613078BDE87040401C87
:10D6E000C0B2FFF739BF70BDDDDA0200E0EA072003
:10D6F00070B50446406A0D4608B1FDF795F96562BC
:10D7000070BD000070B504460170164D00200B2955
:10D710001BD2DFE801F01C1C1C200C15151515068A
:10D72000120011490988218484F823000DE00F4973
:10D730000F4A09882184117805E0A08BE0830AE074
:10D740002A880121228484F82310E08370BD0021FF
:10D750002046FFF7CDFF074928882084087884F801
:10D76000230070BDE0DA0200E2DA0200E6DA02002D
:10D77000EADA0200DEDA020001490120887070470F
:10D78000A8C1072010B52A30FCF7BCFC2A21418033
:10D790002E3010BD70B51AB101240E4B0E4D05E0B0
:10D7A000002070BD1E7846B10C33641C2E78B44244
:10D7B000F8DD0320D2F726FDF2E701251D705D702C
:10D7C00001F003015971187100205880E0B29A608D
:10D7D00070BD000028590010DCDA0200F0B518B165
:10D7E0001A4A1378984201D90020F0BD184B00EB7B
:10D7F000400003EB80040C3C19BB164800254FF495
:10D80000806C4FF47C4E0188491C89B201806145CF
:10D8100001D2A0F800C000210D4B068807E05F8808
:10D82000B74202D11F78012F04D80C33491C177856
:10D83000B942F4DB1378994202D06D1C7545E2DBE6
:10D84000B1B26180022020700120F0BDDCDA02005C
:10D8500028590010A0C107202DE9F843A3F12E0498
:10D8600005466088089F894690462A2802D00020F5
:10D87000BDE8F883002D52D03848007885424ED854
:10D88000042200214846FEF7DDF9F0BBB8F1000F95
:10D8900045D04FF4B860874200D90746304905EBC0
:10D8A000450001EB800616F80C0D022837D1708870
:10D8B00058B304F12605FCF7A2FB28804046FCF78C
:10D8C0009EFB688007F108081FFA88F00746FCF7FE
:10D8D00096FBA8800020E8807079C00728D04846D1
:10D8E000FEF7B0F800220421FCF770FB0246042189
:10D8F0004846FCF76BFB01461120FCF77BFB014619
:10D900003846FCF777FB024600E008E0414628462F
:10D91000FCF75CFBC0430004000C04D005E020468B
:10D92000FDF782F8A3E74FF6FF70FCF768FBE8808D
:10D93000278099F8000080230E21B1EB101F00D141
:10D94000737800933379112249462046FEF7C6F8D2
:10D9500005462046FDF768F8284689E7DCDA02002C
:10D960002859001040F001010420820501E009025D
:10D97000401E9142FBD370472DE9FC473C23B0FB8E
:10D98000F3F28A46B2FBF3F103FB120903FB112801
:10D990001822B1FBF2F002FB1015C11C0722B1FBEB
:10D9A000F2F302FB131640F2B551B0FBF1F301FBA9
:10D9B00013019A0000241D4801E0C91A641C30F8C4
:10D9C00014308B42F9D9194F13190C2017F1520753
:10D9D00007EB4002022832F8022C02D9022C00D1B7
:10D9E000521C914201D2401EF2E7891A0F4A03F2FB
:10D9F000B273921D02EB8002121F0C48CDE9002386
:10DA0000491C363000EB86020B4609A15046FBF755
:10DA100021FF0446504443462A4609A1CDF8009010
:10DA2000FBF718FF2044BDE8FC87000030F502003A
:10DA300025732C20253032642025732025640000B6
:10DA400020253032643A253032643A253032642061
:10DA5000474D540D0A00000010B500290AD008787F
:10DA6000002807D005487844FCF7F8F8002801D0D2
:10DA7000002010BD0248784410BD0000E61F0000E1
:10DA8000DE1F000010B5FCF78BFA4FF000010160BB
:10DA900010BDC0A8016CC0A801FEFFFFFF00C219A5
:10DAA0000281C21902820000000000000000000094
:10DAB0000000000000000000000000000000000066
:10DAC000000000000000000000000000000039001D
:10DAD000902800000A000A009600040205070500CD
:10DAE0006400020014000A00140007060000500041
:10DAF000456D6265646465642057454220536572D4
:10DB00007665720061646D696E00A100A20014C0A8
:10DB1000A801090B0D0F0E00AC01CA01AE01CC012A
:10DB2000B001D001A601C401A001BE01A201C00143
:10DB3000A401C201AA01C801A801C601140016006F
:10DB40000402140224020602160226020802180227
:10DB500028020A021A022A020C021C022C020E02DD
:10DB60001E022E0210022002300212022202320293
:10DB700034023E0248025202360240024A02540275
:10DB8000380242024C0256023A0244024E02580245
:10DB900018011A01000000000000007F3E1C080070
:10DBA00000080C0E0C087F495149457F7F414141D7
:10DBB000417F0000000000000000000000000000A5
:10DBC0000000000000000000000000000000000055
:10DBD0000000000000000000000000000000000045
:10DBE0000000000000000000000000000000000035
:10DBF0000000000000000000000000000000000025
:10DC00000000000000000000000000000000000014
:10DC10000000000000000000000000000000000004
:10DC200000000000000000000000000000000000F4
:10DC300000000000000000000000000000000000E4
:10DC400000000000000000000000000000000000D4
:10DC5000000000000000000000000000005F000065
:10DC600000000000000000143E143E1400242A7F2F
:10DC70002A1200231308646200364955225000001E
:10DC80000000060000003E410000000000413E0090
:10DC90000014083E08140008083E08080000503030
:10DCA000000000080808080800000060600000404C
:10DCB00020100804003E5149453E0000427F4000CC
:10DCC000004261514946002141454B310018141270
:10DCD0007F10002745454539003C4A49493000013D
:10DCE0007109050300364949493600064949291E8C
:10DCF0000000363600000000563600000000081410
:10DD0000220000141414141400002214080000024D
:10DD10000151090600324979413E007E1111117E00
:10DD2000007F49494936003E41414122007F41413F
:10DD3000221C007F49494941007F09090901003E31
:10DD400041415172007F0808087F0000417F410077
:10DD5000002040413F01007F08142241007F4040E5
:10DD60004040007F020C027F007F0408107F003ECD
:10DD70004141413E007F09090906003E4151215EB3
:10DD8000007F091929460046494949310001017FB0
:10DD90000101003F4040403F001F2040201F003F46
:10DDA0004038403F006314081463000708700807F8
:10DDB00000615149454300007F4100000004081004
:10DDC0002040000000417F000004020102040040E6
:10DDD00040404040000000000000002054545478AF
:10DDE000007F4844443800384444442000304848C8
:10DDF000507E00385454541800087E09010200086F
:10DE00005454543C007F100808700000447D4000CA
:10DE1000002040443D00007E102844000000417F67
:10DE20004000007C04180478007C08040478003862
:10DE300044444438007C1414140800081414147C5E
:10DE4000007C0804040800485454542000043F4453
:10DE50004020003C4040207C001C2040201C003C16
:10DE60004030403C004428102844000C5050503CA6
:10DE7000004464544C440000083641000000007F18
:10DE80000000000041360800000000000000000013
:10DE90000000000000000000000000000000000082
:10DEA0000000000000000000000000000000000072
:10DEB0000000000000000000000406070604000047
:10DEC0000000000000000000000000000000000052
:10DED0000000000000000000000000000000000042
:10DEE0000000000000000000000000000000000032
:10DEF0000000000000000000000000000000000022
:10DF00000000000000000000000000000000000011
:10DF10000000000000000000000000000000000001
:10DF200000000000000000000000000000000000F1
:10DF300000081C3E7F00000000000000007F3E1C27
:10DF40000800081838180800000000000000000051
:10DF500000000000000000000000000000000000C1
:10DF6000000000000000000000000000001C3E3E19
:10DF70003E1C000000000000000000000000000047
:10DF800000000000007C5554450000000000000027
:10DF90000000000000000000000000000000000081
:10DFA0000000000000000000000000000000000071
:10DFB000000000000000060909060000242E2400CD
:10DFC0000000000000000000000000000000000051
:10DFD0000000000000000000000000000000000041
:10DFE00000000000003855545518007C10207B0BB1
:10DFF0000000000000000000000000000000000021
:10E0000000000000000000000000000000002030C0
:10E0100038302000007E1111117E007F49494931BE
:10E02000007F49494936007F0101010300603E211C
:10E03000217F007F494949410077087F08770041E7
:10E0400049494936007F2010087F007F2011087F52
:10E05000007F0814224100407E01017F007F020CF6
:10E06000027F007F0808087F003E4141413E007F5B
:10E070000101017F007F09090906003E414141225B
:10E080000001017F0101004728100807001C227FC2
:10E09000221C006314081463007F404040FF000707
:10E0A0000808087F007F407F407F007F407F40FF5F
:10E0B00000017F484870007F4438007F007F484857
:10E0C000483000224149493E007F083E413E00461B
:10E0D0002919097F002054545478003C4A4A493198
:10E0E000007C54542800007C0404040C0060382494
:10E0F000247C003854545418006C107C106C00447C
:10E1000044545428007C2010087C007C2012087C99
:10E11000007C1028440000403804047C007C081077
:10E12000087C007C1010107C003844444438007C8B
:10E130000404047C007C1414140800384444440093
:10E140000004047C0404000C5050503C0018247E51
:10E150002418004428102844007C404040FC000063
:10E160001C10107C007C407C407C007C407C40FC8F
:10E1700000047C505020007C5020007C007C5050DB
:10E180005020002844545438007C1038443800088B
:10E190005434147C20202000FFEDE200F4E5E2007E
:10E1A000ECE0F000E0EFF000ECE0E900E8FEED006C
:10E1B000E8FEEB00E0E2E300F1E5ED00EEEAF2005C
:10E1C000EDEEFF00E4E5EA002020202020202020C2
:10E1D0002020202020202020202020200020C2FBE2
:10E1E000F5EEE420202020202020202020202020C8
:10E1F00020002030253A305E3A302620303C2F3E39
:10E2000020202F307B2000202020006A616E0066D5
:10E210006562006D617200617072006D6179006A03
:10E22000756E006A756C0061756700736570006FCC
:10E230006374006E6F7600646563000061626364FE
:10E2400065660000000000006162636465660000AE
:10E250000000000061626364656600000000303108
:10E26000323334353637383941424344454600006D
:10E27000000000000000000000000000000000009E
:10E2800000000000C00006E0000770800730C007F3
:10E2900030E006307006303806701C06E00F06C00D
:10E2A0000706000000000000C00006E000077080C4
:10E2B0000730C00730E006307006303806701C06A4
:10E2C000E00F06C00706000000000000C0FF01E0EC
:10E2D000FF037000073000063000063000063000F3
:10E2E00006700007E0FF03C0FF010000000000000F
:10E2F000000000000000000000000000000000001E
:10E3000000000000000000000600600600600C0035
:10E31000300C003018001818001830000C30000CB9
:10E3200030000C600006600006C00003C0000380DF
:10E33000810180810100810000C30000C3000066EC
:10E3400000006600003C00003C00001800001800BF
:10E35000001800003C00003C000064000066000063
:10E36000C20000C30000C3008081018081018000E1
:10E3700003C0000340000660000660000430000C8B
:10E3800030000C1800181800180C00300C00300673
:10E390000060060060000000000000002020202037
:10E3A000202020202020202020202020202020206D
:10E3B000202020202020202020202020202020205D
:10E3C000202020202020202020202020202020204D
:10E3D000202020202020202020202020202020203D
:10E3E000202020202020202020202020004FDC0082
:10E3F00002390000290200000A000C00F503E807BA
:10E400000500150000001F001C001F001E001F005B
:10E410001E001F001F001E001F001E001F00010223
:10E42000040810204080000E1C123836242A707E0A
:10E430006C624846545AE0EEFCF2D8D6C4CA909EAC
:10E440008C82A8A6B4BACEC0D2DCF6F8EAE4BEB09C
:10E45000A2AC86889A942E20323C16180A045E508C
:10E46000424C66687A74929C8E80AAA4B6B8E2EC9C
:10E47000FEF0DAD4C6C8727C6E604A445658020C6C
:10E480001E103A3426285C52404E646A78762C225C
:10E49000303E141A0806BCB2A0AE848A9896CCC24C
:10E4A000D0DEF4FAE8E62A243638121C0E005A545C
:10E4B0004648626C7E70CAC4D6D8F2FCEEE0BAB4AC
:10E4C000A6A8828C9E90E4EAF8F6DCD2C0CE949A9C
:10E4D0008886ACA2B0BE040A18163C32202E747A8C
:10E4E00068664C42505EB8B6A4AA808E9C92C8C69C
:10E4F000D4DAF0FEECE25856444A606E7C7228266C
:10E50000343A101E0C0276786A644E40525C06085B
:10E510001A143E30222C96988A84AEA0B2BCE6E84B
:10E52000FAF4DED0C2CC002A547EA882FCD67A50FF
:10E530002E04D2F886ACF4DEA08A5C7608228EA483
:10E54000DAF0260C7258C2E896BC6A403E14B892C3
:10E55000ECC6103A446E361C62489EB4CAE04C6663
:10E560001832E4CEB09AAE84FAD0062C5278D4FE9B
:10E5700080AA7C5628025A700E24F2D8A68C200A53
:10E58000745E88A2DCF66C463812C4EE90BA163C73
:10E590004268BE94EAC098B2CCE6301A644EE2C833
:10E5A000B69C4A601E34765C2208DEF48AA00C26F3
:10E5B0005872A48EF0DA82A8D6FC2A007E54F8D2D3
:10E5C000AC86507A042EB49EE0CA1C364862CEE473
:10E5D0009AB0664C3218406A143EE8C2BC963A10B3
:10E5E0006E4492B8C6ECD8F28CA6705A240EA2885B
:10E5F000F6DC0A205E742C06785284AED0FA567C83
:10E600000228FED4AA801A304E64B298E6CC604A42
:10E61000341EC8E29CB6EEC4BA90466C123894BE62
:10E62000C0EA3C166842000004590010045900106A
:10E630008DC107208CC107208FC107208EC1072004
:10E6400091C1072090C1072093C1072092C10720E4
:10E65000F3010010F2010010B7000010B600001026
:10E66000AD000010AC0000100459001009C00720D4
:10E670002F0100102E010010D9050820D805082010
:10E68000F1EC0720F0EC0720F5EC0720F4EC072074
:10E69000F9EC0720F8EC072009ED072008ED07202A
:10E6A00001ED072000ED0720FDEC0720FCEC072022
:10E6B0006C6A00108D6A001005ED072004ED07203C
:10E6C0000459001004590010045900100459001096
:10E6D000ADED0720ACED0720B1ED0720B0ED072030
:10E6E000B5ED0720B4ED0720C5ED0720C4ED0720E8
:10E6F000BDED0720BCED0720B9ED0720B8ED0720E0
:10E700006D6A00108E6A0010C1ED0720C0ED072071
:10E710000459001004590010045900100459001045
:10E7200069EE072068EE07206DEE07206CEE0720EB
:10E7300071EE072070EE072081EE072080EE0720A3
:10E7400079EE072078EE072075EE072074EE07209B
:10E750006E6A00108F6A00107DEE07207CEE0720A5
:10E7600004590010045900100459001004590010F5
:10E7700025EF072024EF072029EF072028EF0720A7
:10E780002DEF07202CEF07203DEF07203CEF07205F
:10E7900035EF072034EF072031EF072030EF072057
:10E7A0006F6A0010906A001039EF072038EF0720D9
:10E7B00004590010045900100459001004590010A5
:10E7C000E1EF0720E0EF0720E5EF0720E4EF072067
:10E7D000E9EF0720E8EF0720F9EF0720F8EF07201F
:10E7E000F1EF0720F0EF0720EDEF0720ECEF072017
:10E7F000706A0010916A0010F5EF0720F4EF07200F
:10E800000459001004590010045900100459001054
:10E810009DF007209CF00720A1F00720A0F0072022
:10E82000A5F00720A4F00720B5F00720B4F00720DA
:10E83000ADF00720ACF00720A9F00720A8F00720D2
:10E84000716A0010926A0010B1F00720B0F0072042
:10E850000459001004590010045900100459001004
:10E8600059F1072058F107205DF107205CF10720DE
:10E8700061F1072060F1072071F1072070F1072096
:10E8800069F1072068F1072065F1072064F107208E
:10E89000726A0010936A00106DF107206CF1072076
:10E8A00004590010045900100459001004590010B4
:10E8B00015F2072014F2072019F2072018F207209A
:10E8C0001DF207201CF207202DF207202CF2072052
:10E8D00025F2072024F2072021F2072020F207204A
:10E8E000736A0010946A001029F2072028F20720AA
:10E8F0000459001004590010045900100459001064
:10E90000D1F20720D0F20720D5F20720D4F2072059
:10E91000D9F20720D8F20720E9F20720E8F2072011
:10E92000E1F20720E0F20720DDF20720DCF2072009
:10E93000746A0010956A0010E5F20720E4F20720DF
:10E940000459001004590010045900100459001013
:10E950008DF307208CF3072091F3072090F3072015
:10E9600095F3072094F30720A5F30720A4F30720CD
:10E970009DF307209CF3072099F3072098F30720C5
:10E98000756A0010966A0010A1F30720A0F3072013
:10E9900004590010045900100459001004590010C3
:10E9A00049F4072048F407204DF407204CF40720D1
:10E9B00051F4072050F4072061F4072060F4072089
:10E9C00059F4072058F4072055F4072054F4072081
:10E9D000766A0010976A00105DF407205CF4072047
:10E9E0000459001004590010045900100459001073
:10E9F00005F5072004F5072009F5072008F507208D
:10EA00000DF507200CF507201DF507201CF5072044
:10EA100015F5072014F5072011F5072010F507203C
:10EA2000776A0010986A001019F5072018F507207A
:10EA30000459001004590010045900100459001022
:10EA4000C1F50720C0F50720C5F50720C4F507204C
:10EA5000C9F50720C8F50720D9F50720D8F5072004
:10EA6000D1F50720D0F50720CDF50720CCF50720FC
:10EA7000786A0010996A0010D5F50720D4F50720B0
:10EA800004590010045900100459001004590010D2
:10EA90007DF607207CF6072081F6072080F6072008
:10EAA00085F6072084F6072095F6072094F60720C0
:10EAB0008DF607208CF6072089F6072088F60720B8
:10EAC000796A00109A6A001091F6072090F60720E4
:10EAD0000459001004590010045900100459001082
:10EAE00039F7072038F707203DF707203CF70720C4
:10EAF00041F7072040F7072051F7072050F707207C
:10EB000049F7072048F7072045F7072044F7072073
:10EB10007A6A00109B6A00104DF707204CF7072017
:10EB20000459001004590010045900100459001031
:10EB3000F5F70720F4F70720F9F70720F8F7072083
:10EB4000FDF70720FCF707200DF807200CF8072039
:10EB500005F8072004F8072001F8072000F807202F
:10EB60007B6A00109C6A001009F8072008F807204B
:10EB700004590010045900100459001004590010E1
:10EB8000B1F80720B0F80720B5F80720B4F807203F
:10EB9000B9F80720B8F80720C9F80720C8F80720F7
:10EBA000C1F80720C0F80720BDF80720BCF80720EF
:10EBB0007C6A00109D6A0010C5F80720C4F8072081
:10EBC0000459001004590010045900100459001091
:10EBD0006DF907206CF9072071F9072070F90720FB
:10EBE00075F9072074F9072085F9072084F90720B3
:10EBF0007DF907207CF9072079F9072078F90720AB
:10EC00007D6A00109E6A001081F9072080F90720B4
:10EC10000459001004590010045900100459001040
:10EC200029FA072028FA07202DFA07202CFA0720B6
:10EC300031FA072030FA072041FA072040FA07206E
:10EC400039FA072038FA072035FA072034FA072066
:10EC50007E6A00109F6A00103DFA07203CFA0720E8
:10EC600004590010045900100459001004590010F0
:10EC7000E5FA0720E4FA0720E9FA0720E8FA072076
:10EC8000EDFA0720ECFA0720FDFA0720FCFA07202E
:10EC9000F5FA0720F4FA0720F1FA0720F0FA072026
:10ECA0007F6A0010A06A0010F9FA0720F8FA07201E
:10ECB00004590010045900100459001004590010A0
:10ECC000A1FB0720A0FB0720A5FB0720A4FB072032
:10ECD000A9FB0720A8FB0720B9FB0720B8FB0720EA
:10ECE000B1FB0720B0FB0720ADFB0720ACFB0720E2
:10ECF000806A0010A16A0010B5FB0720B4FB072052
:10ED0000045900100459001004590010045900104F
:10ED10005DFC07205CFC072061FC072060FC0720ED
:10ED200065FC072064FC072075FC072074FC0720A5
:10ED30006DFC07206CFC072069FC072068FC07209D
:10ED4000816A0010A26A001071FC072070FC072085
:10ED500004590010045900100459001004590010FF
:10ED600019FD072018FD07201DFD07201CFD0720A9
:10ED700021FD072020FD072031FD072030FD072061
:10ED800029FD072028FD072025FD072024FD072059
:10ED9000826A0010A36A00102DFD07202CFD0720B9
:10EDA00004590010045900100459001004590010AF
:10EDB000D5FD0720D4FD0720D9FD0720D8FD072069
:10EDC000DDFD0720DCFD0720EDFD0720ECFD072021
:10EDD000E5FD0720E4FD0720E1FD0720E0FD072019
:10EDE000836A0010A46A0010E9FD0720E8FD0720EF
:10EDF000045900100459001004590010045900105F
:10EE000091FE072090FE072095FE072094FE072024
:10EE100099FE072098FE0720A9FE0720A8FE0720DC
:10EE2000A1FE0720A0FE07209DFE07209CFE0720D4
:10EE3000846A0010A56A0010A5FE0720A4FE072022
:10EE4000045900100459001004590010045900100E
:10EE50004DFF07204CFF072051FF072050FF0720E0
:10EE600055FF072054FF072065FF072064FF072098
:10EE70005DFF07205CFF072059FF072058FF072090
:10EE8000856A0010A66A001061FF072060FF072056
:10EE900004590010045900100459001004590010BE
:10EEA00009000820080008200D0008200C00082098
:10EEB0001100082010000820210008202000082050
:10EEC0001900082018000820150008201400082048
:10EED000866A0010A76A00101D0008201C00082088
:10EEE000045900100459001004590010045900106E
:10EEF000C5000820C4000820C9000820C800082058
:10EF0000CD000820CC000820DD000820DC0008200F
:10EF1000D5000820D4000820D1000820D000082007
:10EF2000876A0010A86A0010D9000820D8000820BD
:10EF3000045900100459001004590010045900101D
:10EF40008101082080010820850108208401082013
:10EF500089010820880108209901082098010820CB
:10EF600091010820900108208D0108208C010820C3
:10EF7000886A0010A96A00109501082094010820F1
:10EF800004590010045900100459001004590010CD
:10EF90003D0208203C0208204102082040020820CF
:10EFA0004502082044020820550208205402082087
:10EFB0004D0208204C02082049020820480208207F
:10EFC000896A0010AA6A0010510208205002082025
:10EFD000045900100459001004590010045900107D
:10EFE000F9020820F8020820FD020820FC0208208F
:10EFF0000103082000030820110308201003082043
:10F00000090308200803082005030820040308203A
:10F010008A6A0010AB6A00100D0308200C03082058
:10F02000045900100459001004590010045900102C
:10F03000B5030820B4030820B9030820B80308204A
:10F04000BD030820BC030820CD030820CC03082002
:10F05000C5030820C4030820C1030820C0030820FA
:10F060008B6A0010AC6A0010C9030820C80308208E
:10F0700004590010045900100459001004590010DC
:10F080007104082070040820750408207404082006
:10F0900079040820780408208904082088040820BE
:10F0A00081040820800408207D0408207C040820B6
:10F0B0008C6A0010AD6A00108504082084040820C2
:10F0C000045900100459001004590010045900108C
:10F0D000045900100459001004590010045900107C
:10F0E000045900100459001004590010045900106C
:10F0F000045900100459001004590010045900105C
:10F10000045900100459001004590010045900104B
:10F11000045900100459001004590010045900103B
:10F12000045900100459001004590010045900102B
:10F13000045900100459001004590010045900101B
:10F14000045900100459001004590010045900100B
:10F1500004590010045900100459001004590010FB
:10F1600004590010045900100459001004590010EB
:10F1700004590010045900100459001004590010DB
:10F1800004590010045900100459001004590010CB
:10F1900004590010045900100459001004590010BB
:10F1A00004590010045900100459001004590010AB
:10F1B000045900100459001004590010045900109B
:10F1C000045900100459001004590010045900108B
:10F1D000045900100459001004590010045900107B
:10F1E000045900100459001004590010045900106B
:10F1F000045900100459001004590010045900105B
:10F20000045900100459001004590010045900104A
:10F21000045900100459001004590010045900103A
:10F22000045900100459001004590010045900102A
:10F23000045900100459001004590010045900101A
:10F24000045900100459001004590010045900100A
:10F2500004590010045900100459001004590010FA
:10F2600004590010045900100459001004590010EA
:10F2700004590010045900100459001004590010DA
:10F2800004590010045900100459001004590010CA
:10F2900004590010045900100459001004590010BA
:10F2A00004590010045900105501001054010010B9
:10F2B000D3050820D2050820470608204606082066
:10F2C000BB060820BA060820D1050820D005082072
:10F2D0004506082044060820B9060820B80608207C
:10F2E000D5050820D405082049060820480608202E
:10F2F000BD060820BC06082004590010EC050820B3
:10F30000045900106006082004590010D406082093
:10F31000D9050820D80508204D0608204C060820ED
:10F32000C1060820C0060820DB050820DA050820F1
:10F330004F0608204E060820C3060820C2060820F3
:10F3400004590010ED05082004590010610608203A
:10F3500004590010D5060820045900100459001063
:10F3600004590010045900100459001004590010E9
:10F3700004590010045900100459001004590010D9
:10F3800004590010045900100459001004590010C9
:10F390000459001004590010E7010010E6010010A4
:10F3A000ED010010EC0100102D0708202C070820AB
:10F3B0002F0708202E070820E9010010E80100109F
:10F3C000EF010010EE01001031070820300708207F
:10F3D0003307082032070820EB010010EA01001073
:10F3E000F1010010F0010010350708203407082053
:10F3F0003707082036070820045900100459001068
:10F400000459001004590010045900100459001048
:10F410000459001004590010045900100459001038
:10F420000459001004590010045900100459001028
:10F430000459001004590010045900100459001018
:10F440000459001088C107200459001089C1072001
:10F45000045900108AC10720045900108BC10720ED
:10F46000F7C00720F6C00720045900100459001007
:10F4700004590010045900100459001004590010D8
:10F480000459001004590010E7010010E6010010B3
:10F49000ED010010EC0100102D0708202C070820BA
:10F4A0002F0708202E070820E9010010E8010010AE
:10F4B000EF010010EE01001031070820300708208E
:10F4C000330708203207082004590010045900109F
:10F4D0000459001004590010F9E30200F8E3020097
:10F4E000FBE30200FAE30200FDE30200FCE302009A
:10F4F000FFE30200FEE3020001E4020000E4020078
:10F5000003E4020002E402009501001094010010DF
:10F5100097010010960100100459001004590010C2
:10F520000459001004590010045900100459001027
:10F530006D016D016E014A616E00466562004D61AC
:10F540007200417072004D6179004A756E004A7513
:10F550006C0041756700536570004F6374004E6F17
:10F560007600446563004D6F6E0054756500576505
:10F5700064005468750046726900536174005375E5
:10F580006E0000001F003B005A0078009700B50095
:10F59000D400F300110130014E0168746D000000C9
:10F5A00063677800000C6367690000016373730090
:10F5B00000026A7300000003786D6C000004787329
:10F5C0006C0000056769660000066A706700000746
:10F5D0006A7065670007626D70000008706E6700F2
:10F5E000000969636F00000A78617000000D78619E
:10F5F0006D6C000E70687000000FFFFFFFFFFFFFD3
:10F60000FFFFFFFF3C68323E4854545020312E30FB
:10F6100020343031204572726F722E20556E617524
:10F6200074686F72697A6564204163636573733CC3
:10F630002F68323E596F7520617265206E6F74209D
:10F64000617574686F72697A656420746F20616394
:10F65000636573732074686973207365727665726D
:10F660002E003C68323E4854545020312E30203415
:10F670003034204572726F722E2046696C65204EC0
:10F680006F7420466F756E643C2F68323E54686517
:10F69000207265717565737465642055524C2077CE
:10F6A0006173206E6F7420666F756E64206F6E20BC
:10F6B00074686973207365727665722E003C6832D7
:10F6C0003E4854545020312E302035303120457280
:10F6D000726F722E204E6F7420496D706C656D656F
:10F6E0006E7465643C2F68323E54686520726571A3
:10F6F000756573746564204D6574686F6420697303
:10F70000206E6F7420737570706F727465642E0054
:10F710003C686561643E3C7469746C653E4B656928
:10F720006C20456D626564646564205745422053D2
:10F7300065727665723C2F7469746C653E3C2F6807
:10F740006561643E3C626F64793E003C68723E3C99
:10F7500062723E3C693E4B65696C20456D62656432
:10F760006465642057454220536572766572205661
:10F77000322E30302C20323031303C62723E3C61CF
:10F7800020687265663D687474703A2F2F777777BA
:10F790002E6B65696C2E636F6D3E207777772E6BCD
:10F7A00065696C2E636F6D3C2F613E202D20456D89
:10F7B00062656464656420446576656C6F706D6530
:10F7C0006E7420546F6F6C733C2F693E3C2F626FD8
:10F7D00064793E00B76E174C3C686561643E3C74CA
:10F7E00069746C653E4B65696C20456D6265646447
:10F7F000656420574542205365727665723C2F74CC
:10F8000069746C653E3C2F686561643E3C626F6460
:10F8100079207374796C653D226261636B67726FE6
:10F82000756E642D636F6C6F723A20236237653496
:10F830006666223E3C68323E456D6265646465647E
:10F8400020574542205365727665723C2F68323EE0
:10F850003C703E5468697320697320746865206445
:10F86000656661756C7420706167652E20546865EB
:10F870002048545450205365727665722069732075
:10F880003C623E6E6F7420636F6E66696775726569
:10F89000642E3C2F623E3C62723E506C6561736523
:10F8A00020726561642074686520646F63756D659E
:10F8B0006E746174696F6E20686F7720746F206357
:10F8C0006F6E666967757265207468652048545468
:10F8D00050205365727665722E203C2F703E3C6836
:10F8E000723E3C693E4B65696C20456D626564649F
:10F8F0006564205745422053657276657220563202
:10F900002E30302C2032303039203C62723E3C6147
:10F9100020687265663D687474703A2F2F77777728
:10F920002E6B65696C2E636F6D3E207777772E6B3B
:10F9300065696C2E636F6D3C2F613E202D20456DF7
:10F9400062656464656420446576656C6F706D659E
:10F950006E7420546F6F6C733C2F693E3C2F626F46
:10F9600064793E005DDDC191D8F70200000000001F
:10F9700063F902000400000800000000000000021B
:10F9800000010000102B0601040182831F190100F1
:10F9900050726F7665726B6120737669617A692E39
:10F9A00020CFF0EEE2E5F0EAE020F1E2FFE7E82E1A
:10F9B00000554B553230334C414E00536B797065D6
:10F9C0003A64616E696C6F765F6161004E6F766F4D
:10F9D0007369626972736B2C20527573736961006D
:10F9E00046697273742041524D20534E4D50206130
:10F9F00067656E7420666F722053696250726F6D16
:10FA00004175746F6D6174696B6100005CFB02008D
:10FA1000000000102859000008010000D00A03006F
:10FA200000C00720B001000008010000D00A030058
:10FA300028590010A825000064010000E80A03000E
:10FA4000B0C10720207D000064010000100100000B
:10FA500043000000F8FFFFFF0040404040404040AE
:10FA60004040414141414140404040404040404091
:10FA70004040404040404040400502020202020235
:10FA80000202020202020202022020202020202084
:10FA90002020200202020202020290909090909098
:10FAA0001010101010101010101010101010101056
:10FAB00010101010020202020202888888888888CA
:10FAC00008080808080808080808080808080808B6
:10FAD00008080808020202024000000000000000BE
:10FAE0000000000000000000000000000000000016
:10FAF0000000000000000000000000000000000006
:10FB000000000000000000000000000000000000F5
:10FB100000000000000000000000000000000000E5
:10FB200000000000000000000000000000000000D5
:10FB300000000000000000000000000000000000C5
:10FB400000000000000000000000000000000000B5
:10FB5000000000000000000000000000250102037A
:10FB600004277075626C6963C3580214031432036E
:10FB7000FF14160151120102BB02000CFF48656C14
:10FB80006C6F20576F726C64012502FF0A016318C5
:10FB90001330314061626364406566676840696A3A
:10FBA0006B6C40125A2001096280FA32800A6B3273
:10FBB00080FA33800A6B3380FA34800A6B3480FA1F
:10FBC00035800A6B3580FA36800A6B3680FA3780CA
:10FBD0000A6B3780FA38800A6B3880FA39800A6AF3
:10FBE0003980EB3130801912096A80FA31800A6B52
:10FBF0003180FA32800A6B3280FA33800A6B3380AC
:10FC0000FA34800A6B3480FA35800A6B3580FA3614
:10FC1000800A6B3680FA37800A6B3780FA38800AA0
:10FC20006B3880FA39800A6A3980EB3230801912D9
:10FC3000096A80FA31800A6B3180FA32800A6B32AD
:10FC400080FA33800A6B3380FA34800A6B3480FA8E
:10FC500035800A6B3580FA36800A6B3680FA378039
:10FC60000A6B3780FA38800A6B3880FA39800A6A62
:10FC70003980EB333080191209698001FF01FF01DF
:10FC8000FF01FF01FF01FF01FF01FF01FF01FF0174
:10FC9000FF01FF01FF01FF01FF01FF01FF011760ED
:10FCA0000A84082B060102010101552AE0F9025AD3
:10FCB0008618490E115B0A85185AC318620314048A
:10FCC0001459AA104862045B10BB3069186205DB46
:10FCD00009B11862065B13CC185A821862075C01DE
:10FCE000EDE3301A0C181808040182831F19064C22
:10FCF0003E63E60E0820309918194C4C022E0490F1
:10FD0000A918194C0B110230181A08180A103218C9
:10FD10001B0101D80A118018198A5B0484189A04FF
:10FD2000181A0390B8080C0C08202B3302301A0460
:10FD3000600B10DA034819C00B1102DC1829C00A45
:10FD400010DE181A02900B1102E21819900B110222
:10FD5000E4181990EE0216C107201829900B10C262
:10FD6000243029900A11E64829900A11E8181A0748
:10FD7000180A10EA182A03A80A11EC1829A80A116F
:10FD8000EE1829A80A11F01829A86AF2187A0D1895
:10FD900048090401010102700C08D8B9180C1302BB
:10FDA0000272180C13030274180C13040276180C58
:10FDB00013050278180C1306027A180C1307027C3C
:10FDC000180C1308027E180C13090280180C130A71
:10FDD0000282180C130B0284180C130C0286180CE8
:10FDE000130D0288180C130E028A180C130F028CC4
:10FDF000180C1310028E180C13110290180C131209
:10FE00000292180C13130294180C13140296180C77
:10FE100013150298180C1316029A180C1317029C4B
:10FE2000180C1318029E180C131902A0180C131AA0
:10FE300002A2180C131B02A4180C131C02A6180C07
:10FE4000131D02A8180C131E02AA180C131F02ACD3
:10FE5000180C132002AE180C122102B0180D130258
:10FE60000102B6180C130202B8180C130302BA18D8
:10FE70000C130402BC180C130502BE180C13060266
:10FE8000C0180C130702C2180C130802C4180C1374
:10FE90000902C6180C130A02C8180C130B02CA1860
:10FEA0000C130C02CC180C130D02CE180C130E02FE
:10FEB000D0180C130F02D2180C131002D4180C1304
:10FEC0001102D6180C131202D8180C131302DA18E8
:10FED0000C131402DC180C131502DE180C13160296
:10FEE000E0180C131702E2180C131802E4180C1394
:10FEF0001902E6180C131A02E8180C131B02EA1870
:10FF00000C131C02EC180C131D02EE180C131E022D
:10FF1000F0180C131F02F2180C132002F4180C1224
:10FF20002102F6180D13030102FC180C130202FE45
:10FF3000181303020A120D180C13040202180C13F2
:10FF4000050204180C13060206180C130702081801
:10FF50000C1308020A180C1309020C180C130A02DD
:10FF60000E180C130B0210180C130C0212180C13A1
:10FF70000D0214180C130E0216180C130F02181889
:10FF80000C1310021A180C1311021C180C13120275
:10FF90001E180C13130220180C13140222180C1331
:10FFA000150224180C13160226180C131702281811
:10FFB0000C1318022A180C1319022C180C131A020D
:10FFC0002E180C131B0230180C131C0232180C13C1
:10FFD0001D0234180C131E0236180C131F02381899
:10FFE0000C1320023A180C1221023C180D130401C4
:10FFF0000242180C13020244180C13030246180C98
:020000040003F7
:1000000013040248180C1305024A180C1306024C7C
:10001000180C1307024E180C13080250180C130981
:100020000252180C130A0254180C130B0256180C27
:10003000130C0258180C130D025A180C130E025C04
:10004000180C130F025E180C13100260180C131119
:100050000262180C13120264180C13130266180CB7
:1000600013140268180C1315026A180C1316026C8C
:10007000180C1317026E180C13180270180C1319B1
:100080000272180C131A0274180C131B0276180C47
:10009000131C0278180C131D027A180C131E027C14
:1000A000180C131F027E180C13200280180C12214A
:1000B0000282180D1305010288180C1302028A1817
:1000C0000C1303028C180C1304028E180C13050277
:1000D00090180C13060292180C13070294180C13B4
:1000E000080296180C13090298180C130A029A18A1
:1000F0000C130B029C180C130C029E180C130D020F
:10010000A0180C130E02A2180C130F02A4180C1343
:100110001002A6180C131102A8180C131202AA1828
:100120000C131302AC180C131402AE180C131502A6
:10013000B0180C131602B2180C131702B4180C13D3
:100140001802B6180C131902B8180C131A02BA18B0
:100150000C131B02BC180C131C02BE180C131D023E
:10016000C0180C131E02C2180C131F02C4180C1363
:100170002002C6180C122102C8180D13060102CE67
:10018000180C130202D0180C130302D2180C13041B
:1001900002D4180C130502D6180C130602D8180C3A
:1001A000130702DA180C130802DC180C130902DE1C
:1001B000180C130A02E0180C130B02E2180C130CB3
:1001C00002E4180C130D02E6180C130E02E8180CCA
:1001D000130F02EA180C131002EC180C131102EEA4
:1001E000180C131202F0180C131302F2180C13144B
:1001F00002F4180C131502F6180C131602F8180C5A
:10020000131702FA180C131802FC180C131902FE2B
:1002100018131A020A120E180C131B0202180C13E0
:100220001C0204180C131D0206180C131E020818D9
:100230000C131F020A180C1320020C180C122102B6
:100240000E180D1307010214180C13020216180CD5
:1002500013030218180C1304021A180C1305021CBD
:10026000180C1306021E180C13070220180C130892
:100270000222180C13090224180C130A0226180C67
:10028000130B0228180C130C022A180C130D022C45
:10029000180C130E022E180C130F0230180C13102A
:1002A0000232180C13110234180C13120236180CF7
:1002B00013130238180C1314023A180C1315023CCD
:1002C000180C1316023E180C13170240180C1318C2
:1002D0000242180C13190244180C131A0246180C87
:1002E000131B0248180C131C024A180C131D024C55
:1002F000180C131E024E180C131F0250180C13205A
:100300000252180C12210254180D130801025A1837
:100310000C1302025C180C1303025E180C13040287
:1003200060180C13050262180C13060264180C13F3
:10033000070266180C13080268180C1309026A18E1
:100340000C130A026C180C130B026E180C130C021F
:1003500070180C130D0272180C130E0274180C1383
:100360000F0276180C13100278180C1311027A1869
:100370000C1312027C180C1313027E180C131402B7
:1003800080180C13150282180C13160284180C1313
:10039000170286180C13180288180C1319028A18F1
:1003A0000C131A028C180C131B028E180C131C024F
:1003B00090180C131D0292180C131E0294180C13A3
:1003C0001F0296180C13200298180C1221029A187A
:1003D0000D13090102A0180C130202A2180C13033A
:1003E00002A4180C130402A6180C130502A8180C7A
:1003F000130602AA180C130702AC180C130802AE5D
:10040000180C130902B0180C130A02B2180C130BC3
:1004100002B4180C130C02B6180C130D02B8180C09
:10042000130E02BA180C130F02BC180C131002BEE4
:10043000180C131102C0180C131202C2180C13135B
:1004400002C4180C131402C6180C131502C8180C99
:10045000131602CA180C131702CC180C131802CE6C
:10046000180C131902D0180C131A02D2180C131BF3
:1004700002D4180C131C02D6180C131D02D8180C29
:10048000131E02DA180C131F02DC180C132002DEF4
:10049000186C2102E0187A0C1823120114022A01A8
:1004A000EA10181A02180A112C1822030B110498CA
:1004B000181A04300A11E6181A05180A11EC181A4D
:1004C00006480B102C07901A07300A11E8301A085A
:1004D000180A11EE181A09480A1130481A0A300A87
:1004E00011EA301A0B180A11F0181A0C480A1134C4
:1004F000480A150DD80A150ED80A150FD81929095A
:1005000013D80A1511D80A1412D81B130130FBF4A2
:1005100003301B1302180A11F6181A03180A11F8EF
:10052000181A04180A11FA181A05180A11FC181AD0
:1005300006180A11FE181A0718110A1004181A08CA
:10054000180A1102181A09180A1104181A0A180AA6
:100550001106181A0B180A1108181A0C180A110A91
:10056000181A0D180A110C181A0E180A110E181A5A
:100570000F180A11121819110B110214181A111858
:100580000A1116181A12180A1118181A13180A1133
:100590001A181A14180A111C181A15180A112018FA
:1005A0001A16180A1122181A17180A1124181A18DC
:1005B000180A1126181A19180A1128181A1A180ACE
:1005C000112A181A1B18FBF203181B1401183DF608
:1005D000C00720187A0D186F05010101028848B97B
:1005E000180C1202028A180D130201028C180C1248
:1005F00002028E180D1303010290180C12020292CF
:10060000180D1304010294180C1202029618197A9C
:100610000A1398180C1202029A180D130601029C74
:10062000180C1202029E180D13070102A0185C029A
:1006300002A2187B020C181B08010F1A4218BC6F8B
:100640003702181A02180A1044481B0B01010D103A
:100650004A0F0820180C1302014B180C1303014C0D
:10066000180C1304014D180C1305014E180C130639
:10067000014F180C13070150180C13080151180CE6
:1006800013090152180C130A0153180C130B0154CF
:10069000180C120C0155180D1302010156180C13F9
:1006A000020157180C13030158180C1304015918B0
:1006B0000C1305015A180C1306015B180C130701E3
:1006C0005C180C1308015D180C1309015E180C135B
:1006D0000A015F180C130B0160186C0C0161187A89
:1006E0000C18230C0114023404EA10181A02180A18
:1006F0001136181A03180A1138181A04180A113A70
:10070000181A05180A113C181A06180A113E182260
:10071000070B1104A4181A08306A401879D815017B
:100720000204012302AA39189A84181307041C131F
:10073000CCF9C631AA021812054C01F0E318893031
:100740005808190901010103C260C9180D120203FA
:100750004205180C130303C2180D120403420618B5
:100760000C130503C2180D1206034207180C1307D9
:1007700003C2180D1208034208180C130903C2180B
:100780000D120A034209180C130B03C2180D120CA8
:1007900003420A180C130D03C2180D120E03420B6C
:1007A000180C130F03C2180D121003420C180C136F
:1007B0001103C2180D121203420D180C131303C2B9
:1007C000180D121403420E180C131503C2180D1243
:1007D0001603420F180C131703C2180D1218034208
:1007E00010180C131903C2180D121A034211180C19
:1007F000131B03C2180D121C034212180C131D0305
:10080000C2180D121E034213180C131F03C2180D39
:100810001220034214180C132103C2180D122203D4
:100820004215180C132303C2180D12240342161884
:100830000C132503C2180D1226034217180C132798
:1008400003C2180D1228034218180C132903C218EA
:100850000D122A034219180C132B03C2180D122C67
:1008600003421A180C132D03C2180D122E03421B3B
:10087000180C132F03C2180D123003421C180C134E
:100880003103C2180D123203421D180C133303C278
:10089000180D123403421E180C133503C2180D1222
:1008A0003603421F180C133703C2180D12380342C7
:1008B00020180C133903C2180D123A034221180CE8
:1008C000133B03C2180D123C034222180C133D03C4
:1008D000C2180D123E034223180C133F03C2184DD9
:1008E00040034224187B020C181B0A010F13460414
:1008F000BD10B93302181A02181A4818DACD181A9E
:1009000005181A4A18DAE1181A06181A4C18CB11E9
:1009100034181A07181A4E18DA43181A08181A50F9
:1009200018DA73181A09181A5218DAB3181A0A18AA
:100930001A5418CB7D36181A0B181A5618DAEF18F5
:100940001A0C181A5818DAF3481A0D181A5A18CB34
:100950001D35181A0E181A5C18DA47181A0F181ACB
:100960005E18DA71181A10181A6018DA9B181A1122
:10097000181A62181A4D907B820D181B0F01011A6C
:10098000A81841C9180C130201A9180C130301AAD5
:10099000180C120401AB180D13020101AC180C1352
:1009A0000201AD180C130301AE185C0401AF18AAC4
:1009B00002181D030101B0181B4933F0B9181C02BD
:1009C00001B118FA63181C0301B218FA7F181C044D
:1009D00001B3181A9B18B9780D12040101B4900DD7
:1009E00013040201B5180C130301B6180C1004010E
:1009F000B7181B1101010D1018C10720180C1302A4
:100A00000119180C1203011A180D12020102BC6020
:100A10000D13020202BE180C120302C0180E1203BC
:100A20000101C424180C130201C5185C0301C61887
:100A30007A02182B0402D80D1028400240180C121C
:100A400002023C18191A0A13241809153019A80AA9
:100A50001320180C120201381857040102EEE302A9
:100A6000C9180A1402A80A1505300D12050201ED75
:100A7000180A1506300A1506300A1507300D120738
:100A80000201F1180A1508300A1508300A15093054
:100A90000A1509300A150A300A150A300A150B30F2
:100AA0000A150B300A150C300A150C300A150D30DA
:100AB0008A0D307A041815010207044C2090F918A9
:100AC000011806185893FEE63C0331093D021F0148
:100AD000015403435802029A0A0B21010124013FE9
:080AE0000D12F11FFF1F44007D
:04000005000000CD2A
:00000001FF
