:020000040000FA
:10000000287F0010CD010000D1010000D3010000C5
:10001000D5010000D7010000D90100000000000058
:10002000000000000000000000000000DB010000F4
:10003000DD01000000000000DF010000EF99010079
:10004000E301000007CF010033CF0100E30100000E
:10005000E301000099FC0100E3010000E30100005E
:10006000E3010000E3010000E3010000E301000000
:10007000E3010000E3010000E3010000E3010000F0
:10008000E3010000E3010000E3010000E3010000E0
:10009000E3010000E3010000E5520000E30100007D
:1000A000E3010000BBF80100E3010000E3010000F0
:1000B000C5100200E3010000E3010000E3010000BD
:1000C000E3010000E3010000E301000000F002F89A
:1000D00000F06DF80AA090E8000C82448344AAF175
:1000E0000107DA4501D100F062F8AFF2090EBAE873
:1000F0000F0013F0010F18BFFB1A43F0010318475C
:1001000008720200487202000A444FF0000C10F816
:10011000013B13F0070408BF10F8014B1D1108BF85
:1001200010F8015B641E05D010F8016B641E01F825
:10013000016BF9D113F0080F1EBF10F8014BAD1C75
:100140000C1B09D16D1E58BF01F801CBFAD505E093
:1001500014F8016B01F8016B6D1EF9D59142D6D3ED
:10016000704700000023002400250026103A28BF15
:1001700078C1FBD8520728BF30C148BF0B60704719
:10018000642921F07380732921F0D7820020704701
:100190001FB525F01BF921F08DFB04000020002184
:1001A00025F0FEF8401C60601FBD10B510BD21F0A9
:1001B0005CFB1146FFF7ECFF19F0CDFC21F08EFB44
:1001C00003B4FFF7F2FF03BC21F092FB084800479D
:1001D000FEE7FEE7FEE7FEE7FEE7FEE7FEE7FEE7F7
:1001E000FEE7FEE703480449044A054B7047000058
:1001F000CD000000286F0010287F00102877001025
:1002000028770010FEE710B522F0BCFF23F048F875
:1002100023F03AF822F0C8FFAFF30080BDE81040A9
:1002200023F004B810B523F015FE24F085FC23F06C
:1002300069FEBDE8104023F0E1BF23F029BD23F0A3
:10024000F1BA09B10020704722F046B8002070478B
:100250001E4BDA601870597070471C48C16800293D
:100260000DD0491EC1600AD1194902780A7042783E
:100270004A700A710021C17001714171817170472A
:10028000124A1161907070471048016900290BD023
:10029000491E016108D10E4A817811700021517008
:1002A000C1700171417181717047084908817047BF
:1002B0000648B0F90810002907D0491E09B201818B
:1002C000002902D1084601F01FB8704764000010F1
:1002D00094C1072070B5064600F00CF80468054686
:1002E00030460A22002121F02CFA2C6070BD7047A4
:1002F0007047704700487047C83E0820FFFFFFFF67
:10030000002801DA404200B270470020F94A20215B
:100310001154401CC0B2C828FAD370470146F54AB0
:100320000020401CC0B2135C8B4201D0C828F8D317
:10033000704710B50021F04C0A2200BFB0FBF2F369
:1003400002FB13006054491CC9B218460529F5D3B5
:1003500010BDF0B5E94B0121202719700521E64AAF
:10036000002601E01C7844B1541814F8015C25B94A
:10037000814202D904F8017C05E0541814F8015DAB
:10038000303525701E70491E11F0FF01EAD1F0BD15
:1003900070B50D461446002802DAC043401C00B276
:1003A000FFF7C7FF601CC0B2FFF7D3FF2846FFF777
:1003B000B5FFFF2819D0D04ACE4B0021A14201D26F
:1003C000555C13E004D14FF02E051D54555C03E03D
:1003D000555C202D03D04CB11E1806F8015C401E60
:1003E000491CC9B2C0B20529E8D370BD1D54F6E757
:1003F000F0B50D461446002801DA404200B2FFF77E
:1004000098FF601CC0B2FFF7A4FF2846FFF786FFE5
:10041000B94AB84B002164B9555C202D09D0561853
:100420007678202E03D12D261F1807F8016C1D5455
:100430000FE0A14201D2555CF9E704D14FF02E053F
:100440001D54555C02E0555C202D02D01E1806F8A4
:10045000015C401E491CC9B2C0B20529DBD3F0BD06
:10046000FEB52B23002802DA404200B22D230025DE
:100470000A266C4690FBF6F706FB170060556D1CCC
:100480006DB238B20A2DF5DB0126002509202027A0
:1004900000E046B114F800C0BCF1000F03D1904257
:1004A00001DD275405E0265C3036265400266D1CFD
:1004B000EDB2401E40B20028EBDA2D2B02D163557D
:1004C0006D1CEDB26AB168B205E0231813F8013C67
:1004D0002354401E40B29042F7DC2E206D1CA054E5
:1004E000EDB20846FFF71AFF0021824A04E0635C80
:1004F000461A491C935549B2A942F8DBFEBDFEB528
:100500002B23002801DA40422D2300250A266C46C1
:10051000074690FBF6F006FB107767556D1C6DB231
:100520000A2DF5DB012600250920202700E046B131
:1005300014F800C0BCF1000F03D1904201DD275434
:1005400005E0265C3036265400266D1CEDB2401EB8
:1005500040B20028EBDA2D2B02D163556D1CEDB2B1
:100560006AB168B205E0231813F8013C2354401E19
:1005700040B29042F7DC2E206D1CA054EDB208462C
:10058000FFF7CCFE00215B4A04E0635C461A491C7D
:10059000935549B2A942F8DBFEBDFEB52B260028D3
:1005A00001DA40422D2600240A276D46844690FB3E
:1005B000F7F007FB10CC05F804C0641C64B20A2CE9
:1005C000F4DB0127002009244FF0200C00E04FB19C
:1005D00015F804E0BEF1000F04D19C4202DD05F8DD
:1005E00004C005E02F5D30372F550027401CC0B2F6
:1005F000641E64B2002CEADA2D2E02D12E54401C67
:10060000C0B26BB144B205E02E1916F8016C2E553C
:10061000641E64B29C42F7DC2E24401CEC54C0B231
:1006200001EB810102EB8101CAB20021314B04E0F0
:100630006C5C561A491C9C5549B28142F8DBFEBDE0
:1006400070B50D4616461C46FFF773FE601CC0B21F
:10065000FFF77FFE05EB850006EB8000C1B2264A5E
:10066000244B0020A04201D2155C5D5406D3155CDA
:10067000202D03D04CB15E1806F8015C491E401CC9
:10068000C0B2C9B20528EDD370BD5D54F6E710B510
:100690000C46FFF743FE17490CB1032200E0042289
:1006A0000A5410BD30B5044608461546FFF736FE1D
:1006B000FF2809D00F4A2178002905D04319641C6E
:1006C000401CD154C0B2F6E730BD70B50D4614469B
:1006D000FFF72FFE601CC0B2FFF73BFE2846FFF776
:1006E0001DFE054B034A002154B95D5C202D07D047
:1006F000155415E018C207209AC30720E000001027
:10070000A14201D25D5CF3E704D14FF02E051554F0
:100710005D5C02E05D5C202D02D0161806F8015CDD
:10072000401E491CC9B2C0B20529DDD370BD801876
:1007300001D5084402E0884200DB401AC0B270478D
:100740002DE9FF5F04460D464FF460601CF0E4FEA7
:1007500062424021FFF7EBFF400100F58060044654
:1007600002A91CF0B2FF694604F108001CF0ADFFBD
:1007700001A904F10C001CF0A8FF2846FFF7CEFDEC
:100780009DF80880402330222124DFF80C944FF09C
:10079000C20C4FF03A0A23254FF0010BFF4E2021E7
:1007A000B8F1550F39D0D1274FF0C50EB8F1570F1A
:1007B00069D0B8F1540F6FD0B8F1500F6DD04FF031
:1007C000C00C4FF0E20EB8F1490F67D0B8F1420FFC
:1007D0007ED0B8F14F0F7CD0B8F1440F7AD0B8F189
:1007E000530F4ED14FF0C10C06F800C0401CC0B2F0
:1007F0004FF0CF0C06F800C0401CC0B2B6463754CC
:10080000401CC0B284469DF8090009287ED23130D0
:1008100006F80C000CF1010043E39DF80A70522F1A
:100820000AD106F800C0401CC0B2EA273754401C69
:10083000C0B2EB27375405E13154401CC0B23154EB
:1008400006E33154401CC0B23254401CC0B2345490
:10085000401CC0B23354401CC0B23154401CC0B222
:100860003154401CC0B23254401CC0B235546AE30B
:100870009DF80110CA48002200EB81004021FFF7DB
:1008800011FFBDE8FF9F9DF80A80B8F14E0F06D01A
:10089000B8F1490F22D076E03EE0C9E0D5E04FF054
:1008A000C80806F80080401CC0B24FF0CD0806F81A
:1008B0000080401CC0B206F800C0401CC0B24FF01F
:1008C0002D0C06F800C0401CC0B24FF03E0C02E0F8
:1008D00002E135E2A6E206F800C043E03754401CCE
:1008E000C0B2D22706F800E0401CC0B23754401C0A
:1008F000C0B2DC273754401CC0B22D273754401CEF
:10090000C0B23E273754401CC0B200E0AAE2C8275C
:1009100084E0401CC0B236E09DF80A80B8F14E0F6A
:1009200003D0B8F1490F5ED02DE04FF0CF0C06F8A0
:1009300000C0401CC0B24FF0D00806F80080401C38
:10094000C0B24FF0C80C06F800C0401CC0B24FF057
:10095000CE0C06F800C0401CC0B206F80080401C57
:10096000C0B23154401CC0B23754401CC0B2D22770
:1009700006F800E0401CC0B23754401CC7B2DC206F
:10098000F0557F1CF8B2C8463154401C9DF80070E9
:10099000B9F83CC0C0B267457FF453AF9DF8017011
:1009A00098F838C06745F7D19DF8027098F82CC0C8
:1009B0006745F1D13254401CC0B23454401CC0B21F
:1009C00006F800A0401CC0B23254401CC0B23354E0
:1009D000401CC0B206F800A0401CC0B23254401CFB
:1009E000C0B2355435E1CF273754401CC0B24FF068
:1009F000D00E06F800E0401CC0B2C8273754401C97
:100A0000C0B24FF0CE0806F80080401CC0B206F815
:100A100000E0401CC0B23154401CC0B23754401CEE
:100A2000C0B2CD273754401CC0B206F800C070E7F2
:100A30004FF0CF0C06F800C0401CC0B23754401C29
:100A4000C0B23154401CC0B2F6E6544EC8273754E9
:100A5000401CC0B2ED273754401CC0B2E2273754C7
:100A6000401C9DF80960C0B2092E0ED24B4F3136A2
:100A70003E54401CC0B2E22607F800C0401CC0B281
:100A80003E54401CC0B2395422E0A6F109075A2F47
:100A900020D2761C0A27B6FBF7F8404FCDF80C8021
:100AA00008F1300807F80080401CC0B28646DDF827
:100AB0000C800A2000FB18660EF101003036C0B22F
:100AC00007F80E6007F800C0401CC0B2E2263E5492
:100AD000401CC0B2314EC3E19DF80A704E2F04D0C5
:100AE0004F2F36D0492F64D0DFE006F800C0401CFD
:100AF000C0B2552706F800E0401CC0B2B0463754DB
:100B0000401CC0B2F1273754401CC0B2E52737540F
:100B1000401CC0B2F2273754401CC0B2FC2708F872
:100B20000070401C9DF80960C0B2012E09D0022E51
:100B300009D0032E0BD008F80010401CC6B2404666
:100B400031E1412600E0422608F80060F5E743263F
:100B5000FAE706F800C0401CC0B24FF0550C06F88A
:100B600000E0401CC0B2FB2706F800C0401CC0B229
:100B7000B04606F800E0401CC0B23754401CC0B27A
:100B8000F52708F80070401C9DF80960C0B2012EDE
:100B900072D0022E71D001E10040024018C207203D
:100BA000DC5A020008F8006034E100BF08F80010C9
:100BB00030E106F800C0401CC0B24FF0550C06F8FA
:100BC00000E0401CC0B2B04606F800C0401CC0B2F5
:100BD0004FF0E80C06F800C0401CC0B24FF0ED0C1E
:100BE00006F800C0401CC0B208F800E0401C9DF8A8
:100BF0000960C0B2012E24D0022E24D0032E26D0AC
:100C000008F80010401CC6B2404608F80610761CD2
:100C1000F6B24F4608F80610761C9DF800C0B9F8E9
:100C20003C80F6B2C44529D19DF801C097F83880C0
:100C3000C44523D19DF802C097F82C70BC457ED0E6
:100C40001CE0412600E0422608F80060DAE743266F
:100C5000FAE79DF8040000222121FFF736FD9DF8F8
:100C6000050000224021FFF730FD9DF8060000221C
:100C70002321FFF72AFD04E6C7E0C4E08155761C76
:100C8000F6B28255761CF6B28455761CF4B2035542
:100C9000641CE3B2C1545B1CDBB2C1545B1CD9B20F
:100CA0004254491CC9B245544DE1542FE3D1C127E8
:100CB0003754401CC0B24FF0E00C06F800C0401C96
:100CC000C0B2E9273754401CC0B2EF273754401C4C
:100CD000C0B206F800C0401CC7B2F120F0557F1C1E
:100CE000F8B29DF80970012F05D0022F05D0032F0F
:100CF00005D0315405E0412702E0422700E04327B8
:100D00003754401CC0B24F463154401CC0B231541D
:100D1000401C9DF800C0B9F83C80C0B2C4457FF4C7
:100D200090AD9DF801C097F83880C445F7D19DF883
:100D300002C097F82C70BC453FF43CAE81E549E019
:100D40009DF80A70552F3FF404AF4F2FFBD0492F69
:100D5000ABD106F800C0401CC0B24FF0550C06F8ED
:100D600000E0401CC0B2B04606F800C0401CC0B253
:100D70004FF0E80C06F800C0401CC0B24FF0ED0C7C
:100D800006F800C0401CC0B208F800E0401C9DF806
:100D90000960C0B2012E38D0022E38D0032E7FF465
:100DA00005AF4326FEE68155761C9DF80070B9F824
:100DB0003CC0F6B2C84667457FF442AF9DF801706B
:100DC00098F838C06745F7D19DF8027098F82CC0A4
:100DD0006745F1D18255761CF1B24454491CC9B221
:100DE00000F801A0491CC9B24254491CC9B243547D
:100DF000491CC9B200F801A0491CC9B24254491C9F
:100E0000C9B2455425E74226CCE64126CAE6422728
:100E100008F80070401CC6B2404608F80610761C60
:100E2000F6B2C0E79DF80A70552F7FF424AF06F89C
:100E300000C0401CC0B206F800E0401CC0B23754ED
:100E4000401CC0B264273754401CC0B263273754DB
:100E5000401CC0B23154401CC0B23154401CC0B21E
:100E6000315456E5A0F109065A2E16D2401C0A2626
:100E7000B0FBF6F6B04630360EF80C600A270CF1DF
:100E8000010607FB180006F0FF0C30300EF80C00CE
:100E90000CF1010C0CF0FF0608E00EF80C100CF140
:100EA0000100C0B20EF80010401CC6B270460EF829
:100EB0000610761CF6B2C8460EF80610761C9DF891
:100EC0000070B9F83CC0F6B2674525D19DF80170B5
:100ED00098F838C067451FD19DF8027098F82CC06B
:100EE000674519D18255761CF1B24454491CC9B2E8
:100EF00000F801A0491CC9B24254491CC9B243546C
:100F0000491CC9B200F801A0491CC9B24254491C8D
:100F1000C9B20EF801509CE68155761CF6B2825596
:100F2000761CF6B28455761CF4B20355641CE3B209
:100F3000C1545B1CDBB2C1545B1CD9B24254491C86
:100F4000C9B20EF801509DF8020000222121FFF7DE
:100F5000BCFB9DF8000000222321FFF7B6FB9DF8A3
:100F60000100401E0C28FFF483AC8DF801B07FE433
:100F700070B50446084615461E46FFF7CFF9FF4BED
:100F80000146FF2804D106E01A54641C401CC0B27C
:100F90002278002AF8D1FA480078002804D0002EE0
:100FA00002D029445F20585470BDF0B5074614465E
:100FB0000E460846FFF7B2F905460022314638468C
:100FC000FFF79DFA002C08D0ED480078002804D0E7
:100FD0005F20EA4A291B11444870F0BD2DE9FF4FFC
:100FE0008146DDE90D048A469346FFF797F92022F2
:100FF000DFF88C83E1490A234FF0640C012C09D1FE
:1010000098F8005035B10D18A5F10E05AA706A7058
:101010002A7020E099FBF3F603FB16970D18303782
:10102000A5F10E05022CAF7096FBF3F703FB1766D4
:1010300006F130066E7099FBFCF606F1300605F8F5
:101040000E6B08D198F800602EB1A5F10A05AA70C0
:101050006A702A7021E09AFBF3F603FB16A70D18BD
:101060003037A5F10A05032CAF7096FBF3F703FBAD
:10107000176606F130066E709AFBFCF606F1300634
:10108000674605F80A6B08D198F800602EB1A5F103
:101090000605AA706A702A7022E09BFBF3F603FB38
:1010A00016B70D183037A5F10605042CAF7096FB66
:1010B000F3F703FB176606F130066E709BFBFCF638
:1010C00006F13006674605F8066B09D198F800402E
:1010D00034B1A5F102050A546A702A70BDE8FF8F89
:1010E000039C94FBF3F203FB124430340C5492FB48
:1010F000F3F403FB14220844A0F1020030324270E2
:10110000039991FBF7F101F130010170E6E717B5A2
:1011100001EB810002EB8000C2B29DF800309948DB
:1011200003F00F0100EB1313445C94498C54521EDE
:10113000D2B21B788B549DF80130521E03F00F047D
:10114000D2B2045D8C54521E00EB1313D2B21B7842
:101150008B549DF80230521E03F00F04D2B2045D8E
:101160008C54521E00EB1313D2B21B788B549DF893
:101170000330521E03F00F04D2B2045D8C54521E91
:1011800000EB1310D2B2007888541EBD10B504468F
:101190000846FFF7C3F87B4904F00F028B5C774ADF
:1011A00001EB14111354401EC0B20978115410BD44
:1011B00001EB810102EB8101724A10B500F00F03CF
:1011C000C9B2D45C6D4B02EB10105C54491EC9B21D
:1011D0000078585410BD01EB810102EB8101CBB2C4
:1011E000684910B500F00F028C5C644AD4540409BD
:1011F0005B1E04F00F00DBB2085CD0545B1ED8B25B
:10120000230903F00F040C5D1454401E1B09C0B2E7
:10121000C95C115410BD01EB810102EB8101CBB21D
:10122000584910B500F001028C5C544AD45444086B
:101230005B1E04F00100DBB2085CD0545B1ED8B228
:10124000630803F001045B080C5D1454401E03F0B6
:101250000104C0B20C5D14545B08401E03F001048D
:10126000C0B20C5D14545B08401E03F00104C0B210
:101270000C5D14545B08401E03F00104C0B20C5D09
:101280001454401EC4B25808085C105510BD30B547
:101290003D490123394D91F9012091F9041000EBEA
:1012A00080048A4202D105F8243030BD334D4C1CF5
:1012B00000EB800005EB8000A24201D1037530BD38
:1012C0008C1CA24202D180F8283030BDCC1CA24236
:1012D00002D180F83C3030BD0C1DA24202D180F812
:1012E000503030BD4C1DA24202D180F8643030BD78
:1012F0008C1DA24202D180F8783030BDC91D8A42CF
:10130000FBD180F88C3030BD204B1A88521E10441F
:1013100000B218801E4A00EB800002441A4813688D
:101320000360127902714278114441707047F0B540
:10133000164D174FB5F9004004EB8406641C2C8051
:10134000114C3E44256835602579357120706170F7
:101350002271A370F0BDF0B505460E461746FEF7A4
:10136000D4FF064C5FF00000401C15F8011BC0B212
:1013700004F8011B1428F7D300200BE018C2072043
:101380003DC007205A5B020094C107205EC00720C1
:10139000A0600010401C16F8011BC0B204F8011B2D
:1013A0001428EAD35FF00000401C17F8011BC0B2FC
:1013B00004F8011B1428F7D35FF00000401C13F859
:1013C000011BC0B204F8011B1428F7D3F0BD10B5FF
:1013D000029CFFF7C0FF4448C378827841787A20A6
:1013E000FFF7A5FF642094FBF0F0BDE81040C0B209
:1013F000FEF75BBF2DE9FE4340010D4600F580601E
:10140000044602A91CF061F9694604F108001CF0C9
:101410005CF901A904F10C001CF057F92846FEF70D
:101420007DFF324C202530262554401CC0B24FF0A1
:1014300021082654401CC0B24FF0400C04F8008034
:10144000401CC0B2232104F800C0401CC0B20022DE
:101450002554401CC0B22554401CC0B22654401C28
:10146000C0B22154401CC7B29DF802002121FFF7F1
:101470002CF99DF8000000222321FFF726F99DF8A2
:101480000100401E0C2802D301208DF801009DF8B8
:1014900001001749002201EB80004021FFF702F90B
:1014A000E5557F1CF8B23A212654401CC0B20022F8
:1014B00004F80080401CC0B22154401CC0B221215D
:1014C0002654401CC0B204F800C0401CC6B29DF8AF
:1014D0000400FFF7FAF89DF8050000224021FFF70D
:1014E000F4F8A555BDE8FE8394C1072018C2072073
:1014F000DC5A02002DE9FF4105460027FF4C01217F
:101500006776A07D022805D0FD4A525D552A04D099
:1015100065200EE06176BDE8FF8105EB450202EB38
:101520000513F84A02EB830696F83D20D30702D054
:1015300066206076EFE796F83F309B0701D567207D
:10154000F7E7920701D56820F3E7EF4AB6F90830CC
:10155000B2F90020934201DD6920EAE7524293424A
:1015600001DA6A20E5E7012804D1E07D00287ED079
:1015700001287DD064206076A17521864FF4F87033
:101580001BF074FFE575294665864FF4FA701BF071
:101590006DFFDE48B761002130F915001BF066FFD2
:1015A0002776A78639464FF4FB701BF05FFFD848BB
:1015B000D84D0088401C00F0070006EB4000008C6E
:1015C000ADF80000A88B8DF804004FF063024FF0D7
:1015D000010101A802F003FDC84C9DF804004C3441
:1015E0002070287E8DF804000C22012101A802F051
:1015F000F6FC9DF804006070287B8DF804001F2223
:10160000012101A802F0EBFC9DF80400A0709DF8F8
:101610000000E0704FF4FC7021681CF011F9287A8A
:101620008DF804001722002101A802F0D8FC9DF8D3
:101630000400207128798DF804003B22002101A8C4
:1016400002F0CDFC9DF80400607128788DF804004C
:101650003B22002101A802F0C2FC9DF80400A07109
:101660009DF80100E0714FF4FE70616801E003E055
:1016700004E01CF0E5F84EE76B205AE76C2058E7D1
:101680007047704770B5A34C203C94F83800A24DC9
:10169000297808440C2803D9A08F401C01B201E02E
:1016A000B4F93C10B8201BF0E1FE94F8381028780B
:1016B00001440C2994F8381000D90C380144B620A4
:1016C0001BF0D4FE94F82C001C2801D91C2101E049
:1016D00094F82C10B4201BF0C9FE04F12004217AE8
:1016E0004FF0AE001BF0C2FE2179B0201BF0BEFE11
:1016F0002178BDE87040B2201BF0B8BE87486FF07B
:101700003B010088C0EB001001EB80007B4948855D
:1017100070477A4940F2F9600885704770B5774C98
:10172000208D401C00B22085B0F5E16F02DB002067
:10173000208570BDB0F5DF6F11D90F230122642120
:10174000D22002F0E9FB0F230022D821D72002F09B
:10175000E3FB0F230022D821DC2002F0DDFBB4F9EB
:101760002800A0F5E0610739E3D16D4E6D4C6E4D58
:1017700030882188884205D0B4F90010B5F90000FE
:101780001BF074FE708861888842D2D0B4F90210D0
:10179000B5F90200BDE870401BF068BE10B55C4CA6
:1017A000082200212088401C2080204602F02DFCC9
:1017B0005448B4F9001000EB410142880A84B0F8A3
:1017C0004E00A1F86C0010BD2DE9F04F57485B4961
:1017D000574CB0F90030574F5748B1F90050584AAC
:1017E000002113B1012D0FD018E0012D16D1554E57
:1017F00036882680544CB4F900400480002C00DA6E
:1018000001805248006808E056882680B2F90040FE
:101810000480002C00DA0180506838604C48DFF802
:1018200034A14FF0010BB0F900C0BCF1000F63D040
:1018300000208146AAF800100446DFF81CE1BDE054
:10184000C4EB041000EB44170EEB870090F81780F0
:10185000B8F1050F51D21EF82760477806EB07262E
:10186000C6618778C67807EB062636B20686002E54
:1018700000DA01860679477906EB072686618679C4
:10188000066290F8078080F83A80067A477A18F066
:101890001A0F06EB07268662867AC77A06EB0726BA
:1018A0004662067B477B06EB0726C662867B80F88E
:1018B0003B6002D080F83CB001E080F83C105FEA69
:1018C00048660AD5C67B7F2E60D0802E61D090F905
:1018D0000F6006F5FA76AAF800605FEA886601D51F
:1018E0000126B14600F15A00467C4670867C86701F
:1018F000C67CC670067D31E068E04EE00000001056
:10190000B8C00720383C0010B40000106454020036
:1019100020C107202040024043C00720BA00001029
:101920009A0000103A35001084540200B0C007201D
:1019300022C1072080C1072024C10720B2C0072090
:10194000A85B0010DA00001098C30720DC0000102C
:10195000A6C00720C2C30720D03C00100671467DF8
:101960004671867DC77D06EB0726C680067E067219
:10197000467E4672867E8672C67EC672067F067375
:10198000467F877F06EB0726C68115E040F2EE27EB
:1019900000E0FA27AAF800709FE7C1610186816123
:1019A000016280F83A1041628162C16280F83C10A5
:1019B00080F84C1080F83B10641CE4B26445FFF6DC
:1019C0003FAFB9F1000F01D1AAF80010FD48FC4C5F
:1019D000012B807D02DB0A2801D209E043B9118086
:1019E000516051801175517511815181117621809D
:1019F000022B04DB92F832600A2E05D200E01BB104
:101A00000A280CD3032D0AD122F81C1F51605180E3
:101A100011755175118151811176A2F11C02032BB0
:101A200004DB92F84E600A2E05D200E01BB10A28B2
:101A30000AD3032D08D122F8381F51605180117547
:101A40005175118151811176DF48E04D40F6B7366E
:101A5000B0F90420B5F900506A434FF4FA7592FBCF
:101A6000F5F2DB4D2A80B0F90A00DA4AA0F22135FE
:101A7000B54201D2116001E0C2F800B0D64AB2F915
:101A80000020424344F6206092FBF0F0D34AA0F2DB
:101A900011101080D24833B1D24A128802B1218885
:101AA0000180BDE8F08FBAF80010F9E7CE4ACF48C0
:101AB0001178042901D0012905D1517819B9CC49EF
:101AC0000978552902D0CB49098803E0017800291B
:101AD00001D0491E01707047C748416821F4402178
:101AE00041F480214160416821F4403141F480316A
:101AF0004160416821F4404141F480414160416CC2
:101B000021F4402141F400214164416C21F4403131
:101B100041F400314164416C21F4404141F4004101
:101B20004164B648016821F0E0610160016841F458
:101B300000110160016821F480310160016821F425
:101B40007F4141F4807101608115C160AC48890317
:101B5000016070472DE9F041AA4C60882188401A45
:101B600000B203F07BFBA51D2880A0886188401A85
:101B700000B203F073FB6880A0882188401A00B28D
:101B800003F06CFB4FF49672A880A4F13E019042E2
:101B900001DAA0880AE0B5F90200904201DA608813
:101BA00004E0B5F90000904201DA2088888391F8BA
:101BB00002C00023BCF1000F23D08348B1F91C20E0
:101BC0002030046814440460446814444460846809
:101BD00014448460C4682244C2608A8C521C12B2CD
:101BE0008A84B2F5805F00DB8B84B1F924209405F0
:101BF0002DD1921250F8224024124C8340F822300A
:101C000025E0814FC8780C7907EB8015B1F91C20CD
:101C100045F82420A2070ED100252A4607EB80169E
:101C200056F82270521CD2B23D44102AF8D32A1121
:101C3000654D25F81020401CC0B2C870102806D38E
:101C4000641CE0B2CB700871102800D30B710CF14A
:101C5000010C4B701CF00100684A887005D01068B8
:101C600020F0FF00001D106034E0C978080700284C
:101C7000106820F0FF0002DB00F1010001E000F13C
:101C8000020010606148036843F080530360036AF8
:101C900043F080430362036E43F080630366CB0727
:101CA000436908D043F0805343618B07436B05D4ED
:101CB00023F0804304E023F08053F5E743F08043B2
:101CC00043634907416F02D421F0806101E041F094
:101CD00080614167106840F080701060BDE8F0815D
:101CE0002DE9F041474C60882188401A00B203F08A
:101CF000B5FAA51D2880A0886188401A00B203F0BB
:101D0000ADFA6880A0882188401A00B203F0A6FAD4
:101D10004FF49672A880A4F13E01904201DAA088A7
:101D20000AE0B5F90200904201DA608804E0B5F9F2
:101D30000000904201DA208888838E780020F6B374
:101D4000214A4C7920328CB1B1F91C30156805EB71
:101D5000A3051560556805EBA3055560956805EB6F
:101D6000A3059560D56805EBA303D360B1F91C30DA
:101D7000642B0EDA0B8C4FF4FA655B1C1BB20B84E0
:101D8000AB4208DB0D84106050609060D0604883E7
:101D90007BE0088479E0052B77D1CCB3CB8B5B1C3F
:101DA0001BB2CB83B3F5007F00DBC883B1F91E30D3
:101DB0005D0631D1DB1152F823502D1229E039E0B4
:101DC00004010010A85B0010883B0010AC0000105C
:101DD00026C1072008600010A2000010DAC1072009
:101DE0004CC10720C4C3072094C1072022C007208C
:101DF00094C30720CAC0072000C00240004003402F
:101E000000E100E03E0000108837001000C009200B
:101E100002E04D8342F82300B1F92220962A01DD29
:101E200004B148711F3A272A2FD24A790AB90122F0
:101E30004A712AE0B1F91C30FF4FCA7891F804C00A
:101E400007EB821444F82C305FEA8C730FD1002426
:101E5000234607EB821500BF55F823705B1CDBB2ED
:101E60003C44102BF8D32311F44C24F81230521CAC
:101E7000D2B2CA70102A08D30CF1010C0CF0FF0288
:101E8000C8700A71102A00D308714870761C16F0C9
:101E90000100EB4A887005D0106820F0FF00001D9B
:101EA000106032E0C97808070028106820F0FF00B1
:101EB00001DB401C00E0801C1060E248036843F036
:101EC00080530360036A43F080430362036E43F070
:101ED00080630366CB07436908D043F080534361B6
:101EE0008B07436B05D423F0804304E023F0805339
:101EF000F5E743F0804343634907416F02D421F083
:101F0000806101E041F080614167106840F08070BD
:101F10001060E3E62DE9F047CB480168CB4A114059
:101F20000160C849086840F47C700860C94B002013
:101F3000C74AB3F9003001E0401CC0B29842FBDB55
:101F4000C54A0020C94B1478C44A06464FF0010A1E
:101F500092F800C0C24A1578C24A92F80080C24A7C
:101F600012789146C24A16542CB133F81070FF070C
:101F700001D002F800A0BCF1000F05D033F81070BA
:101F8000BF0701D502F800A02DB133F810707F070C
:101F900001D502F800A0B8F1000F05D033F8107099
:101FA0003F0701D502F800A0B9F1000F05D033F8C2
:101FB0001070FF0601D502F800A0401CC0B2022834
:101FC000D1D3AA481378B0F9000013B1012B03D084
:101FD00009E0000402D406E0000404D4C86940F01B
:101FE0002000C86103E0886940F0200088619F48B4
:101FF0005278B0F9020012B1012A03D00AE00004BD
:1020000002D407E0000405D4C86940F01000C8619C
:10201000BDE8F087886940F010008861F8E72DE995
:10202000FF5F944E0027B07A0A2807D2401CC0B246
:10203000B0720A2802D3B7720120F072B785F78513
:10204000CD2001F0A0FFD8B18B494FF6FF72086890
:10205000CE2808D0CF2808D0D12808D0D22809D03F
:10206000D02809D00CE0F2850AE0486807E048680B
:10207000B08505E0B28503E04868B085C043F085CF
:1020800000207C4960F30F048246C87200900190E2
:1020900002904872363183460870487088706D49E6
:1020A00060F31F4460F30F05814686460023B1F9B3
:1020B000002079E0C3EB031101EB4316644901EB07
:1020C0008601CE7D0396052E59D291F83A60B60668
:1020D00055D59A4253DD674E777A7F1C7772D1F8D7
:1020E0001C8008EB0A0636B2B246B1F9306006EB46
:1020F0000B07BB460327B3FBF7FC07FB1C3727B1D5
:10210000012F15D0022F27D039E05A4F30443637EF
:1021100097F800C00CF1010C87F800C0009FD1F8BF
:1021200024C06744009704EB080767F30F0426E018
:10213000504F4E443637B14697F801C00CF1010CB0
:1021400087F801C0019FD1F824C06744019708EBCC
:10215000244767F31F4412E0464F76443637B646AD
:1021600097F802C00CF1010C87F802C0029FD1F869
:1021700024C06744029705EB080767F30F0591F841
:102180003A6016F0BF0F19D191F83B60F60715D1F0
:10219000039E052E12D291F8BB60642E02D2761CEB
:1021A00081F8BB605B1CDBB2934283DB0021DFF86C
:1021B000C4C088460B468CF809101AE00026EFE7E9
:1021C000C3EB031606EB4317214E06EB8707FE7D94
:1021D000052E0CD297F83A60B60608D59A4206DD6D
:1021E0007E6AB0449CF80960761C8CF809605B1C20
:1021F000DBB29342E4DB9CF80930204E98FBF3F30A
:102200003380BAF1000300DA00231E461C4B1E8007
:10221000BBF1000300DA00231E461A4B1E60154E68
:10222000009B3636377893FBF7F3174F3B8023B28A
:10223000002B2DDA2AE0000088370010883B0010C0
:102240000040034000C0092000C00240FF00F0FF32
:10225000D03C0010A6C007200001001055C0072088
:1022600056C0072057C00720BEC307205AC1072009
:10227000FE0000100000001018C00720DA00001057
:1022800098C30720DC000010CEC1072061F30F04C3
:10229000FF4B00281C8000DA08468446FD48C0F841
:1022A00000C096F80180DDF804C09CFBF8FCA7F89C
:1022B00002C05FEA244C01D561F31F4424145C8002
:1022C000B9F1000F00DA8946C0F80490B678029C94
:1022D00094FBF6F4BC802CB2002C01DA61F30F05FC
:1022E0009D80BEF1000F00DA8E46EB49C0F808E091
:1022F0000988022965D1E9490988002961D1E8499D
:10230000B1F93040B1F9EC502C440460B1F9A84166
:10231000B1F96452B1F9DC632C44B1F9205335446E
:102320002C444460D1F8D840C86920441880D1F8C2
:102330005042D1F89401D1F8C8530444D1F80C03A9
:102340002844204458804FF0000423464FEA0400FC
:10235000C0EB001505EB401501EB850595F83A60DB
:10236000B60609D5EE7D052E06D2824204DD6D6AE1
:102370005B1C2C4424B2DBB2401CC0B20228E7D361
:1023800094FBF3F00024388023460220C0EB0015B4
:1023900005EB401501EB850595F83A60B60609D5C1
:1023A000EE7D052E06D2824204DD6D6A5B1C2C4454
:1023B00024B2DBB2401CC0B20628E7D394FBF3F092
:1023C0007880BDE8FF9F2DE9F047B64E30880028A1
:1023D0007DD000254FF00109A846B14F68E100BF4C
:1023E000C5EB051000EB451007EB800494F83A00AC
:1023F00010F0BF0F94F83B004FEAC07001D0D0B18D
:1024000034E080BB94F84C0068B3B4F958009628C7
:102410000DDA401C00B2A4F85800962826DB94F888
:102420005A0000BB002384F85A90012217E096203E
:10243000A4F858001AE094F84C00A0B1B4F9580080
:10244000002811DDC01E00B2A4F8580000280DDCE1
:1024500094F85A0038B1002384F85A801A46532160
:10246000284602F097FA01E0A4F8588094F83A0060
:10247000000794F84C0012D528B394F95000322884
:1024800021DA401C40B284F8500032281BDB94F85B
:102490005100C0B984F851900122A3690FE090B1B6
:1024A00094F9500078B1401E40B284F8500050B901
:1024B00094F8510038B1002384F851801A464F2116
:1024C000284602F067FA94F83A00C00600E0F4E00B
:1024D00094F84C0012D528B394F94F00322821DA31
:1024E000401C40B284F84F0032281BDB94F85100A6
:1024F000C0B984F851900122A3690FE090B194F91A
:102500004F0078B1401E40B284F84F0050B994F8A3
:10251000510038B1002384F851801A466F212846B3
:1025200002F038FA94F83A00810714D594F84C1068
:1025300089B194F95200322826DA401C40B284F85E
:102540005200322820DB94F85300E8B984F8539005
:102550000122236A14E010F0060F15D194F84C0004
:1025600090B194F9520078B1401E40B284F8520004
:1025700050B994F8530038B1002384F853801A46B8
:102580005421284602F006FA94F83A00C00794F85D
:102590004C0012D088B394F95400322824DA401C3D
:1025A00040B284F8540032281EDB94F85500D8B9A4
:1025B000002384F8559001220FE0F0B194F9540003
:1025C00090B1401E40B284F8540068B994F85500A8
:1025D00050B1002384F855801A464C21284602F059
:1025E000D9F994F84C0040B194F9560018B3401E44
:1025F00040B284F8560098B11DE0FFE794F9560008
:10260000322818DA401C40B284F85600322812DB17
:1026100094F8570078B9002384F85790012206E017
:1026200094F8570038B1002384F857801A464321A4
:10263000284602F0AFF994F83B00C00794F84C002C
:1026400012D020B394F94D0032282FDA401C40B24A
:1026500084F84D00322829DB94F84E00B8B90023E5
:1026600084F84E9001220FE088B194F94D0070B1CA
:10267000401E40B284F84D0048B994F84E0030B185
:10268000002384F84E801A46492128460CE00DE0CC
:10269000D4C10720FC5B0010B2C00720B0C00720E7
:1026A000D03C0010A6C0072002F074F96D1CEDB2FA
:1026B000B6F900008542FFF693AEA9E42DE9F05F7C
:1026C000FA48002213461146DFF8DC83B0F90060B7
:1026D00023E000BFC1EB011000EB411008EB8000CC
:1026E00090F8514074B990F853405CB990F8574055
:1026F00044B990F85A402CB990F8554014B990F864
:102700004E4004B10122C47D052C04D290F83A0059
:10271000800600D50123491CC9B2B142DADBE44886
:10272000E4490270E448B0F900006BB9002209E006
:10273000C2EBC20401EB8404A47D052C00D201236A
:10274000521CD2B28242F3DBDC4ADFF874C3DFF8FA
:102750007CA31370DB4B9CF80D204FF001091A701D
:10276000DB4BD94A0024B3F9003010B1A4466546CA
:1027700025E0012B08D0D24FFD7C3F7D3D43022B4D
:102780000BD0032B0CD01FE09CF8125005E000BFCB
:1027900082F8009018E0147016E0002DFBD0F7E7E7
:1027A0009CF815703D43F8E7C5EBC50701EB8707BB
:1027B000FF7B17B14FF0010C03E06D1CEDB29D42A1
:1027C000F2DB82F800C0C0B9C24A1288AAB1002365
:1027D0001A460DE0C2EB021505EB421508EB850524
:1027E00095F83B50AD0701D4012303E0521CD2B24F
:1027F000B242EFDB8AF8003010E000252A4609E0FB
:10280000C2EBC20601EB8606767B0EB1012503E022
:10281000521CD2B29A42F3DB8AF80050DFF8B8A219
:10282000DFF8C082DFF8B4C29AF80060DFF8B0B217
:1028300098F8002010B100252B4610E08CF80040DD
:102840008BF8004037E000BFC3EBC30701EB8707FD
:102850007F7D3F0601D4012503E05B1CDBB2834290
:10286000F2DB00278CF800503B460CE0C3EBC30CB6
:1028700001EB8C0C9CF815C05FEA4C6C01D401276D
:1028800003E05B1CDBB28342F0DB8BF8007095B198
:10289000052A0CD2521CD0B288F80000052817D1A6
:1028A00055460EB901F0E7FC85F8009010E00520D0
:1028B00088F800000CE05AB1521E12F0FF0088F8B0
:1028C000000005D15546012E01D101F062FD2C70AA
:1028D0009BF8001084480029844D017811D0052907
:1028E0000CD2491CC9B20170052905D1287808B954
:1028F00001F0F1FD85F80090BDE8F09F0521017021
:10290000FAE70029F8D0491E11F0FF010170F3D158
:102910002878012801D101F06CFE2C70ECE7744896
:1029200030B4B0F900100A2091FBF0F17148B0F911
:1029300000406348A142437B90F90C2004DA6E4CBE
:10294000B4F90040A1420CDC322A18DA521C52B20F
:102950000273322A13DB002B11D10122427310467D
:102960000AE0002A0BD0521E51B20173002906D191
:10297000002B04D04173084630BC02F02DB930BCA6
:1029800070472DE9F05F4C48008800287ED1DFF8C1
:1029900040810125DFF864B1B8F80000584E0027E7
:1029A000474C4FF00A0901282BD15648BBF900309B
:1029B000B0F90010204691FBF9F1827C90F90E00ED
:1029C000994203DCB6F9003099420BDA32285DDA1D
:1029D000401C40B2A073322858DB002A56D1A5749F
:1029E00001200CE0002851D0401E40B2A073002806
:1029F0004CD1002A4AD00022A7741146104602F09A
:102A000008FA3348B0F90000022801D003283DD16C
:102A1000DFF8F480BBF90000B8F9001091FBF9F180
:102A2000814203DCB6F9000081420EDA94F90F000E
:102A3000322819DA401C40B2E073322814DBE07C03
:102A400090B90122E57410460CE094F90F0058B1DA
:102A5000401E40B2E07338B9E07C28B10021E77431
:102A60000122084602F0D5F9B8F90210BBF90000BE
:102A700091FBF9F1CA46D946814203DCB6F9000060
:102A8000814243DA94F91000322800E081E04CDA08
:102A9000401C40B22074322847DB207D18B9022246
:102AA000257501203FE040E0D03C0010A6C0072083
:102AB00000010010A85B0010B0C0072058C007201C
:102AC0000000001055C0072056C0072057C007203F
:102AD000B2C00720B4C0072095000010BEC3072075
:102AE000BFC30720010100100201001047C30720E7
:102AF00026C10720A0C00720A2C0072098C0072039
:102B00009AC00720DA000010CEC1072094F9100007
:102B100058B1401E40B2207438B9207D28B1002140
:102B200027750222084602F074F9F8480088032845
:102B30002FD1B8F90410B9F9000091FBFAF18142E4
:102B400003DCB6F9000081420FDA94F91100322853
:102B50001FDA401C40B2607432281ADB607D002806
:102B600017D10322657501200FE094F911000028A8
:102B70000FD0401E40B2607400280AD1607D00284A
:102B800007D00322002167750846BDE8F05F02F018
:102B900040B9B1E62DE9F05FDD4800260088002845
:102BA0006FD0DA480188032900D101260025DFF81B
:102BB00064B3DFF864830A27DFF860A38146E1E0AD
:102BC000D748C5EBC50100EB8104BBF90010B4F98F
:102BD000020090FBF7F0884204DAD24AB2F90020F2
:102BE000904213DC227E8AB194F90E10322928DA41
:102BF000491C49B2A173322923DBE17B09BB0121C6
:102C000003B2A819E173C0B20A4617E0884218DA85
:102C1000C449B1F90010884213DD207E88B194F9CF
:102C20000E0070B1401E40B2A07350B9E07B40B1BD
:102C30000020E073A8190023C0B21A464F2102F009
:102C4000F6F9B4F90800B8F9001090FBF7F08842E3
:102C500003DABAF90020904214DC227E92B194F992
:102C60000C10322928DA491C49B22173322923DB9E
:102C7000617B09BB012103B2A8196173C0B20A4686
:102C800017E084E0884217DABAF90010884213DDB1
:102C9000207E88B194F90C0070B1401E40B22073C0
:102CA00050B9607B40B100206073A8190023C0B206
:102CB0001A464E2102F0BBF9B4F90A00B8F9001027
:102CC00090FBF7F0884203DABAF90020904213DC57
:102CD000227E8AB194F91010322927DA491C49B2B0
:102CE0002174322922DB617C01BB012103B2A819C6
:102CF0006174C0B20A4616E0884217DABAF90010C9
:102D0000884213DD207E88B194F9100070B1401E16
:102D100040B2207450B9607C40B100206074A819A2
:102D20000023C0B21A46492102F081F9607D800774
:102D3000207E12D520B394F91200322820DA401CEC
:102D400040B2A07432281BDBE07CC8B90120E074DB
:102D5000A819237DC0B201220FE088B194F91200B6
:102D600070B1401E40B2A07450B9E07C40B1002068
:102D7000E074A8190023C0B21A46542102F057F992
:102D80006D1CEDB2B9F900008542FFF619AFB3E54D
:102D900070B5044607220121634801F020F9C4EB15
:102DA000041000EB4411614800EB8105604895F880
:102DB0003D1095F83A20514000D041700A4000D0B3
:102DC000827001EA0203DB071ED0C178491CC17082
:102DD00034B1012C09D0022C0CD0032C0FD0FFE110
:102DE00001231A460E2153A0F8E1012302220E21ED
:102DF00057A0F3E1012303220E215CA0EEE10123A1
:102E000004220E2160A0E9E18B0720D593071ED58F
:102E1000C178491CC17034B1012C09D0022C0CD0EE
:102E2000032C0FD0DCE1022301220E215DA0D5E1AD
:102E300002231A460E2162A0D0E1022303220E21B2
:102E400066A0CBE1022304220E216BA0C6E14B0752
:102E500020D553071ED5C178491CC17034B1012C4F
:102E600009D0022C0CD0032C0FD0B9E1032301228E
:102E70000E2168A0B2E1032302220E216CA0ADE175
:102E800003231A460E2171A0A8E1032304220E2178
:102E900075A0A3E10B0720D513071ED5C178491CE7
:102EA000C17034B1012C09D0022C0CD0032C0FD0EE
:102EB00096E1042301220E2172A08FE10423022255
:102EC0000E2179A08AE1042303220E217FA085E14F
:102ED00004231A460E2186A080E1CB0611D5D30625
:102EE0000FD5C178491CC17034B1012C0AD0022C15
:102EF00009D0032C08D073E1052301220E2185A0FF
:102F00006CE128E118E11CE120E10000B2C00720DB
:102F1000B0C0072098C007209CC007209EC0072093
:102F2000A85B00109AC0072021C00720D03C0010E9
:102F300039000010496E766572746F72202331205B
:102F4000416C61726D2C206F7665726C6F616400EC
:102F5000496E766572746F7220233220416C617203
:102F60006D2C206F7665726C6F616400496E7665BA
:102F700072746F7220233320416C61726D2C206F4C
:102F80007665726C6F616400496E766572746F72FB
:102F900020233420416C61726D2C206F7665726C39
:102FA0006F616400496E766572746F722023312000
:102FB000416C61726D2C206F76657268656174007A
:102FC000496E766572746F7220233220416C617293
:102FD0006D2C206F7665726865617400496E766548
:102FE00072746F7220233320416C61726D2C206FDC
:102FF0007665726865617400496E766572746F7289
:1030000020233420416C61726D2C206F76657268CC
:1030100065617400496E766572746F722023312089
:10302000416C61726D2C206973207761726D0000B4
:10303000496E766572746F7220233220416C617222
:103040006D2C206973207761726D0000496E766582
:1030500072746F7220233320416C61726D2C206971
:1030600073207761726D0000496E766572746F72BD
:1030700020233420416C61726D2C206973207761AC
:10308000726D0000496E766572746F722023312074
:10309000416C61726D2C20766F6C7461676520697C
:1030A0007320757000000000496E766572746F724F
:1030B00020233220416C61726D2C20766F6C74611C
:1030C000676520697320757000000000496E7665A1
:1030D00072746F7220233320416C61726D2C2076E4
:1030E0006F6C746167652069732075700000000063
:1030F000496E766572746F7220233420416C617260
:103100006D2C20766F6C7461676520697320757013
:1031100000000000496E766572746F7220233120C2
:10312000416C61726D2C20766F6C746167652069EB
:103130007320646F776E0000052302220E21D8A051
:103140004CE0052303220E21DEA047E005230422E4
:103150000E21E5A042E08B0620D593061ED5C1784E
:10316000491CC17034B1012C09D0022C0CD0032CA5
:103170000FD035E0062301220E21E4A02EE0062325
:1031800002220E21EAA029E0062303220E21F1A04B
:1031900024E0062304220E21F7A01FE001B3FAB9B0
:1031A000C178491CC17034B1012C09D0022C0CD05B
:1031B000032C0FD014E0002301220E21F7A00DE014
:1031C000002302220E21FAA008E0002303220E2190
:1031D000FCA003E0002304220E21FFA018F082FCD3
:1031E00015F83A0FE87070BD70B50020FF4903462E
:1031F000B1F90C200121FE4D01FA00F4224201D068
:10320000295400E02B54401CC0B20C28F4D3F94CD4
:103210002878F94E217881420CD0B6F900100129A6
:1032200008DB01287ED0002301220B21F3A000BF80
:1032300018F058FC6178687881420BD0B6F900101C
:10324000022907DB01286ED0002302220B21F0A007
:1032500018F048FCA178A87881420BD0B6F900108C
:10326000032907DB01287CD0002303220B21EDA0DA
:1032700018F038FCE178E87881420BD0B6F90010FC
:10328000042907DB012872D0002304220B21EAA0C5
:1032900018F028FC2179287981420BD0B6F900106A
:1032A000052907DB012867D0002305220B21E7A0B1
:1032B00018F018FC6179687981420BD0B6F90010DA
:1032C000062907DB01285CD0002306220B21E4A09D
:1032D00018F008FCA179A87981420BD0B6F900104A
:1032E000072907DB012851D0002307220B21E1A089
:1032F00018F0F8FBE179E87981420BD0B6F90010BB
:10330000082907DB012846D0002308220B21DEA074
:1033100018F0E8FB217A287A81420FD0B6F9001024
:10332000092901E013E017E008DB012838D0002369
:1033300009220B21D9A000BF18F0D4FB0020295C82
:103340002154401CC0B20C28F9D370BD09E0012300
:103350001A460B21D6A06BE7012302220B21D9A02C
:1033600076E7012303220B21DBA081E7FFE701239E
:1033700004220B21DDA08BE7012305220B21E0A015
:1033800096E7012306220B21E2A0A1E701230722F1
:103390000B21E5A0ACE7012308220B21E7A0B7E74A
:1033A000012309220B21EAA0C6E72DE9F041ED4FE8
:1033B000ED48EE4CB7F90010B0F90020B4F9000068
:1033C000914202DD00F1010002E002DAA0F1010009
:1033D000208006220021E54800F00CFEB4F9001020
:1033E000E3480126052900DD06700024012900DAE2
:1033F0000470E048B7F90010E04DB0F90020DE4855
:10340000931E99420BDA90F900201E2A16DA521CFC
:1034100052B202701E2A11DB2A88521E0CE0914221
:103420000BDD90F900201E2A08DA521C52B20270FD
:103430001E2A03DB2A88521C2A800470D048B84612
:10344000B0F90000814201DD142203E0CD4800887C
:10345000093002B20021C94800F0CCFDF02000F094
:1034600092FD28B1C8480168F12901D1406828803F
:10347000B5F90010C548012901DC067000E00470B0
:10348000C348C44FB0F90000A0F13201282905D883
:10349000B8F90010C04D814201DD7FE195E180E186
:1034A000496E766572746F7220233220416C6172AE
:1034B0006D2C20766F6C7461676520697320646F72
:1034C000776E0000496E766572746F722023332028
:1034D000416C61726D2C20766F6C74616765206938
:1034E0007320646F776E0000496E766572746F7238
:1034F00020233420416C61726D2C20766F6C7461D6
:10350000676520697320646F776E0000496E766589
:1035100072746F7220233120416C61726D2C206FA8
:103520007574707574206973206F66666564000039
:10353000496E766572746F7220233220416C61721D
:103540006D2C206F7574707574206973206F6666BA
:1035500065640000496E766572746F7220233320B3
:10356000416C61726D2C206F757470757420697375
:10357000206F666665640000496E766572746F72CE
:1035800020233420416C61726D2C206F757470752E
:1035900074206973206F666665640000496E766505
:1035A00072746F72202331206973206E6F726D0008
:1035B000496E766572746F72202332206973206EB3
:1035C0006F726D00496E766572746F7220233320BE
:1035D0006973206E6F726D00496E766572746F72DA
:1035E000202334206973206E6F726D00180F08203D
:1035F000806000102C0F0820ACC007204176746F4B
:103600006D6174202331206973204F46460000000D
:103610004176746F6D6174202332206973204F46A8
:10362000460000004176746F6D6174202333206979
:1036300073204F46460000004176746F6D61742020
:103640002334206973204F46460000004176746F92
:103650006D6174202335206973204F4646000000B9
:103660004176746F6D6174202336206973204F4654
:10367000460000004176746F6D6174202337206925
:1036800073204F46460000004176746F6D617420D0
:103690002338206973204F46460000004176746F3E
:1036A0006D6174202339206973204F464600000065
:1036B0004176746F6D6174202331206973204F4E01
:1036C000200000004176746F6D6174202332206900
:1036D00073204F4E200000004176746F6D6174209E
:1036E0002333206973204F4E200000004176746F11
:1036F0006D6174202334206973204F4E2000000038
:103700004176746F6D6174202335206973204F4EAC
:10371000200000004176746F6D61742023362069AB
:1037200073204F4E200000004176746F6D6174204D
:103730002337206973204F4E200000004176746FBC
:103740006D6174202338206973204F4E20000000E3
:103750004176746F6D6174202339206973204F4E58
:103760002000000038C1072076C00720BAC3072018
:1037700046C3072078C0072044C3072046C107205E
:103780007AC0072040C1072018C00720930000100E
:1037900080C0072045C30720FC0000102888401C7B
:1037A0002880FF48B0F90000814202DA2888401ED4
:1037B000288006220021FB4800F01CFCB5F900001F
:1037C000052800DD3E70012800DA3C70F648F74F0E
:1037D000B0F90000A0F132011E291BD8B8F9001081
:1037E000F34D814202DD2888401C2880F148B0F961
:1037F0000000814202DA2888401E2880062200212B
:10380000EB4800F0F7FBB5F90000052800DD3E703D
:10381000012800DA3C70BDE8F081F8B5E64C0021E3
:10382000A0790A2807D2401CC0B2A0710A2802D38E
:10383000A17101202072E079052805D2401CC0B298
:10384000E071052800D1E171BE2000F09CFBDB494E
:1038500028B1DB480268BF2A5BD1406858E0207A73
:1038600088B3D84A1078552805D05078552802D00A
:10387000D54800884CE0D54D00204FF0140C6B4625
:103880006FF01307165C552E0FD023F81070401CF4
:10389000C0B20228F6D3BDF90030BDF90220CC48F1
:1038A000934215DD1A46036013E000EB400606EB79
:1038B000001605EB860696F80CE0BEF1000F03D06B
:1038C00023F810C0E3E724E0768923F81060DEE7F0
:1038D0000260C04B002A02DAB3F9000012E0282A85
:1038E00001DD28220260BC4AB3F900300068B2F959
:1038F0000020D21A02EB820252004243C82092FBFF
:10390000F0F01844A27D022A02D1B448B0F90000B8
:103910000880B1F9000062214143642291FBF2F179
:10392000AF4B19806621484390FBF2F0AD49088007
:10393000F8BD2DE9F05FAD4E0020AB494FF0010A14
:103940008146AB4DB6F9003023E0AA4AAA4C125C7E
:1039500034F91220B2F5FA6F0A560CDA0A2A07DA9D
:10396000521C52B20A540A2A11DB05F800A00EE0DC
:103970000A220A540BE0002A07DB521E52B20A54F4
:10398000002A04DC05F8009001E001F80090401CDA
:10399000C0B29842D9DB0024DFF860B2984FDFF85C
:1039A000648272E0984830F814000028285D01D045
:1039B00078B101E001280CD01BF90410002919DBB3
:1039C000491E49B20BF80410002915DC07F80490D1
:1039D00012E01BF904000A2808DA401C40B20BF878
:1039E00004000A2808DB07F804A005E00A200BF809
:1039F000040001E00BF8049018F80410385D8142CF
:103A00003ED06D4AD18C491CD184012807D014B313
:103A1000012C25D0022C28D0032C2BD030E034B13F
:103A2000012C09D0022C0CD0032C0FD028E001234C
:103A30001A460F2175A021E0012302220F2176A052
:103A40001CE0012303220F2176A017E001230422AA
:103A50000F2177A012E0002301220F2177A00DE0B3
:103A6000002302220F217AA008E0002303220F2165
:103A70007CA003E0002304220F217FA018F032F87D
:103A8000385D08F80400641CE4B2B6F90000844212
:103A900088DB7E48A0F80090297851B1012906D131
:103AA000697801290BD0002901D103210180BDE8EB
:103AB000F09F69780129FAD1A0F800A0F7E7022168
:103AC000F4E77349734A0120087010704870507011
:103AD00070472DE9F05F4348DFF8BCE1DFF8ECC048
:103AE000B0F90070BEF90000334CC0EB0011BCF916
:103AF00002506FF01D0A6FF0950B0026DFF89081E1
:103B0000B4F92A000AEB81020BEB8103BD4204DC0D
:103B1000334FB7F90070BD4205DA824203DD8342BC
:103B200001DA88F800605D4DE146BCF908C0B5F9DE
:103B30000050584FBCEB450F03DC6D42BCEB450F0A
:103B400004DA824202DD834200DA3E706FF009023D
:103B500002EB81017546814220D1A07DF0B998F831
:103B6000000001281AD13878012817D14FF4D670F7
:103B700019F0D2FC4A49B1F9001088420ED04948E8
:103B8000008858B199F83D00C00707D14FF4D670AE
:103B900019F06CFC44480178491C0170484685E0E6
:103BA00082C00720FC0000107CC007209400001099
:103BB000BCC307207EC0072000000010ACC3072054
:103BC00018C00720B8C00720B8000010383C00100B
:103BD000EC000010AE0000105EC3072064C3072095
:103BE000AEC30720EA000010A3C30720AAC0072025
:103BF00051C107205B540200883B0010E400001014
:103C000055C10720A7C30720F8C10720534B202325
:103C10003120416C61726D00534B20233220416C86
:103C200061726D00534B20233320416C61726D0033
:103C3000534B20233420416C61726D00534B202381
:103C40003120416C61726D206973206F66660000DF
:103C5000534B20233220416C61726D206973206FB9
:103C600066660000534B20233320416C61726D2047
:103C70006973206F66660000534B20233420416C2B
:103C800061726D206973206F66660000E8000010A5
:103C9000F0000010B0C30720BA000010B4000010FC
:103CA00078C10720A4C00720F20000107D49B9F9AF
:103CB0000220B1F900108A4206DC7B49B0F94E209F
:103CC000B1F900108A420FDAB5F90010B4F92A20D0
:103CD000C1EB01110AEB8103934205DD0BEB81017E
:103CE000914201DA88F801607049B9F95400B1F9DC
:103CF0000010B0EB410F03DC4942B0EB410F0EDA8C
:103D0000B5F90000B4F92A10C0EB00100AEB8002EC
:103D10008A4204DD0BEB8000884200DA7E70B5F940
:103D20000000C0EB00116FF0090000EB8100B4F956
:103D30002A10884222D1A07D00BB98F801000128FA
:103D40001CD17878012819D14FF4E576304619F066
:103D5000E3FB02465648B0F902108A420ED055489D
:103D6000008802280AD199F88900C00706D1304698
:103D700019F07CFB50480178491C0170B5F900002E
:103D80006FF00101C0EB001001EB8000B4F92A10C4
:103D9000884202D1BDE8F05F93E688E62DE9F04F56
:103DA0004648DFF81C8148490378464898F90020C6
:103DB000B1F90010B0F900004FF0000E4FF0010B08
:103DC00023B1022B23D0012B31D01EE03F4E404BBC
:103DD00034787778B3F90A5093F80CC0B3F9566089
:103DE00093F8583022B1012A11D1552C16D110E088
:103DF000552C04D1854208DCBCF1000F05D1552FAC
:103E000005D1864201DC002B01D088F800B0BDE866
:103E1000F08F8D42FBDABCF1000FF8D1552F03D1A2
:103E20008E42F4DA002BF2D188F800E0EFE72A4C5A
:103E3000284BB4F90050B4F90260AA46274DB3F9F3
:103E40000030B4F90440D5E900C7AD68B9468BB17C
:103E50008245DADCBCF1000FD7D1012B04DD8642AC
:103E6000D3DCB9F1000FD0D1022B03DD8442CCDCCE
:103E7000002DCAD1012ACAD1002BD5D08A45C6DA75
:103E8000BCF1000FC3D1022B04DB8E42BFDAB9F1C3
:103E9000000FBCD1032BC7DB8C42B8DA002DC3D096
:103EA000B5E70000EA000010AEC30720B400001020
:103EB00078C10720A4C00720F2000010C400001041
:103EC0000000001070C30720C2000010B8C0072017
:103ED000383C0010A8C00720DAC107200860001095
:103EE00070B5374A0020A2F11401064601F10A0319
:103EF0000C5C54B11D5CAC4207D1145C2CB1641E47
:103F000014F0FF04145400D10E540C5C1C54401CDB
:103F1000C0B20A28ECD370BD70B5294D0024143D01
:103F2000641CE4B22E5D1EB1864201D00A2CF7D388
:103F3000285523480C3040F82410283040F824201D
:103F40003438035570BD1E4A0021143A491CC9B2C9
:103F5000535C834201D00A29F8D3DBB2834210D1EB
:103F600017480C3050F8213016480360144B343396
:103F700053F82130436000205054114A505401201E
:103F80007047002070470E4A0021143A491CC9B2FC
:103F9000535C834201D00A29F8D3DAB282420CD1B1
:103FA00007480C3050F8212006480260044A343299
:103FB00052F8211041600120704700207047000036
:103FC000DC3B001018C0072090F900308B4200DA6B
:103FD000027090F90030934200DD0170704790F953
:103FE00000308B4200DA017090F90010914200DD40
:103FF00002707047B0F900308B4200DA0180B0F9EE
:104000000010914200DD02807047B0F900308B4211
:1040100000DA0280B0F90030934200DD0180704781
:1040200003688B4201DB194600E00160914200DD2C
:104030000260704703688B4200DA026003689342B3
:1040400000DD01607047000070B5FF480278FF484E
:10405000016812B141F0010101E021F001010160AC
:104060000021FB4C5FF0010301EB410202EB011266
:1040700004EB820292F83D20D20706D04D1C03FAD1
:1040800005F205689543154304E04A1C056803FAE8
:1040900002F29543491CC9B205600229E4D32946BE
:1040A000EA4D00221435AC5C34B102F10F0603FA7C
:1040B00006F4A143214304E002F10F0403FA04F4DF
:1040C000A143521CD2B2062AEDD3E24D0022016078
:1040D000AC5C012C2FD002F1190403FA04F4A143C3
:1040E000521CD2B2042AF3D30160836821EA03028E
:1040F000C26044681443D84A4460158815B124F05E
:104100000074446054881CB1446824F080644460A6
:1041100094881CB1446824F000644460D2881AB1C9
:10412000426822F0805242608B43DA43CB4B0261FB
:104130001B883BB109E002F1190603FA06F4A1431A
:104140002143CDE762F001020261036942681A402F
:10415000C0E9012170BDF8B54FF46065284619F03B
:10416000DBF9401C04463F2800D9002421B2284630
:1041700019F07CF940F60266304619F0CDF93F2877
:1041800000D0204601B2304619F070F9284619F0E7
:10419000C3F94FF4806101EB401555208DF8000004
:1041A00000248DF8014052208DF802008DF8034064
:1041B0006946284619F087FB6946281D009419F0C6
:1041C00082FBA74E308B8DF80000307D8DF801000A
:1041D000307A8DF802008DF80340694605F1080039
:1041E00019F071FB30798DF8000030789D4E8DF814
:1041F000010030688DF802008DF80340694605F132
:104200000C0019F060FB41248DF800408DF801404E
:104210008DF802408DF80340694605F1100019F051
:1042200052FB8DF800408DF801408DF802408DF86A
:104230000340694605F1140019F045FB8DF8004074
:104240008DF801408DF802408DF80340694605F174
:10425000180019F038FB8DF800408DF801408DF8FA
:1042600002408DF80340694605F11C0019F02BFB54
:10427000FF203060F8BDF8B54FF46065284619F0AE
:104280004BF9401C04463F2800D9002421B228469F
:1042900019F0ECF840F60266304619F03DF93F2877
:1042A00000D0204601B2304619F0E0F8284619F057
:1042B00033F94FF4806101EB4010054657208DF82B
:1042C000000000268DF801604E208DF802008DF868
:1042D00003606946284619F0F6FA6946281D0096DB
:1042E00019F0F1FA604CA08B8DF80000207E8DF85B
:1042F0000100207B8DF802008DF80360694605F10E
:10430000080019F0E0FA207A8DF8000020798DF885
:10431000010020788DF802008DF80360694605F1F0
:104320000C0019F0D0FA41248DF800408DF80140BE
:104330008DF802408DF80340694605F1100019F030
:10434000C2FA8DF800408DF801408DF802408DF8DA
:104350000340694605F1140019F0B5FA8DF80040E4
:104360008DF801408DF802408DF80340694605F153
:10437000180019F0A8FA8DF800408DF801408DF86A
:1043800002408DF80340694605F11C0019F09BFAC4
:10439000F8BDF8B54FF46065284619F0BDF8401C2B
:1043A00004463F2800D9002421B2284619F05EF8BF
:1043B00040F60266304619F0AFF83F2800D020469C
:1043C00001B2304619F052F8284619F0A5F84FF41A
:1043D000806101EB4010054657208DF80000002653
:1043E0008DF8016049208DF802008DF80360694660
:1043F000284619F068FA6946281D009619F063FAF4
:10440000194CA08B8DF80000207E8DF80100207BD8
:104410008DF802008DF80360694605F1080019F077
:1044200052FA207A8DF8000020798DF8010020786A
:104430008DF802008DF80360694605F10C0019F053
:1044400042FA412412E00000A2C3072078000010C5
:10445000383C001055C1072008C2072070C0072053
:104460002440024080C10F40204002408DF80040AF
:104470008DF801408DF802408DF80340694605F142
:10448000100019F020FA8DF800408DF801408DF8E9
:1044900002408DF80340694605F1140019F013FA43
:1044A0008DF800408DF801408DF802408DF80340F2
:1044B000694605F1180019F006FA8DF800408DF8EC
:1044C00001408DF802408DF80340694605F11C005B
:1044D00019F0F9F9F8BDF8B54FF46065284619F000
:1044E0001BF8401C04463F2800D9002421B228466E
:1044F00018F0BCFF40F60266304619F00DF83F2870
:1045000000D0204601B2304618F0B0FF284619F01E
:1045100003F84FF4806101EB4010054654208DF8FC
:10452000000000268DF801604E208DF802008DF805
:1045300003606946284619F0C6F96946281D0096A9
:1045400019F0C1F9FF4CA08B8DF80000207E8DF88A
:104550000100207B8DF802008DF80360694605F1AB
:10456000080019F0B0F9207A8DF8000020798DF854
:10457000010020788DF802008DF80360694605F18E
:104580000C0019F0A0F941248DF800408DF801408D
:104590008DF802408DF80340694605F1100019F0CE
:1045A00092F98DF800408DF801408DF802408DF8A9
:1045B0000340694605F1140019F085F98DF80040B3
:1045C0008DF801408DF802408DF80340694605F1F1
:1045D000180019F078F98DF800408DF801408DF839
:1045E00002408DF80340694605F11C0019F06BF993
:1045F000F8BDF8B54FF46065284618F08DFF401CF3
:1046000004463F2800D9002421B2284618F02EFF86
:1046100040F60266304618F07FFF3F2800D0204663
:1046200001B2304618F022FF284618F075FF4FF40B
:10463000806101EB4010054654208DF800000026F3
:104640008DF8016049208DF802008DF803606946FD
:10465000284619F038F96946281D009619F033F9F3
:10466000B84CA08B8DF80000207E8DF80100207BD7
:104670008DF802008DF80360694605F1080019F015
:1046800022F9207A8DF8000020798DF80100207839
:104690008DF802008DF80360694605F10C0019F0F1
:1046A00012F941248DF800408DF801408DF8024048
:1046B0008DF80340694605F1100019F004F98DF8F2
:1046C00000408DF801408DF802408DF803406946A6
:1046D00005F1140019F0F7F88DF800408DF801404D
:1046E0008DF802408DF80340694605F1180019F075
:1046F000EAF88DF800408DF801408DF802408DF801
:104700000340694605F11C0019F0DDF8F8BD2DE9FC
:10471000F8438C4D8C4A203D00262F154FF46061E4
:10472000012802D000287DD031E101201070884698
:10473000084618F0F1FE401C04463F2800D900242A
:1047400021B2404618F092FE40F60269484618F041
:10475000E3FE3F2800D0204601B2484618F086FE0E
:10476000404618F0D9FE07EB401750208DF80000A6
:104770008DF8016041248DF802408DF80360694690
:10478000384619F0A0F86946381D009619F09BF8D4
:1047900005F12005A88B8DF80000287E8DF801001A
:1047A000287B8DF802008DF80360694607F1080048
:1047B00019F089F8287A8DF8000028798DF8010021
:1047C00028788DF802008DF80360694607F10C0027
:1047D00019F079F88DF800408DF801408DF802400D
:1047E0008DF80340694607F1100019F06CF88DF858
:1047F00000408DF801408DF802408DF80340694675
:1048000007F1140019F05FF88DF800408DF80140B1
:104810008DF802408DF80340694607F1180019F041
:1048200052F800E011E08DF800408DF801408DF85D
:1048300002408DF80340694607F11C0019F043F867
:1048400000230122022141A09FE045481670B04696
:10485000026822F001020260424A12881AB14268DC
:1048600022F001024260084618F056FE0646344621
:104870004FEA070909EB44176946384618F025FF47
:104880009DF80000502822D19DF80100F8B99DF84C
:10489000020041281BD105E0641E00E03F24B44221
:1048A000E8D174E0694607F1100018F00EFF9DF89A
:1048B000000041280BD19DF80100412807D19DF847
:1048C0000200412803D19DF80300412802D0002CAA
:1048D000E4D0E1E705F12005A88B8DF80000287EE3
:1048E0008DF80100287B8DF8020044468DF8038086
:1048F000694607F1100018F0E6FF287A8DF80000ED
:1049000028798DF8010028788DF802008DF8034091
:10491000694607F1140018F0D6FF134842240178C5
:104920008DF8001040788DF801008DF802408DF868
:104930000340694607F1180018F0C5FF8DF80040E4
:1049400014E0000020400240A2C307204D61696EC0
:1049500020706F776572206973206F6666000000B3
:104960007800001070C00720E20000108DF80140B0
:104970008DF802408DF80340694607F11C0018F0DD
:10498000A2FF01231A460221FFA017F0ABF800BFD7
:10499000BDE8F8832DE9F84F4F2581461C464F2985
:1049A00012D06F290FD0432908D054290BD04929A0
:1049B00009D04C2907D0532905D005E00D46F74909
:1049C0000F20088000E00D46DFF8D4A34FF46060AC
:1049D0004FF4806B012A13D0002A7DD118F09CFD82
:1049E00084B2A0465FF000070BEB441086B2694624
:1049F000304618F06AFE9DF8000049286DD17BE032
:104A0000074618F089FD401C86B23F2E00D90026CB
:104A100031B2384618F02AFD40F60268404618F0D8
:104A20007BFD80B23F2800D0304601B2404618F0EE
:104A30001DFD384618F070FD0BEB401086B2492082
:104A40008DF800008DF801908DF8025000258DF84A
:104A500003506946304618F036FF8DF800402012AA
:104A60008DF801008DF802508DF803506946301D15
:104A700018F029FFBAF83C000AF120048DF8000074
:104A8000207E8DF80100207B8DF802008DF8035008
:104A9000694606F1080018F016FF207A8DF800002C
:104AA00020798DF8010020788DF802008DF80350F0
:104AB000694606F10C0018F006FF41248DF800400D
:104AC0008DF801408DF802408DF80340694606F1EB
:104AD000100018F0F8FE01E06DE07AE08DF800407B
:104AE0008DF801408DF802408DF80340694606F1CB
:104AF000140018F0E8FE44E09DF80110494568D123
:104B00009DF80200A84264D1694606F1100018F031
:104B1000DCFD9DF8000041285BD14EE0641EA4B28C
:104B200000E03F24444546D07F1CFFB23F2FFFF4F6
:104B30005BAF002E3FD0BAF83C000AF120048DF89C
:104B40000000207E8DF80100207B8DF802004FF0E0
:104B500000058DF80350694606F1100018F0B3FE09
:104B6000207A8DF8000020798DF8010020788DF8EA
:104B700002008DF80350694606F1140018F0A3FEF8
:104B800042248DF800408DF801408DF802408DF8E8
:104B90000340694606F1180018F095FE8DF80040B4
:104BA0008DF801408DF802408DF80340694606F10A
:104BB0001C0018F088FEBDE8F88F9DF80100412820
:104BC00007D19DF80200412803D19DF80300412838
:104BD000AAD0002CA5D0A1E72DE9F84F0E4655210B
:104BE000DFF8BCB188464FF000094FF460674FF41E
:104BF0008065012814D000287ED1384618F08CFC3E
:104C000087B23C460026AA460AEB441085B26946A4
:104C1000284618F05AFD9DF8000044286DD17BE02D
:104C2000384618F079FC401C84B23F2C00D900248F
:104C300021B2384618F01AFC40F6026A504618F0C5
:104C40006BFC80B23F2800D0204601B2504618F0DD
:104C50000DFC384618F060FC05EB401085B244208E
:104C60008DF800008DF801908DF802804C468DF88B
:104C700003906946284618F026FE8DF80060301231
:104C80008DF801008DF802408DF803406946281D1B
:104C900018F019FEBBF83C000BF120068DF800005F
:104CA000307E8DF80100307B8DF802008DF80340D6
:104CB000694605F1080018F006FE307A8DF800000C
:104CC00030798DF8010030788DF802008DF80340BE
:104CD000694605F10C0018F0F6FD41248DF80040FE
:104CE0008DF801408DF802408DF80340694605F1CA
:104CF000100018F0E8FD01E07BE044E08DF8004092
:104D00008DF801408DF802408DF80340694605F1A9
:104D1000140018F0D8FD52E09DF8010098BB9DF8F2
:104D20000210414572D1694605F1100018F0CDFC22
:104D30009DF80000412869D15CE0641EA4B200E047
:104D40003F24BC4255D0761CF6B23F2EFFF45CAF38
:104D5000002D4ED0BBF83C000BF120048DF8000074
:104D6000207E8DF80100207B8DF802004E468DF8E4
:104D70000390694605F1100018F0A5FD207A8DF822
:104D8000000020790EE041E04D61696E20706F7780
:104D90006572206973206F6E000000006EC00720EE
:104DA000004002408DF8010020788DF802008DF857
:104DB0000360694605F1140018F085FD42248DF862
:104DC00000408DF801408DF802408DF8034069469F
:104DD00005F1180018F077FD8DF800408DF80140BE
:104DE0008DF802408DF80340694605F11C0018F06B
:104DF0006AFDE0E69DF80100412807D19DF8020018
:104E0000412803D19DF8030041289CD0002C97D065
:104E100093E72DE9F84F0E465521DFF830A491466F
:104E200088464FF460654FF4806B012814D0002849
:104E30007ED1284618F070FB87B23C465FF0000632
:104E40000BEB441085B26946284618F03EFC9DF8ED
:104E500000004F286DD17BE0284618F05DFB401C18
:104E600084B23F2C00D9002421B2284618F0FEFA63
:104E700040F60267384618F04FFB80B23F2800D05A
:104E8000204601B2384618F0F1FA284618F044FBE3
:104E90000BEB401085B24F208DF800008DF801908B
:104EA0008DF8028000248DF803406946284618F0EA
:104EB0000AFD8DF8006030128DF801008DF8024077
:104EC0008DF803406946281D18F0FDFCBAF83C0037
:104ED0000AF120068DF80000307E8DF80100307B4D
:104EE0008DF802008DF80340694605F1080018F0BE
:104EF000EAFC307A8DF8000030798DF801003078C6
:104F00008DF802008DF80340694605F10C0018F099
:104F1000DAFC41248DF800408DF801408DF8024004
:104F20008DF80340694605F1100018F0CCFC01E053
:104F30006DE079E08DF800408DF801408DF8024079
:104F40008DF80340694605F1140018F0BCFC44E0FC
:104F50009DF80110494567D19DF80210414563D184
:104F6000694605F1100018F0B0FB9DF800004128DB
:104F70005AD14DE0641EA4B200E03F24BC4246D0AA
:104F8000761CF6B23F2EFFF45BAF002D3FD0BAF88F
:104F90003C000AF120048DF80000207E8DF801000D
:104FA000207B8DF802004FF000068DF80360694603
:104FB00005F1100018F087FC207A8DF800002079A8
:104FC0008DF8010020788DF802008DF803606946A5
:104FD00005F1140018F077FC42248DF800408DF89C
:104FE00001408DF802408DF80340694605F1180034
:104FF00018F069FC8DF800408DF801408DF80240F2
:105000008DF80340694605F11C0018F05CFCD2E500
:105010009DF80100412807D19DF80200412803D1E5
:105020009DF803004128ABD0002CA6D0A2E72DE9C3
:10503000F84F4F2581461F464F2906D0492903D0F6
:105040004E2901D0542900D10D464FF0000A4FF4EB
:1050500060604FF4806B012A12D0002A7ED118F0D4
:105060005BFA84B2A04600270BEB441086B2694677
:10507000304618F02AFB9DF8000042286FD179E0F5
:10508000064618F049FA401C84B23F2C00D900248F
:1050900021B2304618F0EAF940F60268404618F0AE
:1050A0003BFA80B23F2800D0204601B2404618F0BB
:1050B000DDF9304618F030FA0BEB401086B2422092
:1050C0008DF800008DF801908DF8025054468DF84F
:1050D00003A06946304618F0F6FB8DF800703812D0
:1050E0008DF801008DF802408DF803406946301DAF
:1050F00018F0E9FB564DA88B8DF80000287E8DF83E
:105100000100287B8DF802008DF80340694606F106
:10511000080018F0D8FB287A8DF8000028798DF85F
:10512000010028788DF802008DF80340694606F1E9
:105130000C0018F0C8FB41248DF800408DF80140A8
:105140008DF802408DF80340694606F1100018F012
:10515000BAFB8DF800408DF8014001E066E072E096
:105160008DF802408DF80340694606F1140018F0EE
:10517000AAFB41E09DF80110494564D19DF8020069
:10518000A84260D1694606F1100018F09EFA9DF819
:105190000000412857D14AE0641EA4B200E03F2439
:1051A000444543D07F1CFFB23F2FFFF45DAF002E7C
:1051B0003CD0274CA08B8DF80000207E8DF801009C
:1051C000207B8DF8020055468DF803A0694606F154
:1051D000100018F078FB207A8DF8000020798DF807
:1051E000010020788DF802008DF80350694606F121
:1051F000140018F068FB42248DF800408DF801403F
:105200008DF802408DF80340694606F1180018F049
:105210005AFB8DF800408DF801408DF802408DF862
:105220000340694606F11C0018F04DFBC3E49DF8ED
:105230000100412807D19DF80200412803D19DF8C3
:1052400003004128AED0002CA9D0A5E700400240C1
:10525000204002401120FB4908727047002801DA03
:10526000404200B2704710B54FF4347018F054F952
:10527000F54C207040F2D22018F04EF960704FF4D7
:10528000357018F049F9A07040F2D62018F044F9B2
:10529000E0704FF4367018F03FF9207240F2DA20D7
:1052A00018F03AF960724FF4377018F035F9A072BF
:1052B00040F2DE2018F030F9E0724FF4437018F03D
:1052C0002BF9207140F20E3018F026F960714FF47E
:1052D000447018F021F9A07140F2123018F01CF956
:1052E000E07110BDD94810B5016821F0E06101609E
:1052F0004168D84AC1F30B13D54C117824F811300A
:10530000491CC9B21170032903D2016841F08071B0
:10531000016010BD2DE9F0470746DDE90A090E4698
:10532000DDE9085A01B214469846982018F09EF814
:1053300000219A2018F09AF80121CA2018F096F856
:105340003C21C22018F092F839B2782018F08EF87B
:1053500004EBD470401001B2C82018F087F831B2C5
:105360007A2018F083F821B27C2018F07FF84621CB
:10537000C62018F07BF850217E2018F077F80FFA3D
:1053800088F1822018F072F8BB21842018F06EF8A2
:105390000021862018F06AF80A21882018F066F8A3
:1053A0000FFA89F1DE2018F061F829B28C2018F08C
:1053B0005DF8E8000A2190FBF1F001B28E2018F0B0
:1053C00055F80121A02018F051F80121A22018F071
:1053D0004DF80121A42018F049F8A021922018F0DE
:1053E00045F80FFA8AF1942018F040F8032196202E
:1053F00018F03CF83221CC2018F038F82821CE20C3
:1054000018F034F85521BC2018F030F81E21BE20C9
:1054100018F02CF80121802018F028F84621D0201F
:1054200018F024F83C21D42018F020F81921D220BB
:1054300018F01CF85021D62018F018F84621D82072
:1054400018F014F85B21DA2018F010F85021DC2055
:1054500018F00CF8804C0021B4F9000018F006F8A0
:105460007E4D0021B5F9000018F000F87C4E4FF099
:10547000FF373946B6F9000017F0F8FFB4F902001B
:10548000002117F0F3FFB5F90200002117F0EEFF3D
:10549000B6F90200394617F0E9FFB4F9040000211B
:1054A00017F0E4FFB5F90400002117F0DFFFB6F9AB
:1054B0000400394617F0DAFFB4F90600002117F0AE
:1054C000D5FFB5F90600002117F0D0FFB6F90600A8
:1054D000394617F0CBFF0A214FF4197017F0C6FFB9
:1054E000BDE8F0470B214FF4187017F0BFBF2DE94E
:1054F000FF4700210723182809D064224FF41674AF
:10550000302810D03C2819D0DC2823D04FE0F024DC
:105510009622CDE90024CDE9023102461623114638
:105520004FF4967013E04FF4F075CDE90025CDE906
:10553000023102462C231146204608E0CDE9002422
:10554000CDE9023102463723114640F2EE20FFF743
:10555000E1FE2CE040F6980440F62A110220CDE945
:105560000024CDE90201BB2340F60B1240F63E11A8
:1055700040F69210FFF7CEFE40F2BD11C82017F0A2
:1055800075FF2146C42017F071FF1421922017F0F7
:105590006DFF45F211614FF49E7017F067FF012116
:1055A000CA2017F063FFAA21BC2017F05FFF2D4D22
:1055B000AA21B5F9000017F059FF2B4C21782B4E8A
:1055C000B6F9000017F052FF217B294FB7F9000010
:1055D00017F04CFFB4F91010DFF898A0BAF90000EA
:1055E00017F044FFDFF890800021B8F9000017F0B1
:1055F0003DFFDFF888900021B9F9000017F036FF71
:10560000B5F90200AA2117F031FF2178B6F902009E
:1056100017F02CFF217BB7F9020017F027FFB4F930
:105620001010BAF9020017F021FFB8F902000021AA
:1056300017F01CFFB9F9020004B00021BDE8F047E3
:1056400017F014BF004002408C3E08200040034089
:105650003E00001001000010B8540200C0540200C7
:10566000D0540200705402002C40024074540200D6
:10567000785402006C540200685402007C5402000A
:10568000FF4910B5B1F92A00642801DA401C4885A9
:10569000488D022809D1082017F03EFF401C01B2B6
:1056A000BDE81040082017F0E1BE10BD70B506201F
:1056B00017F032FF002804DB062017F02DFF022828
:1056C00003DD0021062017F0D1FEEE49EE4C012546
:1056D0000878401CC0B208700A2805D3EB4800685F
:1056E000C00701D1E07828B1E948B0F9000078B1ED
:1056F00001280DD0062017F00FFF022808DA062037
:1057000017F00AFF401C01B2062017F0AFFEE5704B
:10571000B4F93C00B0F5616F07D3062017F0FCFE2A
:1057200018B10021062017F0A1FEDA4881687F2217
:10573000B2EB116F00D1E5708068C0F307407F289D
:1057400000D1E57070BD7FB5CD4D803DA5F154040D
:10575000E8881C30C0B220722178491CC9B204F814
:105760002C19814221D9B4F84E00F0B104F138046B
:10577000002004F80C0CA08FE18FA28E638FC0B2C2
:10578000C9B2D2B2DBB2CDE90210CDE90032E08E6F
:10579000A0F13200C3B2208FC2B2608EA4F13804EF
:1057A000C1B24FF0F1001AF0B6FD94F82C001428A5
:1057B00016D3B5F906101431884211DAC0EB001186
:1057C00001EB4012B44901EB8201A1F5805191F83F
:1057D00067213C2A01D2521C00E03C2281F867215B
:1057E000298A002915D0142813D1AC48817D3C2981
:1057F00001D2491C817590F832103C2902D2491C13
:1058000080F8321090F84E103C2902D2491C80F8E2
:105810004E107FBD9A4900202E3108704870887064
:105820004631487070472DE9F04F00209B4A85B003
:105830004FF4F471044660321454401C00B28842A4
:10584000FADB914EB07858B906F18008B8F9040037
:10585000A8B1012804D106F19800007855280ED08F
:1058600000214FF0140C7A2301FB03F001EB8103BC
:105870009B0001EB81041BB20CEB8404BBE1834869
:10588000DFF81CB24FF0320A00684FF00307C00780
:1058900017D0707FA8B18348CDE90204CDE900A7F5
:1058A0000321554618233222084614F036FFCDE96D
:1058B00002B4CDE90057032118233222084614F020
:1058C0002CFFB8F8040001254FF00A0900282CD05D
:1058D00000941423232200213220019414F061FE4D
:1058E00000940223032214213520019414F059FE60
:1058F00000940223032214214F20019414F051FE3E
:10590000DFF89481A8F1980898F83D00C0070DD001
:10591000707F0028DBD0CDE902B4CDE900A71823C1
:10592000322200212B2014F0F8FE95E00B230022F8
:1059300014214220009414F019FC002322221F217C
:105940004220009414F012FCB8F90800002805DA8F
:10595000307A042300221330C1B205E0307A0423E8
:10596000C0F12200C1B20222422014F057FEF07AA8
:105970000F285CD242485830B0F90000A0F5AA4187
:10598000553969D0B8F91000052190FBF1F0ADF858
:1059900010001422002104A8FEF72CFBCDE90054CE
:1059A000BDF9103020220021332014F0FAFDB8F8A0
:1059B000101002200A2911D2CDE9005009230C222F
:1059C00005213D2014F0EDFDB8F9100002238DE80B
:1059D0003100052134A23D20039513E0C24664291D
:1059E00013D28046CDE900580923122205213A201E
:1059F00014F0D7FDBAF9101003958DE812010323B6
:105A00002AA220E014F0B5FE26E0CDE900500923DB
:105A100018220521372014F0C4FDBAF910000395AF
:105A20008DE891000423052121A23720EAE7B8F987
:105A300008101E2891FBF9F000B28DE8A100039533
:105A400004D204231CA205213A20DBE705231CA273
:105A50001946352014F030FF00940E231B22042138
:105A60005C20019414F09DFD00231A1F0A215C2084
:105A7000009414F07BFB002304220A21762023E00B
:105A800020C10720BAE4072020C0072078000010BA
:105A90008C60001000400440D03C0010A85B001057
:105AA000015C02006B5B0200202500002020250025
:105AB00020202025000000002020204100000000C0
:105AC000414343C8CC000000009414F04FFB002376
:105AD00027221F214320009414F048FB6FF00D0390
:105AE00000221F216920009414F040FBB07AB046D8
:105AF000C0F12200C1B204230222692014F08EFDFD
:105B0000FF4E0523FFA2B6F90210039591FBF9F0B1
:105B100000B200900421CDE901411621462014F085
:105B200028FEB6F90400642808DA8DE8A1000423F1
:105B3000AFF27C0207215D2003950AE090FBF9F0AB
:105B400000B20423AFF2900203958DE89100072183
:105B50005A2014F00EFE98F807104046491CC9B2AE
:105B600088F80710032923D3C471017A491CC9B2EC
:105B700001720D2900D30472417A491CC9B24172E5
:105B8000202900D34472817A491CC9B281720F293D
:105B900000D38472C17ADD4A01F10101C9B2C17238
:105BA00092F83D20920706D52D2901D388F80B40A5
:105BB00005B0BDE8F08F1E29F8D2F9E7D04DD44FDB
:105BC000F835ED5C05EB450517F81560165407EB45
:105BD0004505401C6E781654401CAE781654401C87
:105BE000EE781654401C2E791654401C6D791554CD
:105BF000401C5B1C1BB29C42E0DC491C09B204291E
:105C0000FFF631AED4E72DE9F04FC24BADF5057D7F
:105C100005211A680020D50752AC4FF0010A03D0C5
:105C2000BDA0529001200621C14DAE7946B1C1A65A
:105C300044F8206000F1010001F10101C0B2C9B2D5
:105C4000160708D5C1A644F8206000F1010001F153
:105C50000101C0B2C9B2D60608D5C2A644F8206078
:105C600000F1010001F10101C0B2C9B2960608D5E8
:105C7000C2A644F8206000F1010001F10101C0B2A8
:105C8000C9B2560608D5C3A644F8206000F1010049
:105C900001F10101C0B2C9B2160608D5C3A644F885
:105CA000206000F1010001F10101C0B2C9B2D605C6
:105CB00008D5C4A644F8206000F1010001F10101FB
:105CC000C0B2C9B2960508D5C4A644F8206000F158
:105CD000010001F10101C0B2C9B2520506D5C5A249
:105CE00044F82020401C491CC0B2C9B2844A353255
:105CF00002F1BB061378A2F1B50BB6F900C0BBF9EF
:105D00000A6099467A96012B0AD14EB1BCF1000F78
:105D100006D1BEA344F82030401C491CC0B2C9B211
:105D20005378012B0DD17A9B012B0ADD744BF03394
:105D30005B8833B9BBA344F82030401C491CC0B277
:105D4000C9B29378012B0DD17A9B022B0ADD6C4BE3
:105D5000F0339B8833B9B9A344F82030401C491C68
:105D6000C0B2C9B2664A3532D278012A0DD17A9AC8
:105D7000032A0ADD624AF032D28832B9B5A244F869
:105D80002020401C491CC0B2C9B295F8362032B15F
:105D9000B6A244F82020401C491CC0B2C9B295F8F4
:105DA000372032B1B7A244F82020401C491CC0B2B1
:105DB000C9B295F83520AE4632B1B8A244F82020D9
:105DC000401C491CC0B2C9B2504F983797F85720B1
:105DD00032B1B8A244F82020401C491CC0B2C9B25C
:105DE00097F8BB20632A08D9B8A244F8202000F114
:105DF000010001F10101C0B2C9B2444B97F83A2049
:105E000003F19803D50793F84C3009D043B1B5A5F9
:105E100044F8205000F1010001F10101C0B2C9B203
:105E20003A4D560705F1980595F83B5006D5CBB18C
:105E300096070ED4960608D5B0A60BE093B1960748
:105E400007D456070ED596060CD4D6070AD1EE070E
:105E500008D1B0A644F8206000F1010001F1010171
:105E6000C0B2C9B2160709D543B1B0A644F8206044
:105E700000F1010001F10101C0B2C9B2D20607D59B
:105E800033B1B0A244F82020401C491CC0B2C9B2B2
:105E9000EA0707D033B1B1A244F82020401C491CC6
:105EA000C0B2C9B297F8132132B1B2A244F820208F
:105EB000401C491CC0B2C9B297F87721632A08D99F
:105EC000B2A244F8202000F1010001F10101C0B2AA
:105ED000C9B20E4B97F8F62003F19803D50793F853
:105EE000083109D043B1AFA544F8205000F10100BA
:105EF00001F10101C0B2C9B25607044D5EE10000D4
:105F000020C107202020202042000000383C001043
:105F1000DC54020078000010202020C0E2E0F0E80D
:105F2000FF20F1E5F2E821212120202000000000DF
:105F300020C007202020C0E2E0F0E8FF20E1E0F2EE
:105F4000E0F0E5E82020202000000000202020C014
:105F5000E2E0F0E8FF20C1CFD120B931202020209D
:105F600000000000202020C0E2E0F0E8FF20C1CFC8
:105F7000D120B9322020202000000000202020C0A5
:105F8000E2E0F0E8FF20C1CFD120B933202020206B
:105F900000000000202020C0E2E0F0E8FF20C1CF98
:105FA000D120B9342020202000000000202020C073
:105FB000E2E0F0E8FF20C1CFD120B9352020202039
:105FC00000000000202020C0E2E0F0E8FF20C1CF68
:105FD000D120B9362020202000000000202020C041
:105FE000E2E0F0E8FF20C1CFD120B9372020202007
:105FF00000000000202020C0E2E0F0E8FF20C1CF38
:10600000D120B9382020202000000000202020D1FD
:10601000F0E0E1EEF2E0EB20D1CAB93120202020FF
:1060200000000000202020D1F0E0E1EEF2E0EB20C3
:10603000D1CAB9322020202000000000202020D129
:10604000F0E0E1EEF2E0EB20D1CAB93320202020CD
:1060500000000000202020D1F0E0E1EEF2E0EB2093
:10606000D1CAB93420202020000000002020C0E246
:10607000E0F0E8FF20EFEE2055E2FBF521212120A2
:1060800000000000C0E2E0F0E8FF20EFEE2055E263
:10609000F52841432921212100000000C0E2E0F061
:1060A000E8FF20EFEE2055E2F52844432921212185
:1060B00000000000C8EDE22EB93120F0E0E7F0FB6F
:1060C000E220F1E2FFE7E82000000000C8EDE22E48
:1060D000B93120E2EDF3F2F02EEDE5E8F1EFF02E2C
:1060E00000000000C8EDE22EB93120EFE5F0E5E355
:1060F000F0F3E7EAE020202000000000C8EDE22EE7
:10610000B93120F1E8EBFCED2EEDE0E3F0E5E22023
:1061100000000000C8EDE22EB93120EFE5F0E5E324
:10612000F0E5E22CE2FBEAEB00000000C8EDE22E15
:10613000B93120E7E0E2FBF82E2055E2FBF5212003
:1061400000000000C8EDE22EB93120E7E0EDE8E6FE
:106150002E2055E2FBF521200000000020C8EDE2D2
:106160002EB93120E7E0EDE8E62E205564632020CB
:1061700000000000C8EDE22EB93220F0E0E7F0FBAD
:10618000E220F1E2FFE7E82000000000C8EDE22E87
:10619000B93220E2EDF3F2F02EEDE5E8F1EFF02E6A
:1061A00000000000C8EDE22EB93220EFE5F0E5E393
:1061B000F0F3E7EAE02020200000000005F1980558
:1061C00095F8F75006D5CBB196070ED4960608D5AC
:1061D000FDA60BE093B1960707D456070ED5960699
:1061E0000CD4D6070AD1EE0708D1FDA644F82060EA
:1061F00000F1010001F10101C0B2C9B2160709D5D1
:1062000043B1FDA644F8206000F1010001F1010155
:10621000C0B2C9B2D20607D533B1FDA244F82020DE
:10622000401C491CC0B2C9B2EA0707D033B1FEA274
:1062300044F82020401C491CC0B2C9B297F8CF21B5
:1062400032B1FFA244F82020401C491CC0B2C9B2A0
:1062500097F83322632A08D9FFA244F8202000F1DE
:10626000010001F10101C0B2C9B297F8B221D5070E
:10627000FF4B93F8C43109D043B1FEA544F8205038
:1062800000F1010001F10101C0B2C9B2F84D560799
:1062900095F8B35106D5CBB196070ED4960608D51E
:1062A000FAA60BE093B1960707D456070ED59606CB
:1062B0000CD4D6070AD1EE0708D1FAA644F820601C
:1062C00000F1010001F10101C0B2C9B2160709D500
:1062D00043B1FAA644F8206000F1010001F1010188
:1062E000C0B2C9B2D20607D533B1FAA244F8202011
:1062F000401C491CC0B2C9B2EA0707D033B1FBA2A7
:1063000044F82020401C491CC0B2C9B297F88B2227
:1063100032B1FCA244F82020401C491CC0B2C9B2D2
:1063200097F8EF22632A08D9FCA244F8202000F154
:10633000010001F10101C0B2C9B2CD4B97F86E2244
:1063400093F88032D50709D043B1FAA544F820501C
:1063500000F1010001F10101C0B2C9B2C44D5607FC
:1063600095F86F5206D5CBB196070ED4960608D590
:10637000F6A60BE093B1960707D456070ED59606FE
:106380000CD4D6070AD1EE0708D1F6A644F820604F
:1063900000F1010001F10101C0B2C9B2160709D52F
:1063A00043B1F6A644F8206000F1010001F10101BB
:1063B000C0B2C9B2D20607D533B1F6A244F8202044
:1063C000401C491CC0B2C9B2EA0707D033B1F7A2DA
:1063D00044F82020401C491CC0B2C9B297F847239A
:1063E00032B1F8A244F82020401C491CC0B2C9B206
:1063F00097F8AB23632A08D9F8A244F8202000F1CB
:10640000010001F10101C0B2C9B2994B97F82A23EA
:1064100093F83C33D50709D043B1F6A544F8205092
:1064200000F1010001F10101C0B2C9B2904D56075F
:1064300095F82B5306D5CBB196070ED4960608D502
:10644000F2A60BE093B1960707D456070ED5960631
:106450000CD4D6070AD1EE0708D1F2A644F8206082
:1064600000F1010001F10101C0B2C9B2160709D55E
:1064700043B1F2A644F8206000F1010001F10101EE
:10648000C0B2C9B2D20607D533B1F2A244F8202077
:10649000401C491CC0B2C9B2EA0707D033B1F3A20D
:1064A00044F82020401C491CC0B2C9B297F803240C
:1064B00032B1F4A244F82020401C491CC0B2C9B239
:1064C00097F86724632A07D9F4A244F82020401CD7
:1064D00001F10101C0B2C9B2654B97F8E62393F808
:1064E000F833D50709D043B1F2A544F8205000F1A4
:1064F000010001F10101C0B2C9B25D4D560795F826
:10650000E75306D5CBB196070ED4960608D5EFA66D
:106510000BE093B1960707D456070ED596060CD418
:10652000D6070AD1EE0708D1EEA644F8206000F1A4
:10653000010001F10101C0B2C9B2160709D543B18A
:10654000EEA644F8206000F1010001F10101C0B2A3
:10655000C9B2D20607D533B1EEA244F82020401CC0
:10656000491CC0B2C9B2EA0707D033B1EFA244F860
:106570002020401C491CC0B2C9B297F8BF2432B1D8
:10658000F0A244F82020401C491CC0B2C9B297F8C0
:106590002325632A07D9F1A244F82020401C01F1E9
:1065A0000101C0B2C9B2324B97F8A22493F8B434B7
:1065B000D50707D033B1EFA544F8205000F1010012
:1065C000C0B2E3E1E5E10000C8EDE22EB93220F10E
:1065D000E8EBFCED2EEDE0E3F0E5E220000000004A
:1065E000C8EDE22EB93220EFE5F0E5E3F0E5E22C6C
:1065F000E2FBEAEB00000000C8EDE22EB93220E732
:10660000E0E2FBF82E2055E2FBF52120000000001F
:10661000C8EDE22EB93220E7E0EDE8E62E2055E2A3
:10662000FBF521200000000020C8EDE22EB9322049
:10663000E7E0EDE8E62E205564632020000000002E
:10664000C8EDE22EB93320F0E0E7F0FBE220F1E202
:10665000FFE7E82000000000C8EDE22EB93320E299
:10666000EDF3F2F02EEDE5E8F1EFF02E0000000082
:10667000D03C0010C8EDE22EB93320EFE5F0E5E3A1
:10668000F0F3E7EAE020202000000000C8EDE22E51
:10669000B93320F1E8EBFCED2EEDE0E3F0E5E2208C
:1066A00000000000C8EDE22EB93320EFE5F0E5E38D
:1066B000F0E5E22CE2FBEAEB00000000C8EDE22E80
:1066C000B93320E7E0E2FBF82E2055E2FBF521206C
:1066D00000000000C8EDE22EB93320E7E0EDE8E667
:1066E0002E2055E2FBF521200000000020C8EDE23D
:1066F0002EB93320E7E0EDE8E62E20556463202034
:1067000000000000C8EDE22EB93420F0E0E7F0FB15
:10671000E220F1E2FFE7E82000000000C8EDE22EF1
:10672000B93420E2EDF3F2F02EEDE5E8F1EFF02ED2
:1067300000000000C8EDE22EB93420EFE5F0E5E3FB
:10674000F0F3E7EAE020202000000000C8EDE22E90
:10675000B93420F1E8EBFCED2EEDE0E3F0E5E220CA
:1067600000000000C8EDE22EB93420EFE5F0E5E3CB
:10677000F0E5E22CE2FBEAEB00000000C8EDE22EBF
:10678000B93420E7E0E2FBF82E2055E2FBF52120AA
:1067900000000000C8EDE22EB93420E7E0EDE8E6A5
:1067A0002E2055E2FBF521200000000020C8EDE27C
:1067B0002EB93420E7E0EDE8E62E20556463202072
:1067C00000000000C8EDE22EB93520F0E0E7F0FB54
:1067D000E220F1E2FFE7E82000000000C8EDE22E31
:1067E000B93520E2EDF3F2F02EEDE5E8F1EFF02E11
:1067F00000000000C8EDE22EB93520EFE5F0E5E33A
:10680000F0F3E7EAE020202000000000C8EDE22ECF
:10681000B93520F1E8EBFCED2EEDE0E3F0E5E22008
:1068200000000000C8EDE22EB93520EFE5F0E5E309
:10683000F0E5E22CE2FBEAEB00000000C8EDE22EFE
:10684000B93520E7E0E2FBF82E2055E2FBF52120E8
:1068500000000000C8EDE22EB93520E7E0EDE8E6E3
:106860002E2055E2FBF521200000000020C8EDE2BB
:106870002EB93520E7E0EDE8E62E205564632020B0
:1068800000000000C8EDE22EB93620F0E0E7F0FB92
:10689000E220F1E2FFE7E82000000000C8EDE22E70
:1068A000B93620E2EDF3F2F02EEDE5E8F1EFF02E4F
:1068B00000000000C8EDE22EB93620EFE5F0E5E378
:1068C000F0F3E7EAE020202000000000C8EDE22E0F
:1068D000B93620F1E8EBFCED2EEDE0E3F0E5E22047
:1068E00000000000C8EDE22EB93620EFE5F0E5E348
:1068F000F0E5E22CE2FBEAEB00000000C8EDE22E3E
:10690000B93620E7E0E2FBF82E2055E2FBF5212026
:1069100000000000C8EDE22EB93620E7E0EDE8E621
:106920002E2055E2FBF521200000000020C8EDE2FA
:106930002EB93620E7E0EDE8E62E205564632020EE
:1069400000000000C8EDE22EB93720F0E0E7F0FBD0
:10695000E220F1E2FFE7E82000000000C8EDE22EAF
:10696000B93720E2EDF3F2F02EEDE5E8F1EFF02E8D
:1069700000000000C8EDE22EB93720EFE5F0E5E3B6
:10698000F0F3E7EAE02020200000000001F101011F
:10699000C9B25607FF4D95F8A35406D5CBB196075B
:1069A0000ED4960608D5FCA60BE093B1960707D443
:1069B00056070ED596060CD4D6070AD1EE0708D195
:1069C000FBA644F8206000F1010001F10101C0B212
:1069D000C9B2160709D543B1FBA644F8206000F1FF
:1069E000010001F10101C0B2C9B2D20607D533B12D
:1069F000FBA244F82020401C491CC0B2C9B2EA07DF
:106A000007D033B1FCA244F82020401C491CC0B27E
:106A1000C9B297F87B2532B1FDA244F82020401C72
:106A2000491CC0B2C9B297F8DF25632A06D9FEA275
:106A300044F82020401C491CC0B2C9B2D54B97F87D
:106A40005E2593F87035D50709D043B1FCA544F80D
:106A5000205000F1010001F10101C0B2C9B2CD4DD9
:106A6000560795F85F5506D5CBB196070ED4960616
:106A700008D5F9A60BE093B1960707D456070ED5B3
:106A800096060CD4D6070AD1EE0708D1F8A644F82A
:106A9000206000F1010001F10101C0B2C9B2160786
:106AA00009D543B1F8A644F8206000F1010001F1D6
:106AB0000101C0B2C9B2D20607D533B1F8A244F879
:106AC0002020401C491CC0B2C9B2EA0707D033B12C
:106AD000F9A244F82020401C491CC0B2C9B297F862
:106AE000372632B1FAA244F82020401C491CC0B21B
:106AF000C9B297F89B26632A06D9FBA244F8202046
:106B0000401C491CC0B2C9B2A24B97F81A2693F890
:106B10002C36D50709D043B1F9A544F8205000F12F
:106B2000010001F10101C0B2C9B29A4D560795F8B2
:106B30001B5606D5CBB196070ED4960608D5F6A6F9
:106B40000BE093B1960707D456070ED596060CD4E2
:106B5000D6070AD1EE0708D1F5A644F8206000F167
:106B6000010001F10101C0B2C9B2160709D543B154
:106B7000F5A644F8206000F1010001F10101C0B266
:106B8000C9B2D20607D533B1F5A244F82020401C83
:106B9000491CC0B2C9B2EA0707D033B1F6A244F823
:106BA0002020401C491CC0B2C9B297F8F32632B16C
:106BB000F7A244F82020401C491CC0B2C9B297F883
:106BC0005727632A08D9F8A244F8202000F10100D1
:106BD00001F10101C0B2C9B26E4B97F8D62693F805
:106BE000E836D50709D043B1F5A544F8205000F1A7
:106BF000010001F10101C0B2C9B2664D560795F816
:106C0000D75606D5CBB196070ED4960608D5F2A670
:106C10000BE093B1960707D456070ED596060CD411
:106C2000D6070AD1EE0708D1F1A644F8206000F19A
:106C3000010001F10101C0B2C9B2160709D543B183
:106C4000F1A644F8206000F1010001F10101C0B299
:106C5000C9B2D20607D533B1F1A244F82020401CB6
:106C6000491CC0B2C9B2EA0707D033B1F2A244F856
:106C70002020401C491CC0B2C9B297F8AF2732B1DE
:106C8000F3A244F82020401C491CC0B2C9B297F8B6
:106C90001328632A08D9F4A244F8202000F1010047
:106CA00001F10101C0B2C9B23A4B97F8922793F8AB
:106CB000A437D50709D043B1F1A544F8205000F11D
:106CC000010001F10101C0B2C9B2324D560795F879
:106CD000935706D5CBB196070ED4960608D5EEA6E7
:106CE0000BE093B1960707D456070ED596060CD441
:106CF000D6070AD1EE0708D1EDA644F8206000F1CE
:106D0000010001F10101C0B2C9B2160709D543B1B2
:106D1000EDA644F8206000F1010001F10101C0B2CC
:106D2000C9B2D20607D533B1EDA244F82020401CE9
:106D3000491CC0B2C9B2EA0707D033B1EEA244F889
:106D40002020401C491CC0B2C9B297F86B2832B150
:106D5000EFA244F82020401C491CC0B2C9B297F8E9
:106D6000CF28632A08D9F0A244F8202000F10100BE
:106D700001F10101C0B2C9B2064B97F84E2893F851
:106D80006038D50704D01BB1EDA544F82050E3E1ED
:106D9000E8E10000D03C0010C8EDE22EB93720F148
:106DA000E8EBFCED2EEDE0E3F0E5E2200000000072
:106DB000C8EDE22EB93720EFE5F0E5E3F0E5E22C8F
:106DC000E2FBEAEB00000000C8EDE22EB93720E755
:106DD000E0E2FBF82E2055E2FBF521200000000048
:106DE000C8EDE22EB93720E7E0EDE8E62E2055E2C7
:106DF000FBF521200000000020C8EDE22EB937206D
:106E0000E7E0EDE8E62E2055646320200000000056
:106E1000C8EDE22EB93820F0E0E7F0FBE220F1E225
:106E2000FFE7E82000000000C8EDE22EB93820E2BC
:106E3000EDF3F2F02EEDE5E8F1EFF02E00000000AA
:106E4000C8EDE22EB93820EFE5F0E5E3F0F3E7EA2C
:106E5000E020202000000000C8EDE22EB93820F12B
:106E6000E8EBFCED2EEDE0E3F0E5E22000000000B1
:106E7000C8EDE22EB93820EFE5F0E5E3F0E5E22CCD
:106E8000E2FBEAEB00000000C8EDE22EB93820E793
:106E9000E0E2FBF82E2055E2FBF521200000000087
:106EA000C8EDE22EB93820E7E0EDE8E62E2055E205
:106EB000FBF521200000000020C8EDE22EB93820AB
:106EC000E7E0EDE8E62E2055646320200000000096
:106ED000C8EDE22EB93920F0E0E7F0FBE220F1E264
:106EE000FFE7E82000000000C8EDE22EB93920E2FB
:106EF000EDF3F2F02EEDE5E8F1EFF02E00000000EA
:106F0000C8EDE22EB93920EFE5F0E5E3F0F3E7EA6A
:106F1000E020202000000000C8EDE22EB93920F169
:106F2000E8EBFCED2EEDE0E3F0E5E22000000000F0
:106F3000C8EDE22EB93920EFE5F0E5E3F0E5E22C0B
:106F4000E2FBEAEB00000000C8EDE22EB93920E7D1
:106F5000E0E2FBF82E2055E2FBF5212000000000C6
:106F6000C8EDE22EB93920E7E0EDE8E62E2055E243
:106F7000FBF521200000000020C8EDE22EB93920E9
:106F8000E7E0EDE8E62E20556463202000000000D5
:106F9000C8EDE22EB9313020F0E0E7F0FBE220F15D
:106FA000E2FFE7E820000000C8EDE22EB931302012
:106FB000E2EDF3F2F02EEDE5E8F1EFF00000000075
:106FC000C8EDE22EB9313020EFE5F0E5E3F0F3E76C
:106FD000EAE0202020000000C8EDE22EB931302088
:106FE000F1E8EBFCED2EEDE0E3F0E5E2200000003F
:106FF000C8EDE22EB9313020EFE5F0E5E3F0E5E24F
:107000002CE2FBEAEB000000C8EDE22EB9313020A3
:10701000E7E0E2FBF82E2055E2FBF521200000001E
:10702000C8EDE22EB9313020E7E0EDE8E62E20553C
:10703000E2FBF5212000000020C8EDE22EB931303E
:1070400020E7E0EDE8E62E205564632020000000F4
:10705000C8EDE22EB9313120F0E0E7F0FBE220F19B
:10706000E2FFE7E820000000C8EDE22EB931312050
:10707000E2EDF3F2F02EEDE5E8F1EFF000000000B4
:10708000C8EDE22EB9313120EFE5F0E5E3F0F3E7AA
:10709000EAE0202020000000C8EDE22EB9313120C6
:1070A000F1E8EBFCED2EEDE0E3F0E5E2200000007E
:1070B000C8EDE22EB9313120EFE5F0E5E3F0E5E28D
:1070C0002CE2FBEAEB000000C8EDE22EB9313120E2
:1070D000E7E0E2FBF82E2055E2FBF521200000005E
:1070E000C8EDE22EB9313120E7E0EDE8E62E20557B
:1070F000E2FBF5212000000020C8EDE22EB931317D
:1071000020E7E0EDE8E62E20556463202000000033
:10711000C8EDE22EB9313220F0E0E7F0FBE220F1D9
:10712000E2FFE7E820000000C8EDE22EB93132208E
:10713000E2EDF3F2F02EEDE5E8F1EFF000000000F3
:10714000C8EDE22EB9313220EFE5F0E5E3F0F3E7E8
:10715000EAE020202000000000F1010001F101011F
:10716000C0B2C9B2FF4D560795F84F5806D5CBB1FE
:1071700096070ED4960608D5FBA60BE093B19607AA
:1071800007D456070ED596060CD4D6070AD1EE07BB
:1071900008D1FBA644F8206000F1010001F10101D3
:1071A000C0B2C9B2160709D543B1FBA644F82060A6
:1071B00000F1010001F10101C0B2C9B2D20607D548
:1071C00033B1FBA244F82020401C491CC0B2C9B214
:1071D000EA0707D033B1FCA244F82020401C491C28
:1071E000C0B2C9B297F8272932B1FDA244F82020D5
:1071F000401C491CC0B2C9B297F88B29632A08D930
:10720000FDA244F8202000F1010001F10101C0B20B
:10721000C9B2D44B97F80A2993F81C39D50709D07D
:1072200043B1FBA544F8205000F1010001F1010138
:10723000C0B2C9B2CB4D560795F80B5906D5CBB1A4
:1072400096070ED4960608D5F7A60BE093B19607DD
:1072500007D456070ED596060CD4D6070AD1EE07EA
:1072600008D1F7A644F8206000F1010001F1010106
:10727000C0B2C9B2160709D543B1F7A644F82060D9
:1072800000F1010001F10101C0B2C9B2D20607D577
:1072900033B1F7A244F82020401C491CC0B2C9B247
:1072A000B846EA0707D033B1F7A244F82020401CC3
:1072B000491CC0B2C9B298F8E32932B1F8A244F827
:1072C0002020401C491CC0B2C9B298F8472A632A42
:1072D00008D9F9A244F8202000F1010001F10101D0
:1072E000C0B2C9B29F4B98F8C62993F8D839D507D0
:1072F00009D043B1F6A544F8205000F1010001F196
:107300000101C0B2C9B2974D560795F8C75906D5C5
:10731000CBB196070ED4960608D5F3A60BE093B131
:10732000960707D456070ED596060CD4D6070AD171
:10733000EE0708D1F2A644F8206000F1010001F147
:107340000101C0B2C9B2160709D543B1F2A644F88B
:10735000206000F1010001F10101C0B2C9B2D20602
:1073600007D533B1F2A244F82020401C491CC0B21A
:10737000C9B2EA0707D033B1F3A244F82020401C79
:10738000491CC0B2C9B298F89F2A32B1F4A244F89D
:107390002020401C491CC0B2C9B298F8032B632AB4
:1073A00008D9F5A244F8202000F1010001F1010103
:1073B000C0B2C9B26B4B98F8822A93F8943AD507B9
:1073C00009D043B1F2A544F8205000F1010001F1C9
:1073D0000101C0B2C9B2634D560795F8835A06D56C
:1073E000CBB196070ED4960608D5EFA60BE093B165
:1073F000960707D456070ED596060CD4D6070AD1A1
:10740000EE0708D1EEA644F8206000F1010001F17A
:107410000101C0B2C9B2160709D543B1EEA644F8BE
:10742000206000F1010001F10101C0B2C9B2D20631
:1074300007D533B1EEA244F82020401C491CC0B24D
:10744000C9B2EA0707D033B1EFA244F82020401CAC
:10745000491CC0B2C9B298F85B2B32B1F0A244F813
:107460002020401C491CC0B2C9B298F8BF2B632A27
:1074700008D9F1A244F8202000F1010001F1010136
:10748000C0B2C9B2374B98F83E2B93F8503BD507A2
:1074900009D043B1EEA544F8205000F1010001F1FC
:1074A0000101C0B2C9B22F4D560795F83F5B06D512
:1074B000CBB196070ED4960608D5EBA60BE093B198
:1074C000960707D456070ED596060CD4D6070AD1D0
:1074D000EE0708D1EAA644F8206000F1010001F1AE
:1074E0000101C0B2C9B2160709D543B1EAA644F8F2
:1074F000206000F1010001F10101C0B2C9B2D20661
:1075000007D533B1EAA244F82020401C491CC0B280
:10751000C9B2EA0707D033B1EBA244F82020401CDF
:10752000491CC0B2C9B298F8172C32B1ECA244F889
:107530002020401C491CC0B2C9B298F87B2C632A99
:1075400008D9EDA244F8202000F1010001F1010169
:10755000C0B2C9B2034B98F8FA2BD50793F80C3C8C
:10756000D6E10000D03C0010C8EDE22EB931322047
:10757000F1E8EBFCED2EEDE0E3F0E5E220000000A9
:10758000C8EDE22EB9313220EFE5F0E5E3F0E5E2B7
:107590002CE2FBEAEB000000C8EDE22EB93132200C
:1075A000E7E0E2FBF82E2055E2FBF5212000000089
:1075B000C8EDE22EB9313220E7E0EDE8E62E2055A5
:1075C000E2FBF5212000000020C8EDE22EB93132A7
:1075D00020E7E0EDE8E62E2055646320200000005F
:1075E000C8EDE22EB9313320F0E0E7F0FBE220F104
:1075F000E2FFE7E820000000C8EDE22EB9313320B9
:10760000E2EDF3F2F02EEDE5E8F1EFF0000000001E
:10761000C8EDE22EB9313320EFE5F0E5E3F0F3E712
:10762000EAE0202020000000C8EDE22EB93133202E
:10763000F1E8EBFCED2EEDE0E3F0E5E220000000E8
:10764000C8EDE22EB9313320EFE5F0E5E3F0E5E2F5
:107650002CE2FBEAEB000000C8EDE22EB93133204A
:10766000E7E0E2FBF82E2055E2FBF52120000000C8
:10767000C8EDE22EB9313320E7E0EDE8E62E2055E3
:10768000E2FBF5212000000020C8EDE22EB93133E5
:1076900020E7E0EDE8E62E2055646320200000009E
:1076A000C8EDE22EB9313420F0E0E7F0FBE220F142
:1076B000E2FFE7E820000000C8EDE22EB9313420F7
:1076C000E2EDF3F2F02EEDE5E8F1EFF0000000005E
:1076D000C8EDE22EB9313420EFE5F0E5E3F0F3E751
:1076E000EAE0202020000000C8EDE22EB93134206D
:1076F000F1E8EBFCED2EEDE0E3F0E5E22000000028
:10770000C8EDE22EB9313420EFE5F0E5E3F0E5E233
:107710002CE2FBEAEB000000C8EDE22EB931342088
:10772000E7E0E2FBF82E2055E2FBF5212000000007
:10773000C8EDE22EB9313420E7E0EDE8E62E205521
:10774000E2FBF5212000000020C8EDE22EB9313423
:1077500020E7E0EDE8E62E205564632020000000DD
:10776000C8EDE22EB9313520F0E0E7F0FBE220F180
:10777000E2FFE7E820000000C8EDE22EB931352035
:10778000E2EDF3F2F02EEDE5E8F1EFF0000000009D
:10779000C8EDE22EB9313520EFE5F0E5E3F0F3E78F
:1077A000EAE0202020000000C8EDE22EB9313520AB
:1077B000F1E8EBFCED2EEDE0E3F0E5E22000000067
:1077C000C8EDE22EB9313520EFE5F0E5E3F0E5E272
:1077D0002CE2FBEAEB000000C8EDE22EB9313520C7
:1077E000E7E0E2FBF82E2055E2FBF5212000000047
:1077F000C8EDE22EB9313520E7E0EDE8E62E205560
:10780000E2FBF5212000000020C8EDE22EB9313561
:1078100020E7E0EDE8E62E2055646320200000001C
:10782000C8EDE22EB9313620F0E0E7F0FBE220F1BE
:10783000E2FFE7E820000000C8EDE22EB931362073
:10784000E2EDF3F2F02EEDE5E8F1EFF000000000DC
:10785000C8EDE22EB9313620EFE5F0E5E3F0F3E7CD
:10786000EAE0202020000000C8EDE22EB9313620E9
:10787000F1E8EBFCED2EEDE0E3F0E5E220000000A6
:10788000C8EDE22EB9313620EFE5F0E5E3F0E5E2B0
:107890002CE2FBEAEB000000C8EDE22EB931362005
:1078A000E7E0E2FBF82E2055E2FBF5212000000086
:1078B000C8EDE22EB9313620E7E0EDE8E62E20559E
:1078C000E2FBF5212000000020C8EDE22EB93136A0
:1078D00020E7E0EDE8E62E2055646320200000005C
:1078E000C8EDE22EB9313720F0E0E7F0FBE220F1FD
:1078F000E2FFE7E820000000C8EDE22EB9313720B2
:10790000E2EDF3F2F02EEDE5E8F1EFF0000000001B
:1079100009D043B1FEA544F8205000F1010001F167
:107920000101C0B2C9B25607FF4D95F8FB5B06D501
:10793000CBB196070ED4960608D5FCA60BE093B102
:10794000960707D456070ED596060CD4D6070AD14B
:10795000EE0708D1FBA644F8206000F1010001F118
:107960000101C0B2C9B2160709D543B1FBA644F85C
:10797000206000F1010001F10101C0B2C9B2D206DC
:1079800007D533B1FBA244F82020401C491CC0B2EB
:10799000C9B2EA0707D033B1FCA244F82020401C4A
:1079A000491CC0B2C9B298F8D32C32B1FDA244F838
:1079B0002020401C491CC0B2C9B298F8372D632A58
:1079C00008D9FEA244F8202000F1010001F10101D4
:1079D000C0B2C9B2D44B98F8B62C93F8C83CD507BE
:1079E00009D043B1FBA544F8205000F1010001F19A
:1079F0000101C0B2C9B2CC4D560795F8B75C06D5A7
:107A0000CBB196070ED4960608D5F8A60BE093B135
:107A1000960707D456070ED596060CD4D6070AD17A
:107A2000EE0708D1F7A644F8206000F1010001F14B
:107A30000101C0B2C9B2160709D543B1F7A644F88F
:107A4000206000F1010001F10101C0B2C9B2D2060B
:107A500007D533B1F7A244F82020401C491CC0B21E
:107A6000C9B2EA0707D033B1F8A244F82020401C7D
:107A7000491CC0B2C9B298F88F2D32B1F9A244F8AE
:107A80002020401C491CC0B2C9B298F8F32D632ACB
:107A900007D9FAA244F82020401C01F10101C0B22C
:107AA000C9B2A14B98F8722D93F8843DD50709D03F
:107AB00043B1F8A544F8205000F1010001F10101A3
:107AC000C0B2C9B2984D560795F8735D06D5CBB1D3
:107AD00096070ED4960608D5F4A60BE093B1960748
:107AE00007D456070ED596060CD4D6070AD1EE0752
:107AF00008D1F4A644F8206000F1010001F1010171
:107B0000C0B2C9B2160709D543B1F4A644F8206043
:107B100000F1010001F10101C0B2C9B2D20607D5DE
:107B200033B1F4A244F82020401C491CC0B2C9B2B1
:107B3000EA0707D033B1F5A244F82020401C491CC5
:107B4000C0B2C9B298F84B2E32B1F6A244F8202048
:107B5000401C491CC0B2C9B298F8AF2E632A07D99D
:107B6000F6A244F82020401C01F10101C0B2C9B2C4
:107B70006D4B98F82E2E93F8403ED50709D043B1AF
:107B8000F4A544F8205000F1010001F10101C0B258
:107B9000C9B2654D560795F82F5E06D5CBB196074D
:107BA0000ED4960608D5F1A60BE093B1960707D43C
:107BB00056070ED596060CD4D6070AD1EE0708D183
:107BC000F0A644F8206000F1010001F10101C0B20B
:107BD000C9B2160709D543B1F0A644F8206000F1F8
:107BE000010001F10101C0B2C9B2D20607D533B11B
:107BF000F0A244F82020401C491CC0B2C9B2EA07D8
:107C000007D033B1F1A244F82020401C491CC0B277
:107C1000C9B298F8072F32B1F2A244F82020401CD4
:107C2000491CC0B2C9B298F86B2F632A06D9F3A2D7
:107C300044F82020401C491CC0B2C9B23A4B98F805
:107C4000EA2E93F8FC3ED50709D043B1F1A544F8DC
:107C5000205000F1010001F10101C0B2C9B2324D62
:107C6000560795F8EB5E06D5CBB196070ED496066F
:107C700008D5EEA60BE093B1960707D456070ED5AC
:107C800096060CD4D6070AD1EE0708D1EDA644F823
:107C9000206000F1010001F10101C0B2C9B2160774
:107CA00009D543B1EDA644F8206000F1010001F1CF
:107CB0000101C0B2C9B2D20607D533B1EDA244F872
:107CC0002020401C491CC0B2C9B2EA0707D033B11A
:107CD000EEA244F82020401C491CC0B2C9B298F85A
:107CE000C32F32B1EFA244F82020401C491CC0B27F
:107CF000C9B2F24A92F82730632B06D9F0A344F8B0
:107D00002030401C491CC0B2C9B297F8A63FE3E13D
:107D1000C8EDE22EB9313720EFE5F0E5E3F0F3E707
:107D2000EAE0202020000000D03C0010C8EDE22E48
:107D3000B9313720F1E8EBFCED2EEDE0E3F0E5E2C0
:107D400020000000C8EDE22EB9313720EFE5F0E564
:107D5000E3F0E5E22CE2FBEAEB000000C8EDE22EE6
:107D6000B9313720E7E0E2FBF82E2055E2FBF521A0
:107D700020000000C8EDE22EB9313720E7E0EDE841
:107D8000E62E2055E2FBF5212000000020C8EDE2A0
:107D90002EB9313720E7E0EDE8E62E205564632068
:107DA00020000000C8EDE22EB9313820F0E0E7F005
:107DB000FBE220F1E2FFE7E820000000C8EDE22E40
:107DC000B9313820E2EDF3F2F02EEDE5E8F1EFF015
:107DD00000000000C8EDE22EB9313820EFE5F0E5F3
:107DE000E3F0F3E7EAE0202020000000C8EDE22EF7
:107DF000B9313820F1E8EBFCED2EEDE0E3F0E5E2FF
:107E000020000000C8EDE22EB9313820EFE5F0E5A2
:107E1000E3F0E5E22CE2FBEAEB000000C8EDE22E25
:107E2000B9313820E7E0E2FBF82E2055E2FBF521DE
:107E300020000000C8EDE22EB9313820E7E0EDE87F
:107E4000E62E2055E2FBF5212000000020C8EDE2DF
:107E50002EB9313820E7E0EDE8E62E2055646320A6
:107E600020000000C8EDE22EB9313920F0E0E7F043
:107E7000FBE220F1E2FFE7E820000000C8EDE22E7F
:107E8000B9313920E2EDF3F2F02EEDE5E8F1EFF053
:107E900000000000C8EDE22EB9313920EFE5F0E531
:107EA000E3F0F3E7EAE0202020000000C8EDE22E36
:107EB000B9313920F1E8EBFCED2EEDE0E3F0E5E23D
:107EC00020000000C8EDE22EB9313920EFE5F0E5E1
:107ED000E3F0E5E22CE2FBEAEB000000C8EDE22E65
:107EE000B9313920E7E0E2FBF82E2055E2FBF5211D
:107EF00020000000C8EDE22EB9313920E7E0EDE8BE
:107F0000E62E2055E2FBF5212000000020C8EDE21E
:107F10002EB9313920E7E0EDE8E62E2055646320E4
:107F200020000000C8EDE22EB9323020F0E0E7F08A
:107F3000FBE220F1E2FFE7E820000000C8EDE22EBE
:107F4000B9323020E2EDF3F2F02EEDE5E8F1EFF09A
:107F500000000000C8EDE22EB9323020EFE5F0E578
:107F6000E3F0F3E7EAE0202020000000C8EDE22E75
:107F7000B9323020F1E8EBFCED2EEDE0E3F0E5E284
:107F800020000000C8EDE22EB9323020EFE5F0E528
:107F9000E3F0E5E22CE2FBEAEB000000C8EDE22EA4
:107FA000B9323020E7E0E2FBF82E2055E2FBF52164
:107FB00020000000C8EDE22EB9323020E7E0EDE805
:107FC000E62E2055E2FBF5212000000020C8EDE25E
:107FD0002EB9323020E7E0EDE8E62E20556463202C
:107FE00020000000C8EDE22EB9323120F0E0E7F0C9
:107FF000FBE220F1E2FFE7E820000000C8EDE22EFE
:10800000B9323120E2EDF3F2F02EEDE5E8F1EFF0D8
:1080100000000000C8EDE22EB9323120EFE5F0E5B6
:10802000E3F0F3E7EAE0202020000000C8EDE22EB4
:10803000B9323120F1E8EBFCED2EEDE0E3F0E5E2C2
:1080400020000000C8EDE22EB9323120EFE5F0E566
:10805000E3F0E5E22CE2FBEAEB000000C8EDE22EE3
:10806000B9323120E7E0E2FBF82E2055E2FBF521A2
:1080700020000000C8EDE22EB9323120E7E0EDE843
:10808000E62E2055E2FBF5212000000020C8EDE29D
:108090002EB9323120E7E0EDE8E62E20556463206A
:1080A00020000000C8EDE22EB9323220F0E0E7F007
:1080B000FBE220F1E2FFE7E820000000D04C0010D6
:1080C000C8EDE22EB9323220E2EDF3F2F02EEDE50A
:1080D000E8F1EFF000000000FF4EDD0796F8B87FF2
:1080E00009D047B1FDA544F8205000F1010001F18D
:1080F0000101C0B2C9B2F84D5E0795F8A75F06D579
:10810000CFB19E070ED49E0608D5FAA60BE097B114
:108110009E0707D45E070ED59E060CD4DE070AD153
:10812000EE0708D1F9A644F8206000F1010001F142
:108130000101C0B2C9B21E0709D547B1F9A644F87A
:10814000206000F1010001F10101C0B2C9B2DB06FB
:1081500007D537B1F9A344F82030401C491CC0B200
:10816000C9B2EB0707D037B1FAA344F82030401C5E
:10817000491CC0B2C9B292F87F3033B1FBA344F8B6
:108180002030401C491CC0B2C9B292F8E330632BC6
:1081900006D9FCA344F82030401C491CC0B2C9B227
:1081A000FE4E92F8623096F87470DD0709D047B140
:1081B000FBA544F8205000F1010001F10101C0B21B
:1081C000C9B2F64D5E0795F8635006D5CFB19E074C
:1081D0000ED49E0608D5F8A60BE097B19E0707D4EB
:1081E0005E070ED59E060CD4DE070AD1EE0708D135
:1081F000F7A644F8206000F1010001F10101C0B2CE
:10820000C9B21E0709D547B1F7A644F8206000F1AE
:10821000010001F10101C0B2C9B2DB0607D537B1D7
:10822000F7A344F82030401C491CC0B2C9B2EB0788
:1082300007D037B1F8A344F82030401C491CC0B225
:10824000C9B292F83B3133B1F9A344F82030401C55
:10825000491CC0B2C9B292F89F31632B08D9FAA366
:1082600044F8203000F1010001F10101C0B2C9B2AF
:10827000CA4E92F81E3196F83071DD0709D047B129
:10828000F7A544F8205000F1010001F10101C0B24E
:10829000C9B2C24D5E0795F81F5106D5CFB19E07F2
:1082A0000ED49E0608D5F4A60BE097B19E0707D41E
:1082B0005E070ED59E060CD4DE070AD1EE0708D164
:1082C000F3A644F8206000F1010001F10101C0B201
:1082D000C9B21E0709D547B1F3A644F8206000F1E2
:1082E000010001F10101C0B2C9B2DB0607D537B107
:1082F000F3A344F82030401C491CC0B2C9B2EB07BC
:1083000007D037B1F4A344F82030401C491CC0B258
:10831000C9B292F8F73133B1F5A344F82030401CCC
:10832000491CC0B2C9B292F85B32632B08D9F6A3DC
:1083300044F8203000F1010001F10101C0B2C9B2DE
:10834000964E92F8DA3196F8EC71DD0709D047B114
:10835000F3A544F8205000F1010001F10101C0B281
:10836000C9B28E4D5E0795F8DB5106D5CFB19E0799
:108370000ED49E0608D5F0A60BE097B19E0707D451
:108380005E070ED59E060CD4DE070AD1EE0708D193
:10839000EFA644F8206000F1010001F10101C0B234
:1083A000C9B21E0709D547B1EFA644F8206000F115
:1083B000010001F10101C0B2C9B2DB0607D537B136
:1083C000EFA344F82030401C491CC0B2C9B2EB07EF
:1083D00007D037B1F0A344F82030401C491CC0B28C
:1083E000C9B292F8B33233B1F1A344F82030401C43
:1083F000491CC0B2C9B292F81733632B08D9F2A353
:1084000044F8203000F1010001F10101C0B2C9B20D
:10841000624E92F8963296F8A872DD0709D047B1FD
:10842000EFA544F8205000F1010001F10101C0B2B4
:10843000C9B25A4D5E0795F8975206D5CFB19E073F
:108440000ED49E0608D5ECA60BE097B19E0707D484
:108450005E070ED59E060CD4DE070AD1EE0708D1C2
:10846000EBA644F8206000F1010001F10101C0B267
:10847000C9B21E0709D547B1EBA644F8206000F148
:10848000010001F10101C0B2C9B2DB0607D537B165
:10849000EBA344F82030401C491CC0B2C9B2EB0722
:1084A00007D037B1ECA344F82030401C491CC0B2BF
:1084B000C9B292F86F3333B1EDA344F82030401CB9
:1084C000491CC0B2C9B292F8D333632B03D9EEA3CF
:1084D00044F82030E4E1E9E1D03C0010C8EDE22EA0
:1084E000B9323220EFE5F0E5E3F0F3E7EAE02020EF
:1084F00020000000C8EDE22EB9323220F1E8EBFC9A
:10850000ED2EEDE0E3F0E5E220000000C8EDE22E04
:10851000B9323220EFE5F0E5E3F0E5E22CE2FBEAE8
:10852000EB000000C8EDE22EB9323220E7E0E2FBBA
:10853000F82E2055E2FBF52120000000C8EDE22EC8
:10854000B9323220E7E0EDE8E62E2055E2FBF521D6
:108550002000000020C8EDE22EB9323220E7E0ED25
:10856000E8E62E205564632020000000C8EDE22ECE
:10857000B9323320F0E0E7F0FBE220F1E2FFE7E878
:1085800020000000C8EDE22EB9323320E2EDF3F214
:10859000F02EEDE5E8F1EFF000000000D04C001007
:1085A000C8EDE22EB9323320EFE5F0E5E3F0F3E772
:1085B000EAE0202020000000C8EDE22EB93233208E
:1085C000F1E8EBFCED2EEDE0E3F0E5E22000000049
:1085D000C8EDE22EB9323320EFE5F0E5E3F0E5E255
:1085E0002CE2FBEAEB000000C8EDE22EB9323320AA
:1085F000E7E0E2FBF82E2055E2FBF5212000000029
:10860000C8EDE22EB9323320E7E0EDE8E62E205542
:10861000E2FBF5212000000020C8EDE22EB9323344
:1086200020E7E0EDE8E62E205564632020000000FE
:10863000C8EDE22EB9323420F0E0E7F0FBE220F1A1
:10864000E2FFE7E820000000C8EDE22EB932342056
:10865000E2EDF3F2F02EEDE5E8F1EFF000000000BE
:10866000C8EDE22EB9323420EFE5F0E5E3F0F3E7B0
:10867000EAE0202020000000C8EDE22EB9323420CC
:10868000F1E8EBFCED2EEDE0E3F0E5E22000000088
:10869000C8EDE22EB9323420EFE5F0E5E3F0E5E293
:1086A0002CE2FBEAEB000000C8EDE22EB9323420E8
:1086B000E7E0E2FBF82E2055E2FBF5212000000068
:1086C000C8EDE22EB9323420E7E0EDE8E62E205581
:1086D000E2FBF5212000000020C8EDE22EB9323483
:1086E00020E7E0EDE8E62E2055646320200000003E
:1086F000C8EDE22EB9323520F0E0E7F0FBE220F1E0
:10870000E2FFE7E820000000C8EDE22EB932352094
:10871000E2EDF3F2F02EEDE5E8F1EFF000000000FD
:10872000C8EDE22EB9323520EFE5F0E5E3F0F3E7EE
:10873000EAE0202020000000C8EDE22EB93235200A
:10874000F1E8EBFCED2EEDE0E3F0E5E220000000C7
:10875000C8EDE22EB9323520EFE5F0E5E3F0E5E2D1
:108760002CE2FBEAEB000000C8EDE22EB932352026
:10877000E7E0E2FBF82E2055E2FBF52120000000A7
:10878000C8EDE22EB9323520E7E0EDE8E62E2055BF
:10879000E2FBF5212000000020C8EDE22EB93235C1
:1087A00020E7E0EDE8E62E2055646320200000007D
:1087B000C8EDE22EB9323620F0E0E7F0FBE220F11E
:1087C000E2FFE7E820000000C8EDE22EB9323620D3
:1087D000E2EDF3F2F02EEDE5E8F1EFF0000000003D
:1087E000C8EDE22EB9323620EFE5F0E5E3F0F3E72D
:1087F000EAE0202020000000C8EDE22EB932362049
:10880000F1E8EBFCED2EEDE0E3F0E5E22000000006
:10881000C8EDE22EB9323620EFE5F0E5E3F0E5E20F
:108820002CE2FBEAEB000000C8EDE22EB932362064
:10883000E7E0E2FBF82E2055E2FBF52120000000E6
:10884000C8EDE22EB9323620E7E0EDE8E62E2055FD
:10885000E2FBF5212000000020C8EDE22EB93236FF
:1088600020E7E0EDE8E62E205564632020000000BC
:10887000C8EDE22EB9323720F0E0E7F0FBE220F15C
:10888000E2FFE7E820000000C8EDE22EB932372011
:10889000E2EDF3F2F02EEDE5E8F1EFF0000000007C
:1088A00000F1010001F10101C0B2C9B292F85233E6
:1088B000DD07FF4E96F8647309D047B1FDA544F873
:1088C000205000F1010001F10101C0B2C9B2F84D20
:1088D0005E0795F8535306D5CFB19E070ED49E067A
:1088E00008D5FAA60BE097B19E0707D45E070ED510
:1088F0009E060CD4DE070AD1EE0708D1F9A644F88B
:10890000206000F1010001F10101C0B2C9B21E07EF
:1089100009D547B1F9A644F8206000F1010001F142
:108920000101C0B2C9B2DB0607D537B1F9A344F8DB
:108930002030401C491CC0B2C9B2EB0707D037B188
:10894000FAA344F82030401C491CC0B2C9B292F8C6
:108950002B3433B1FBA344F82030401C491CC0B277
:10896000C9B292F88F34632B08D9FCA344F82030A5
:1089700000F1010001F10101C0B2C9B2CC4E92F880
:108980000E3496F82074DD0709D047B1F9A544F8F4
:10899000205000F1010001F10101C0B2C9B2C44D83
:1089A0005E0795F80F5406D5CFB19E070ED49E06EC
:1089B00008D5F6A60BE097B19E0707D45E070ED543
:1089C0009E060CD4DE070AD1EE0708D1F5A644F8BE
:1089D000206000F1010001F10101C0B2C9B21E071F
:1089E00009D547B1F5A644F8206000F1010001F176
:1089F0000101C0B2C9B2DB0607D537B1F5A344F80F
:108A00002030401C491CC0B2C9B2EB0707D037B1B7
:108A1000F6A344F82030401C491CC0B2C9B292F8F9
:108A2000E73433B1F7A344F82030401C491CC0B2EE
:108A3000C9B292F84B35632B08D9F8A344F820301B
:108A400000F1010001F10101C0B2C9B2984E92F8E3
:108A5000CA3496F8DC74DD0709D047B1F5A544F8AF
:108A6000205000F1010001F10101C0B2C9B2904DE6
:108A70005E0795F8CB5406D5CFB19E070ED49E065F
:108A800008D5F2A60BE097B19E0707D45E070ED576
:108A90009E060CD4DE070AD1EE0708D1F1A644F8F1
:108AA000206000F1010001F10101C0B2C9B21E074E
:108AB00009D547B1F1A644F8206000F1010001F1A9
:108AC0000101C0B2C9B2DB0607D537B1F1A344F842
:108AD0002030401C491CC0B2C9B2EB0707D037B1E7
:108AE000F2A344F82030401C491CC0B2C9B292F82D
:108AF000A33533B1F3A344F82030401C491CC0B265
:108B0000C9B292F80736632B08D9F4A344F8203091
:108B100000F1010001F10101C0B2C9B2644E92F846
:108B2000863596F89875DD0709D047B1F1A544F868
:108B3000205000F1010001F10101C0B2C9B25C4D49
:108B40005E0795F8875506D5CFB19E070ED49E06D1
:108B500008D5EEA60BE097B19E0707D45E070ED5A9
:108B60009E060CD4DE070AD1EE0708D1EDA644F824
:108B7000206000F1010001F10101C0B2C9B21E077D
:108B800009D547B1EDA644F8206000F1010001F1DC
:108B90000101C0B2C9B2DB0607D537B1EDA344F875
:108BA0002030401C491CC0B2C9B2EB0707D037B116
:108BB000EEA344F82030401C491CC0B2C9B292F860
:108BC0005F3633B1EFA344F82030401C491CC0B2DB
:108BD000C9B292F8C336632B08D9F0A344F8203009
:108BE00000F1010001F10101C0B2C9B2304E92F8AA
:108BF000423696F85476DD0709D047B1EDA544F822
:108C0000205000F1010001F10101C0B2C9B2284DAC
:108C10005E0795F8435606D5CFB19E070ED49E0643
:108C200008D5EAA60BE097B19E0707D45E070ED5DC
:108C30009E060CD4DE070AD1EE0708D1E9A644F857
:108C4000206000F1010001F10101C0B2C9B21E07AC
:108C500009D547B1E9A644F8206000F1010001F10F
:108C60000101C0B2C9B2DB0607D537B1E9A344F8A8
:108C70002030401C491CC0B2C9B2EB0707D037B145
:108C8000EAA344F82030401C491CC0B2C9B292F893
:108C90001B3733B1EBA344F82030401C491CC0B251
:108CA000C9B292F87F37632B01D9ECA3E2E1E8E186
:108CB000D04C0010C8EDE22EB9323720EFE5F0E5D8
:108CC000E3F0F3E7EAE0202020000000C8EDE22E08
:108CD000B9323720F1E8EBFCED2EEDE0E3F0E5E210
:108CE00020000000C8EDE22EB9323720EFE5F0E5B4
:108CF000E3F0E5E22CE2FBEAEB000000C8EDE22E37
:108D0000B9323720E7E0E2FBF82E2055E2FBF521EF
:108D100020000000C8EDE22EB9323720E7E0EDE890
:108D2000E62E2055E2FBF5212000000020C8EDE2F0
:108D30002EB9323720E7E0EDE8E62E2055646320B7
:108D400020000000C8EDE22EB9323820F0E0E7F054
:108D5000FBE220F1E2FFE7E820000000C8EDE22E90
:108D6000B9323820E2EDF3F2F02EEDE5E8F1EFF064
:108D700000000000C8EDE22EB9323820EFE5F0E542
:108D8000E3F0F3E7EAE0202020000000C8EDE22E47
:108D9000B9323820F1E8EBFCED2EEDE0E3F0E5E24E
:108DA00020000000C8EDE22EB9323820EFE5F0E5F2
:108DB000E3F0E5E22CE2FBEAEB000000C8EDE22E76
:108DC000B9323820E7E0E2FBF82E2055E2FBF5212E
:108DD00020000000C8EDE22EB9323820E7E0EDE8CF
:108DE000E62E2055E2FBF5212000000020C8EDE230
:108DF0002EB9323820E7E0EDE8E62E2055646320F6
:108E000020000000C8EDE22EB9323920F0E0E7F092
:108E1000FBE220F1E2FFE7E820000000C8EDE22ECF
:108E2000B9323920E2EDF3F2F02EEDE5E8F1EFF0A2
:108E300000000000C8EDE22EB9323920EFE5F0E580
:108E4000E3F0F3E7EAE0202020000000C8EDE22E86
:108E5000B9323920F1E8EBFCED2EEDE0E3F0E5E28C
:108E600020000000C8EDE22EB9323920EFE5F0E530
:108E7000E3F0E5E22CE2FBEAEB000000C8EDE22EB5
:108E8000B9323920E7E0E2FBF82E2055E2FBF5216C
:108E900020000000C8EDE22EB9323920E7E0EDE80D
:108EA000E62E2055E2FBF5212000000020C8EDE26F
:108EB0002EB9323920E7E0EDE8E62E205564632034
:108EC00020000000C8EDE22EB9333020F0E0E7F0DA
:108ED000FBE220F1E2FFE7E820000000C8EDE22E0F
:108EE000B9333020E2EDF3F2F02EEDE5E8F1EFF0EA
:108EF00000000000C8EDE22EB9333020EFE5F0E5C8
:108F0000E3F0F3E7EAE0202020000000C8EDE22EC5
:108F1000B9333020F1E8EBFCED2EEDE0E3F0E5E2D3
:108F200020000000C8EDE22EB9333020EFE5F0E577
:108F3000E3F0E5E22CE2FBEAEB000000C8EDE22EF4
:108F4000B9333020E7E0E2FBF82E2055E2FBF521B3
:108F500020000000C8EDE22EB9333020E7E0EDE854
:108F6000E62E2055E2FBF5212000000020C8EDE2AE
:108F70002EB9333020E7E0EDE8E62E20556463207B
:108F800020000000C8EDE22EB9333120F0E0E7F018
:108F9000FBE220F1E2FFE7E820000000C8EDE22E4E
:108FA000B9333120E2EDF3F2F02EEDE5E8F1EFF028
:108FB00000000000C8EDE22EB9333120EFE5F0E506
:108FC000E3F0F3E7EAE0202020000000C8EDE22E05
:108FD000B9333120F1E8EBFCED2EEDE0E3F0E5E212
:108FE00020000000C8EDE22EB9333120EFE5F0E5B6
:108FF000E3F0E5E22CE2FBEAEB000000C8EDE22E34
:10900000B9333120E7E0E2FBF82E2055E2FBF521F1
:1090100020000000C8EDE22EB9333120E7E0EDE892
:10902000E62E2055E2FBF5212000000020C8EDE2ED
:109030002EB9333120E7E0EDE8E62E2055646320B9
:1090400020000000C8EDE22EB9333220F0E0E7F056
:10905000FBE220F1E2FFE7E820000000C8EDE22E8D
:10906000B9333220E2EDF3F2F02EEDE5E8F1EFF066
:109070000000000044F82030401C01F10101C0B2A2
:10908000C9B292F8FE36DD07FF4E96F8107709D088
:1090900047B1FEA544F8205000F1010001F10101A3
:1090A000C0B2C9B2F84D5E0795F8FF5606D5CFB1EC
:1090B0009E070ED49E0608D5FAA60BE097B19E0730
:1090C00007D45E070ED59E060CD4DE070AD1EE0744
:1090D00008D1FAA644F8206000F1010001F1010175
:1090E000C0B2C9B21E0709D547B1FAA644F820603C
:1090F00000F1010001F10101C0B2C9B2DB0607D5E0
:1091000037B1FAA344F82030401C491CC0B2C9B2A0
:10911000EB0707D037B1FBA344F82030401C491CB3
:10912000C0B2C9B292F8D73733B1FCA344F82030AB
:10913000401C491CC0B2C9B292F83B38632B07D916
:10914000FCA344F82030401C01F10101C0B2C9B2B7
:10915000CD4B92F8BA2793F8CC37D50709D043B155
:10916000FAA544F8205000F1010001F10101C0B25C
:10917000C9B2C54D560795F8BB5706D5CBB1960772
:109180000ED4960608D5F7A60BE093B1960707D440
:1091900056070ED596060CD4D6070AD1EE0708D18D
:1091A000F6A644F8206000F1010001F10101C0B20F
:1091B000C9B2160709D543B1F6A644F8206000F1FC
:1091C000010001F10101C0B2C9B2D20607D533B125
:1091D000F6A244F82020401C491CC0B2C9B2EA07DC
:1091E00007D033B1F7A244F82020401C491CC0B27C
:1091F000C9B2FA4AB9F1010FB2F906308EF800305F
:109200009B4609D17A9B3BB1BCF1000F04D1F44BD2
:10921000491C44F82030C9B2F04A803A507B401CC7
:10922000C0B2507314280AD3EC480022803842732D
:10923000037B5B1CDBB203738B4200D30273E748F2
:109240004FF06408F4300246017892F9010092F977
:109250000450F43A02AEB2F910200092E9B3DF4CA8
:10926000F4342246892992F902200192C2EB0213BA
:1092700003EB4212DB4B03EB820202F03F81072338
:109280008A2902F0BF818B2902F063828D2902F0C6
:1092900080848E2902F05885082902F05E872246D4
:1092A000092992F9042006EB820702F06787282932
:1092B00002F09C87C94A6C29B2F90A2006EB8208A1
:1092C00002F0A9876D2903F06F80C44AA146B2F964
:1092D0000A30B2F90820D41800E0ACE17C9206EB29
:1092E000820206EB84037B926E2903F0D8806F29FB
:1092F00003F09082822903F00083872903F02583FD
:10930000812903F01384802903F04584B34BF4339F
:1093100093F9042093F901309A1A9B1E5BB29C4684
:10932000212903F0E885B04B2C291B7803F0018636
:109330002B2903F01B864C467B2903F031867C29C0
:1093400003F0A186A54BF4335B785B1E5BB29E46AF
:109350007D2905F0A181A14B8033B3F908309946EE
:109360005B1E7D93A14B7E93672905F0FF816929E0
:1093700005F02C826B2905F07182DFF860921629C6
:1093800009F1AE0905F0978209F146031729F9D0D2
:109390002929F7D02A29F5D06129F3D03229F1D033
:1093A00003F1C804592905F0AE827F2905F0D8825F
:1093B0001C46102905F0FC82492905F0D985A3F542
:1093C000BA734FF05E0993F824300193512905F0E8
:1093D000F985522905F078862F2906F08D807129AC
:1093E00006F0F180882906F01181A146332906F0A4
:1093F0007684712906F0D584722906F0F1847329E8
:1094000006F0048504F16408742906F0B68675290F
:1094100006F0F7866C34762906F05C87772906F02B
:10942000A987782906F0F787792907F046808329EC
:1094300007F02C81842907F04681852907F0BE8139
:109440001F2907F008823A2907F072823B2907F0AA
:109450009282392907F02284632907F04B84652919
:1094600007F09B84382907F0AB844B4693F9023010
:1094700003EB430404EB03135A4C983C04EB8303C3
:10948000362907F0C784B3E0D04C0010C8EDE22EB7
:10949000B9333220EFE5F0E5E3F0F3E7EAE020202E
:1094A00020000000C8EDE22EB9333220F1E8EBFCD9
:1094B000ED2EEDE0E3F0E5E220000000C8EDE22E45
:1094C000B9333220EFE5F0E5E3F0E5E22CE2FBEA28
:1094D000EB000000C8EDE22EB9333220E7E0E2FBFA
:1094E000F82E2055E2FBF52120000000C8EDE22E09
:1094F000B9333220E7E0EDE8E62E2055E2FBF52116
:109500002000000020C8EDE22EB9333220E7E0ED64
:10951000E8E62E205564632020000000C8EDE22E0E
:10952000B9333320F0E0E7F0FBE220F1E2FFE7E8B7
:1095300020000000C8EDE22EB9333320E2EDF3F253
:10954000F02EEDE5E8F1EFF000000000C8EDE22EAE
:10955000B9333320EFE5F0E5E3F0F3E7EAE020206C
:1095600020000000C8EDE22EB9333320F1E8EBFC17
:10957000ED2EEDE0E3F0E5E220000000C8EDE22E84
:10958000B9333320EFE5F0E5E3F0E5E22CE2FBEA66
:10959000EB000000C8EDE22EB9333320E7E0E2FB38
:1095A000F82E2055E2FBF52120000000C8EDE22E48
:1095B000B9333320E7E0EDE8E62E2055E2FBF52154
:1095C0002000000020C8EDE22EB9333320E7E0EDA3
:1095D000E8E62E205564632020000000A0C007208C
:1095E0000C600000D03C0010160000102460001039
:1095F000372907F00E85562907F012873C2908F015
:109600008F810F2312241527552908F0AF81572980
:1096100008F0B582582908F0E8848F2908F0D1872E
:10962000342909F09480702908F0EF87862909F021
:10963000158009F05CB80027042A00D30127C0A2D6
:109640000292C54A0099B2F97E30B2F9122019B1DE
:10965000012974D001F039BD012A04D0022A6FD04B
:10966000032A6ED0F6E7BDA10291C2A10391C7A162
:109670000491CCA10591D1A10691D6A10791DBA1BE
:10968000012B09D04FF0000206EB82025161DDA2EE
:1096900005D14FF0010104E04FF00102F4E74FF073
:1096A000000106EB81018A61DCA202D14FF00101C9
:1096B00001E04FF0000106EB8101CA61DDA202D199
:1096C0004FF0010101E04FF0000106EB81010A6259
:1096D000DEA202D14FF0010101E04FF0000106EBE4
:1096E00081014A62DFA202D14FF0010101E04FF097
:1096F000000106EB81014A61E0A202D14FF00101B5
:1097000001E04FF0000106EB81018A61E1A202D184
:109710004FF0010101E04FF0000106EB8101CA6149
:10972000E2A202D14FF0010101E04FF0000106EB8F
:1097300081010A62E3A205D14FF0010104E0F1E3E7
:1097400073E3F0E34FF0000106EB81014A62E3A20C
:1097500002D14FF0010101E04FF0000106EB810161
:109760008A62E4A202D14FF0010101E04FF0000152
:1097700006EB8101CA62E5A202D14FF0010101E0CE
:109780004FF0000106EB81010A63E6A202D14FF01F
:10979000010101E04FF0000106EB81014A63E7A2FD
:1097A00002D14FF0010101E04FF0000106EB810111
:1097B0008A63E8A202D14FF0010101E04FF00001FD
:1097C00006EB8101CA63E9A202D14FF0010101E079
:1097D0004FF0000106EB81010A64EAA202D14FF0CA
:1097E000010101E04FF0000106EB81014A64EBA2A8
:1097F00002D14FF0010101E04FF0000106EB8101C1
:109800008A64ECA202D14FF0010101E04FF00001A7
:1098100006EB8101CA64EDA202D14FF0010101E023
:109820004FF0000106EB81010A65EEA202D14FF074
:10983000010101E04FF0000106EB81014A65EFA252
:1098400002D14FF0010101E04FF0000106EB810170
:109850008A65F0A202D14FF0010101E04FF0000152
:1098600006EB8101CA65F1A202D14FF0010101E0CE
:109870004FF0000106EB81010A66F2A202D14FF01F
:10988000010101E04FF0000106EB81014A66F3A2FD
:1098900002D14FF0010101E04FF0000106EB810120
:1098A0008A66F4A202D14FF0010101E04FF00001FD
:1098B00006EB8101CA66F5A202D14FF0010101E079
:1098C0004FF0000106EB81010A67F6A202D14FF0CA
:1098D000010101E04FF0000106EB81014A67F7A2A8
:1098E00002D14FF0010101E04FF0000106EB8101D0
:1098F0008A67F8A202D14FF0010101E04FF00001A8
:1099000006EB8101CA67F9A202D14FF0010101E023
:109910004FF0000106EB8101C1F88020F9A202D1CD
:109920004FF0010101E04FF0000106EB8101C1F8A9
:109930008420FAA202D14FF00101FDE1FAE100001A
:109940002020EDE5EEEFF0E5E4E5EBE5EDEDEEF101
:10995000F2FC202000000000A0C007202020C22030
:10996000F0E0E1EEF2E5202020206BE8EDE22E2091
:109970000000000055E2FBF53D20205BC22049E2DB
:10998000FBF53D2020205DC00000000020202020AD
:1099900050E2FBF53D202020202040C2F220202074
:1099A000000000002030253A305E3A302620303C5E
:1099B0002F3E20202F307B20000000002020202080
:1099C0005564632EE2F52E20202023C22020202083
:1099D000000000002020202046E2FBF52E20202061
:1099E000202079C3F62020200000000020C1E0E9FB
:1099F000EFE0F12020202020202020202020202007
:109A00000000000020C1E0E9EFE0F1204E3220200C
:109A100020202020202020200000000020C1E0E99C
:109A2000EFE0F1204E332020202020202020202095
:109A30000000000020C1E0E9EFE0F1204E342020DA
:109A400020202020202020200000000020C1E0E96C
:109A5000EFE0F1204E352020202020202020202063
:109A60000000000020C8EDE2E5F0F2EEF0204E31FB
:109A700020202020202020200000000020C8EDE22F
:109A8000E5F0F2EEF0204E32202020202020202091
:109A90000000000020C8EDE2E5F0F2EEF0204E33C9
:109AA00020202020202020200000000020C8EDE2FF
:109AB000E5F0F2EEF0204E3420202020202020205F
:109AC0000000000020C8EDE2E5F0F2EEF0204E3597
:109AD00020202020202020200000000020C8EDE2CF
:109AE000E5F0F2EEF0204E3620202020202020202D
:109AF0000000000020C8EDE2E5F0F2EEF0204E3765
:109B000020202020202020200000000020C8EDE29E
:109B1000E5F0F2EEF0204E382020202020202020FA
:109B20000000000020C8EDE2E5F0F2EEF0204E3932
:109B300020202020202020200000000020C8EDE26E
:109B4000E5F0F2EEF0204E313020202020202020C1
:109B50000000000020C8EDE2E5F0F2EEF0204E310A
:109B600031202020202020200000000020C8EDE22D
:109B7000E5F0F2EEF0204E3132202020202020208F
:109B80000000000020C8EDE2E5F0F2EEF0204E31DA
:109B900033202020202020200000000020C8EDE2FB
:109BA000E5F0F2EEF0204E3134202020202020205D
:109BB0000000000020C8EDE2E5F0F2EEF0204E31AA
:109BC00035202020202020200000000020C8EDE2C9
:109BD000E5F0F2EEF0204E3136202020202020202B
:109BE0000000000020C8EDE2E5F0F2EEF0204E317A
:109BF00037202020202020200000000020C8EDE297
:109C0000E5F0F2EEF0204E313820202020202020F8
:109C10000000000020C8EDE2E5F0F2EEF0204E3149
:109C200039202020202020200000000020C8EDE264
:109C3000E5F0F2EEF0204E323020202020202020CF
:109C40000000000020C8EDE2E5F0F2EEF0204E3218
:109C500031202020202020200000000020C8EDE23C
:109C6000E5F0F2EEF0204E3232202020202020209D
:109C70000000000020C8EDE2E5F0F2EEF0204E32E8
:109C800033202020202020200000000020C8EDE20A
:109C9000E5F0F2EEF0204E3234202020202020206B
:109CA0000000000020C8EDE2E5F0F2EEF0204E32B8
:109CB00035202020202020200000000020C8EDE2D8
:109CC000E5F0F2EEF0204E32362020202020202039
:109CD0000000000020C8EDE2E5F0F2EEF0204E3288
:109CE00037202020202020200000000020C8EDE2A6
:109CF000E5F0F2EEF0204E32382020202020202007
:109D00000000000020C8EDE2E5F0F2EEF0204E3257
:109D100039202020202020200000000020C8EDE273
:109D2000E5F0F2EEF0204E333020202020202020DD
:109D3000000000004FF0000106EB8101C1F888200F
:109D4000EEA202D14FF0010101E04FF0000106EB5D
:109D50008101C1F88C20EFA202D14FF0010101E096
:109D60004FF0000106EB8101C1F89020EFA202D173
:109D70004FF0010101E04FF0000106EB8101C1F855
:109D80009420F0A202D14FF0010301E04FF0000354
:109D90000BEB030106EB81014A61F0A102D14FF008
:109DA000010301E04FF000030BEB030206EB82021C
:109DB0009161F0A102D14FF0010301E04FF00003E7
:109DC0000BEB030206EB8202D161F0A102D14FF04E
:109DD000010301E04FF000030BEB030206EB8202EC
:109DE0001162F0A102D14FF0010301E04FF0000336
:109DF0000BEB030206EB82025162F0A102D14FF09D
:109E0000010301E04FF000030BEB030206EB8202BB
:109E10009162F0A102D14FF0010300E000230BEBAF
:109E2000030206EB8202D16214E4AFF2D041029148
:109E3000EEA10391F3A10491F8A10591AFF29C4129
:109E40000691AFF288410791AFF278410891AFF2E5
:109E50006441012B0BD04FF0000200BF06EB8202E1
:109E60009161AFF2604205D14FF0010104E04FF083
:109E70000102F3E74FF0000106EB8101CA61AFF286
:109E8000644202D14FF0010101E04FF0000106EB06
:109E900081010A62AFF2344202D14FF0010101E0C8
:109EA0004FF0000106EB81018A61AFF2304202D12E
:109EB0004FF0010101E04FF0000106EB8101CA61A2
:109EC000AFF2304202D14FF0010101E04FF000014A
:109ED00006EB81010A62AFF22C4202D14FF0010180
:109EE00001E04FF0000106EB81014A62AFF22C4223
:109EF00002D14FF0010101E04FF0000106EB8101BA
:109F00008A62AFF2284202D14FF0010101E04FF026
:109F1000000106EB8101CA62AFF2284204D14FF082
:109F2000010103E0F5E321E24FF0000106EB8101BE
:109F30000A63AFF2284202D14FF0010101E04FF075
:109F4000000106EB81014A63AFF2284202D14FF0D3
:109F5000010101E04FF0000106EB81018A63AFF2DD
:109F6000244202D14FF0010101E04FF0000106EB65
:109F70008101CA63AFF2244202D14FF0010101E036
:109F80004FF0000106EB81010A64AFF2204202D1DA
:109F90004FF0010101E04FF0000106EB81014A643E
:109FA000AFF2204202D14FF0010101E04FF0000179
:109FB00006EB81018A64AFF21C4202D14FF001012D
:109FC00001E04FF0000106EB8101CA64AFF21C42D0
:109FD00002D14FF0010101E04FF0000106EB8101D9
:109FE0000A65AFF2184202D14FF0010101E04FF0D3
:109FF000000106EB81014A65AFF2184202D14FF031
:10A00000010101E04FF0000106EB81018A65AFF22A
:10A01000144202D14FF0010101E04FF0000106EBC4
:10A020008101CA65AFF2144202D14FF0010101E093
:10A030004FF0000106EB81010A66AFF2104202D137
:10A040004FF0010101E04FF0000106EB81014A668B
:10A05000AFF2104202D14FF0010101E04FF00001D8
:10A0600006EB81018A66AFF20C4202D14FF001018A
:10A0700001E04FF0000106EB8101CA66AFF20C422D
:10A0800002D14FF0010101E04FF0000106EB810128
:10A090000A67AFF2084202D14FF0010101E04FF030
:10A0A000000106EB81014A67AFF2084202D14FF08E
:10A0B000010101E04FF0000106EB81018A67AFF278
:10A0C000044202D14FF0010101E04FF0000106EB24
:10A0D0008101CA67AFF2044202D14FF0010101E0F1
:10A0E0004FF0000106EB8101C1F88020AFF204427D
:10A0F00002D14FF001019FE09CE0000020C8EDE29A
:10A10000E5F0F2EEF0204E333120202020202020F8
:10A110000000000020C8EDE2E5F0F2EEF0204E3342
:10A1200032202020202020200000000020C8EDE266
:10A13000E5F0F2EEF0204E333320202020202020C6
:10A140000000000020D2E0E1EBE8F6E020E8EDE2DC
:10A15000E5F0F2EEF0EEE2200000000020C2EDE5B6
:10A16000F8EDE8E520E4E0F2F7E8EAE82020202036
:10A170000000000020D3F1F2E0EDEEE2EAE820205A
:10A1800020202020202020200000000020C6F3F006
:10A19000EDE0EB20F1EEE1FBF2E8E92020202020C9
:10A1A0000000000020C2FBF5EEE42020202020204B
:10A1B00020202020202020200000000020C2E5F0E8
:10A1C000F1E8FF20CFCE20202020202020202020BA
:10A1D000000000002074F8EAE0F42E202020202067
:10A1E00020202073B0D120200000000050E2FBF5B9
:10A1F0003D2020205D2F20205DEAC2F2202020207B
:10A200000000000055E2FBF53D20205BC22F20201E
:10A210007AC22020202020200000000049E2FBF527
:10A220003D20207D412F20207D4120202020202006
:10A23000000000004FF0000106EB8101C1F884200E
:10A24000AFF2405202D14FF0010101E04FF00001A6
:10A2500006EB8101C1F88820AFF2405202D14FF0E5
:10A26000010101E04FF0000106EB8101C1F88C20F3
:10A27000AFF2781202D14FF0010101E04FF000017E
:10A2800006EB8101C1F89020AFF2781202D14FF0B5
:10A29000010101E04FF0000106EB8101C1F89420BB
:10A2A000AFF2781202D14FF0010101E04FF000014E
:10A2B00006EB8101C1F89820AFF2781202D14FF07D
:10A2C000010301E04FF000030BEB030106EB8101FA
:10A2D0008A61AFF2781102D14FF0010301E04FF033
:10A2E00000030BEB030206EB8202D161AFF27C129A
:10A2F00002D14FF0010301E04FF000030BEB03012B
:10A3000006EB81010A62AFF27C1102D14FF001032A
:10A3100001E04FF000030BEB030206EB82025162F7
:10A32000AFF2801102D14FF0010301E04FF00003C2
:10A330000BEB030206EB8202916224E24FF0010371
:10A3400002E000BF4FF000030BEB030206EB8202BA
:10A35000D162AFF2801102D14FF0010300E000237F
:10A360000BEB030206EB820211635DE5AFF61421ED
:10A370000291EFA10391F4A10491F9A10591AFF627
:10A38000DC110691AFF6CC110791AFF6B811089128
:10A39000AFF6A811012B0AD04FF0000206EB8202A3
:10A3A0009161AFF6A01205D14FF0010104E04FF02A
:10A3B0000102F3E74FF0000106EB8101CA61AFF63D
:10A3C000A41202D14FF0010101E04FF0000106EBB1
:10A3D00081010A62AFF6741202D14FF0010101E06F
:10A3E0004FF0000106EB81018A61AFF6701202D1D5
:10A3F0004FF0010101E04FF0000106EB8101CA615D
:10A40000AFF6701202D14FF0010101E04FF00001F0
:10A4100006EB81010A62AFF66C1202D14FF0010126
:10A4200001E04FF0000106EB81014A62AFF66C12C9
:10A4300002D14FF0010101E04FF0000106EB810174
:10A440008A62AFF6681202D14FF0010101E04FF0CD
:10A45000000106EB8101CA62AFF6681202D14FF02B
:10A46000010101E04FF0000106EB81010A63AFF644
:10A47000641202D14FF0010101E04FF0000106EB40
:10A4800081014A63AFF6641202D14FF0010101E08D
:10A490004FF0000106EB81018A63AFF6601202D132
:10A4A0004FF0010101E04FF0000106EB8101CA63AA
:10A4B000AFF6601202D14FF0010101E04FF0000150
:10A4C00006EB81010A64AFF65C1202D14FF0010184
:10A4D00001E04FF0000106EB81014A64AFF65C1227
:10A4E00002D14FF0010101E04FF0000106EB8101C4
:10A4F0008A64AFF6581202D14FF0010101E04FF02B
:10A50000000106EB8101CA64AFF6581202D14FF088
:10A51000010101E04FF0000106EB81010A65AFF691
:10A52000541202D14FF0010101E04FF0000106EB9F
:10A5300081014A65AFF6541202D14FF0010101E0EA
:10A540004FF0000106EB81018A65AFF6501202D18F
:10A550004FF0010101E04FF0000106EB8101CA65F7
:10A56000AFF6501202D14FF0010101E04FF00001AF
:10A5700006EB81010A66AFF64C1202D14FF00101E1
:10A5800001E04FF0000106EB81014A66AFF64C1284
:10A5900002D14FF0010101E04FF0000106EB810113
:10A5A0008A66AFF6481202D14FF0010101E04FF088
:10A5B000000106EB8101CA66AFF6481202D14FF0E6
:10A5C000010101E04FF0000106EB81010A67AFF6DF
:10A5D000441202D14FF0010101E04FF0000106EBFF
:10A5E00081014A67AFF6441202D14FF0010101E048
:10A5F0004FF0000106EB81018A67AFF6401202D1ED
:10A600004FF0010101E04FF0000106EB8101CA6744
:10A61000AFF6401202D14FF0010101E04FF000010E
:10A6200006EB8101C1F88020AFF6401202D14FF055
:10A63000010101E04FF0000106EB8101C1F8842027
:10A64000AFF6401202D14FF0010101E04FF00001DE
:10A6500006EB8101C1F88820AFF6401202D14FF01D
:10A66000010101E04FF0000106EB8101C1F88C20EF
:10A67000AFF2785202D14FF0010101E04FF000013A
:10A6800006EB8101C1F89020AFF2785202D14FF071
:10A69000010101E04FF0000106EB8101C1F89420B7
:10A6A000AFF2785202D14FF0010101E04FF000010A
:10A6B00006EB8101C1F89820AFF2785202D14FF039
:10A6C000010301E04FF000030BEB030106EB8101F6
:10A6D0008A61AFF2785102D14FF0010301E04FF0EF
:10A6E00000030BEB030206EB8202D161AFF27C5256
:10A6F00002D14FF0010301E04FF000030BEB030127
:10A7000006EB81010A62AFF27C5203D14FF00103E4
:10A7100002E03DE04FF000030BEB030106EB81018B
:10A720004A62AFF2805227D14FF0010326E00000C9
:10A7300050E2FBF53D2020205D2F20205D2F2020C2
:10A740005DEAC2F20000000055E2FBF53D20205B0F
:10A75000C22F20207AC22F20205AC22000000000E1
:10A7600049E2FBF53D20207D412F20207D412F2017
:10A77000207D4120000000004FF000030BEB03019F
:10A7800006EB81018A62AFF2CC517FF4DBADD5E5F7
:10A79000F949B1F90610491C012A02D0032A78D0E0
:10A7A00039E2AFF648620292AFF638620392AFF632
:10A7B00024620492AFF614620592AFF6006206922C
:10A7C000AFF6F0520792AFF6DC52012B01D04FF0FA
:10A7D000000306EB83035A61AFF6D85302D14FF062
:10A7E000010201E04FF0000206EB82029361AFF636
:10A7F000D45302D14FF0010201E04FF0000206EB0A
:10A800008202D361AFF6A45302D14FF0010201E0FE
:10A810004FF0000202F1010206EB82025361AFF633
:10A82000A45302D14FF0010201E04FF0000202F107
:10A83000010206EB82029361AFF6A85302D14FF0FA
:10A84000010201E04FF0000202F1010206EB820278
:10A85000D361AFF6A85302D14FF0010201E04FF0EF
:10A86000000202F1010206EB82021362AFF6AC5362
:10A8700002D14FF0010201E04FF0000202F10102AB
:10A8800006EB82025362AFF6AC5303D14FF00102E4
:10A8900002E0C1E14FF0000202F1010206EB820288
:10A8A0009362AFF6B05302D14FF0010201E04FF0D6
:10A8B000000202F1010206EB8202D362AFF6B4534A
:10A8C00002D14FF0010201E04FF0000202F101025B
:10A8D00006EB82021363AFF6B45302D14FF00102CC
:10A8E00001E04FF0000202F1010206EB8202536325
:10A8F000AFF6B85302D14FF0010201E04FF0000271
:10A9000002F1010206EB82029363AFF6B85302D163
:10A910004FF0010201E04FF0000202F1010206EBEC
:10A920008202D363AFF6BC5302D14FF0010201E0C3
:10A930004FF0000202F1010206EB82021364AFF64F
:10A94000BC5302D14FF0010201E04FF0000202F1CE
:10A95000010206EB82025364AFF6C05302D14FF0FE
:10A96000010201E04FF0000202F1010206EB820257
:10A970009364AFF6C05302D14FF0010201E04FF0F3
:10A98000000202F1010206EB8202D364AFF6C45367
:10A9900002D14FF0010201E04FF0000202F101028A
:10A9A00006EB82021365AFF6C45302D14FF00102E9
:10A9B00001E04FF0000202F1010206EB8202536552
:10A9C000AFF6C85302D14FF0010201E04FF0000290
:10A9D00002F1010206EB82029365AFF6C85302D181
:10A9E0004FF0010201E04FF0000202F1010206EB1C
:10A9F0008202D365AFF6CC5302D14FF0010201E0E1
:10AA00004FF0000202F1010206EB82021366AFF67C
:10AA1000CC5302D14FF0010201E04FF0000202F1ED
:10AA2000010206EB82025366AFF6D05302D14FF01B
:10AA3000010201E04FF0000202F1010206EB820286
:10AA40009366AFF6D05302D14FF0010201E04FF010
:10AA5000000202F1010206EB8202D366AFF6D45384
:10AA600002D14FF0010201E04FF0000202F10102B9
:10AA700006EB82021367AFF6D45302D14FF0010206
:10AA800001E04FF0000202F1010206EB820253677F
:10AA9000AFF6D85302D14FF0010201E04FF00002AF
:10AAA00002F1010206EB82029367AFF6D85302D19E
:10AAB0004FF0010201E04FF0000202F1010206EB4B
:10AAC0008202D367AFF6DC5302D14FF0010201E0FE
:10AAD0004FF0000202F1010206EB8202C2F8803060
:10AAE000AFF6E05302D14FF0010201E04FF0000257
:10AAF00002F1010206EB8202C2F88430AFF6E453A1
:10AB000002D14FF0010201E04FF0000202F1010218
:10AB100006EB8202C2F88830AFF6202302D14FF054
:10AB2000010201E04FF0000202F1010206EB820295
:10AB3000C2F88C30AFF6242302D14FF0010201E0BD
:10AB40004FF0000202F1010206EB8202C2F89030DF
:10AB5000AFF6282302D14FF0010201E04FF00002CE
:10AB600002F1010206EB8202C2F89430AFF62C2209
:10AB700004D14FF0010303E0A0C007204FF0000311
:10AB80000B4406EB83035A61AFF6302202D14FF03B
:10AB9000010301E04FF000030B4406EB83039A61CD
:10ABA000AFF6302202D14FF0010301E04FF0000375
:10ABB0000B4406EB8303DA61AFF6302202D14FF08B
:10ABC000010301E04FF000030B4406EB83031A621C
:10ABD000AFF6302202D14FF0010301E04FF0000345
:10ABE0000B4406EB83035A62AFF6302202D14FF0DA
:10ABF000010301E04FF000030B4406EB83039A626C
:10AC0000AFF6302202D14FF0010300E000231944D7
:10AC100006EB8101CA6258E2FA4A0292AFF2F042B0
:10AC20000392AFF2DC420492AFF2CC420592F54AB5
:10AC30004832069218320792183208921832012BC5
:10AC400001D04FF0000306EB83039A61ED4B03F153
:10AC5000A80302D14FF0010201E04FF0000206EB21
:10AC60008202D361E74B03F1C00302D14FF001022E
:10AC700001E04FF0000206EB82021362E24B02D1C8
:10AC80004FF0010201E04FF0000202F1010206EB79
:10AC900082029361DC4B03F1180302D14FF00102F1
:10ACA00001E04FF0000202F1010206EB8202D361E3
:10ACB000D54B03F1300302D14FF0010201E04FF018
:10ACC000000202F1010206EB82021362CE4B03F195
:10ACD000480302D14FF0010201E04FF0000202F1FF
:10ACE000010206EB82025362C74B03F1600302D1FB
:10ACF0004FF0010201E04FF0000202F1010206EB09
:10AD000082029362C04B03F1780302D14FF001023B
:10AD100001E04FF0000202F1010206EB8202D36271
:10AD2000B94B03F1900302D14FF0010201E04FF063
:10AD3000000202F1010206EB82021363B24B03F13F
:10AD4000A80302D14FF0010201E04FF0000202F12E
:10AD5000010206EB82025363AB4B03F1C00302D145
:10AD60004FF0010201E04FF0000202F1010206EB98
:10AD700082029363A44B03F1D80302D14FF0010286
:10AD800001E04FF0000202F1010206EB8202D36300
:10AD90009D4B03F1F00302D14FF0010201E04FF0AF
:10ADA000000202F1010206EB82021364974B02D10A
:10ADB0004FF0010201E04FF0000202F1010206EB48
:10ADC00082025364914B03F1180302D14FF0010248
:10ADD00001E04FF0000202F1010206EB82029364EF
:10ADE0008A4B03F1300302D14FF0010201E04FF032
:10ADF000000202F1010206EB8202D364834B03F1ED
:10AE0000480302D14FF0010201E04FF0000202F1CD
:10AE1000010206EB820213657C4B03F1600302D151
:10AE20004FF0010201E04FF0000202F1010206EBD7
:10AE300082025365754B03F1780302D14FF0010292
:10AE400001E04FF0000202F1010206EB820293657D
:10AE50006E4B03F1900302D14FF0010201E04FF07D
:10AE6000000202F1010206EB8202D365674B03F197
:10AE7000A80302D14FF0010201E04FF0000202F1FD
:10AE8000010206EB82021366604B03F1C00302D19C
:10AE90004FF0010201E04FF0000202F1010206EB67
:10AEA00082025366594B03F1D80302D14FF00102DD
:10AEB00001E04FF0000202F1010206EB820293660C
:10AEC000524B03F1F00302D14FF0010201E04FF0C9
:10AED000000202F1010206EB8202D3664C4B02D162
:10AEE0004FF0010201E04FF0000202F1010206EB17
:10AEF00082021367464B03F1180302D14FF001029F
:10AF000001E04FF0000202F1010206EB82025367FA
:10AF10003F4B03F1300302D14FF0010201E04FF04B
:10AF2000000202F1010206EB82029367384B03F143
:10AF3000480302D14FF0010201E04FF0000202F19C
:10AF4000010206EB8202D367314B03F1600302D1A9
:10AF50004FF0010201E04FF0000202F1010206EBA6
:10AF60008202C2F880302A4B03F1780302D14FF0FD
:10AF7000010201E04FF0000202F1010206EB820241
:10AF8000C2F88430224B03F1900302D14FF001024A
:10AF900001E04FF0000202F1010206EB8202C2F86A
:10AFA00088301B4B03F1A80302D14FF0010201E0EE
:10AFB0004FF0000202F1010206EB8202C2F88C306F
:10AFC000AFF6C86302D14FF0010201E04FF000027A
:10AFD00002F1010206EB8202C2F89030AFF6CC63B8
:10AFE00002D14FF0010201E04FF0000202F1010234
:10AFF00006EB8202C2F89430AFF6D0630AD14FF06C
:10B00000010209E05C990000649A00006C9B00005A
:10B01000749C00004FF0000202F1010206EB820274
:10B02000C2F89830AFF6E46202D14FF0010301E0BC
:10B030004FF000030B4406EB83039A61AFF6E46222
:10B0400002D14FF0010301E04FF000030B4406EB87
:10B050008303DA61AFF6E46202D14FF0010301E04D
:10B060004FF000030B4406EB83031A62AFF6E46271
:10B0700002D14FF0010301E04FF000030B4406EB57
:10B0800083035A62AFF6E46202D14FF0010301E09C
:10B090004FF000030B4406EB83039A62AFF6E462C1
:10B0A00002D14FF0010301E04FF000030B4406EB27
:10B0B0008303DA62AFF6E46202D14FF0010300E0ED
:10B0C0000023194406EB81010A630FB1FCA1029130
:10B0D000DFF8049428B12A1A4946022A04DD801CAC
:10B0E00004E00020494601E0A84201DD89F804009F
:10B0F000FA48007B052807D291F9040006EB80008E
:10B10000001D0EC8029809E099F9041004EB8000B4
:10B1100006EB8101091D50F8140C0EC9F6F71BF956
:10B12000EF4800226B210078F5F7CFFADFF8ACB3D7
:10B130000BF1800BBBF91200032818D0022816D09F
:10B140000BF180040A25B4F90200002290FBF5F00F
:10B1500080B25B21F5F7B9FAB4F90400B0F57A7F53
:10B1600074DB90FBF5F0002280B25D216EE1BBF84C
:10B1700010005F4698B3DB4C0A250022B4F90200A8
:10B180005B2190FBF5F080B2F5F79FFAB4F91E0051
:10B19000002290FBF5F080B27A21F5F796FAB4F927
:10B1A0003A00002290FBF5F080B25A21F5F78DFAB3
:10B1B000B4F90000632804DD90FBF5F080B20022B2
:10B1C00001E0208801227D21F5F77FFAB4F91C0007
:10B1D000632805DD90FBF5F080B2002202E00DE06F
:10B1E000A08B01227D21F5F770FAB4F938006328AD
:10B1F00002DD90FBF5F043E0208F45E0B64D0A24D8
:10B200003A350022B5F900005B2190FBF4F080B2E2
:10B21000F5F75BFAB5F90200002290FBF4F080B27A
:10B220007A21F5F752FAB5F90400002290FBF4F008
:10B2300080B25A21F5F749FAAD1DB5F9000063282F
:10B2400005DD90FBF4F080B2002202E0FBE02888EC
:10B2500001227D21F5F739FAB5F90200632804DDF2
:10B2600090FBF4F080B2002201E0688801227D2189
:10B27000F5F72BFAB5F90400632804DD90FBF4F030
:10B2800080B2002201E0A88801227D21F5F71DFA95
:10B29000944C4FF6E8506168814201DD0021616005
:10B2A000216A814201DD00212162E16B814201DDE1
:10B2B0000020E063B7F91200032806D0022804D06A
:10B2C0006068002280B240212FE0388AF0B36068C5
:10B2D00042F21075A84206DD4FF47A7190FBF1F04E
:10B2E00080B2002203E090FBF8F080B201225D21E1
:10B2F000F5F705F9206AA84206DD4FF47A7190FB54
:10B30000F1F080B2002203E090FBF8F080B201225D
:10B310005D21F5F7F4F8E06B92E000BF4FF47A712D
:10B3200090FBF1F080B2002260E0F5F7E8F8DFF87A
:10B33000A8810A20A8F174080022B8F9061091FB30
:10B34000F0F080B22321F5F7C0F900E050E0664C40
:10B35000207A4FF000024FF02501F5F7B6F9207979
:10B3600000225E21F5F7B1F9207800222621F5F7B9
:10B37000ACF9207B00223C21F5F7A7F9A08B002235
:10B380007B21F5F7A2F9217E5848002200EB8100CD
:10B390003E21F5F787F9514C607F70B13A20F4F700
:10B3A000BDFF04F5FC7520272F543A20F4F7B6FFB3
:10B3B0002F543A20F4F7B2FF2F5499F90400B0B398
:10B3C000BBF87E2099F90110012A00D00022521CFE
:10B3D000914250DD88423FD13F49843181F83CA001
:10B3E00049E000BF90FBF8F080B201225D219CE7AC
:10B3F0003C4C42F2107554342068A84206DD4FF4EC
:10B400007A7190FBF1F080B2002203E090FBF8F03B
:10B4100080B201225D21F5F772F86068A84207DD6D
:10B420004FF47A7190FBF1F080B2002204E022E048
:10B4300090FBF8F080B201225D21F5F760F8A0687A
:10B44000A842CFDD6AE701225D2180B2F5F73DF920
:10B4500000224021206E68E7401A012802D002280D
:10B4600005D008E01C48843080F828A003E01A4981
:10B47000843181F814A0A07B401CC0B2A073BBF93A
:10B48000041001EB8101B0EB810F01DB0020A07300
:10B490001748006830B16FF00202732115A0F5F76C
:10B4A00001F907E00C48002246307321B0F9000092
:10B4B000F4F7D6FF01227921B8F82C00F9E3000057
:10B4C000CFF0EEE2E5F0FCF2E520F1F2F0F3EAF283
:10B4D000F3F0F3200000000094C1072020C00720F3
:10B4E00009000010A85B001020400240DC5A020056
:10B4F00008600010EDE5E8F1EFF02E00E0490520CE
:10B50000F94F81F82500DFA07B90E4A07C90E9A0B2
:10B510007D90EEA07E90F3487F9092F83A0020B1A3
:10B52000042806D0242808D009E0D17D39B9EFA03D
:10B5300010E0D17D19B9F3A00CE0D17D21B18006D6
:10B54000D07D05D510B104E0F4A003E0F9A001E03E
:10B5500008B1FEA07A907AA800EB8501D1E9012319
:10B5600050F82510FFA0F5F7F6FE94F9010094F9C4
:10B570000410421A022A02DD811E217102E0884273
:10B5800000DA2071042802DB0120F5F780FE94F92F
:10B5900002000022401C80B22621F5F796F894F9AB
:10B5A00002000122C0EB001101EB401007EB80000C
:10B5B0002821806980B2F5F788F894F90200012209
:10B5C000C0EB001101EB401007EB80005B21C0696C
:10B5D00080B2F5F77AF894F902100022C1EB01105D
:10B5E00000EB411007EB80005D21006A00B2F4F728
:10B5F00037FF00230A22012141F6D860F5F720F831
:10B6000007F075B89E4FDDA0DFF8DC8287F82530A3
:10B610007B90E0A07C90E5A07D90EAA07E90EFA0DA
:10B620007F90F4A08090AF488190B0A07A9092F87B
:10B630003A00042802D0242804D005E0D17D19B9AD
:10B64000B0A00CE0D17D21B18006D07D05D410B131
:10B6500004E0B2A003E0B7A001E008B1BBA07A907B
:10B660007AA901EB8500D0E9012351F82510BDA08E
:10B67000F5F771FE94F9010094F90410421A022AB8
:10B6800002DD811E217102E0884200DA207197F804
:10B690002510884202DB0120F5F7F9FD94F902003C
:10B6A0000022401C80B22621F5F70FF894F9021011
:10B6B0004546C1EB011000EB411008EB8000012270
:10B6C0008069282180B2F5F700F894F90200012280
:10B6D000C0EB001101EB401005EB80002921C0698F
:10B6E00080B2F4F7F2FF94F902000022C0EB0011DF
:10B6F00001EB401005EB80005B21006A00B2F4F71B
:10B70000AFFE94F902000022C0EB001101EB4010E3
:10B7100005EB80005D21B0F93000F4F7A1FE94F94B
:10B7200002000122C0EB001101EB401005EB80008C
:10B730003C21806A80B2F4F7C8FF94F9021001221C
:10B74000C1EB011000EB411005EB8000406A80B2B4
:10B75000F3E34B4F0920DFF8908187F8250087A09D
:10B760007B908CA07C9091A07D9096A07E909BA0D9
:10B770007F90A0A08090A5A08190AA48829059486F
:10B780008390A9A07A90D07D052801D96FA036E0DA
:10B7900092F8BB00632801D9A9A030E092F83A00E2
:10B7A000C10701D0ACA02AE092F83B10C90701D034
:10B7B000AFA024E000F02201022915D000F02401FE
:10B7C000042911D02821814310D0C0F3011103298D
:10B7D0000ED0242181430DD000F0A00120290BD0F0
:10B7E000A02181430AD00BE0A7A008E0ACA006E0AE
:10B7F000B1A004E043A002E0B5A000E0BAA07A90B6
:10B800007AA901EB8500D0E9012351F8251055A054
:10B81000F5F7A1FD94F9010094F90410421A022AE7
:10B8200002DD811E217102E0884200DA207197F862
:10B830002510491E884202DB0120F5F728FD94F906
:10B8400002000022401C80B22621F4F73EFF94F94A
:10B8500002104546C1EB011000EB411008EB8000DF
:10B8600001228069282180B2F4F72FFF94F90200A9
:10B87000C0EB001101EB401005EB8000C0693FE117
:10B8800020C007202055E8EDE2203D202020202088
:10B8900020202028C2202020000000002049E8EDC0
:10B8A000E2203D20202020202020205B412020205D
:10B8B000000000002074E8EDE2203D202020202040
:10B8C0002020205DB0D120200000000020D1E1F038
:10B8D000EEF120E0E2E0F0E8E92020202020202026
:10B8E00000000000255B0200D03C0010202020203A
:10B8F0002020E220F0E0E1EEF2E5202020202020D0
:10B90000000000002020D1C8CBDCCDDBC920CDC099
:10B91000C3D0C5C22121212000000000EEF2EAEBD5
:10B92000FEF7E8EBF1FF2CEFE5F0E5E3F0E5E220D0
:10B93000000000002020EEF2F1F3F2F1F2E2F3E574
:10B94000F22055E2FBF520200000000020202020FE
:10B95000EDE520EFEEE4EAEBFEF7E5ED2020202018
:10B96000000000002020202020C8CDC2C5D0D2CEAB
:10B97000D0204E2620202020000000002055E2FB91
:10B98000F5203D202020202020202028C22020201B
:10B99000000000002049E2FBF5203D20202020206F
:10B9A0002020202941202020000000002074E8ED04
:10B9B000E2203D20202020202020205BB0D120202C
:10B9C000000000002050E2FBF5203D202020202038
:10B9D0002020205DC2F22020000000002055F1E56B
:10B9E000F2E8203D202020202020203CC2202020E2
:10B9F000000000002055F8E8EDFB203D202020202D
:10BA00002020203EC2202020000000002055E2F52A
:10BA1000EEE4203D202020202020205EC220202097
:10BA200000000000BCA100002020202020202020B9
:10BA30002020202020202020202020200000000086
:10BA4000CED2CACB2E20E2EDF3F2F02E20EDE5E8C7
:10BA5000F1EFF02E000000002020202020CFC5D0E4
:10BA6000C5C3D0D3C6C5CD212121202000000000B0
:10BA7000CED2CACB2E2055646320EDE520E220ED26
:10BA8000EEF0ECE500000000CFC5D0C5C3D0C5C2C4
:10BA90002121C2DBCACBDED7C5CD212100000000A9
:10BAA000C220D0C0C1CED2C52EC7C0C2DBD820555F
:10BAB000E2FBF52100000000C220D0C0C1CED2C5FB
:10BAC0002EC7C0CDC8C62055E2FBF52100000000FE
:10BAD000C220D0C0C1CED2C52ECED220C1C0D2C0CD
:10BAE000D0C5C82000000000C220D0C0C1CED2C541
:10BAF0002ECED220D1C5D2C82020202000000000A8
:10BB000080B201222921F4F7E0FD94F9020000221D
:10BB1000C0EB001101EB401005EB80005B21006AD7
:10BB200000B2F4F79DFC94F902000022C0EB001172
:10BB300001EB401005EB80005D21B0F93000F4F717
:10BB40008FFC94F902000122C0EB001101EB4010C0
:10BB500005EB80003C21806A80B2F4F7B6FD94F9D1
:10BB600002000122C0EB001101EB401005EB800048
:10BB70003E21406A80B2F4F7A8FD94F90210C1EBAF
:10BB8000011000EB411005EB8000C06A80B205F0A7
:10BB90003DBAEB4FF87B401CC0B2F873642801D368
:10BBA0000020F87387F82530E6A07B90EBA07C900E
:10BBB000AFF2F0107D90EFA07E90AFF2E0107F909A
:10BBC000F2A08090F7488190AFF2E0207A90F6489A
:10BBD000F64AF97B90F902003229C0EBC00002EB73
:10BBE0008000417D10D8490601D5F1A100E0F6A101
:10BBF0007A91417DDFF8B4834A070BD5827D052A0F
:10BC000008D2AFF2003012E0090601D5F4A1EFE747
:10BC1000F9A1EDE7890705D5817D052902D2AFF2AB
:10BC2000043004E0807D0A2802D9AFF2E0207A9047
:10BC3000DD487AA9009A90F90400022A01EB8000FD
:10BC4000D0E9012351F8251001DBF1A000E0F5A0B7
:10BC5000F5F781FB94F9010094F90410421A022AC5
:10BC600002DD811E217102E0884200DA207197F81E
:10BC70002510884202DB0120F5F709FB94F9020048
:10BC80004546C0EBC00008EB8000012240887B21C4
:10BC9000F4F71BFD94F90200C0EBC00035F9201049
:10BCA000B1F57A7F06DB0A2091FBF0F080B200222A
:10BCB00003E061E235F8200001227D21F4F705FD63
:10BCC00094F902000022C0EBC00005EB80005B216C
:10BCD000007DF4F7C5FB94F902004FF6E852C0EB83
:10BCE000C00005EB80004168914201DD0021416008
:10BCF00088B200225D21F4F702FC94F902000122CF
:10BD0000C0EBC00005EB80003C210089F4F7DDFCAE
:10BD100094F902000122C0EBC00005EB80003E2137
:10BD20004089F4F7D2FC94F902000022C0EBC00075
:10BD300005EB80002121C07D133880B2F4F7C5FCEB
:10BD400094F90200401CD1E37D4F387C401CC0B206
:10BD50003874282801D30020387487F82530B7A01C
:10BD60007B90BCA07C90C1A07D90C6A07E90CBA013
:10BD70007F90D0A080908B488190AFF290407A90D5
:10BD80008A48397C407D142910D8410601D588A104
:10BD900000E08DA1DFF814927A9149464207897D2F
:10BDA0000AD5052908D2AFF2A44010E0010601D55A
:10BDB0008BA1EFE790A1EDE7800704D5052902D21A
:10BDC000AFF2A84003E00A2902D9AFF280407A908E
:10BDD0007AA901EB8500D0E9012351F82510BBA019
:10BDE000F5F7B9FA94F9010094F90410421A022AFD
:10BDF00002DD811E217102E0884200DA207197F88D
:10BE00002510884202DB0120F5F741FAB9F902005A
:10BE10000A2590FBF5F04C4680B200227B21F4F716
:10BE200054FCB4F91E00002290FBF5F080B27B2197
:10BE3000F4F74BFCB4F93A00002290FBF5F080B225
:10BE40007B21F4F742FCB4F90000632804DD90FB89
:10BE5000F5F080B2002201E0208801227D21F4F774
:10BE600034FCB4F91C00632804DD90FBF5F080B2CB
:10BE7000002201E0A08B01227D21F4F726FCB4F919
:10BE80003800632804DD90FBF5F080B2002201E069
:10BE9000208F01227D21F4F718FC207D00225B21F8
:10BEA000F4F7DEFA94F8300000225B21F4F7D8FAB8
:10BEB00094F84C0000225B21F4F7D2FA61684FF647
:10BEC000E850814201DD00216160216A814201DD8B
:10BED00000212162E16B814201DD0020E0636068A6
:10BEE00042F21077B84206DD4FF47A7190FBF1F020
:10BEF00080B2002203E090FBF8F080B201225D21C5
:10BF0000F4F7FDFA206AB84206DD4FF47A7190FB2F
:10BF1000F1F080B2002203E090FBF8F080B2012241
:10BF20005D21F4F7ECFAE06BB84207DD4FF47A716B
:10BF300090FBF1F080B20022D6E00BE1D0E00000EF
:10BF400020C007202055E2FBF5203D2020202020A6
:10BF50002020207BC2202020000000002049E2FB9E
:10BF6000F5203D20202020202020207D4120202061
:10BF7000000000002074E1EF20203D202020202040
:10BF80002020205BB0D12020000000002055E8EDEB
:10BF9000E220203D202020202020203EC220202002
:10BFA00000000000255B020094C10720A85B001080
:10BFB000CFF0E8EEF0E8F2E5F220E8EDE2E5F0F2AD
:10BFC000EEF0FB2000000000CFF0E8EEF0E8F2E534
:10BFD000F220F1E5F2FC20202020202000000000CB
:10BFE000D0E0E1EEF2E020EEF220E8EDE2E5F0F262
:10BFF000EEF0EEE200000000D0E0E1EEF2E020EE34
:10C00000F220F1E5F2E820202020202000000000AE
:10C010002020202020C1C0C9CFC0D1204E402020E8
:10C0200020202000202020C1C0C9CFC0D12028E07E
:10C03000E4F02E3D20212920000000002055E2FBE5
:10C04000F53D20207BC22F20207BC22F20207BC2E9
:10C05000000000002049E2FBF53D20207D412F201B
:10C06000207D412F20207D41000000002050E2FB78
:10C07000F53D20205D2F20205D2F20205DEAC2F2BB
:10C08000000000002074E1EF3D2020205B2F2020E5
:10C090005B2F20205BB0D120000000002055F1E58F
:10C0A000F2E83D2020203C2F20203C2F20203CC2C5
:10C0B000000000002055E8EDE23D202020203E2F2A
:10C0C00020203E2F20203EC2000000002020202003
:10C0D00020C1C0C9CFC0D12033D4202020202000CF
:10C0E00090FBF8F080B201225D21F4F708FAB4F970
:10C0F0000800002290FBF5F080B23C21F4F7E5FA4D
:10C10000B4F92400002290FBF5F080B23C21F4F752
:10C11000DCFAB4F94000002290FBF5F080B23C213B
:10C12000F4F7D3FAB4F90A00002290FBF5F080B2DC
:10C130003E21F4F7CAFAB4F92600002290FBF5F08C
:10C1400080B23E21F4F7C1FAB4F94200002290FB1C
:10C15000F5F080B23E2106F0C8BAE64BE6A2ECA1AB
:10C16000F1A0F5F7F8F8F649F54C002281F83CA06B
:10C170005B21F83C608932E080B2ECE7F1A00290EC
:10C18000F6A00390FBA00490DBA00590FF4806906A
:10C19000D7E9012356F82510E3A0F5F7DCF894F968
:10C1A000010094F90410421A022A01DD801E01E008
:10C1B000884200DA20710120F5F769F8E04C00228E
:10C1C000F83C2121A08980B2F4F77FFAE0890022AF
:10C1D000402180B2F4F779FA0022208A232180B22C
:10C1E000F4F773FA01225D21608AC5E7C14BE8A22A
:10C1F000EDA1F3A0F5F7AFF8D149D14C0122F83CFD
:10C2000081F83CA060885B2180B2F4F75EFA0122DD
:10C210005D21A088B0E7F0A00290F5A00390FAA0FD
:10C220000490FFA07A990590D84846F82100AFF60F
:10C230000800C8F80400AFF61000C8F80800D7E9F5
:10C24000012356F82510FCA0F5F785F894F90100B4
:10C2500094F90410421A022A01DD801E01E088428E
:10C2600000DA20710120F5F712F8B54D6FF00A04DD
:10C27000C73D20462978012900D1A01CB04FC33FFB
:10C28000397801290AD0401E42B22421F0A000BF13
:10C29000F4F708FA2878012805D00AE0801E42B297
:10C2A0002421EDA0F4E76FF003022421ECA0F4F7C1
:10C2B000F9F928786FF0050820B942462421EAA050
:10C2C000F4F7F0F969782046012901D16FF00800F0
:10C2D000797801290AD0401E42B22521DCA000BF96
:10C2E000F4F7E0F96878012805D00AE0801E42B230
:10C2F0002521D9A0F4E76FF003022521D8A0F4F797
:10C30000D1F9687820B942462521D7A0F4F7CAF9B7
:10C31000A9782046012901D16FF00800B9780129D8
:10C320000AD0401E42B25E21C9A000BFF4F7BAF99C
:10C33000A878012805D00AE0801E42B25E21C6A07E
:10C34000F4E76FF003025E21C5A0F4F7ABF9A8781B
:10C3500020B942465E21C4A0F4F7A4F9E878012888
:10C3600001D16FF00804F878012809D0641E62B288
:10C370002621B7A0F4F796F9E878012805D00AE05D
:10C38000A41E62B22621B4A0F4E76FF003022621B6
:10C39000B3A0F4F787F9E878002846F0A881424670
:10C3A0002621B1A002F08FB8B2A00290B7A00390EE
:10C3B000BCA00790C1A00890C6A00990CBA00A908D
:10C3C0007248C8F81400AFF6A010C8F81800AFF60D
:10C3D000A810C8F81C00D7E9012356F8251096A02C
:10C3E000F4F7B9FF94F9010094F90410421A022AF3
:10C3F00001DD801E01E0884200DA20710120F4F79F
:10C4000046FFC04C206838B16FF002022121AFF620
:10C410001C70F4F747F907E0494800223E38212113
:10C42000B0F90000F4F71CF8606818B16FF0020270
:10C43000402150E2424800223E384021B0F902003B
:10C4400052E23F4C4FF00002C33C4FF024012078F1
:10C4500001284CD07EA000BFF4F724F960784FF09B
:10C46000000201284FF0250101D079A000E07AA058
:10C47000F4F718F9A0784FF0000201284FF05E01A0
:10C4800036D073A0F4F70EF9E0784FF000020128DF
:10C490004FF0260101D06EA084E76FA082E79AA03A
:10C4A00002909FA00390A4A004907C99A8A046F8B5
:10C4B00021007B99ACA048607B99B1A088607B99F2
:10C4C000B5A0C860314846F82400AFF6A4205860F3
:10C4D000AFF6AC209860D7E901234C4656F82510FA
:10C4E00055A0F4F738FF94F9010061E129E2FEE17B
:10C4F00000E20000255B020020662020203D202075
:10C500002020205DC3F620202020202000000000F5
:10C5100020552020203D20202020205BC2202020EC
:10C52000202020200000000020202020202020208B
:10C53000D1C5D2DC202020202020202000000000B7
:10C5400018C207202055F441202020202020202040
:10C5500020202021C2202020000000002055F4428D
:10C56000202020202020202020202040C220202009
:10C57000000000002055F44320202020202020200F
:10C5800020202023C220202000000000A4A10000C1
:10C590002049EDE0E3F0203D20202020205DC02058
:10C5A00020202020000000002055EDE0E3F0203D99
:10C5B00020202020205BC22020202020000000001E
:10C5C000202020202020CDC0C3D0D3C7CAC0202027
:10C5D000202020200000000020D1CA31202020206F
:10C5E00020202020202020202020242000000000C7
:10C5F00020D1CA32202020202020202020202020CE
:10C60000202025200000000020D1CA332020202037
:10C61000202020202020202020205E20000000005C
:10C6200020D1CA342020202020202020202020209B
:10C6300020202620000000002020C2CDC5D8CDC873
:10C64000C520C4C0D2D7C8CAC8202020000000001E
:10C65000CDCED0CCC0000000C0C2C0D0C8DF00002A
:10C66000C7C0CCCACD2E0000D0C0C7CECCCACD2EFC
:10C67000000000002074E2EDE5F82EE2EEE7E42E83
:10C680002020202021B0D120000000002074EEF2F4
:10C69000F1E5EA20DDCFD3202020202040B0D120BA
:10C6A0000000000020D1F3F52EEAEEEDF22EB931B4
:10C6B00020202020202024200000000020D1F3F59D
:10C6C0002EEAEEEDF22EB932202020202020252067
:10C6D0000000000020D1F3F52EEAEEEDF22EB93382
:10C6E0002020202020205E200000000020D1F3F533
:10C6F0002EEAEEEDF22EB934202020202020262034
:10C70000000000000860001020743120202020204C
:10C71000202020202020202021B0D1200000000057
:10C7200020743220202020202020202020202020A3
:10C7300040B0D120000000002074332020202020B1
:10C74000202020202020202023B0D1200000000025
:10C7500020D1CA3120202020202020202420202069
:10C76000202020200000000020D1CA3220202020DC
:10C770002020202025202020202020200000000034
:10C7800020D1CA3320202020202020205E202020FD
:10C79000202020200000000020D1CA3420202020AA
:10C7A0002020202026202020202020200000000003
:10C7B00094F90410421A022A01DD801E01E0884229
:10C7C00000DA20710120F4F762FDFF4D286830B1D6
:10C7D0006FF002022121FD48F3F764FF08E02079A1
:10C7E00030B9FB4800222121B0F90000F3F738FEF0
:10C7F000686830B16FF002024021F448F3F752FF4D
:10C8000006E0F34800224021B0F90200F3F728FEC9
:10C81000A8685CE0AFF210100290AFF2FC00039049
:10C82000AFF2EC000490AFF2D8007C9946F82100FA
:10C83000AFF2CC007B994860AFF2BC007B99886076
:10C84000AFF2AC007B99C860E24846F82400AFF62E
:10C8500028605860AFF630609860D7E9012356F839
:10C860002510AFF22C20F4F776FD99F9010099F923
:10C870000410421A022A01DD801E01E0884201DA1A
:10C8800089F804000120F4F702FDCF4C206830B194
:10C890006FF002022121CD48F3F704FF06E0CC48F7
:10C8A00000222121B0F90000F3F7DAFD606830B111
:10C8B0006FF002024021C548F3F7F4FE06E0C448D9
:10C8C00000224021B0F90200F3F7CAFDA06830B1A0
:10C8D0006FF002022321BD48F3F7E4FEB1E5BC4846
:10C8E00000222321B0F90400F3F7BAFDA9E5AFF265
:10C8F0009820B1E5AFF2A020C4E5B7A00290BCA09B
:10C900000390B4480490D7E9012356F82510BEA03F
:10C91000F4F721FD0120F4F7BAFCAD4C0022BA3C3B
:10C920002121E08C00EB800080B2F3F7CEFE208C5A
:10C930000022232180B2F3F7C8FE208C00EB800098
:10C940002D30002280B2402105E4B5A00290BAA0AB
:10C950000390BFA00490C4A00590C9A00690CEA0EB
:10C960000790D3A00890D8A00990DDA00A90E2A07B
:10C970000B90E7A00C90ECA00D90F1A00E90F64863
:10C980009449B0F90C0006EB80004160AFF6687185
:10C990008160AFF66C713F1DC1600ECF0298F4F755
:10C9A000DAFC99F9010099F90410421A022A01DD12
:10C9B000801E01E0884201DA89F804000120F4F7C2
:10C9C00066FC814C78342078012873D06FF0030224
:10C9D0002121E2A0F3F766FE607801286FD06FF0A6
:10C9E00003024021DDA000BFF3F75CFEA078012820
:10C9F0006AD06FF003022321D8A000BFF3F752FEE4
:10CA0000E078012865D06FF003022421D3A000BF95
:10CA1000F3F748FE2079012860D06FF0030225214A
:10CA2000CEA000BFF3F73EFE607901285BD06FF027
:10CA300003025E21C9A000BFF3F734FEA0790128EC
:10CA400056D06FF003022621C4A000BFF3F72AFEE0
:10CA5000E079012851D06FF003022A21BFA000BF66
:10CA6000F3F720FE207A01284CD06FF00302282132
:10CA7000BAA000BFF3F716FE607A012847D06FF026
:10CA800003022921B5A000BFF3F70CFEA07A01280C
:10CA900042D06FF003022B21B0A000BFF3F702FEDB
:10CAA000E07A01283DD06FF003023D2103F065B923
:10CAB00000E004E06FF002022121AAA08AE76FF0F3
:10CAC00002024021A7A08FE76FF002022321A5A058
:10CAD00094E76FF002022421A2A099E76FF002020E
:10CAE0002521A0A09EE76FF002025E219DA0A3E792
:10CAF0006FF0020226219BA0A8E76FF002022A2114
:10CB000098A0ADE76FF00202282196A0B2E76FF07F
:10CB10000202292193A0B7E76FF002022B2191A016
:10CB2000BCE76FF002023D2102F01DBA8FA0029017
:10CB300094A0039099A004909EA00590A3A00690B5
:10CB400024480790A74808903F1D09900ECF0298EF
:10CB5000F4F701FC99F9010099F90410421A022A2C
:10CB600001DD801E01E0884201DA89F8040001201D
:10CB7000F4F78DFB784C002280342321E08BF3F70F
:10CB8000A4FD04F1C600002240882421F3F79DFD96
:10CB900002222521A7E175A0029093A0039098A0FE
:10CBA00004909DA00590A2A00690A7A00790ACA01D
:10CBB000089080A0099085A00A9006480B908948AB
:10CBC0000C903F1D0D9057E108600010F4B4000078
:10CBD000DAC10720A4A100002046E2E5EDF22EF222
:10CBE000E5EAF3F92E202020202021250000000076
:10CBF0002046E2E5EDF22E6D61782E2028202040BF
:10CC000025292023000000002020202020C2C5CD9F
:10CC1000D2C8CBDFD2CED0202020202000000000C0
:10CC20002020C0C2D2CECCC0D2DB20CDC0C3D0D356
:10CC3000C7CECA200000000020C0E2F2EEECE0F215
:10CC400020B93120202020202020212000000000B9
:10CC500020C0E2F2EEECE0F220B9322020202020C9
:10CC6000202040200000000020C0E2F2EEECE0F2C4
:10CC700020B9332020202020202023200000000085
:10CC800020C0E2F2EEECE0F220B934202020202097
:10CC9000202024200000000020C0E2F2EEECE0F2B0
:10CCA00020B9352020202020202025200000000051
:10CCB00020C0E2F2EEECE0F220B936202020202065
:10CCC00020205E200000000020C0E2F2EEECE0F246
:10CCD00020B937202020202020202620000000001E
:10CCE00020C0E2F2EEECE0F220B938202020202033
:10CCF00020202A200000000020C0E2F2EEECE0F24A
:10CD000020B93920202020202020282000000000E9
:10CD100020C0E2F2EEECE0F220B9313020202020F9
:10CD2000202029200000000020C0E2F2EEECE0F21A
:10CD300020B931312020202020202B2000000000AD
:10CD400020C0E2F2EEECE0F220B9313220202020C7
:10CD500020203D2000000000A0C00720C2DBCACB7D
:10CD60002E000000C2CACB2E000000002020DDCB28
:10CD7000C5CAD2D0CED1CDC0C1C6C5CDC8C5202070
:10CD80000000000020C2E2EEE4202020202020202D
:10CD900023C22020202020200000000020CFDDD151
:10CDA000202020202020202024C2202020202020DD
:10CDB000000000002050F1F3ECEC2E202020202079
:10CDC000202025EAC2F22AF7000000002050F2E5F8
:10CDD000EAF3F92E2020202020205EC2F22020201D
:10CDE0000000000028BA000020C2E2EEE420F42E89
:10CDF000412020202021C2202020202000000000EF
:10CE000020C2E2EEE420F42E422020202040C22066
:10CE1000202020200000000020C2E2EEE420F42EBA
:10CE2000432020202023C2202020202000000000BA
:10CE300020CFDDD12020F42E412020202026C2202A
:10CE4000202020200000000020CFDDD12020F42E63
:10CE5000422020202029C220202020200000000085
:10CE600020CFDDD12020F42E432020202028C220F6
:10CE700020202020000000000ECF0298F4F76BFA6B
:10CE800099F9010099F90410421A022A01DD801E65
:10CE900001E0884201DA89F804000120F4F7F7F98B
:10CEA000DF4C002221212088F3F70FFC608800224C
:10CEB0004021F3F70AFCA08800222321F3F705FCA8
:10CEC000A41D002220882621F3F7FFFB60880022A2
:10CED0002921F3F7FAFBA08800222821F3F7F5FBBC
:10CEE00003222521D23C206FF3F709FB00225E21AB
:10CEF000A08CFFF741B9CBA10291D0A10391D5A19C
:10CF00000491DAA10591DF490691A84202DA89F875
:10CF1000040003E0022A01DD89F8043099F90400D5
:10CF200006EB8001D1E9012356F82010D6A002F0CB
:10CF300045B8162812D0212812D0022BD84B13D076
:10CF4000D8A2DEA1E3A0F4F706FA0120F4F79FF9D6
:10CF5000E64800222821B0F85400CAE7E4A300E024
:10CF6000E9A3EFA2F4A1EDE7F9A2EAE7012B07D1CB
:10CF7000FD4901980978884202D1C94BF4A201E029
:10CF8000C74BC8A2F9A1FFA0F4F7E5F90220F4F716
:10CF90007EF999F902000022401C80B27B21D3E483
:10CFA00040F6026010F0B8FA01B29D48CC38402932
:10CFB000018101DD00210181B0F9080068B101287B
:10CFC00017D002281ED049DD94F9012094F90430CD
:10CFD00021469A422FDA0A7132E0B14BB04A153B32
:10CFE000EEA1F4A0F4F7B7F984F801A000212171B3
:10CFF00034E0F6A3AA4AFBA1EEA0F4F7ACF90020B6
:10D0000020712BE094F9011094F9042020469142FC
:10D0100001DA017104E08A1A022A01DD891EF8E7AB
:10D0200094F9040010B1012802D017E09C4B10E0E5
:10D03000E6A39B4A0EE0D31A022B01DD921ECAE73B
:10D0400094F90410421E9142F2D0801E8142EDD02C
:10D05000EAA3F0A2E3A1D7A0F4F77DF90120F4F749
:10D0600016F920792821F3F76BFB20795B21401C0E
:10D07000C0B2F3F765FB20797B21801CC0B2F3F7C7
:10D080005FFB05F034BB864B153B1A46114608463C
:10D09000F4F761F94FF4606010F03EFA94F9021071
:10D0A00080B24A424021F3F742FB400100F5806024
:10D0B00005467AA910F009FB7DA9281D10F005FB93
:10D0C000694605F1080010F000FB01A905F10C000C
:10D0D00010F0FBFA7BA905F1100010F0F6FA7CA91C
:10D0E00005F1140010F0F1FA7EA905F1180010F016
:10D0F000ECFA9DF8E80155283CD19DF8EA01522848
:10D10000BFD1CAA3CFA2D5A1DAA0F4F724F99DF824
:10D11000040000224021F3F7D8FA9DF80500002210
:10D120002321F3F7D2FA9DF8060000222421F3F719
:10D13000CCFA9DF8020000222521F3F7C6FA9DF8EB
:10D14000000000225E21F3F7C0FA9DF80100401EA6
:10D150000C2801D38DF801A051489DF801104938E1
:10D1600000EB810000222821F3F79CFA2C490020D3
:10D17000CC3908819DF8E801572850D19DF8EA0183
:10D180004E283CD1A9A3C1A2C6A1CCA0F4F7E3F8D4
:10D190009DF8040000224021F3F797FA9DF805005E
:10D1A00000222321F3F791FA9DF8060000222421A2
:10D1B000F3F78BFA9DF8020000222521F3F785FA98
:10D1C0009DF8000000225E21F3F77FFA9DF8010030
:10D1D000401E0C2801D38DF801A031489DF80110A4
:10D1E000493800EB810000222821F3F75BFA0C4953
:10D1F0000020CC3908819DF8E80157280FD19DF80F
:10D20000EA01492845F0738288A3B2A2A5A1ABA088
:10D21000F4F7A1F800229DF80400402166E192E1B4
:10D22000ECC1072020C2FBF02EE7E0F0FFE4202055
:10D2300020202020202020200000000020C0E2F23A
:10D240002EE2FBF02EE7E0F0FFE42020202020205B
:10D250000000000020CA2EC52E20E1E0F2E0F0E53B
:10D26000E8204E31202020200000000020CA2EC5DA
:10D270002E20E1E0F2E0F0E5E8204E3220202020F0
:10D2800000000000A4A100002020202020D1CFC554
:10D29000D6D4D3CDCAD6C8C8202020200000000094
:10D2A000255B020020C2FBEAEBFEF7E5ED20202023
:10D2B00020202020202020200000000020C4EBE8B7
:10D2C000F22E2DF1F2FC202020202028F72E202005
:10D2D00000000000C2DBD0C0C2CDC8C2C0DED9C8C9
:10D2E000C920C7C0D0DFC4200000000020C0072034
:10D2F000202020E5ECEAEEF1F2E820E1E0F22E4E0B
:10D300003120202000000000202020E5ECEAEEF192
:10D31000F2E820E1E0F22E4E322020200000000052
:10D320002020E2EAEBFEF7E5ED20EAEEEDF2F0EE8A
:10D33000EBFC20200000000020202020EDE5E2EEA4
:10D34000E7ECEEE6E5ED2C20202020200000000098
:10D3500020C2EAEBFEF7E5ED20202020202020204F
:10D360002020202000000000170000102020202096
:10D3700020C1C0D2C0D0C5C8204E7B202020202094
:10D38000000000002020CACECDD2D0CECBDC20C5FC
:10D39000CCCACED1D2C820200000000020C6F3F0B5
:10D3A000EDE0EB20EFF3F1F22020202020202020E0
:10D3B00000000000202020C6D3D0CDC0CB20D1CE8D
:10D3C000C1DBD2C8C92020200000000020CEF7E831
:10D3D000F1F2E8F2FC20E6F3F0EDE0EB2020202073
:10D3E00000000000202820202020202020202020B5
:10D3F000202020202020202000000000207B202052
:10D40000202020202020202020202020202020201C
:10D4100000000000205B2020202020202020202051
:10D420002020202020202020000000002020302567
:10D43000282020305E2030403A30233A302420200B
:10D440000000000020E8EDE2E5F0F2EEF0EDEEE99C
:10D4500020F1E8F1F2E5ECFB00000000202020E8DC
:10D46000EBE820E2EAEBFEF7E5EDE8E520202020FE
:10D470000000000020202020CFE5F0E5E7E0E3F009
:10D48000F3E7EAE02020202000000000F120E8ED92
:10D49000E2E5F0F2EEF0EEE220EDE020F1E5F2FC64
:10D4A00000000000202020202020E1E0E9EFE0F152
:10D4B000E02020202020202000000000202020CF7D
:10D4C000E5F0E5F5EEE420F0E0E1EEF2FB202020CF
:10D4D00000000000F120F1E5F2E820EDE020E8EDA9
:10D4E000E2E5F0F2EEF0FB2000000000F3F7EDF8CB
:10D4F0009DF8050000222321F3F7E7F89DF80600C8
:10D5000000222421F3F7E1F89DF8020000222521F2
:10D51000F3F7DBF89DF8000000225E21F3F7D5F861
:10D520009DF80100401E0C2801D38DF801A09DF844
:10D530000110FF48002200EB81002821F3F7B2F828
:10D54000FC49002008819DF8E801542840D19DF84D
:10D55000EA014E284CD1AFF22C13AFF2D002F6A163
:10D56000FBA0F3F7F8FE9DF8040000224021F3F73A
:10D57000ACF89DF8050000222321F3F7A6F89DF8EA
:10D58000060000222421F3F7A0F89DF802000022F3
:10D590002521F3F79AF89DF8000000225E21F3F7A9
:10D5A00094F89DF80100401E0C2801D38DF801A0CD
:10D5B0009DF80110DE48002200EB81002821F3F7DE
:10D5C00071F8DC49002008819DF8E80154280FD04B
:10D5D000C0B2502825D04F287ED044287DD049287D
:10D5E0007CD042287BD053287AD0492878D048E58F
:10D5F0009DF8EA014928FAD1AFF2D013AFF22C120C
:10D60000CDA1D3A0F3F7A7FEF1E300BF9DF8011071
:10D61000C748002200EB81002821F3F743F80020DF
:10D62000F1E39DF8EA014128E1D1CF480290AFF241
:10D63000042003909DF8EC01412803D19DF8ED01F1
:10D64000412850D001220021201DF6F7C8FCC7A0B8
:10D650000490CCA00590D1A0069094F9040006EBAC
:10D660008001091D56F820000EC9F3F774FE9DF8DD
:10D67000F00100223E21F3F728F89DF8F101002285
:10D680003D21F3F722F89DF8F20100222921F3F75A
:10D690001CF89DF8EE0100225B21F3F716F89DF8C7
:10D6A000EC0100223C21F3F710F89DF8ED01401E3B
:10D6B0000C2801D38DF8EDA19DF8ED119C480022B6
:10D6C00000EB81005D21F2F7EDFF9DF8F8019DF878
:10D6D000F91100EB012004E042E06AE0E8E0D2E268
:10D6E000F6E080B2FEE3B3A00490B8A002AC03461B
:10D6F000059007CCF3F72FFE8E4800222B2140899E
:10D700001FFA80F0F2F7E1FF9DF8040000224021AB
:10D71000F2F7DBFF9DF8050000222321F2F7D5FF89
:10D720009DF8060000222421F2F7CFFF9DF80200A9
:10D7300000222521F2F7C9FF9DF8000000225E219A
:10D74000F2F7C3FF9DF80100401E0C287ED200BFF7
:10D750009DF801107648002200EB810028214AE361
:10D760009DF8EA01552844F0C2879EA00290A3A02C
:10D7700003909DF8E901012804D0022804D0032871
:10D7800004D005E0A3A06EE2A8A06CE2ADA06AE21E
:10D79000B2A004909DF8EC0141287ED011E0002257
:10D7A0005A21B4A0F2F77EFF23E26249A1F808A053
:10D7B00067E49DF8EA015528FAD1AFA00290B4A021
:10D7C00051E201220021201DF6F709FCB6A00590C8
:10D7D000BBA0069094F9040006EB8001091D56F8E1
:10D7E00020000EC9F3F7B7FD9DF8F00100223E219D
:10D7F000F2F76BFF9DF8F10100223D21F2F765FF82
:10D800009DF8F20100227A21F2F75FFF9DF8EE0108
:10D8100000225B21F2F759FF9DF8EC0100223C2128
:10D82000F2F753FF9DF8ED01401E0C2801D38DF84F
:10D83000EDA19DF8ED113E48002200EB81005D2135
:10D84000F2F730FF9DF80400002200E08EE3402153
:10D85000F2F73BFF9DF8050000222321F2F735FF88
:10D860009DF8060000222421F2F72FFF9DF8020008
:10D8700000222521F2F729FF9DF8000000225E21F9
:10D88000F2F723FF9DF80100401E0C2801D38DF80C
:10D8900001A09DF80110264800E0E6E100EB8100C0
:10D8A00000222621F2F7FEFEBDF8F401002298E1E5
:10D8B0009DF8EA0153281AD04F282ED06F282DD07A
:10D8C00054282CD043282BD049282AD04C2829D0A2
:10D8D00081A002909DF8EA014C2824D0542823D03E
:10D8E000552822D0752821D04F2820D03FE380A092
:10D8F000029085A08EE101220021201DF6F76FFB2A
:10D9000069A005906EA0069094F9040006EB8001D2
:10D91000091D56F820000EC902E172E176E18FE19F
:10D9200093E197E19BE1F1E3F1E3F1E3F1E3F1E36B
:10D93000DC5A020020C10720202020F0E0E1EEF2B6
:10D94000FB20E1E0E9EFE0F1E02020200000000012
:10D950002020D1ECE5EDE020EFF0E8EEF0E8F2E594
:10D96000F2E0202000000000185F000020202020AE
:10D970002020F3F1F2F0E0EDE5EDE0202020202082
:10D98000000000002020305B5D2020303C20303E35
:10D990003A303D3A3029202000000000202020208D
:10D9A0002055ECE8ED3D20202BC220202020202017
:10D9B0000000000020202020EDE520F3F1F2F0E04F
:10D9C000EDE5EDE0202020200000000020202020B8
:10D9D0002055F1E5F2E83D20202BC2202020202018
:10D9E0000000000020C0E2E0F0E8FF2055E2FBF577
:10D9F000202020202021C220000000002055E2FB32
:10DA0000F52E2020EDE520E220EDEEF0ECE52120E2
:10DA1000000000002055E2FBF52EF4C020EDE520CB
:10DA2000E220EDEEF0ECE521000000002055E2FBE5
:10DA3000F52EF44220EDE520E220EDEEF0ECE521BC
:10DA4000000000002055E2FBF52EF44320EDE52018
:10DA5000E220EDEEF0ECE521000000002020302572
:10DA6000262020305E2030403A30233A30242020D7
:10DA700000000000205A000020C0E2E0F0E8FF2093
:10DA800055646320202020202021C22000000000B7
:10DA9000205564632EE2F520EDE520E220EDEEF066
:10DAA000ECE52120000000002020202020F3F1F2EE
:10DAB000F0E0EDE5EDE02020202020200000000037
:10DAC0002020305B5D2020303C20303E3A303D3A13
:10DAD000307A202000000000202020C0E2E0F0E8A2
:10DAE000FF20C1CFD1204E2B20202020000000009D
:10DAF00020C0E2E0F0E8FF20E8EDE2E5F0F2EEF031
:10DB0000204E5A200000000020C2EDF3F2F02EED6E
:10DB1000E5E8F1EFF0E0E2EDEEF1F2FC00000000EC
:10DB2000F3F719FC9DF8F00100223E21F2F7CDFD3C
:10DB30009DF8F10100223D21F2F7C7FD9DF8F201A9
:10DB400000227A21F2F7C1FD9DF8EE0100225B214F
:10DB5000F2F7BBFD9DF8EC0100223C21F2F7B5FD88
:10DB60009DF8ED01401E0C2801D38DF8EDA19DF824
:10DB7000ED11FF48002200EB81005D21F2F792FDDC
:10DB80009DF8040000224021F2F79FFD9DF805005A
:10DB900000222321F2F799FD9DF80600002224219E
:10DBA000F2F793FD9DF8020000222521F2F78DFD8A
:10DBB0009DF8000000225E21F2F787FD9DF801002C
:10DBC000401E0C2801D38DF801A09DF80110E848F3
:10DBD000002200EB81002621F2F764FDBDF8F4017C
:10DBE00001222121F2F771FD9DF8E9010928BFF416
:10DBF000D6AD9DF8E9010022401C5A21F2F765FDDF
:10DC0000D3E5AFF214100290DAA003E0AFF22010D7
:10DC10000290DEA00390AFF2BC1004909DF8EC01DE
:10DC200041287FF468AE9DF8ED014128F9D1AFF2AB
:10DC30007C2002AC0346059007CCF3F78CFB9FE7F2
:10DC4000AFF254100290D7A00DE0AFF25C1002903A
:10DC5000DAA008E0AFF268100290DEA003E0AFF2B5
:10DC600070100290E1A0039092E59DF8ED0141282B
:10DC70007FF494ADAFF2C42002AC0346059007CC0C
:10DC8000F3F769FBDEE59DF8EA014E2810D04F2836
:10DC90007ED049287DD054287CD043287BD053287F
:10DCA0007AD05A2879D0572878D04B2877D09EE45C
:10DCB000D4A0A5E001220021201DF6F790F9AFF2D3
:10DCC00018200590AFF20820069094F9040006EBA6
:10DCD0008001091D56F820000EC9F3F73CFB9DF8A2
:10DCE000F00100223E21F2F7F0FC9DF8F101002244
:10DCF0003D21F2F7EAFC9DF8F20100227A21F2F7C9
:10DD0000E4FC9DF8EE0100225B21F2F7DEFC9DF8B9
:10DD1000EC0100223C21F2F7D8FC9DF8ED01401EF9
:10DD20000C2801D38DF8EDA19DF8ED11904800224B
:10DD300000EB81005D21F2F7B5FC00BF9DF8E90121
:10DD40000022401C2B21F2F7C0FC9DF804000022A9
:10DD50004021F2F7BAFC9DF8050000222321F2F7DA
:10DD6000B4FC9DF8060000222421F2F7AEFC9DF8D9
:10DD7000020000222521F2F7A8FC9DF800000022F5
:10DD80005E21F2F7A2FC9DF80100401E0C2807E07E
:10DD900034E039E03AE052E076E0B4E0E6E16EE209
:10DDA00001D38DF801A09DF801107148002200EB0D
:10DDB00081002621F2F776FCBDF8F4010022212132
:10DDC000F2F783FC9DF8E901012808D002280AD067
:10DDD00003280DD06FF008025A2190A00BE000221A
:10DDE0005A2191A007E000225A2190A003E060E0B0
:10DDF00000225A218EA0F2F755FCD6E4AFF21C4067
:10DE000002908CA005E037E290A0F9E795A002907F
:10DE100064A00390AFF2BC3004909DF8EC0141285F
:10DE20007FF448AF9DF8ED014128F9D1AFF27C4075
:10DE300002AC0346059007CCF3F78DFA7EE78FA07E
:10DE4000029094A00390AFF61C2004909DF8EC0182
:10DE5000412803D19DF8ED01412807D0012200217E
:10DE6000201DF6F7BCF8AFF2C03061E0AFF2BC4065
:10DE70006BE100BF9DF8ED113D48002200EB8100F1
:10DE80005D21F2F70FFC66E17CA0029087A0039071
:10DE900080A00490AFF66C2002AC0346059007CC3E
:10DEA000F3F759FA9DF8E9010022401C2B21F2F703
:10DEB0000CFC9DF8040000224021F2F706FC9DF8BE
:10DEC000050000222321F2F700FC9DF80600002245
:10DED0002421F2F7FAFB9DF8020000222521F2F737
:10DEE000F4FB00E03AE19DF8000000225E21F2F729
:10DEF000ECFB9DF80100401E0C28FFF487AB8DF869
:10DF000001A0FFF783BB6FA0029074A00390AFF64F
:10DF1000E42004909DF8EC01412803D19DF8ED0127
:10DF2000412822D001220021201DF6F758F871A0C7
:10DF30000590AFF2B050069094F9040006EB800112
:10DF4000091D56F820000EC9F3F705FA9DF8F001F7
:10DF500000223E21F2F7B9FB9DF8F10100223D219C
:10DF6000F2F7B3FB9DF8F201D5E0EDE0FAE028E22C
:10DF7000DC5A020020C7E0E2FBF82E2055E2FBF558
:10DF8000202020202021C2200000000020C7E0ED3A
:10DF9000E8E62E2055E2FBF5202020202021C2209B
:10DFA0000000000020EFE5F0E5E3F0E5E2202020AE
:10DFB000202021B0D12020200000000020F0E0E748
:10DFC000F0FBE220F1E2FFE7E820202020202020E3
:10DFD000000000002055646320EDE520E220EDEE16
:10DFE000F0ECE520202020200000000020CFE5F00C
:10DFF000E5E3F0F3E7EAE020EFEE2050E2FBF52066
:10E000000000000020C0E2E0F0E8FF2055F1E5F25A
:10E01000E82020202021C2200000000020E1E0E9CB
:10E02000EFE0F1202020200041000000420000002D
:10E03000430000002020202020E1E0E9EFE0F12073
:10E04000F42E5A20202020200000000020C0E2E012
:10E05000F0E8FF2055E8EDE2202020202021C2201A
:10E060000000000020C0E2E0F0E8FF20E1E0E9EF7E
:10E07000E0F120F42E5A2020000000002020202073
:10E08000202020C0E2E0F0E8FF20202020202020F7
:10E09000000000002020202020E1E0F2E0F0E5E890
:10E0A000204E2B20202020200000000020202020B7
:10E0B000EDE5F1E8ECECE5F2F0E8E82020202020A6
:10E0C00000000000202020C2FBF0E0E2EDE8E2E0EA
:10E0D000FEF9E8E920202020000000002020202078
:10E0E000202020E7E0F0FFE4202020202020202036
:10E0F00000000000202020202020E7E0E2E5F0F8EA
:10E10000E5ED202020202020000000004FE150E11C
:10E1100051E152E153E100222921F2F7D6FA9DF8AC
:10E12000EE0100225B21F2F7D0FA9DF8EC0100220B
:10E130003C21F2F7CAFA9DF8ED01401E0C28FFF4CD
:10E1400099AE8DF8EDA195E6E0A002AC03460590EE
:10E1500007CCF3F700F99DF8E901401C00222B21C0
:10E16000FFF7D0BA8DF801A0FFF7F2BADDA0029058
:10E17000E2A00390E7A00490AFF650500590EBA00A
:10E180000690EFA00790F4A00890F9A00990FEA0D7
:10E190000A9094F9040006EB8001091D56F820004E
:10E1A0000EC9F3F7D8F89DF8E9010022401C21219F
:10E1B000F2F78BFA9DF8040000224021F2F785FA6D
:10E1C0009DF8050000222321F2F77FFA9DF8060052
:10E1D00000222421F2F779FA9DF80200002225217D
:10E1E000F2F773FA9DF8000000225E21F2F76DFA53
:10E1F0009DF80100401E0C2801D38DF801A09DF868
:10E200000100E74C002204EB80002821F2F74AFAD3
:10E210009DF8F00100226921F2F757FA9DF8F1010B
:10E2200000226C21F2F751FA9DF8F20100227321CD
:10E23000F2F74BFA9DF8EE0100227121F2F745FA50
:10E240009DF8EC0100227221F2F73FFA9DF8ED01F2
:10E25000401E0C2801D38DF8EDA19DF8ED010022A0
:10E2600004EB80007721F2F71DFABDF9F4110A20C2
:10E2700091FBF0F080B283E0CA49088117E5CAA09B
:10E280000290CFA00390A3A00490AFF66060059029
:10E29000D1A00690AAA00790AFA00890B4A00990C2
:10E2A000D3A00A9094F9040006EB8001091D56F8EA
:10E2B00020000EC9F3F74FF89DF8E9010022401C39
:10E2C0002121F2F702FA9DF8040000224021F2F722
:10E2D000FCF99DF8050000222321F2F7F6F99DF8DC
:10E2E000060000222421F2F7F0F99DF80200002236
:10E2F0002521F2F7EAF99DF8000000225E21F2F7ED
:10E30000E4F99DF80100401E0C2801D38DF801A00E
:10E310009DF80100A24C002204EB80002821F2F7B6
:10E32000C1F99DF8F00100226921F2F7CEF99DF8BC
:10E33000F10100226C21F2F7C8F99DF8F2010022E8
:10E340007321F2F7C2F99DF8EE0100227121F2F774
:10E35000BCF99DF8EC0100227221F2F7B6F99DF8A4
:10E36000ED01401E0C2801D38DF8EDA19DF8ED01C3
:10E37000002204EB80007721F2F794F9BDF8F40154
:10E3800001222F21F2F7A1F99DF803009DF8071053
:10E39000012200EB012080B23C21F2F796F9BDF892
:10E3A000F60101223E21F2F790F9052064E796A0DC
:10E3B00006E09BA004E0A0A002E0A5A000E0AAA0C7
:10E3C0000390AFF6987004909DF8EC01412803D1BA
:10E3D0009DF8ED01412877D001220021201DF5F79D
:10E3E000FEFDAFF678200590AFF66820069094F910
:10E3F000040006EB8001091D56F820000EC9F2F753
:10E40000AAFF9DF8F00100223E21F2F75EF99DF887
:10E41000F10100223D21F2F758F99DF8F2010022A6
:10E420002921F2F752F99DF8EE0100225B21F2F763
:10E430004CF99DF8EC0100223C21F2F746F99DF8D9
:10E44000ED01401E0C2801D38DF8EDA19DF8ED11D2
:10E450005348002200EB81005D21F2F723F900BF51
:10E460009DF8E9010022401C2B21F2F72EF99DF8BE
:10E47000040000224021F2F728F99DF8050000224F
:10E480002321F2F722F99DF8060000222421F2F759
:10E490001CF99DF8020000222521F2F716F99DF8DB
:10E4A000000000225E21F2F710F99DF80100401EE5
:10E4B0000C2801D38DF801A09DF8011038480022E6
:10E4C00000EB81002821DBE0DDE00000202020209F
:10E4D000EDE520E7E0E2E5F0F8E5ED202020202062
:10E4E0000000000020202020202020D0E0E7F0FFC6
:10E4F000E4202020202020200000000020202020D8
:10E5000020E1E0F2E0F0E5E8204E2120202020206C
:10E5100000000000202020CDE0F7E0EBEE202020DE
:10E52000202020202020202000000000202020206B
:10E5300020202055E1E0F23D20203CC200000000F8
:10E54000202020CAEEEDE5F62020202020202020EB
:10E550002020202000000000202030717720203073
:10E56000722030693A306C3A30732020000000008D
:10E5700020202020202020202055E1E0F23D2020F6
:10E580003EC2202000000000202020CEF2E4E0ED7A
:10E59000EE202020202FE02AF72E2020000000006F
:10E5A000DC5A020020C107202020CAEEEDF2F0EE76
:10E5B000EBFC20E5ECEAEEF1F2E8202000000000A0
:10E5C00020202020202020E1E0F2E0F0E5E82020DB
:10E5D00020202020000000002020202020202020BB
:10E5E0002055E1E0F23D20203CC220200000000048
:10E5F000202020A8ECEAEEF1F2FC2020202FE02AD7
:10E60000F72E2020000000002020202020EEF2EA3B
:10E61000EBFEF7E8EBF1FF202020202000000000B7
:10E62000202020202020EFE5F0E5E3F0E5E22020A7
:10E630002020202000000000202020E7E0E2FBF85E
:10E64000E5EDEE2055E2FBF52E2020200000000035
:10E65000202020E7E0EDE8E6E5EDEE2055E2FBF5D1
:10E660002E2020200000000020202020E7E0E2FBF8
:10E67000F8E5EDEE2049E2FBF52020200000000047
:10E68000F2F710F8FAE5AFF6D44002AC0346059075
:10E6900007CCF2F760FEE3E6DF4B0199595C5529A0
:10E6A00012D0DEA10291E3A10391E8A10491EDA1B2
:10E6B0000591F2A10691F7A10791FC490891012A61
:10E6C00004DD84F804E004E0F9A1EBE7A84200DAF5
:10E6D000207194F9040006EB800156F820204B6865
:10E6E000F9A1FFA0F2F737FE0220F2F7D0FD94F96E
:10E6F00002000022401C80B25E21F1F7E6FFC6490D
:10E7000094F90200AC31002231F810002121F1F718
:10E71000DCFFC14994F90200B031002231F9101038
:10E72000E248493800EB81004021F1F7BBFFBA49CC
:10E7300094F90200B431002231F810002321F1F7DE
:10E74000C4FFB54994F90200B831002231F8100035
:10E750002421F1F7BAFFB04994F90200BC3100223C
:10E7600031F81000252103F0C0BF00BFB9F1000F40
:10E7700007D0B9F1010F11D02146A84214DA08716F
:10E7800016E0CA4BDC4ADDA1E2A0F2F7E4FD03206B
:10E79000F2F77DFD00206070207147E0D64AC34B40
:10E7A0004832D6A1DBA025E0012A01DD81F804E092
:10E7B00094F904107D98814201D1BC4B01E0CE4B0D
:10E7C0007833CD4ACDA14832D2A029E0B9F1000F6B
:10E7D00006D0B9F1010F08D0A84210DA207112E07A
:10E7E000B24BC54AC5A1D1A046E0C34AAF4B48329F
:10E7F000C2A1CEA0F2F7AFFD0020207112E0012AE5
:10E8000001DD84F804E094F904107D98814201D17F
:10E81000A64B01E0B84B7833B74AB8A14832C3A041
:10E82000F2F799FD5FF00200F2F731FD94F9020072
:10E830000022401C80B22121F1F747FF94F9041017
:10E84000C048405C2821F2F7D5FD94F904107E9869
:10E85000085C5B21F2F7CEFD10E500BFB9F1000FB7
:10E8600006D0B9F1010F0ED0A84212DA207114E0DF
:10E870008E4BA14AA1A1B4A0F2F76DFD00206070FB
:10E8800020710320D0E79C4A884B48329BA1AEA060
:10E89000B0E7012A01DD84F804E094F904107D98C2
:10E8A000814201D1814B01E0934B7833924A93A18D
:10E8B0004832A5A0B4E77D4BA9A0153B1A461146E6
:10E8C000F2F749FD99F900004C4680B20023082276
:10E8D0000121F1F7B5FE94F90100002380B209226D
:10E8E0000121F1F7ADFE94F90200002380B20A2263
:10E8F0000121F1F7A5FE4848A421DC3090F9012060
:10E90000B4301154BAE4444901981F46085C5528B4
:10E9100024D099A0654B9EA1153B1A460290F2F7B0
:10E920001AFD99F900004D4680B200230822022109
:10E93000F1F786FE95F90100002380B20922022139
:10E94000F1F77EFE95F90200002380B20A2202212F
:10E95000F1F776FEA42097F9011027E092A0D9E7FD
:10E96000524B97A0153B1A469BA10290F2F7F3FC7D
:10E9700099F900004D4680B2002308220221F1F7E8
:10E980005FFE95F90100002380B209220221F1F710
:10E9900057FE95F90200002380B20A220221F1F706
:10E9A0004FFE1D49A420DC3191F90110085565E4A2
:10E9B0008FA1029194A1039199A104919EA1059127
:10E9C000A3A10691A8A10791ADA10891B2A10991B7
:10E9D000B7A10A91BCA10B91C1A10C91C6A10D9147
:10E9E000BFA10E91CAA10F91CFA11091D4A11191F5
:10E9F000CDA11291D8A11391DDA11491E2A115919D
:10EA0000DBA11691E6A11791EBA11891F0A1199144
:10EA1000F5A11A91FAA1FFE1B8C0072020C2FBE2DC
:10EA2000E5E4E5EDE02030212F4020202F302320A9
:10EA30000000000020CDEEECE8ED2EE5ECEA2E2003
:10EA40002020202024412AF70000000020CDE0F003
:10EA5000E0E1EEF2EAE020202020202025F72E2021
:10EA60000000000020CAEEEDF2F0EEEBFC20E5EC39
:10EA7000EAEEF1F2E82020200000000020C2FBF0C6
:10EA8000E0E2EDE8E2E0FEF9E8E920E7E0F0FFE4AB
:10EA90000000000020D0E0E7F0FFE4FB2020202071
:10EAA000202020202020202000000000255B0200E4
:10EAB00020C2E2E5E4E5EDE0202030212F402020D7
:10EAC0002F302320000000002020202020C1C0D2B1
:10EAD000C0D0C5DF204E5E20202020200000000096
:10EAE00020C1C0D2C0D0C5C9CDDBC920C6D3D0CDCE
:10EAF000C0CB2020000000009CD30000202020205C
:10EB000020C1C0D2C0D0C5C8204E21202020202046
:10EB1000000000002020CACECDD2D0CECBC820C568
:10EB2000CCCACED1D2C8202000000000C2DBD0C0A9
:10EB3000C2CDC8C2C0DED9C8C520C7C0D0DFC4DBC3
:10EB40000000000023600010202020202020D0C0E2
:10EB5000C7D0DFC4DB2020202020202000000000C0
:10EB60002020C2E2E5E4E8F2E52020EFE0F0EEEB61
:10EB7000FC20202000000000C4EBFF20E2E2E5E4DE
:10EB8000E5EDE8FF20E1E0F2E0F0E5E8000000005C
:10EB90002020EDE0E1E5F0E8F2E520EFE0F0EEEB3B
:10EBA000FC20202000000000C4EBFF20E2FBE2E597
:10EBB000E4E5EDE8FF20E1E0F22E2DE800000000A2
:10EBC000C4EBFF20EEF7E8F1F2EAE820E6F3F0ED1F
:10EBD000E0EBE020000000002020E2E2E5E4E8F2C3
:10EBE000E52020EFE0F0EEEBFC202020000000000C
:10EBF00020D1F2E0EDE4E0F0F2EDFBE52020202072
:10EC0000202020200000000020C2F0E5ECFF20E8DA
:10EC100020E4E0F2E020202020202020000000005E
:10EC200020D1E8EDF5F0EEEDE8E7E0F6E8FF202092
:10EC30002020202000000000202020E2F0E5ECE56C
:10EC4000EDE820E820E4E0F2FB20202000000000B6
:10EC500020D1F2F0F3EAF2F3F0E02020202020208F
:10EC6000202020200000000020C7E22EF1E8E3ED84
:10EC70002E202020282020202020202000000000FE
:10EC800020CEF2EAEBFEF7E5EDE8E520F1E8E3ED72
:10EC9000E0EBE020000000002020E0E2E0F0E8E807
:10ECA00020202020292020202020202000000000DB
:10ECB00020C2FBF5EEE4EDEEE520EDE0EFF0FFE63F
:10ECC000E5EDE8E50000000020E8EDE2E5F0F2EE19
:10ECD000F0E02020202020202021C2200000000081
:10ECE00020CDE0EFF0FFE6E5EDE8E520E2FBF5EE14
:10ECF000E4E020200000000020ECE0EAF1E8ECE095
:10ED0000EBFCEDEEE52020202040C22000000000BA
:10ED100020ECE8EDE8ECE0EBFCEDEEE52020202037
:10ED20002023C2200000000020CDE0EFF0FFE6E548
:10ED3000EDE8E520F1E5F2E82020202000000000C9
:10ED400020E2EAEBFEF7E5EDE8FF2020202020207E
:10ED5000205BC2200000000020EEF2EAEBFEF7E5A7
:10ED6000EDE8FF2020202020205DC22000000000D0
:10ED700020CDE0EFF0FFE6E5EDE8E520E1E0F2E0B0
:10ED8000F0E5E8200000000020E2EAEBFEF7E5ED08
:10ED9000E8FF202020202020207BC220000000004F
:10EDA00020EEF2EAEBFEF7E5EDE8FF202020202040
:10EDB000207DC220000000002045746865726E65E9
:10EDC000742020202020202020202020000000006F
:10EDD000204D4F4442555320414452455353202027
:10EDE0002020203C00000000204D4F44425553207D
:10EDF000424155445241544520202020000000004B
:10EE00002020202020202020202020202020202002
:10EE100020203E30000000001B91E3A11C91E8A1DE
:10EE20001D91EDA11E91F2491F91F2A12091F7A130
:10EE30002191EF4948312291FAA12391FF49249170
:10EE4000022A02DD84F804C002E0A84200DA207140
:10EE500094F90400092819D00D2817D0112815D0CD
:10EE600006EB8001D1E9012356F82010F4A0F2F757
:10EE700072FA0120F2F70BFAF74F4FF000024FF051
:10EE80002801B7F85200C8B1F44818E006EB800535
:10EE900056F8201055F8040CD5E90123F2F75BFA77
:10EEA00094F9040094F90110401E8142EC4902D10A
:10EEB00081F800A0E0E781F828A0DDE7E9A0F1F7FC
:10EEC000F1FBB7F850004FF000024FF0290108B1F4
:10EED000E6A000E0E7A0F1F7E5FBDF4D0022F43506
:10EEE0003C21288880B2F1F7F0FB688800223E219F
:10EEF00080B2F1F7EAFB37F86A0F0022212180B2D5
:10EF0000F1F7E3FBB8880022402180B2F1F7DDFB86
:10EF1000F8880022232180B2F1F7D7FB78880022FD
:10EF20005B2180B2F1F7D1FB388900225D2180B2EC
:10EF3000F1F7CBFB788900227B2180B2F1F7C5FB8A
:10EF4000B88900227D2180B2F1F7BFFB05F10C00EA
:10EF5000A2787721C06DF2F728F868896FF0020275
:10EF60004FF0570110B1BD48FFF7ADBABDA0FBE7A8
:10EF7000C2A10291C7A10391CCA10491D1A1059195
:10EF8000D6490691B4490B7F2BB1D44B91F8301080
:10EF9000153B46F821302146A84201DA087103E00A
:10EFA000022A01DD81F804C094F9040006EB800117
:10EFB000D1E9012356F82010C9A000BFF2F7CBF920
:10EFC00001F0B1BCA44D687C401CC0B268740F282D
:10EFD00009D30020591CC9B2687485F8241003298C
:10EFE00001D385F82400BD48153002902A380390DB
:10EFF00095F8240020B1012804D0022817D003E09E
:10F00000BDA000E0C2A0049002AFC7A00ECFF2F7EF
:10F01000A2F994F9010060B101280ED0022810D0A5
:10F02000032812D0042814D0052816D018E0C4A054
:10F03000E9E78B4981F82A9012E0894981F82D90FF
:10F040000EE0874981F830900AE0854981F83390D5
:10F0500006E0834981F8369002E0814981F83A90D0
:10F06000BD4C20784FF000024FF02601F1F72DFB48
:10F07000207900225E21F1F728FB207A0022252149
:10F08000F1F723FB207B00223C21F1F71EFB217EC0
:10F0900092480022493800EB81003E21F1F702FB43
:10F0A000A08B00227B21F1F710FB687F002803F082
:10F0B0001E833A20F1F732F9694C202525543A2075
:10F0C000F1F72CF925541DE4634F8037B7F97A1016
:10F0D00039B101290DD002290DD0032913D011B166
:10F0E0000BE09EA102917D49039115390491059190
:10F0F0001BE0A0A100E0A5A10291B7F97C100929AD
:10F1000003D8A8A110E0ADA1F6E7A1F10A03032BF3
:10F1100001D8B0A108E011F1090301D3B3A103E0C4
:10F120000C31022901D8B7A10391A84201DA20715C
:10F1300003E0012A01DD84F804E041F278100EF0CA
:10F14000EBF90128B5A004902BD0BAA00590BFA080
:10F150000690624807901538089094F90400A1467B
:10F1600006EB800156F820204B68BEA1C3A0F2F741
:10F17000F2F8B7F97C00F1F7C3F880B20022212140
:10F18000F1F7A3FA61784FF48C50841E41F27C1899
:10F1900041F27A1B022905D00EF0BEF905B22046D5
:10F1A00078E18DE18EE1000020D0E5EBE520202024
:10F1B00020202020202020202020202000000000CF
:10F1C00020C0E2E0F0E8E9EDFBE520EFEEF0EEE351
:10F1D000E82020200000000020F1E8F1F2E5ECFB3F
:10F1E000202020202020202020202020000000009F
:10F1F0005CA1000020D1E5F0E8E9EDFBE9204E201C
:10F2000020202020202020770000000020C8EDE4EE
:10F21000E8EAE0F6E8FF2046E2FBF5202020205750
:10F220000000000020CAE0EBE8E1F0EEE2EAE820AE
:10F2300020202020202020200000000028BA0000EC
:10F240002020202020D3D1D2C0CDCEC2CAC82020B9
:10F25000202020200000000020C0072064CD0000F6
:10F2600018C20720C2DBCA2E00000000E0E2F2EE66
:10F27000EC2E0000F0F3F7ED2E00000020C8EDE2C8
:10F28000E5F0F2EEF0203234C220202020202020B1
:10F290000000000020C8EDE2E5F0F2EEF020343886
:10F2A00028363029C22020200000000020C8EDE2CE
:10F2B000E5F0F2EEF020313130C220202020202075
:10F2C0000000000020C8EDE2E5F0F2EEF02032325E
:10F2D00030C220202020202000000000255B0200FA
:10F2E000D1D2C0CDC4C0D0D2CDDBC520D3D1D22E97
:10F2F0002DCAC8200000000020202020203C3E20F5
:10F300002D20E2FBE1EEF020202020200000000074
:10F310002020205E76202D20F3F1F2E0EDEEE2EAEF
:10F32000E02020200000000020D3D1D2C0CDCEC2EA
:10F33000CAC02020C2D0C5CCC5CDC8200000000066
:10F340002020202020A420202D20E2FBF5EEE42028
:10F3500020202020000000002040024020C2FBEAC4
:10F36000EBFEF7E5EDEE20202020202020202020BD
:10F370000000000020CFE5F0E8EEE420202020206F
:10F380002020203120F7E0F10000000020CFE5F040
:10F39000E8EEE42020202020203120F1F3F2EAE8FA
:10F3A0000000000020D7E0F1EEE2EEE920EFEEFFF2
:10F3B000F120474D542B21200000000020CFE5F024
:10F3C000E8EEE420202020203120EDE5E4E5EBFF0D
:10F3D0000000000020D7E0F1EEE2EEE920EFEEFFC2
:10F3E000F120474D542B20210000000020D7E0F1F0
:10F3F000EEE2EEE920EFEEFFF120474D542D212003
:10F400000000000020D7E0F1EEE2EEE920EFEEFF91
:10F41000F120474D542D20210000000020D1E8EDBF
:10F42000F5F0EEEDE8E7E0F6E8FF20F7E5F0E5E7D8
:10F4300000000000204950203030302E3030302E77
:10F440003030302E303023200000000020D1E8ED95
:10F45000F5F0EEEDE8E7E8F0EEE2E0F2FC20202047
:10F460000000000020202020C2D0C5CCC5CDC8207F
:10F4700028534E5450292020000000002020202036
:10F48000D1C8CDD5D0CECDC8C7C0D6C8DF202020AA
:10F49000000000000EF040F804B240460EF03CF8C8
:10F4A00007B258460EF038F800222321CDE90012A9
:10F4B00000B22B4622463946F1F790FD0220FEE3CA
:10F4C0009FA043E60EF028F807B220460EF024F87D
:10F4D00004B240460EF020F805B258460EF01CF873
:10F4E00099F8021000B2491CC9B22322CDE90021CB
:10F4F0003B4622462946DFE797A102919CA1039152
:10F500000099A14F012905D039B1A0A10491A549C5
:10F5100005910AE0A4A10391F7E7A9A10491AEA186
:10F5200005919AA106919F490791A84201DA20719D
:10F5300003E0022A01DD84F804C094F9040006EB1C
:10F540008001D1E9012356F82010A9A0F1F703FFAB
:10F550000120F1F79CFEF88800225E213C4680B233
:10F56000F1F7B3F8208A30B1B4F91200012808D0BD
:10F5700003280BD010E000225B211046F1F7A5F81C
:10F580000AE06FF001025B219FA003E06FF001022F
:10F590005B219EA0F1F786F8608A00223C2180B2B0
:10F5A000F1F793F8A08A4FF0FF3201284FF03E01A7
:10F5B00007D097A0F1F776F8002224216089FCF7A4
:10F5C000DBBD94A0F6E795A102919AA103919FA1BA
:10F5D0000491A4A17A9B0591A84946F82310A84953
:10F5E000C8F80410C8F80810A84201DA207103E036
:10F5F000022A01DD84F804C094F9040006EB8001BE
:10F60000D1E9012356F820109E48D7E49B4C7AAFED
:10F61000493C74341ACC1AC79BA10291A0A1039152
:10F62000A5A10491AAA10591AFA10691B4A107914A
:10F63000B9A10891BEA10991C3A10A91C8A10B91DA
:10F64000CDA10C91D2A10D91D7A10E91DCA10F916A
:10F65000E1A11091E6A11191EBA11291F0A11391FA
:10F66000F5A11491FAA11591FFA11691464F4D49AC
:10F670001791B98D21B94B490391814904910591A5
:10F68000414CF434A84201DA207103E0022A01DD82
:10F6900084F804C094F9040006EB8001D1E9012349
:10F6A00056F82010F6A0F1F756FE0120F1F7EFFD15
:10F6B000B88D3D4620B16FF002022121F64804E0EA
:10F6C000F5486FF0030221210838F0F7EBFFE88DD1
:10F6D00020B16FF002024021EF4804E0EE486FF0E5
:10F6E000030240210838F0F7DDFF6078022824D0BB
:10F6F00000212320CDE90001B5F93630B5F93420D9
:10F70000B5F93210B5F93000F1F768FC60780428DB
:10F7100014D000212420CDE9000100BFB5F93E300E
:10F72000B5F93C20B5F93A10B5F93800F1F756FCB7
:10F7300061782920062902D0B0E1D2E1D5E1DBE1F0
:10F740002020202020C8CDD2C5D0CDC5D220202059
:10F75000202020200000000020C8EDE2E5F0F2EEBD
:10F76000F0EEE220202020202020205E000000007B
:10F7700020C1E0E9EFE0F1EEE2202020202020206F
:10F780002020205B00000000A0C0072020D1F3F55E
:10F79000E8F520EAEEEDF2E0EAF2EEE220202024A5
:10F7A00000000000A4A1000020C1E0E9EFE0F1208A
:10F7B00020202020202020202020205B000000008E
:10F7C00020C2FBF5EEE4EDFBF520F4E0E72020207D
:10F7D0002020203C0000000020C2F5EEE420414340
:10F7E0002020202020202020203E2020000000007B
:10F7F000202020202020D1D2D0D3CAD2D3D0C020E4
:10F80000202020200000000031F42E0033F42E00D0
:10F81000EDE5F200E5F1F2FC0000000020D1F3F587
:10F82000EEE920EAEEEDF2E0EAF2204E312020206F
:10F830000000000020D1F3F5EEE920EAEEEDF2E061
:10F84000EAF2204E322020200000000020D1F3F503
:10F85000EEE920EAEEEDF2E0EAF2204E332020203D
:10F860000000000020D1F3F5EEE920EAEEEDF2E031
:10F87000EAF2204E3420202000000000255B020028
:10F8800028BA000038C600002045746865726E65AD
:10F890007420202020202020202021200000000093
:10F8A0002044484350EAEBE8E5EDF22020202020F8
:10F8B0002020402000000000204950E0E4F0E5F165
:10F8C00020202020202020202020202000000000B8
:10F8D00020203030302E3030302E3030302E30304E
:10F8E000232020200000000020CCE0F1EAE020EFFF
:10F8F000EEE4F1E5F2E820202020202000000000C6
:10F9000020203030302E3030302E3030302E30301D
:10F91000242020200000000020D8EBFEE72020203B
:10F920002020202020202020202020200000000057
:10F9300020203030302E3030302E3030302E3030ED
:10F94000292020200000000020CFEEF0F22EF7F258
:10F95000E5EDE8FF202020202020205B00000000B3
:10F9600020CFEEF0F22EE7E0EFE8F1E820202020B3
:10F970002020205D0000000020436F6D6D756E69D2
:10F980007479203C2020202020202020000000002E
:10F9900020C0E4F0E5F1E0F220E4EBFF2054524116
:10F9A00050204E310000000020203030302E30300A
:10F9B000302E3030302E3030252020200000000046
:10F9C00020C0E4F0E5F1E0F220E4EBFF20545241E6
:10F9D00050204E320000000020203030302E3030D9
:10F9E000302E3030302E30305E20202000000000DD
:10F9F00020C0E4F0E5F1E0F220E4EBFF20545241B6
:10FA000050204E330000000020203030302E3030A7
:10FA1000302E3030302E30302620202000000000E4
:10FA200020C0E4F0E5F1E0F220E4EBFF2054524185
:10FA300050204E340000000020203030302E303076
:10FA4000302E3030302E30302A20202000000000B0
:10FA500020C0E4F0E5F1E0F220E4EBFF2054524155
:10FA600050204E350000000020203030302E303045
:10FA7000302E3030302E3030282020200000000082
:10FA800020D3D1D2C0CDCEC2CAC820457468657219
:10FA90006E6574200000000064CD00005FF000017E
:10FAA000CDE90001B5F97230B5F97020B5F96E10E5
:10FAB000B5F96C00F1F792FAB5F8680000225B2105
:10FAC00080B2F0F702FEB5F86A0000225D2180B234
:10FAD000F0F7FBFDB5F940006FF00D07FF280FD0E0
:10FAE0001AE0A078401CC1B203E6A078401CC0B266
:10FAF0002421CDE9001011E6A178491CC9B2CFE755
:10FB0000B5F84210FF2907D1B5F84410FF2903D1F9
:10FB1000B5F84610FF2914D0627825210B2A16D09B
:10FB20005FF00002CDE90012B5F94630B5F9442086
:10FB3000B5F94210F1F752FAB5F94800FF280AD09A
:10FB400015E03A462521FBA0F0F7ACFDF4E7A278DA
:10FB5000521CD2B2E6E7B5F84A10FF2907D1B5F832
:10FB60004C10FF2903D1B5F84E10FF2913D061784E
:10FB70000D2916D05FF00001CDE90091B5F94E30A6
:10FB8000B5F94C20B5F94A10F1F728FAB5F950004B
:10FB9000FF280AD015E03A465E21E6A0F0F782FD84
:10FBA000F4E7A178491CC9B2E6E7B5F85210FF297D
:10FBB00007D1B5F85410FF2903D1B5F85610FF2925
:10FBC00013D0627826210F2A15D00022CDE9001229
:10FBD000B5F95630B5F95420B5F95210F1F7FEF9E0
:10FBE000B5F95800FF280AD015E03A462621D1A0E1
:10FBF000F0F758FDF4E7A278521CD2B2E6E7B5F868
:10FC00005A10FF2907D1B5F85C10FF2903D1B5F8C8
:10FC10005E10FF2913D06178112916D000222A2105
:10FC2000CDE90012B5F95E30B5F95C20B5F95A108E
:10FC3000F1F7D4F9B5F96000FF280DD018E03A4685
:10FC40002A21BCA0F0F72EFDF4E7A178491CC9B227
:10FC50002A22CDE90021E5E7B5F86210FF2907D196
:10FC6000B5F86410FF2903D1B5F86610FF2927D035
:10FC7000617813292AD000222821CDE9001200BF83
:10FC8000B5F96630B5F96420B5F96210F1F7A6F957
:10FC9000AD4900227AA88B5C8354521CD2B2092A47
:10FCA000F9D300208DF8F1016078A2780A2814D0E9
:10FCB00000233C217AA8F1F75BF902F018BDE8E3D4
:10FCC0003A4628219BA0F0F7EDFCE1E7A178491C1A
:10FCD000C9B22822CDE90021D2E70123E9E7A14CEE
:10FCE0009AA1029194F82110012908D09E4903910C
:10FCF0009E4904910591069184F825A015E094F899
:10FD0000221001299AA1039106D09749049197499D
:10FD100005910691022106E09BA10491924905916B
:10FD200092490691032184F82510A84202DA89F845
:10FD3000040003E0022A01DD89F804C099F90400F7
:10FD400006EB8001D1E9012356F8201094A0F1F7C9
:10FD500002FB0120F1F79BFA94F8210001280FD053
:10FD60004FF0FF3221219448F0F79CFC94F82200D8
:10FD700001280AD04FF0FF3240218F48FEF7A3BB85
:10FD80008D48002221210830EEE78B4800224021D7
:10FD90000830F0F787FC7348002223218030C08AA6
:10FDA0000DE486A102918BA1039190A104916E496B
:10FDB000059194490691079125E000BF89F8040058
:10FDC00003E0022A01DD89F804C099F9040006EB7A
:10FDD0008001D1E9012356F82010AFF69C3014E4DD
:10FDE00089A102918EA1039193A1049198A17A9B7C
:10FDF00005915D4946F823108249C8F80410C8F8F7
:10FE00000810C8F80C10A842DBDAD7E796A10291D7
:10FE10009BA10391A0A10491A5A10591AAA106917E
:10FE2000AFA10791B4A10891504915310991A84299
:10FE300002DA89F8040003E0012A01DD89F804E010
:10FE400099F904004C4606EB800156F820204B68D7
:10FE5000AFA1B5A0F1F77FFA0220F1F718FA94F9F3
:10FE600002000022401C80B22121F0F72EFC94F900
:10FE70000210B348002230F911004021F0F7F0FAE7
:10FE8000AF4994F902003C3931F81010E9B36FF032
:10FE900001022321ABA0F0F705FC00BFA84994F9AB
:10FEA0000200303931F8101081B36FF001022421C3
:10FEB000A4A0F0F7F7FB00BFA14994F90200243990
:10FEC0006FF0010231F810004FF05B0168B39DA0A4
:10FED000F0F7E8FB9A4994F902001E396FF001022D
:10FEE00031F810004FF05D0100B396A0F0F7DAFB97
:10FEF000934994F9020018396FF0010231F81000AB
:10FF00004FF0280198B18FA001E01FE126E1F0F742
:10FF1000C9FB8B4994F9020012396FF0010231F8E4
:10FF200010004FF0290118B1D1E120E121E122E1D7
:10FF3000CBE1000020202020EDE5E0EAF2E8E2E558
:10FF4000ED20202020000000D260001020C0CFC291
:10FF50002031E920F3F0EEE2E5EDFC202120202025
:10FF60000000000020C00720A4A10000105B0200D8
:10FF700020C0CFC22032E920F3F0EEE2E5EDFC2014
:10FF8000402020200000000020CFE5F0E8EEE42033
:10FF9000C0CFC232202020202023F72E00000000F6
:10FFA000202020C0CFC220C8D1D2CED7CDC8CACE43
:10FFB000C2202020000000005CCD000020C4E0F240
:10FFC000F7E8EA20E4E2E5F0E820202020202020E5
:10FFD0000000000020C4E0F2F7E8EA20E4FBECE0D7
:10FFE00020202020202020200000000020C4E0F25B
:10FFF000F7E8EA20F3E4E0F0E020202020202020B1
:020000040001F9
:100000000000000028BA000020D1F3F5EEE920EA54
:10001000EEEDF2E0EAF220B93120202000000000ED
:1000200020D1F3F5EEE920EAEEEDF2E0EAF220B9B4
:10003000322020200000000020D1F3F5EEE920EA74
:10004000EEEDF2E0EAF220B93320202000000000BB
:1000500020D1F3F5EEE920EAEEEDF2E0EAF220B984
:10006000342020200000000020F2E5ECEFE5F0E075
:10007000F2F3F0E0202020202040B04300000000F8
:1000800020746D6178202020202020202020202036
:100090002023B0430000000020746D696E202020F2
:1000A00020202020202020202024B0430000000019
:1000B00020D0E5EBE520202020202020202020203B
:1000C000205B20200000000020C7E2F3EA2020206F
:1000D0002020202020202020205D20200000000063
:1000E00020C4E8F1EFEBE5E92020202020202020AB
:1000F00020282020000000002052533233322020DC
:100100002020202020202020202920200000000066
:10011000202020D2C5CCCFC5D0C0D2D3D0DB204E3A
:1001200021202020000000002020C2CDC5D8CDC84D
:10013000C920C4C0D2D7C8CA202020200000000097
:10014000DAC10720E2FBEAEB2E000000F8490022AA
:1001500031F910002321F0F783F99FE6F4490022DA
:100160000C3131F910002421F0F77AF9A4E6F1A05E
:10017000AEE6F0A0BAE6EFA0C6E6F0A10291F5A1C6
:100180000391FAA10491FF490591A84202DA89F886
:10019000040003E0022A01DD89F804C099F9040093
:1001A00006EB8001D1E9012356F82010F6A0F1F703
:1001B000D2F80120F1F76BF899F902000022401CF7
:1001C00080B22121F0F781FAD94899F90210533809
:1001D0004FF00002405C4FF0400101280DD0F0A02C
:1001E000F0F760FA99F902104FF0000238F81100A8
:1001F0004FF0230118B1ECA0C0E5EDA0F0E7ECA0B2
:10020000BCE5CEA10291D3A10391D8A10491AFF294
:1002100048110591AFF238110691DA490791A842C9
:1002200002DA89F8040003E0022A01DD89F804C03B
:1002300099F9040006EB8001D1E9012356F820105A
:10024000D1A0F1F788F80120F1F721F899F902001F
:100250000022401C80B22121F0F737FAB44899F906
:10026000021053384FF00002405C4FF0400101286B
:1002700025D0CBA0F0F716FA99F902104FF0000242
:1002800038F811004FF02301D8B1C7A0F0F70AFAEF
:10029000A74999F9020064316FF0010231F81000AA
:1002A0004FF05D0178B1AFF2641000BFF0F7FAF9DA
:1002B0009F4899F902106C3030F81100D4E1BCA0CD
:1002C000D8E7BBA0E2E79BA0F0E79AA056E5AFF223
:1002D0008C1053E599A10291B7A10391BCA104919F
:1002E000AFF234210591AFF208210691A54907919B
:1002F000A84202DA89F8040003E0022A01DD89F845
:1003000004C099F9040006EB8001D1E9012356F8F5
:100310002010B5A0F1F71FF80120F0F7B8FF8448CE
:100320004FF0000253384FF040010078012815D0FB
:100330009BA000BFF0F7B6F9B8F800004FF000023C
:100340004FF0230160B198A0F0F7ACF920886FF06E
:1003500001024FF05B0128B176A005E094A0E9E727
:1003600093A0F1E7AFF22420F0F79CF970486C30CD
:1003700000884EE071A1029176A103917BA10491C6
:10038000AFF2D4210591AFF2A82106917D490791E2
:10039000A84202DA89F8040003E0022A01DD89F8A4
:1003A00004C099F9040006EB8001D1E9012356F855
:1003B000201093A0F0F7CFFF0120F0F768FF5C4812
:1003C0004FF0000253384FF040014078012815D01B
:1003D00073A000BFF0F766F9B8F802004FF0000212
:1003E0004FF0230160B170A0F0F75CF960886FF006
:1003F00001024FF05B0128B14EA005E06CA0E9E7D7
:100400006BA0F1E7AFF2C420F0F74CF948486C302C
:100410004088E8BB29E149A102914EA1039153A173
:100420000491AFF274310591AFF24C310691554908
:100430000791A84202DA89F8040003E0022A01DDEC
:1004400089F804C099F9040006EB8001D1E9012381
:1004500056F8201070A0F0F77EFF0120F0F717FF8C
:1004600033484FF0000253384FF0400180780128A4
:1004700017D04BA0F0F716F9B8F804004FF00002BF
:100480004FF0230178B148A0F0F70CF9A08801E003
:10049000F8E049E26FF001024FF05B0128B125A0BE
:1004A00005E043A0E6E742A0EEE7AFF26830F0F7E0
:1004B000F9F81F486C308088ABE720A1029125A194
:1004C00003912AA10491AFF218410591AFF2F031E6
:1004D00006912C490791A84202DA89F8040003E04A
:1004E000022A01DD89F804C099F9040006EB8001B5
:1004F000D1E9012356F820104DA0F0F72CFF012080
:10050000F0F7C5FE0A484FF0000253384FF04001A3
:10051000C07801280BD022A0F0F7C4F8B8F8060084
:100520004FF000024FF0230100B18DE0A4E0A0E005
:10053000A4C10720E2EAEB2E0000000020F1EEF15A
:10054000F2EEFFEDE8E5202D2040202020202020A5
:100550000000000020E0E2E0F0E8E9EDEEE5202018
:1005600020202020202020200000000020F1EEF19B
:10057000F2EEFFEDE8E5202D202320202020202092
:1005800000000000255B02002020D1D3D5CEC92079
:10059000CACECDD2C0CAD2204E21202000000000F9
:1005A000F0E0E7EEECEA2E00EDE5E7E0ECEA2E0005
:1005B000E7E0ECEAEDF3F20020EEF2EAF0FBF2EE17
:1005C000E520F1EEF1F2EEFFEDE8E520000000009D
:1005D00020E4E2E5F0E820202020202D2023202028
:1005E0002020202000000000202020C4C0D2D7C836
:1005F000CA20C4C2C5D0C82020202020000000008E
:10060000202020C4C0D2D7C8CA20C4DBCCC0202040
:100610002020202000000000202020C4C0D2D7C805
:10062000CA20D3C4C0D0C020202020200000000059
:10063000C4C0D2D7C8CA20CFC5D0C5C2CED0C0D7BB
:10064000C8C22E2000000000AFF2A400F0F72AF884
:10065000E0886FF001024FF05B0180B1AFF21C50F7
:10066000F0F720F8DA48C08860B16FF00102282165
:100670002DE6AFF2C4004FE7AFF2CC00E6E7AFF2F1
:100680004C10EDE76FF0010228211EE6D1A1029186
:10069000D6A10391DB490491DB4905910691022A19
:1006A00002DD89F804C003E0A84201DA89F80400F9
:1006B00099F9040006EB8001D1E9012356F82010D6
:1006C000D2A0FEF77BBCD7A10291DCA10391E1A1EE
:1006D0000491E6A10591EBA10691F0A10791F5A186
:1006E0000891FAA10991FF490A9115390B910C91D2
:1006F000022A02DD89F804C003E0A84201DA89F881
:10070000040099F9040006EB8001D1E9012356F8B1
:100710002010F5A0F0F71FFE0120F0F7B8FD99F9C1
:1007200002000022401C80B22121EFF7CEFFA84C2E
:1007300099F90200B63C34F8100000F001014020A5
:10074000EFF7A5FF99F9020034F8100000F002015C
:100750002320EFF79CFF99F9020034F8100000F015
:1007600004012420EFF793FF99F9020034F81000F8
:1007700000F008012520EFF78AFF01213C20EFF768
:1007800086FF00213E20EFF782FF99F9020034F83E
:10079000100000F010015E20EFF779FF99F90200D8
:1007A00034F81000000404D56FF002022621FEF791
:1007B000DABB6FF003022621FFF7DFBACFA1029167
:1007C000D4A10391D9A10491DEA10591E3A10691E1
:1007D000E8A107918B4908918B4909910A91012A57
:1007E00002DD89F804E003E0A84201DA89F8040098
:1007F00099F9040006EB800156F820204B68E3A12C
:10080000E8A0F0F7A8FD0220F0F741FDEB4C002234
:100810002121208880B2EFF758FF60880022402114
:1008200080B2EFF752FFA0880022232180B2EFF7B9
:100830004CFFE0880022242180B2EFF746FF083405
:1008400000222088252180B2EFF73FFF00225E21A1
:100850006088FBF791BCD94C00210834BBF1000F34
:1008600002D0D7A102910121009B012B01DDDAA367
:1008700001E023B1DE4B46F82130491CC9B2DDA3AB
:1008800046F82130491CCBB2E0A146F823105B1C8E
:10089000DBB25C4946F823105B1CDBB2E1A146F8F1
:1008A00023105B1CDBB2584946F823105B1CDBB2FB
:1008B00046F823105B1CDBB2022A46F8231002DD47
:1008C00089F804C003E0A84201DA89F8040099F924
:1008D000040006EB8001D1E9012356F82010D7A0CF
:1008E000F0F739FDB4F878000022212180B2EFF74B
:1008F000ECFEB248012288302321C08880B2EFF795
:10090000E4FED448006830B16FF002023E21D248C4
:10091000EFF7C8FE07E02E48002236383E21B0F936
:100920000000EFF79DFD0120F0F7B1FC01F0DFBE04
:10093000CAA102913349039133490491022A02DD8D
:1009400089F804C003E0A84201DA89F8040099F9A3
:10095000040006EB8001D1E9012356F82010C5A060
:10096000F0F7F9FC0120F0F792FC944800224021B6
:10097000883040896DE7C5480290183003901830E0
:10098000049020480590D7E9012356F82510B9A016
:10099000F0F7E1FC99F9010099F90410421A022AD2
:1009A00001DD801E01E0884201DA89F8040001209F
:1009B000F0F76DFC814C002288342121A08980B29F
:1009C000EFF783FEE0890022402180B260E1000061
:1009D00010C2072020D0E5EBE5204E31202020205A
:1009E00020202020202020200000000020D0E5EB47
:1009F000E5204E32202020202020202020202020F2
:100A000000000000A4A1000028BA0000202020CD92
:100A1000C0D1D2D0CEC9CAC020D0C5CBC5202020DD
:100A20000000000020C0E2E0F0E8FF20E8EDE2E591
:100A3000F0F2EEF0E02020400000000020C0E2E0F4
:100A4000F0E8FF20444320202020202020202023E5
:100A50000000000020C0E2E0F0E8FF2055E2FBF5D6
:100A600020202020202020240000000020C0E2E0E0
:100A7000F0E8FF2055E2F52020202020202020252E
:100A80000000000020D0E0E1EEF2E020E1E0E9EF3C
:100A9000E0F1E020202020200000000020EEF220E5
:100AA000F1E5F2E82FE8EDE2202020202020205E72
:100AB0000000000020C0EAF2E8E2EDEEE520F1EEF1
:100AC000F1F2EEFFEDE8E520000000002020F0E567
:100AD000EBE5202020202020202020202020202680
:100AE00000000000255B020020D0E5EBE5204E2150
:100AF00020F1F0E0E1E0F2FBE22E20002055E2FBE5
:100B0000F52E41432E6D61782E2020202021C22019
:100B1000000000002055E2FBF52E41432E6D696E6A
:100B20002E2020202040C220000000002055E2F5A9
:100B30002E41432E6D61782E202020202023C220BC
:100B4000000000002055E2F52E41432E6D696E2E07
:100B5000202020202024C220000000002055E2F5A3
:100B60002E44432E6D61782E202020202025C22087
:100B7000000000002055E2F52E44432E6D696E2ED4
:100B800020202020205EC220000000002020202005
:100B90002020D1C8D1D2C5CCDB202020202020208D
:100BA00000000000202020CFCED0CEC3C820C0C27D
:100BB000C0D0C8C9202020200000000098C0072015
:100BC00020C8EDE2E5F0F2EEF0FB2020202020200E
:100BD000202020200000000020C1E0E9EFE0F1FB30
:100BE0002020202020202020202020200000000085
:100BF000EC990000205564632EE2F52E2020202081
:100C000020202023C2202020000000002074F8EAC9
:100C1000E0F42E20202020202020203EB0D12020D3
:100C20000000000020CAE2E0F0F6205253343835CC
:100C300020202021CCC3D62000000000202020202E
:100C400020CAC0CBC8C1D0CEC2CAC020202020201C
:100C50000000000008600010F4B400002055203DA2
:100C6000202020202040C2202020202020202020C2
:100C700000000000202020CAC0CBC8C1D0CEC2CA0C
:100C8000C020D1C5D2C820200000000044C500000B
:100C9000EFF71BFD00222321208ADAE5AFF24401A1
:100CA0000291EA490391EA490491022A02DD89F896
:100CB00004C003E0A84201DA89F8040099F90400AD
:100CC00006EB8001D1E9012356F82010E1A0F0F7EE
:100CD00042FB0120F0F7DBFAE448B0F90200B0F57E
:100CE0007A7F04DD0A2190FBF1F0FBF72ABE012296
:100CF0004021AEE5DE49029118310391DDA1049156
:100D0000D2490591D2490691079156E089F804E04D
:100D100003E0A84201DA89F8040099F9040006EB1F
:100D2000800156F820204B68D8A1DEA0F0F713FB15
:100D30000220F0F7ACFAE14C206830B16FF002020B
:100D40002121DF48EFF7AEFC07E0C8480022BA30A7
:100D50002121B0F90000EFF783FB606830B16FF03C
:100D600002024021D648EFF79DFC07E0BF48002271
:100D7000BA304021B0F90200EFF772FBA06828B149
:100D80006FF002022321CE48FDF79DBBB748002239
:100D9000BA302321B0F904003FE3B5499431029100
:100DA00018310391183104917C9BA84946F823100F
:100DB0007B9BA74959607B9B9960012AA9DDA5E728
:100DC000C0A10291C5A10391A849683909785529A4
:100DD00001D0C2A10291A5499C4B8039022AB1F9E8
:100DE000041046F8213006EB8101994B4B608B6073
:100DF00002DD89F804C003E0A84201DA89F80400A2
:100E000099F9040006EB8001D1E9012356F820107E
:100E1000B8A056E4BDA00290C2A00390C7A0049061
:100E2000CCA00590DFF84483019868B1D0A006906B
:100E3000C2A00790DFF850B3187B48B1D3A0089048
:100E4000D8A00990DDA008E0E2A00690E7A0F0E7B6
:100E5000ECA00890F1A00990B8A00A90F5A00B9022
:100E6000FAA00C90B5A00D9078480E9078480F909D
:100E70001090D7E9012356F82510FAA0F0F76BFA85
:100E800099F8010090B90A234FF0FF32CE21CD200E
:100E9000F3F742F899F902000A23C0F101010AFAB6
:100EA00001F002B2CA21C820F3F736F899F8010020
:100EB0004C46032827D198F8240010B101280FD000
:100EC00074E00A234FF0FF32D021CD20F3F724F84D
:100ED0000A2301226421D220F3F71EF8A1780AE048
:100EE0000A234FF0FF32CE21CD20F3F715F894F905
:100EF0000200C0F101010AFA01F002B20A23CA217C
:100F0000C820F3F709F86078092812D10A234FF0B6
:100F1000FF32CE21CD20F2F7FFFF94F902000A2321
:100F2000C0F101010AFA01F002B2CA21C820F2F7A9
:100F3000F3FF94F90100B0B3012835D0022833D073
:100F4000032833D0042831D005282FD006282FD0ED
:100F500007282DD008282BD009282BD00A2829D0E3
:100F60000B2827D00C2020710120F0F790F994F97C
:100F700002000022401C80B22121EFF7A6FB94F969
:100F800002105D4601EB410000EB01100BEB80000D
:100F9000B0F90210B1F57A7F0EDD0A2091FBF0F076
:100FA00080B200220AE0FFE70020DCE70320DAE756
:100FB0000620D8E70920D6E7408801224021EFF734
:100FC00084FB94F90200022200EB400101EB0010C7
:100FD00005EB80002321B0F90800EFF741FA94F9FE
:100FE0000200002200EB400101EB001005EB800045
:100FF0002421B0F90A00EFF733FA94F9021001EB5B
:10100000410000EB011005EB8000808801225E2189
:101010005DE23EA0029043A0039048A004904DA042
:101020000590DFF84881019868B151A0069043A06F
:101030000790DFF854B1187B30B154A0089059A044
:1010400009905EA028E119E11EE10000A4A10000C2
:1010500028BA000020CAC0CBC8C1D0CEC2CAC020A6
:10106000CDC0C3D0D3C7CAC80000000020C107202C
:1010700074C600002074EEF2F1E5EA204D53414EB3
:101080002020202023B0D1200000000020C4C0D2A6
:10109000D7C8CACEC220D2C5CCCFC5D0C0D2D3D03B
:1010A0000000000020CAC0CBC8C1D0CEC2CAC02038
:1010B000C2CDC5D8CDC8D520000000000860001002
:1010C000F4B4000020C1E0F2E0F0E5FF204E312052
:1010D00020202020202020200000000020C1E0F25D
:1010E000E0F0E5FF204E322020202020202020208C
:1010F0000000000020CAC0CBC8C1D0CEC2CAC020E8
:10110000C1C0D2C0D0C5C920000000002055E1E018
:10111000F2203D202020202040C22020202020201E
:101120000000000020EEF2EAE0EBE8E1F0F3E9F283
:10113000E52055E1E0F22020000000002020EDE055
:10114000E6E0F2E8E5EC209A20E8EBE8209C20209D
:10115000000000002049E1E0F2203D202020202076
:1011600023C02020202020200000000020C00720D5
:1011700020EEF2EAE0EBE8E1F0F3E9F2E52049E104
:10118000E0F2202000000000383C001020C4E0F213
:10119000F7E8EA20F2E5ECEFE5F0E0F2F3F0FB200F
:1011A000000000002020202020EDE5E8F1EFF0E035
:1011B000E2E5ED2020202020000000002020E8EBC8
:1011C000E820EDE5EFEEE4EAEBFEF7E5ED2E20207A
:1011D00000000000202020EDE0E6ECE8F2E520A48D
:1011E00020E4EBFF2020202000000000EAE0EBE8F4
:1011F000E1F0EEE2EAE820EDF3EBFF2049E1E0F276
:10120000000000002074E1E0F2203D202020202496
:10121000B0432020202020200000000020EEF2EA31
:10122000E0EBE8E1F0F3E9F2E52074E1E0F2202000
:10123000000000002055E1E0F22EF12EF22E203DBC
:1012400020202020205EC22000000000EAE0EBE821
:10125000E1F0F3E9F2E52055E1E0F22EF12EF22E75
:101260000000000020CAC0CBC8C1D0CEC2CAC02076
:10127000C1C0D22E204E212000000000AFF2AC00F1
:101280000690AFF29800D3E6AFF288000890AFF274
:1012900074000990AFF25C100A908D480B908D4855
:1012A0000C900D90D7E9012356F82510AFF24C00B1
:1012B000F0F751F899F8010090B90A234FF0FF3286
:1012C000CE21CD20F2F728FE99F902000A23C0F1C1
:1012D00001010AFA01F002B2CA21C820F2F71CFE8D
:1012E00099F801004C46032827D198F8240010B142
:1012F00001280FD06EE00A234FF0FF32D021CD201D
:10130000F2F70AFE0A2301226421D220F2F704FE3A
:10131000A1780AE00A234FF0FF32CE21CD20F2F768
:10132000FBFD94F90200C0F101010AFA01F002B2DA
:101330000A23CA21C820F2F7EFFD6078092812D1EC
:101340000A234FF0FF32CE21CD20F2F7E5FD94F9CC
:1013500002000A23C0F101010AFA01F002B2CA2117
:10136000C820F2F7D9FD94F9010080B301282FD0ED
:1013700002282DD003282DD004282BD0052829D0D1
:10138000062829D0072827D0082825D00920207131
:101390000120EFF77CFF94F902000022401C80B28C
:1013A0002121EFF792F994F902105D4601EB41001B
:1013B00000EB01100BEB8001B1F90200B0F57A7F70
:1013C0000CDD0A2190FBF1F080B2002208E0FFE77B
:1013D0000020DCE70320DAE70620D8E7488801226E
:1013E0004021EFF772F994F90200022200EB40016C
:1013F00001EB001005EB80002321B0F90800EFF7A6
:101400002FF894F90210002201EB410000EB0110CB
:1014100005EB80002421B0F90A00EFF721F8C7E3BB
:101420002DA1029132A1039137A104913CA1059114
:1014300041A1069146A107914BA1089150A10991A4
:1014400055A10A915AA10B915FA10C9164A10D9134
:1014500069A10E916EA10F9173A1109178A11191C4
:101460007DA1129182A1139187A114918CA1159154
:1014700091A1169196A117919BA11891A0A11991E4
:10148000A5A11A91AAA11B91AFA11C91B4A11D9174
:10149000B9A11E91BEA11F91C3A12091C8A1219104
:1014A000CDA12291D2A12391D7A12491DCA1259194
:1014B000E1A12691E6A12791EBA12891F0A1299124
:1014C000F5A12A91FAA12B91FFA12C9108E270E3DA
:1014D000A4A1000028BA000020C8CDC2C5D0D2CE39
:1014E000D0204E312020202020202020000000008D
:1014F00020C8CDC2C5D0D2CED0204E322020202050
:10150000202020200000000020C8CDC2C5D0D2CEAF
:10151000D0204E332020202020202020000000005A
:1015200020C8CDC2C5D0D2CED0204E34202020201D
:10153000202020200000000020C8CDC2C5D0D2CE7F
:10154000D0204E3520202020202020200000000028
:1015500020C8CDC2C5D0D2CED0204E3620202020EB
:10156000202020200000000020C8CDC2C5D0D2CE4F
:10157000D0204E37202020202020202000000000F6
:1015800020C8CDC2C5D0D2CED0204E3820202020B9
:10159000202020200000000020C8CDC2C5D0D2CE1F
:1015A000D0204E39202020202020202000000000C4
:1015B00020C8CDC2C5D0D2CED0204E313020202080
:1015C000202020200000000020C8CDC2C5D0D2CEEF
:1015D000D0204E313120202020202020000000008B
:1015E00020C8CDC2C5D0D2CED0204E31322020204E
:1015F000202020200000000020C8CDC2C5D0D2CEBF
:10160000D0204E3133202020202020200000000058
:1016100020C8CDC2C5D0D2CED0204E31342020201B
:10162000202020200000000020C8CDC2C5D0D2CE8E
:10163000D0204E3135202020202020200000000026
:1016400020C8CDC2C5D0D2CED0204E3136202020E9
:10165000202020200000000020C8CDC2C5D0D2CE5E
:10166000D0204E31372020202020202000000000F4
:1016700020C8CDC2C5D0D2CED0204E3138202020B7
:10168000202020200000000020C8CDC2C5D0D2CE2E
:10169000D0204E31392020202020202000000000C2
:1016A00020C8CDC2C5D0D2CED0204E32302020208E
:1016B000202020200000000020C8CDC2C5D0D2CEFE
:1016C000D0204E3231202020202020200000000099
:1016D00020C8CDC2C5D0D2CED0204E32322020205C
:1016E000202020200000000020C8CDC2C5D0D2CECE
:1016F000D0204E3233202020202020200000000067
:1017000020C8CDC2C5D0D2CED0204E323420202029
:10171000202020200000000020C8CDC2C5D0D2CE9D
:10172000D0204E3235202020202020200000000034
:1017300020C8CDC2C5D0D2CED0204E3236202020F7
:10174000202020200000000020C8CDC2C5D0D2CE6D
:10175000D0204E3237202020202020200000000002
:1017600020C8CDC2C5D0D2CED0204E3238202020C5
:10177000202020200000000020C8CDC2C5D0D2CE3D
:10178000D0204E32392020202020202000000000D0
:1017900020C8CDC2C5D0D2CED0204E33302020209C
:1017A000202020200000000020C8CDC2C5D0D2CE0D
:1017B000D0204E33312020202020202000000000A7
:1017C00020C8CDC2C5D0D2CED0204E33322020206A
:1017D000202020200000000020C8CDC2C5D0D2CEDD
:1017E000D0204E3333202020202020200000000075
:1017F00020C8CDC2C5D0D2CED0204E333420202038
:10180000202020200000000020C8CDC2C5D0D2CEAC
:10181000D0204E3335202020202020200000000042
:1018200020C8CDC2C5D0D2CED0204E333620202005
:10183000202020200000000020C8CDC2C5D0D2CE7C
:10184000D0204E3337202020202020200000000010
:1018500020C8CDC2C5D0D2CED0204E3338202020D3
:10186000202020200000000020C8CDC2C5D0D2CE4C
:10187000D0204E33392020202020202000000000DE
:1018800020C8CDC2C5D0D2CED0204E3430202020AA
:10189000202020200000000020C8CDC2C5D0D2CE1C
:1018A000D0204E34312020202020202000000000B5
:1018B00020C8CDC2C5D0D2CED0204E343220202078
:1018C000202020200000000020C8CDC2C5D0D2CEEC
:1018D000D0204E3433202020202020200000000083
:1018E000B4A12D91B9A12E91BE4946F82B1006EB5B
:1018F0008B03BD4959609960022A02DD89F804C052
:1019000003E0A84201DA89F8040099F9040006EB23
:101910008001D1E9012356F82010B4A0FDF74EBB99
:10192000B8A10291BDA10391C2A10491C7A10591E3
:10193000CC49AC4B022AB1F90E1046F8213006EB27
:101940008101A94B4B608B6002DD89F804C003E084
:10195000A84201DA89F8040099F9040006EB800135
:10196000D1E9012356F82010BFA0D7E7C4A1029106
:10197000C9A10391AFF63C010491CDA10591019954
:10198000F1B3D1A10691AFF64C010791D4A1089112
:10199000D9A10991AFF65C010A91DDA10B91E2A1F9
:1019A0000C91AFF668010D91E5A10E91EAA10F919E
:1019B000AFF678011091EEA11191F3A11291AFF65B
:1019C00084011391F6A11491FBA11591AFF6940136
:1019D0001691FF491791153918911991F0B3012803
:1019E0003CD002283AD003287ED004287CD0052899
:1019F0007AD0062879D0072877D0082875D000E05B
:101A00009EE0092872D00A2870D00B286ED00C28CE
:101A10006DD00D286BD00E2869D00F2868D0102803
:101A200066D0112864D012287ED013287CD01428C8
:101A30007AD089F8047099F904004C4606EB8001CD
:101A4000D1E9012356F82010E2A0EFF784FC012031
:101A5000EFF71DFC94F90200401C00E075E080B235
:101A600000222121EEF731FE94F90200DF4DC0EB98
:101A7000001101EB401005EB80000122806940213C
:101A800080B2EEF722FE94F902000122C0EB0011B1
:101A900001EB401005EB80002521C06980B2EEF714
:101AA00014FE94F902000022C0EB001101EB40107B
:101AB00005EB80005E21006A80B2EEF706FE94F925
:101AC00002000122C0EB001101EB401005EB800089
:101AD0002621406A80B2EEF7F8FD94F90200C0EBCF
:101AE000001101EB401004E031E032E033E034E07B
:101AF00037E005EB80000122806A2A2180B2EEF7F0
:101B0000E4FD94F902000022C0EB001101EB40104B
:101B100005EB80002821B0F93000EEF7A1FC94F924
:101B20000200C0EB001100E01EE001EB401005EBED
:101B300080000122C06A5B2180B2EEF7C6FD45E25B
:101B4000AFF670110691AAA11FE7002006E003205E
:101B500004E0062002E0092000E00C2089F80400DF
:101B600069E789F8043066E789F8044063E70A23E7
:101B70004FF47A72E521E120F2F7CEF92AE240A192
:101B80000291A1A10391AFF64C21049148A10591C6
:101B9000019961B14CA10691AFF660210791A0A116
:101BA0000891A5A10991AFF66C210A9150E1A0E13D
:101BB0001AE241E320C8CDC2C5D0D2CED0204E34E7
:101BC00034202020202020200000000020C8CDC28A
:101BD000C5D0D2CED0204E34352020202020202049
:101BE00000000000A4A1000028BA0000CAC0CBC8B1
:101BF000C1D0CEC2C0D2DC20C8CDC2C5D0D2CED0DA
:101C00000000000020CCEEEDE8F2EEF020C0CAC1EA
:101C1000204E3120202020200000000020CCEEEDBE
:101C2000E8F2EEF020C0CAC1204E32202020202051
:101C30000000000020CCEEEDE8F2EEF020C0CAC1BA
:101C4000204E3320202020200000000020CCEEED8C
:101C5000E8F2EEF020C0CAC1204E3420202020201F
:101C600000000000A0C00720CAC0CBC8C1D0CEC2AF
:101C7000C0D2DC20CCCECDC8D2CED0DB000000005C
:101C80002055E2FBF5203D2020202040C2202020CE
:101C90002020202000000000EEF2EAE0EBE8E1F076
:101CA000F3E9F2E52055E2FBF5E8EDE20000000083
:101CB0002049E2FBF5203D202020202025C02020C7
:101CC000202020200000000020EEF2EAE0EBE8E116
:101CD000F0F3E9F2E52049E2FBF5202000000000E6
:101CE0002074E8EDE2203D2020205EB0432020203B
:101CF000202020200000000020EEF2EAE0EBE8E1E6
:101D0000F0F3E9F2E52074E8EDE2202000000000A5
:101D10002055F8E8EDFB203D2020202026C2202081
:101D20002020202000000000EEF2EAE0EBE8E1F0E5
:101D3000F3E9F2E52055F8E8EDFB20200000000073
:101D40002055F1E5F2E8203D202020202AC2202065
:101D50002020202000000000EEF2EAE0EBE8E1F0B5
:101D6000F3E9F2E52055F1E5F2E82020000000005B
:101D70002050E2FBF520203D2020202028C2F22028
:101D80002020202000000000EEF2EAE0EBE8E1F085
:101D9000F3E9F2E52050E2FBF520202000000000EE
:101DA0002055E2F5EEE4203D202020205BC22020DB
:101DB0002020202000000000EEF2EAE0EBE8E1F055
:101DC000F3E9F2E52055E2F5EEE420200000000002
:101DD000255B0200CAC0CBC8C1D0CEC2CAC020C8D1
:101DE000CDC2C5D0D2204E2100000000D03C001052
:101DF000EAE0EBE8E1F0EEE2EAE820EDF3EBFF20C9
:101E000049E2FBF500000000EEF2EAE0EBE8E1F069
:101E1000F3E9F2E52055E2FBF52020200000000068
:101E20002074202020203D2020205EB04320202050
:101E3000202020200000000020EEF2EAE0EBE8E1A4
:101E4000F0F3E9F2E52074202020202000000000BB
:101E5000FAA10B91FFA10C91AFF620510D91AFF2B9
:101E600020110E91AFF210110F91AFF63051109179
:101E7000AFF204111191AFF2F0011291AFF644519B
:101E80001391FA49149115391591169180B30128CF
:101E900035D0022833D0032833D0042831D0052888
:101EA0002FD006282FD007282DD008282BD009287E
:101EB0002BD00A2829D00B2827D00C2827D00D2872
:101EC00025D00E2823D00F2825D0102823D0112864
:101ED00021D089F804400098012899F9040006EB04
:101EE0008001D1E9012356F8201017DDE0A016E0AB
:101EF00005E0AFF620510691AFF20C114EE600203E
:101F000006E0032004E0062002E0092000E00C20A7
:101F100089F80400DFE789F80430DCE7DAA0EFF79E
:101F20001AFA0120EFF7B3F999F90200DC4DC0EB82
:101F3000C00005EB80004C46408801224021EEF7AE
:101F4000C4FB94F902000122C0EBC000252135F842
:101F50002000EEF7BAFB94F902000022C0EBC000AB
:101F600005EB80005E21007DEEF7AFFB94F90200E7
:101F70000122C0EBC00005EB800026214089EEF76E
:101F8000A4FB94F902000122C0EBC00005EB800025
:101F90002A210089EEF799FB94F902000022401CE7
:101FA00080B22121EEF791FB94F902004FF6E8523E
:101FB000C0EBC00005EB80004168914201DD0021CB
:101FC000416088B200222821EEF799FA6078002853
:101FD0003FF4CDAD6078032806D10A234FF47A721E
:101FE000E521E120F1F798FF81E3AEA10291AFF284
:101FF000E8110391AFF6BC610491B0A10591AFF275
:10200000F8110691AFF6CC610791B2A10891AFF239
:1020100008210991AFF6DC610A91B4A10B910199F5
:1020200000290ED0AFF260310C91AFF6F0610D9146
:10203000B4A10E910BD1AFF664610F91AFF25021B4
:102040000AE0AFF670610C91AFF25C21EFE7AFF2FE
:1020500088310F91AFF61C711091B0A1119105D18B
:10206000AFF690611291AFF2782104E0AFF2A8319F
:102070001291AFF638711391AEA11491AFF24821CD
:102080001591AFF648711691B0A11791AFF2582192
:102090001891AFF658711991B2A11A91AFF2682157
:1020A0001B91AFF668711C91B4A11D9169A11E919D
:1020B000AFF678711F91B7A1209166A12191AFF67B
:1020C00084712291B9A12391BDA12491AFF694719D
:1020D0002591C0A12691AFF280312791AFF6A4716E
:1020E0002891C2A12991AFF290312A91AFF6B47133
:1020F0002B91C4A12C91AFF2A0312D91AFF6C471F8
:102100002E91C6A12F91AFF280313091AFF6D471EC
:102110003191C8A13291AFF290313391AFF6E471B1
:102120003491CAA13591AFF2A0313691AFF6F47176
:1021300037914E493891153939913A91F0B30128C8
:102140003CD002283AD0032865D0042863D0052863
:1021500061D0062860D007285ED008285CD0092806
:102160005BD00A2859D00B2857D00C2856D00D2800
:1021700054D00E2852D00F2851D010284FD01128FB
:102180004DD012284CD013284AD0142848D01528F6
:1021900047D0162845D0172843D0182842D01928F0
:1021A00040D01A283ED01B283DD01C283BD01D28EB
:1021B00039D01E2838D01F2836D000E0DAE1202898
:1021C00032D0212831D022282FD023282DD02428E6
:1021D0002CD025282AD0262828D0272827D02828E0
:1021E00025D0292823D02A2822D02B2820D02C28DB
:1021F0001ED02D281DD02E281BD02F2819D03028D6
:1022000018D0312816D0322814D0332813D03428CF
:1022100011D0352826E1AFE1B0E1B1E1B2E1B3E19F
:10222000B5E1B7E1B9E1BAE1BBE1BCE1BDE1BEE1D5
:10223000BFE1C0E1C1E195E10FE200002055E8ED0A
:10224000E220203D2020202026C220202020202007
:1022500000000000EEF2EAE0EBE8E1F0F3E9F2E57D
:102260002055E8EDE220202000000000255B020060
:1022700020CAC0CBC8C1D0CEC2CAC020C1C0C9CF3D
:10228000C0D14E210000000020CAC0CBC8C1D0CEB2
:10229000C2CAC020C1C0C9CFC0D1202000000000E8
:1022A000A85B00102055E2FBF541203D20202020B6
:1022B00021C2202020202020000000002055E2FB29
:1022C000F542203D2020202040C220202020202038
:1022D000000000002055E2FBF543203D2020202097
:1022E00023C2202020202020000000002049E2FB03
:1022F000F541203D202020202024C0202020202027
:10230000000000002049E2FBF542203D2020202073
:102310002025C02020202020000000002049E2FBD2
:10232000F543203D20202020205EC02020202020BA
:1023300000000000207441202020203D2020202685
:10234000B0432020202020200000000020744220E4
:102350002020203D2020202AB043202020202020A3
:1023600000000000207443202020203D2020202851
:10237000B043202020202020000000002055E8ED60
:10238000E241203D2020202029C2202020202020A2
:10239000000000002055E8EDE242203D20202020F2
:1023A0002DC2202020202020000000002055E8ED34
:1023B000E243203D202020202BC22020202020008E
:1023C000EEF2EAE0EBE8E1F0F3E9F2E52055E8EDC2
:1023D000E22020002055F1E5F2E841203D202020B8
:1023E000207BC22020202020000000002055F1E5A5
:1023F000F2E842203D202020207DC2202020202005
:10240000000000002055F1E5F2E843203D202020A7
:10241000205BC22020202020000000002050E2FB92
:10242000F54120203D202020205DC2F220202020E8
:10243000000000002050E2FBF54220203D2020203B
:10244000203CC2F220202020000000002050E2FBAF
:10245000F54320203D202020203EC2F220202020D5
:10246000000000007ED0362089F8040099F90400AD
:1024700006EB8001D1E9012356F82010FCA0EEF70D
:102480006AFF0120EEF703FFFF4C01222121608843
:10249000EEF71BF9E08B01224021EEF716F9608F71
:1024A00001222321EEF711F9208801222421EEF7E1
:1024B0000CF9A08B01222521EEF707F9208F0122CC
:1024C0005E21EEF702F9207D00222621EEF7FDF8CD
:1024D00094F8300000222A21EEF7F7F894F84C0027
:1024E00000222821EEF7F1F8608901222921EEF778
:1024F000ECF8E08C01222D21EEF7E7F8B4F8420069
:1025000001222B21EEF7E1F8208901227B21EEF751
:10251000DCF8A08C01227D21EEF7D7F8B4F840005A
:1025200001225B21EEF7D1F861684FF6E850814255
:1025300001DD00216160216A814201DD002121620B
:10254000E16B814201DD0020E0636068002280B21F
:102550005D21EDF7D4FF206A002280B23C21EDF727
:10256000CEFF00E02BE0E06B002280B23E21EDF7D1
:10257000C6FFBCE0002077E7032075E7062073E77D
:10258000092071E70C206FE789F804306EE789F8BD
:1025900004406BE789F8047068E7182064E71B20A3
:1025A00062E71E2060E721205EE724205CE7272009
:1025B0005AE72A2058E72D2056E7302054E73320E9
:1025C00052E7B2A10291B7A10391BCA1009B049173
:1025D000C04946F82310009BBF4906EB8303022A3B
:1025E0005960996002DD89F804C003E0A84201DA6D
:1025F00089F8040099F9040006EB8001D1E9012370
:1026000056F82010B5A0FCF7D9BCBAA10291BFA121
:102610000391B0490491B0490591012A02DD89F87E
:1026200004E003E0A84201DA89F8040099F9040003
:1026300006EB800156F820204B68BAA1BFA0EEF748
:102640008AFE0220EEF723FEC24C002240212088A1
:10265000EEF73BF800226088232146E0BE49029154
:10266000183103911831049118310591BBA10691DD
:10267000B949783107919749089197490991012AF9
:1026800002DD89F804E003E0A84201DA89F80400D9
:1026900099F9040006EB800156F820204B68A1A1AF
:1026A000A6A0EEF758FE0220EEF7F1FDA94C00229D
:1026B000A41D21212088EEF708F86088002240211F
:1026C000EEF703F8A08800222321EDF7FEFFA41DFA
:1026D000002220882621EDF7F8FF608800222A21B9
:1026E000EDF7F3FFA08800222821EDF7EEFF994CCB
:1026F000523C207853282ED066286FD026286DD0E3
:102700002D286CD030286BD07E286AD08C2869D0D8
:10271000902868D0912840F01A8096A39BA295A19A
:10272000A0A0EEF718FE94F90210A44AC1EB011321
:1027300003EB411102EB8101002004F184020B182C
:1027400093F86B301354401CC0B25028F7D30DF5EA
:10275000057DBDE8F08F94F90100F0B301287DD02C
:1027600002287CD003287BD004287AD0052879D091
:10277000062878D0072877D0082876D0904C914D3D
:10278000914E924FDFF84882DFF84892DFF848A276
:10279000DFF848B2092869D00A2868D00B28D6D1BA
:1027A0004D4B8FA01A461146EEF7D5FD00230A22A5
:1027B00019462078EDF744FF00230F221946288898
:1027C000EDF73EFF0023132219463088EDF738FF5E
:1027D000002304220121386806E02FE1FEE3FEE336
:1027E000FEE3FEE3FEE3FEE380B2EDF729FF002304
:1027F00007220121B8F80000EDF722FF00230A228A
:102800000121B9F80000EDF71BFF00230D22012183
:10281000BAF80000EDF714FF002310220121BBF8E5
:102820000000EDF70DFF74480023132201210088FA
:10283000EDF706FF714C0023052220890321EDF7F7
:10284000FFFE6089002303220221EDF7F9FEA08933
:10285000002307220221EDF7F3FED1E038E148E141
:10286000C9E15AE29BE28DE3F8E3F8E3F8E3F8E329
:1028700020CAC0CBC8C1D0CEC2CAC020C1C0C9CF37
:10288000C0D1C02000000000A85B001020C1E0E91A
:10289000EFE0F1F1204E31202020202020202020C8
:1028A0000000000020C1E0E9EFE0F1F1204E32200D
:1028B00020202020202020200000000020C1E0E96E
:1028C000EFE0F1F1204E3320202020202020202096
:1028D00000000000A4A1000028BA0000CAC0CBC8B4
:1028E000C1D0CEC2CAC020C1C0C9CFC0D1D1CEC212
:1028F000000000002055E2E2EEE43D2020202040D0
:10290000C220202020202020000000002055EFFDC4
:10291000F1203D2020202023C22020202020202024
:1029200000000000202020D1C8CBCEC2DBD520C2C1
:10293000C2CEC4CEC22020200000000020202020D3
:102940002020CAC0CBC8C1D0CEC2CAC020202020FF
:1029500000000000E6C10720E8CD000020CFDDD157
:102960002020F42E42202020202AC22020202020B7
:102970000000000020D1E1EEF0EAE020203230300B
:10298000302E30302E3030200000000020CFCE20FE
:10299000CFCBC8D120202020202020202020202084
:1029A0000000000020CFCE20CCCA202020202020F4
:1029B000202020202020202000000000D03C0010FB
:1029C000E8340010EA340010EC3400100835001030
:1029D000F2340010F4340010F6340010F834001013
:1029E0004D54202020202020202020202020202086
:1029F0002020202000000000FA340010F2120820ED
:102A0000E08900230B220221EDF71AFE208A002321
:102A10000F220221EDF714FE608A00230D2203210C
:102A2000EDF70EFEA08A002313220321EDF708FE26
:102A3000F44800230A2203210088D9E0F84AF2A3CF
:102A40001146F8A0EEF787FC00230422194640F255
:102A50001B40EDF7F5FD00230B22194645F27820C7
:102A6000EDF79BFDF54C00230422208B022180B260
:102A7000EDF7E6FD608C00230522032180B2EDF71F
:102A8000DFFDBA34002360880A220221EDF7D8FD69
:102A9000A08800230A220321EDF7D2FDA4F5DD7002
:102AA00000231322194690F82C00EDF7C9FDE44CE1
:102AB0000023052220880121EDF7C2FD6088002354
:102AC0000B220121EDF7BCFD0023A088112297E124
:102AD000D34BDCA11A46E1A0EEF73DFCE54800220D
:102AE00021210078EDF7F1FDE34800224021007834
:102AF000F0E3CB4BE1A01A461146EEF72CFCE5487B
:102B0000002313220088194680B2EDF799FDE248B0
:102B1000002313220088012180B2EDF791FDDF48E8
:102B2000002313220088022180B2EDF789FDDC48E2
:102B3000002313220088032180B2EDF781FDD94CD8
:102B400000230E2220781946EDF77AFD60780023E5
:102B50000E220121EDF774FDA07800230E22022140
:102B6000EDF76EFDE07800230E220321EDF768FDFE
:102B7000CD4800684FF0000380B24FF003024FF0E1
:102B80000101EDF75DFDAD4800230322008D022118
:102B900080B2EDF755FDC548032200230088114699
:102BA00080B2EDF74DFDC24C002305222088194666
:102BB00080B2EDF745FDBF4D002305222888012195
:102BC00080B2EDF73DFD208829880023401A80B2AD
:102BD00005220221EDF734FDB74CA0680023C0F3B5
:102BE000074005220321EDF72BFDA068000E6DE2E2
:102BF000EDF726FDABE5B1A3B6A28949BBA0EEF780
:102C0000AAFBC0480023052219460078EDF718FDFD
:102C1000BD48002309220088194680B2EDF710FD57
:102C20004FF4F8700AF078FC002380B20D221946A8
:102C3000EDF706FDB5480023052201210078EDF7E8
:102C4000FFFCB348002309220088012180B2EDF780
:102C5000F7FC4FF4FA700AF05FFC80B200230D22FB
:102C60000121EDF7EDFC7548002313220088194679
:102C700080B2EDF7E5FCA74C00230522A0690221F4
:102C800080B2EDF7DDFCA44D28880AF045FC80B247
:102C900000230A220221EDF7D3FC208C00230E2210
:102CA0000221EDF7CDFCB4F9080002225E21EDF718
:102CB000D7FB606E002380B205220321EDF7C0FC34
:102CC00068880AF029FC80B200230A220321EDF76C
:102CD000B7FCB4F84E0000230E220321EDF7B0FC40
:102CE000B4F9540002222621EDF7BAFB8B480023E9
:102CF0000F2201210078EDF7A3FC8948002311225F
:102D00000088012180B2EDF79BFC4FF4FB700AF0C4
:102D100003FC002380B2132272E0414B81A01A46CB
:102D20001146EEF718FB854800230722408F19460D
:102D300080B2EDF785FC774C00230A2294F83D0021
:102D40001946EDF77DFC002394F889000C22194602
:102D5000EDF776FC7A48132200210078EEF728FA86
:102D60007848072201210068EEF7D1F9764807225A
:102D700002210068EEF7CBF97448072203210068AE
:102D8000EEF7C5F97248132202210068EEF7BFF989
:102D90007048132203210068EEF7B9F9D7E4204BFD
:102DA0006DA01A461146EEF7D6FA714800230622A6
:102DB00019460088EDF744FC6E48002306220121E5
:102DC0000088EDF73DFC6C480023062202210088B4
:102DD000EDF736FC69480023062203210088EDF751
:102DE0002FFC674800230C220088032180B2EDF7F6
:102DF00027FC4FF4F9700AF08FFB002380B20A22FF
:102E00000121F5E6FC3400102020202020202A2A71
:102E10002A2A2A2A2A2A20202020202000000000F6
:102E200028BA00002A303030302A3030303030308C
:102E30002A202020202020200000000020C1072080
:102E400054000010CEF8E8E1EAE820EFF0E8E5EC05
:102E5000E02020202020204000000000CEF8E8E103
:102E6000EAE820EFE5F0E5E4E0F7E8202020202183
:102E700000000000E1E40720E2E4072043414E2087
:102E80002020202020202020202020202020202042
:102E900000000000CCE40720CEE40720D0E40720A7
:102EA000D2E40720D065001080C10F40D0C30720B6
:102EB000C8E40720CAE40720004004402020202066
:102EC00020202020202020202020202020202026FC
:102ED0000000000020202020202020202020202072
:102EE000202020202020205E00000000CAC52020D5
:102EF00020202020202020202020202020202020D2
:102F00000000000016000010300000101700001034
:102F100032000010383C0010645402001800001009
:102F20003400001020C0C2C0D0C8C82020202020FB
:102F300020202020202020200000000020C007208A
:102F40005A00001078000010800000107C00001073
:102F500084000010880000102A2A20202020202031
:102F600020202020202020202020202000000000E1
:102F700012C007205C0000105E00001014C0072083
:102F800060000010FF4B1A4611460846EEF7E3F9C1
:102F9000FD4C0023042220881946EDF751FB002345
:102FA000608809221946EDF74BFB0023A0880E220A
:102FB0001946EDF745FB0023E08813221946EDF78B
:102FC0003FFB2089002304220121EDF739FB6089B2
:102FD000002309220121EDF733FB05E046E1BBE1C7
:102FE000C9E2A8E3FDE3FDE3A08900230E2201214D
:102FF000EDF726FBE089002313220121EDF720FBEA
:10300000208A002304220221EDF71AFB608A0023A4
:1030100009220221EDF714FBA08A00230E220221CF
:10302000EDF70EFBE08A002313220221EDF708FBE7
:10303000208B002304220321EDF702FB608B002389
:1030400009220321EDF7FCFAA08B00230E220321B5
:10305000EDF7F6FA0023E08B132239E002E039E0C5
:103060009AE09FE0C74BC9A01A461146EEF773F9E4
:10307000CC4D00231322E88C194680B2EDF7E0FA1C
:10308000A5F1AA04002320880222012180B2EDF7D5
:10309000D7FA608802220023114680B2EDF7D0FAF9
:1030A000288B00230222032180B2EDF7C9FA04F530
:1030B000B574002320880A220121EDF7C1FA608847
:1030C00000230A220221EDF7BBFAA08800230A227E
:1030D00003218DE5AB4B1A4611460846EEF73BF946
:1030E000B14C0023022220881946EDF7A9FA608826
:1030F000002302220121EDF7A3FA0222A088002377
:103100001146EDF79DFAE088002302220321EDF736
:1031100097FA0023207A04221946EDF791FA607A93
:10312000002304220121EDF78BFAA07A0023042268
:103130000221EDF785FAE07A002304220321EDF75E
:103140007FFA0023A08907221946EDF779FAE08972
:10315000002307220121EDF773FA208A00230722BA
:103160000221EDF76DFA608A002307220321EDF7B3
:1031700067FA0023208B13221946EDF761FA207DB0
:10318000002313220121EDF75BFA86480023132266
:10319000008B032180B22BE57A4B84A01A4611469E
:1031A000FFF702BB774B87A01A461146EEF7D3F81C
:1031B0008A4C0023042220880121EDF741FA60881F
:1031C000002304220221EDF73BFAA0880023042209
:1031D0000321EDF735FA0023E08808221946EDF7C0
:1031E0002FFA2089002308220121EDF729FA6089AE
:1031F000002308220221EDF723FAA08900230822E8
:103200000321EDF71DFA0023E0890C221946EDF7A2
:1032100017FA208A00230C220121EDF711FA608AA7
:1032200000230C220221EDF70BFAA08A00230C22C6
:103230000321EDF705FA6A48002311220088194698
:1032400080B2EDF7FDF967480023112203210078D1
:10325000EDF7F6F9644C112201212088EDF7BBFF50
:10326000608811220221EDF7B6FFC3E45F4B1A46D6
:1032700011460846EEF76FF894F90100B8B101283D
:1032800029D0022827D019283CD01A2847D01B283B
:1032900052D01C28E9D14348544B35301A46C078E7
:1032A000012856D0524953A0EEF755F8A2E45748EA
:1032B0004E4B00681A46C00709D04D4954A0F43956
:1032C000EEF749F8374800225D214089BFE34849BD
:1032D0004FA0E9E713E00AFA00F14C48434B0068BD
:1032E0001A46014202D04249F43900E040494EA05A
:1032F000EEF731F894F90100002280B22121EDF7B8
:10330000E4F977E42748394B35301A46007801282C
:1033100002D037494AA0C7E73549F439FAE72148CE
:10332000324B35301A464078012802D030494AA045
:10333000BAE72F49F439FAE71A482C4B35301A46C8
:103340008078012802D02A4949A0ADE72849F439FC
:10335000FAE72749F439A6E74B4890F823000128FB
:103360000BD002280AD0032809D0062808D00C2840
:1033700007D046A102914BA1A0E0A8E0A9E0AAE0F5
:10338000ABE0ACE028BA0000883B001037202020DA
:10339000202020202020202020202020202020202D
:1033A0000000000020C1072062600010534E5450FE
:1033B000202020202020202020202020202020200D
:1033C000000000004D52202020202020202020201E
:1033D000202020202020202000000000681308204A
:1033E000E6E40720E5E40720E8E40720105B02009C
:1033F000A8DA0000202020C0E2E0F0E8FF20D1CAD7
:103400002E204E34202020200000000078000010E4
:1034100020202020C0E2E0F0E8FF2020F1E5F2E8E3
:103420002020202000000000202020C0E2E0F0E862
:10343000FF20E1E0F22E204E21202020000000009D
:10344000202020C0E2E0F0E8FF20D1CA2E204E313B
:103450002020202000000000202020C0E2E0F0E832
:10346000FF20D1CA2E204E32202020200000000054
:10347000202020C0E2E0F0E8FF20D1CA2E204E3309
:10348000202020200000000020C0072020E2FBEACE
:10349000EBFEF7E5ED20202020202020202020201A
:1034A0000000000020C4EBE8F2E5EBFCEDEEF1F2E9
:1034B000FC2020202028F72E00000000039180B17E
:1034C000DDA10491E2A10591E74906910BE0E7A196
:1034D00050E7ECA14EE7F1A14CE7F6A14AE7FBA1CA
:1034E00048E7E149049194F9011094F904209142CC
:1034F00001DA217104E08A1A012A01DD4A1E2271D3
:10350000022902D108B10220207194F9040006EBCF
:10351000800156F820204B68F249F3A0EDF71BFF1D
:103520000220EDF7B4FEF64C00224021A08BEDF70F
:10353000CCF800222321E08BEDF7C7F800222421EC
:10354000208CEDF7C2F800222521608CEDF7BDF844
:1035500000225E21E08CEDF7B8F8C348A18C493811
:1035600000EB81006FF001022621EDF79BF80022AD
:103570002821208DC3E694F9010010B1012805D05F
:103580000AE0E0A3DFA2DFA1E4A003E0E9A3E9A24F
:10359000E8A1EEA0EDF7DFFE94F902000022401C46
:1035A00080B22121EDF791F894F902000022801CED
:1035B00080B22121EDF789F894F902000022C01CA5
:1035C00080B22121EDF781F894F90210E54DC1EBAD
:1035D000011000EB411005EB80000A2680690022F3
:1035E00090FBF6F080B25E21EDF76FF894F90200DF
:1035F0000022C0EB001101EB401005EB80005E21C2
:10360000D0F8D40090FBF6F080B2EDF75EF894F9B4
:1036100002000022C0EB001101EB401005EB80001E
:103620005E21D0F8900190FBF6F080B2EDF74DF8F6
:1036300094F902000122C0EB001101EB401005EBF0
:1036400080004021C06980B2EDF73FF894F9020094
:103650000122C0EB001101EB401005EB800040217E
:10366000D0F8D80080B2EDF730F894F902000122CA
:10367000C0EB001101EB401005EB80004021D0F8B9
:10368000940180B2EDF721F894F902000022C0EB1A
:10369000001101EB401005EB80002321B0F9300050
:1036A000ECF7DEFE94F902000022C0EB001101EB02
:1036B000401005EB80002321B0F9EC00ECF7D0FEC0
:1036C00094F902000022C0EB001101EB401005EB61
:1036D00080002321B0F9A801ECF7C2FE94F90200A2
:1036E0000022C0EB001101EB401005EB800024210B
:1036F000006A00B2ECF7B4FE94F902000022C0EBBD
:10370000001101EB401005EB80002421D0F8DC0013
:1037100000B2ECF7A5FE94F902000022C0EB001104
:1037200001EB401005EB80002421D0F8980100B295
:10373000ECF796FE99E58CA0029091A0039096A0DC
:1037400004909BA00590A0A00690A5A00790AAA019
:103750000890AF48099094F9010094F90410421AB6
:10376000022A01DD801E01E0884200DA207194F90E
:10377000040006EB8001D1E9012356F82010A5A032
:10378000EDF7E9FD0120EDF782FD5D4C0022803C64
:103790002121B4F8560080B2ECF797FFB4F95A0033
:1037A000A0F132011E2905D80022402180B2ECF799
:1037B0008CFF05E06FF0010240219C48ECF772FF9E
:1037C000B4F858000022232180B2ECF77EFFB4F950
:1037D0005C00A0F132011E2908D80022242180B209
:1037E00001E03CE192E1ECF770FF05E06FF00102CF
:1037F00024218E48ECF756FFB4F95C0032381E28BD
:1038000007D8B4F85E000022252180B2ECF75DFFF6
:1038100005E06FF0010225218448ECF743FFB4F97D
:103820006000A0F13201282905D800225E2180B273
:10383000ECF74BFF02E1FBE020EEF7E5F0E5E4ED0D
:10384000EEE520E2EAEBFEF7E5EDE8E5000000003A
:1038500020203025202026305E202030403A3023A2
:103860003A30242000000000255B020020F0E0E751
:1038700020E220ECE5F1FFF620202020202020206F
:103880000000000020F0E0E720E2203220ECE5F12B
:10389000FFF6E020202020200000000020F0E0E7DC
:1038A00020E2203320ECE5F1FFF6E020202020206C
:1038B0000000000020F0E0E720E220EFEEEBE3EE76
:1038C000E4E02020202020200000000020F0E0E79D
:1038D00020E220E3EEE420202020202020202020D1
:1038E00000000000D4D20000202020C0C2D2CECCE4
:1038F000C0D2C8D7C5D1CAC8C92020200000000046
:10390000A0C007202021202020205E202020202071
:10391000202040202020202300000000204E2020D6
:103920002055202020202020492020202020502009
:1039300000000000202120202020402020202020E6
:10394000232020202020242000000000204E2020C2
:1039500020492020202020502020202020742020BA
:1039600000000000D03C00102074F8EA2E6D617851
:103970003D2020202020202021B0432000000000F6
:103980002074E2E5EDF22E6D61783D2020202020AC
:1039900040B04320000000002074F8EA2EF0E5E378
:1039A0002E3D20202020202023B0432000000000B6
:1039B0002074EEF2EAEB2EEDE0E3F02E2020202042
:1039C00024B04320000000002074E2EAEB2EEDE07A
:1039D000E3F02E202020202025B04320000000000E
:1039E0002074EEF2EAEB2EE1E0F22E2020202020DF
:1039F0005EB04320000000002074E2EAEB2EE1E01C
:103A0000F22E20202020202026B04320000000009D
:103A1000A4A10000202020CACBC8CCC0D2CACECDE1
:103A2000D2D0CECBDC202020000000005CCD0000F6
:103A30006FF001025E21F548ECF734FEB4F9600046
:103A40003238282804D800222621B4F8620055E034
:103A50006FF001022621ED48ECF724FE05E4F24D5B
:103A6000EBA00290E87FA0B1F0A00390F5A0049035
:103A7000FAA00590FF480690042085F8250000BFB5
:103A800094F9010094F90410421A022A08DD801EFC
:103A900008E0F8480390F848049085F825A0EFE77F
:103AA000884200DA207194F9040006EB8001D1E924
:103AB000012356F82010F1A0EDF74DFC0120EDF7A1
:103AC000E6FBE87F6FF00702012819D002281AD020
:103AD000D2102121EFA000BFECF7E4FD35F8640F10
:103AE0000022232180B2ECF7F0FD68880122242116
:103AF00080B2ECF7EAFD0122A888252180B239E5E1
:103B00002121E6A0E8E72121E8A0E5E7DA4BEBA2D6
:103B1000F0A1F6A0EDF71FFCFA4800230C22008864
:103B2000012180B2ECF78CFDF74800230F220088BA
:103B3000012180B2ECF784FDF448002312220088B2
:103B4000012180B2ECF77CFDF148F4A1B0F900004E
:103B50000090F048B0F90030EF48B0F90020F2488A
:103B60000DF01CFBE6E52DE9F043F048016A41F455
:103B700000110162416B21F400114163016A21F0DF
:103B8000F8610162EA49CA6CEA4B1A40CA64016CE6
:103B900041F480710164416D21F4807141654FF4FD
:103BA0006161491EFDD1016C41F480710164416D78
:103BB00041F480714165406BDFF87C9360F0F86000
:103BC000820DC9F86820A9F1D70049460478CD6E66
:103BD00041788378A2F5407605F07F074FF0010821
:103BE0004FF0000CA0F12900FF3E01D0AA421BD0EB
:103BF00080F82DC0042C00D231B190F82E401CB9B1
:103C000080F82F8080F82850994203D380F82F80C5
:103C100080F8287080F82EC0142180F82B1080F8CE
:103C200029C080F82AC020E0641CE4B280F8294052
:103C3000042C1AD3491CC9B280F829C080F82A1074
:103C4000994212D380F8287080F82AC080F82F801B
:103C500080F82E8090F82D1039B1590880F82B107B
:103C6000022902D8022180F82B10C9F86C20BDE887
:103C7000F0832DE9F04FDFF8B09187B099F82F006D
:103C8000002805F09586AC480024A0F18005448307
:103C90008483688D89F8020089F806404846B9F99E
:103CA0003C2090F8280049460A2A17DAFD2811D04E
:103CB0007D280FD0FB280DD07B280BD0F72809D00A
:103CC000772807D0EF2805D06F2803D0FE2801D031
:103CD0007E2803D1994A1480994A1470964A743206
:103CE000F92813787AD00126E72878D07928C8D027
:103CF0007A2875D09049944696469CF9012091F80F
:103D000078701146521C52B293464A1E52B29246E5
:103D10007A1E52B27F1C00927AB201929CF902C0C4
:103D2000532B5ED0874A002B126802925AD07746F6
:103D30004FF00308142B56D0082B55D0092B54D024
:103D4000892BF8D08A2B51D08B2B50D0302B4FD0D1
:103D50008D2BF8D08E2BF6D0282BEED06C2B48D0A4
:103D60006D2B47D06E2B46D06F2BFCD0822B43D0CF
:103D7000872B42D0812B41D0802B40D0592B3FD074
:103D80006D4A7432162BFAD0172BF8D0292BF6D0A7
:103D90002A2BF4D0612BF2D0322BF0D07F2BEED037
:103DA0001746212B2DD02B2B2CD07B2B2BD0743ACC
:103DB0007C2BB2F908707AB226D0102B25D0492B73
:103DC00001F04C85DFF870E1512B0EF1740E01F01B
:103DD0009386522B01F060872F2BB5E025E136E169
:103DE0003FE14BE1B0E168E3E0E34DE373E380E3FF
:103DF0009BE3E5E3F1E3F1E3F1E3F1E3F1E3F1E385
:103E0000F1E3F1E3F1E3F1E3F1E3F1E35CCD000091
:103E100020C2FBE2EEE420202020202020202020D1
:103E2000212020200000000020C007202055EEF2B5
:103E3000EAEB2EED2EEF2EED2E2020202024C220A6
:103E4000000000002055E2EAEB2EED2EEF2EED2EC5
:103E5000202020202025C220000000002054E72E32
:103E6000ED2EEF2EED2E2020202020202023F12EDD
:103E700000000000A4A1000028BA000020CEF2EA51
:103E8000EBFEF7E5EDE8E520CD2ECF2ECD2E202060
:103E900000000000C2FBEAEB2E000000D0E5EBE5DD
:103EA00020E2E5EDF22DF0E000000000D0E5EBE5CA
:103EB00020C0C22EC1C0D2320000000020574731BE
:103EC000323233324C33202020202020202020206A
:103ED0000000000020D1E1EEF0EAE0202030303098
:103EE000302E30302E3030200000000020C2E5F0AF
:103EF000F1E8FF202020202020202020202020204A
:103F000000000000FA5C0200FC5C0200FE5C0200A3
:103F1000F85C0200F65C0200F45C020025642E25C9
:103F2000642E25640000000021C2072000C0092083
:103F300000C00240FF0FC0FF20C10720300000106A
:103F4000160000107C00001001F0CE87712B02F0EB
:103F50009080882B02F0C280332B02F0FF86712BF9
:103F600002F06687722B02F09987732B02F0D087DC
:103F7000742B03F0C980752B03F00481762B03F0BA
:103F80005581772B03F09081782B03F0C581832B2B
:103F900003F0FC81842B03F02982852B03F05083EE
:103FA0001F2B03F039843A2B03F030853B2B03F0B1
:103FB0007985702B03F00E86862B03F07B868F2B82
:103FC00003F08C87562B03F0C587552B04F0168021
:103FD000572B04F01982582B04F03C84392B05F040
:103FE0002B80632B05F06680652B05F0F1807D2B1F
:103FF00005F09181F446692B05F01283672BFBD005
:104000006B2B05F013837746662B05F024832D2B4D
:1040100005F0448375468C2B05F01684902B05F033
:10402000CD84912BFBD005F0C3BC532B0CD0FD48A5
:1040300000231A46416FC0F8791010F8781F4171BB
:104040001946532002F031B8002105F0E0BAF548D6
:1040500053214666002008F0DFFFF349FF20086087
:10406000E1E7084691F8331029B180F8334000BFEA
:1040700080F82D40D7E780F83360F9E74E46EF2807
:104080000FD0F72811D07546012918D0052939D04D
:1040900009293FD0FD2841D0FB2842D0FE2847D037
:1040A000C1E770468EF801B002E070468EF801A0BC
:1040B00004710B2200210EF1010002F0DDB9FD2890
:1040C00009D1ACF1010C85F802C03C2200210EF1AF
:1040D0000200EFF784FF96F82800FB2807D1A878A4
:1040E0003C22401CA8700021A81CEFF778FF96F82E
:1040F0002800FE2897D1F4872C706C70AC70EC709F
:104100002C7190E77E288ED1C848016821F001010A
:10411000016088E7FE2801F0DB8684E700982871BB
:1041200000E02A71042200210EF1040002F065B8BB
:1041300008230722062105208DE80F00042303220F
:104140000221012003F032BFB64A803AFB28B2F9BF
:104150001080B2F90630B2F97E70B2F912C0434451
:1041600019D0FD2829D0B2F90630B2F910207B28E9
:104170001A4427D07E2893D06B2834D07D2837D09E
:10418000F7288DD0EF288BD0772889D06F2887D05B
:10419000FE2830D047E78EF801B010E0012100E0A2
:1041A00000211944BCF1010F01D0002200E00122DE
:1041B000891A09314AB205F0BEB88EF801A0012F64
:1041C000EED1EBE7012F0AD000201044BCF1010F23
:1041D00007D00021401A09308EF8010032E1012099
:1041E000F3E70121F6E700231A4619461F2029E7C5
:1041F0008EF8014017E7F246F9B1012F3CD00020BC
:10420000AB46BCF1010F39D00023C01A801C7546A3
:10421000884258DA012F33D05FF0000000EB08032A
:10422000BCF1010F2ED00020181A801C88424ADBF6
:104230005C46BCF1010F27D031E002987C4D00288C
:10424000A8D000231A4619466620EDF770F82746D5
:10425000544609E0401C40B26070202804DB002175
:104260000846EDF751F82F6094F901002A6806FA24
:1042700000F11142EED0D6E60120C1E70123C4E7E8
:104280000120CBE70120CFE7012F0CD00020081A36
:10429000801EC3B2002211468D20EDF748F8608AD7
:1042A000032802D0BFE60120F1E7B4F87E1095F9AB
:1042B0000100012900D00021401AC01E0022C3B213
:1042C00011468E20BEE6012F27D0002000EB080308
:1042D000BCF1010F23D00020181A801C884228DA74
:1042E000012F1ED000201318BCF1010F1BD000209D
:1042F000181A801C88421CDBA1EB0800012F14D087
:104300000021401ABCF1010F11D000210844C01E49
:104310000022C3B211468B2094E60120D6E701208B
:10432000DAE70120DFE70120E2E70121E9E70121E7
:10433000ECE7012F0FD000201318BCF1010F0CD0B7
:104340000020181AC01C884209D100231A461946B9
:10435000302002F0D4BD0120EEE70120F1E7012F6B
:104360000ED000201318BCF1010F0BD00020181A3A
:10437000001D884208D100231A4619466C208CE3A0
:104380000120EFE70120F2E7BCF1010F14D000207B
:10439000C0F10100B84200D000269019401D8842AB
:1043A0000CD100231A4619461620ECF7C0FF322024
:1043B000EBF77BFF04F0F9BF0120E9E7012F0ED0F6
:1043C00000201044BCF1010F0BD00023C01A801D47
:1043D000884208D100231A4619467B205DE301205C
:1043E000EFE70123F2E7012F24D000201044BCF1B5
:1043F000010F21D00023C01AC01D88423FF4F8AE3F
:10440000012F1BD000201044BCF1010F18D0002256
:10441000801A0830884245F0CB8200231A4619469C
:1044200090203AE320C1072080C10F4000400440A3
:104430007C0000100120D9E70123DCE70120E2E73E
:104440000122E5E74FF47A70D5E27A783846521EB9
:1044500052B27A70032A7BD0012A7AD005E0FB2879
:1044600078D0FE2833D058B9DDE599F8251003E15E
:10447000009401940294039497F9020003F093BD11
:104480000021B4E20020B6E24FF47A70EBF70DFFA2
:10449000002211461046EBF7DBFE99F82800FD28B4
:1044A0006FD0FB286ED0F728EAD054E14170042287
:1044B00076E3781C3AE6787841E30022114610460C
:1044C000EBF7C6FE99F82800FD28C8D1BDE779783A
:1044D0000429D5D1CCE7002211461046EBF7B8FEEF
:1044E00099F82800FD28B0D0FB2850D0FE2858D0DD
:1044F00010E3002211461046EBF7AAFE99F82800B7
:10450000FD28A2D0FB2842D0FE28F1D199F8250041
:1045100097F90130411E8B4204D10022BB7811462D
:104520009120BAE28342ABD07DE5002211461046CD
:10453000EBF78EFE99F82800FD280CD0FB2811D04F
:10454000EF2818D07E2818D0F72871D001F0C1BD0F
:1045500019E01AE01BE0B978491EB970E988C91E54
:104560004AB205E0B878401CB870E888C01E42B274
:104570000021B81CDAE57E7055E5FF4880F8FD4360
:1045800051E561E161E146706FE744706DE77A786B
:104590003846521C52B27A70032AF5DA80F801804C
:1045A00063E797F9010099F82510C7E04FF47A7096
:1045B000EBF77BFE99F82800F728B4D005F0F5B9A1
:1045C0004FF47A70EBF771FE99F82800FD2810D0AF
:1045D000FB2812D0FE2815D025E518E038E055E07C
:1045E00091E0AEE0BBE0D5E088E2BDE24AE387E3DC
:1045F00096E379783846491E3AE07978491C797013
:10460000698939E097F90100B5F90A1096E04FF48D
:104610007A70EBF74AFE99F82800FD2804D0FB28B1
:1046200007D0FE280CD0FEE479783846491E03E016
:10463000ABE279783846491C41706989891C1BE0D6
:10464000B5F90A0097F90110801C8142B5D0EAE45F
:104650004FF47A70EBF729FE99F82800FD28C8D0AE
:10466000FB2802D0FE2809D0DDE479783846491CC1
:10467000417029896A8911444AB291E2B5F908105A
:10468000B5F90A2097F90100114457E04FF47A7008
:10469000EBF70BFE99F82800FD2808D0FB280AD07C
:1046A00097F9011001290DD0FE2829D0BBE47978B3
:1046B0003846491E02E079783846491C417002228A
:1046C0000121F6E6EF2806D06F2804D0F72806D09F
:1046D000772804D007E0A948018C491C02E0A748CC
:1046E000018C491E0184A5480B2201212030EFF7DF
:1046F00081FCA248B0F920104FF4187001F095BE6B
:104700000229A3D08FE44FF47A70EBF7CEFD99F82D
:104710002800FD2804D0FB2806D0FE280AD082E419
:1047200079783846491E02E079783846491C41704C
:10473000A989A1E797F90100B5F90C10884285D045
:1047400071E44FF47A70EBF7B0FD99F82800FD287A
:104750007AD0FB2879D0FE283FF4ADAE63E44FF465
:104760007A70EBF7A2FD99F82800FD2804D0FB2809
:1047700006D0FE280AD056E479783846491E02E071
:1047800079783846491C4170082209E2787808286F
:10479000B7D048E43220EBF788FD99F828104F464F
:1047A000EF290AD0F7290DD074482E30FD2912D0F8
:1047B000FB2917D0FE2920D035E4704874304178A9
:1047C000491C03E06D4874304178491E00F8011F10
:1047D0000222002171E46949743191F90110425CAF
:1047E000521C05E06549743191F90110425C521E7A
:1047F00042540844092200215FE490F9011090F925
:10480000002001EB810102EBC2035C4D490003EB88
:10481000021290F9020001EB8201743508442978F4
:1048200080B2592912D016297ED017297DD061294E
:104830007CD04F297BD032297AD02A2979D02929D6
:1048400078D07F2977D00BE468E16BE14B4A95F98A
:104850000210683A4B4C535C494A4B4EDFF82C81AE
:10486000552B40F2D22373D0984266D132F9110011
:10487000552108F0FBFD464F397895F9020034F9CF
:10488000100008F0F3FD397B95F9020036F91000AD
:1048900008F0ECFDB7F9101095F9022038F9120074
:1048A00008F0E4FD95F902003A4931F9100045F2AB
:1048B000555108F0DBFD95F90200374931F9100038
:1048C000002108F0D3FD95F90200344931F91000B8
:1048D000002108F0CBFD00214FF4797008F07AFF39
:1048E00000214FF47E7008F075FF00214FF47F70B7
:1048F00008F070FF002140F2E63008F06BFF002165
:1049000040F2FA3008F066FF002140F2FE3008F075
:1049100061FF002140F2F63008F05CFF00214FF407
:104920007D7008F057FFABE568E072E07AE08AE05E
:1049300093E0A7E0B4E0BEE00AE000210846ECF70F
:10494000E3FC4FF47A70164B16A21CA10090D3E042
:104950009842F2D132F91100AA2108F087FD0C4FDC
:10496000397895F9020034F9100008F07FFD397BA1
:1049700095F902002EE00000D03C001020C1072075
:104980007054020074540200785402006C54020007
:104990002C400240805402007C540200605402000B
:1049A00028BA00002020202020EDE5E2E5F0EDFB14
:1049B000E9212121202020200000000020202020AB
:1049C000202020CFE0F0EEEBFC2020202020202033
:1049D0000000000036F9100008F048FDB7F910108B
:1049E00095F9022038F9120008F040FD48E5002052
:1049F000ECF78AFC46E5EBF758FC3CE4B8289CD180
:104A000000210846ECF780FC00231A4619461020C6
:104A100043E0A0F5407169398FD10846ECF774FC8A
:104A2000FFF7E1BBA0F54071B53986D10846ECF738
:104A30006BFC00231A4601216220ECF778FC0A2067
:104A400087F830001EE5A0F580712739D7D16E7048
:104A50002C710A2089F830000DE4A0F54071E73987
:104A6000CDD10846ECF750FCFA48047044708470CD
:104A7000C470047144718471C4714472847242F2CE
:104A80001070B8E77D28BAD10021AC780846ECF761
:104A90003BFC0022234611462B20ECF748FCD1E4D6
:104AA0007E28ACD100210846ECF72EFC00231A46E4
:104AB00019462C20F1E7A0F50071B3399FD10846C3
:104AC000ECF722FC002140F6026008F083FE002192
:104AD0004FF4606008F07EFE00210846ECF714FCFD
:104AE000DD48E04BE0A20460DC48E5A10460DC485E
:104AF00004604FF47A700090DA48EFE34FF47A7074
:104B0000EBF7D3FB99F82800FD2807D0FB2809D044
:104B1000FE280BD0F7283FF406AFA5E47978384695
:104B2000491EC3E479783846491CBFE497F901006F
:104B300040B101280BD0022810D003280ED0042841
:104B4000E9D091E400231A461946292003E0002306
:104B50001A4619462D20ECF7EAFB2BE4801E0022B2
:104B6000C3B211462A20F6E7002211461046EBF7A1
:104B70006FFB99F82800FD2809D0FB280BD097F986
:104B800001103D4671B1012979D07C706CE47978CF
:104B90003846491E02E079783846491C41700122A6
:104BA000002186E4FE28B8D1BB48017801290CD148
:104BB000BA4A95F902101278914206D10470B848A9
:104BC000002104804FF4F87098E5A878ECF792FC87
:104BD000B4480078A0B1012817D065281DD06628F8
:104BE00020D0672823D0682827D069282AD06A28AF
:104BF0002DD06C2831D06B282FD0642834D033E4EA
:104C000040F6B830A8A3009025E040F6B830ACA339
:104C1000B1A20090B6A1BCA0BBE340F6B830C0A3DF
:104C2000009008E040F6B830C3A3009003E040F6DF
:104C3000B830C7A30090CCA2ECE740F6B830D0A3C0
:104C4000009008E040F6B830D3A3009003E040F6AF
:104C5000B830D7A30090DCA2DCE740F6B830E0A380
:104C6000D9A2E5A10090D6E768787E4B002840F6EF
:104C7000B830E7A2009003D0EBA1F14889E3EFE35D
:104C8000F0A1FAE700210846EBF7FAFA00221146F4
:104C90001046EBF7DDFA99F82800FD2809D0FB282B
:104CA0000BD07B2811D0F7283FF43DAEFE2810D062
:104CB0003AE479783846491E02E079783846491C4A
:104CC0004170E6490989491CD6E4E44800897870B6
:104CD0002AE4E24897F90120B0F90800431C9A42FF
:104CE00005D120B100231A4619467F2033E78242BE
:104CF000DAD00028D8D000227B7811467C2052E2FE
:104D0000FD2809D0FB287FF49FA9D448019974306D
:104D100000F8041F00212DE4D04800997430F7E713
:104D20004FF47A7B5846EBF7C0FA4FF00F0AA9F818
:104D30004EA099F8280014214F46FB2839D0FD28B1
:104D400060D07B285FD07D285ED0C44A743292F94F
:104D50000110F1B3012958D0022957D090460429F7
:104D600055D0052954D0062953D0082952D00A29F4
:104D700051D00C2950D00E294FD010294ED01229D5
:104D80004DD014294CD016294BD017294AD01829B8
:104D900049D01A2948D01B2947D01D2946D01E29A1
:104DA00045D01F2944D0202904F0FF85212940D077
:104DB00012E4AA4D7435AC706878401C40B268703B
:104DC000022837D0032836D0062835D0072834D01B
:104DD00000E0DFE1092831D00B2830D00D282FD09A
:104DE0000F282ED011282DD013282CD015282BD0E9
:104DF00018282AD01A21192828D01B2827D01C2887
:104E000026D05AE168E1BDE1C1E1CDE1D3E1E0E1C5
:104E1000EDE1F8E103E22CE250E273E2AFE2F4E20A
:104E20007AE3D4E3DAE3F4E3F4E3F4E3F4E3F4E37E
:104E3000F4E3F4E314E115E119E11AE11DE11EE1E7
:104E400021E122E126E128E12AE12EE12FE130E112
:104E500031E10000146000107C00001078000010A8
:104E60008000001028BA0000202020202020EEF72B
:104E7000E8F9E5ED2121212020202020000000007C
:104E8000202020C6F3F0EDE0EB20F1EEE1FBF2E8AC
:104E9000E92020200000000016000010170000107C
:104EA000300000101900001020CFF0E8F7E8EDE026
:104EB00020EDE5E8E7E2E5F1F2EDE020000000009A
:104EC000E2FBF0E0E2EDE8E2E0FEF9E8E920E7E00D
:104ED000F0FFE4200000000020EDE5E2EEE7ECEE5C
:104EE000E6EDEE2E20C8E4E5F220202000000000D0
:104EF0002020E5ECEAEEF1F2E820E1E0F2E0F0E576
:104F0000E820202000000000C2EAEBFEF7E5EDE813
:104F1000E520EAEEEDF2F0EEEBFF202000000000CD
:104F20002020202020EDE520E2E2E5E4E5EDE02090
:104F30002020202000000000202020EDE520EFEEC2
:104F4000E4EAEBFEF7E5EDE0202020200000000081
:104F50002020202020EFE5F0E5E3F0E5F2E020203E
:104F6000202020200000000020EDE5E2EEE7ECEE3E
:104F7000E6EDEE2EC1E0F2E0F0E5FF2000000000DB
:104F80002020202020C0F1E8ECECE5F2F0E8FF2E34
:104F9000202020200000000020C1E0F2E0F0E5FF2A
:104FA00020E7E0F0FFE6E0E5F2F1FF20000000007E
:104FB000C1E0F2E0F0E5FF20F0E0E7F0FFE6E0E539
:104FC000F2F1FF20000000002020202020EDE5E28B
:104FD000EEE7ECEEE6EDEE2E2020202000000000B3
:104FE0002020202020C8E4E5F220CAC5C120B93223
:104FF000202020200000000020E5ECEAEEF1F2E89D
:1050000020E1E0F2E0F0E5E820B931200000000006
:105010002020202020C2CACBDED7C5CD21212120CF
:1050200020202020000000002020202020C1C0D20D
:10503000C0D0C5C8204E3220202020200000000013
:1050400084D300002020202020C1C0D2C0D0C5C8F9
:10505000204E3120202020200000000020C1072009
:105060002E712AE00420687085F8048025E0052070
:1050700019E008206870072015E00A2000E00C20E5
:1050800068700B200FE00E2000E01020687085F89B
:1050900004A012E01220687000E06970132002E0A2
:1050A000162068701520287107E01720FBE769704B
:1050B00003E0297101E01D20687021220021681C95
:1050C000EEF78DFF95F9010095F90410411A0229B8
:1050D00044F36E84801E53E0FA4DAC706878401E35
:1050E00040B26870032816D0052816D00B2816D0B9
:1050F000092816D00B2812D00D2814D00F2814D050
:10510000112814D0132814D0152814D0192814D01D
:105110001C2825D013E0022010E004200EE00A2015
:105120000CE008200AE00C2008E00E2006E0102029
:1051300004E0122002E0697001E01820687021226A
:105140000021681CEEF74BFF95F9010095F904105A
:10515000884200DA2871142804D0122802D003E013
:105160001B20EBE713212971102801D00E2801D153
:1051700085F804A07A2802D00A2844F019840B206C
:1051800028713AE4CF482121847003F081BCCD48D6
:105190008470F0E3FE28F4D10023642089F8300005
:1051A0001A4619464920EDE3FE28EAD100231A46A3
:1051B0001946512005E0FE28E3D100231A4619467E
:1051C0005220ECF7B4F85846EBF76FF887F8244014
:1051D00013E4FE28D5D100231A4619462F20ECF7F8
:1051E000A6F85846EBF761F888F8044005E4B7F8EC
:1051F000520010B1A7F8524001E0A7F85260B7F989
:105200005210862019E3B7F8500010B1A7F85040AB
:1052100001E0A7F85060B7F9501080200DE397F82F
:10522000381091BBEF2806D06F2804D0F72806D09D
:10523000772804D010E437F86A0F401C02E037F8F2
:105240006A0F401E3880E622DC219F48EEF7D2FE2E
:10525000B7F900104FF4817008F008F9388823304E
:1052600001B2B9804FF4867008F000F907F83D6C80
:1052700053E497F8381041B9EF2807D06F2805D0CC
:10528000F72807D0772805D047E456E037F86E0FA7
:10529000401C02E037F86E0F401E38808A484FF4F9
:1052A0008772F021001DEEF7A5FEB7F900104FF44C
:1052B000867008F0DBF807F8416C2EE497F8381098
:1052C000D9BBEF2806D06F2804D0F72807D077285D
:1052D00005D022E437F8700F401C03E059E037F89E
:1052E000700F401E38807848C8220021801DEEF7DC
:1052F00081FEB7F900104FF4877008F0B7F807F88F
:10530000436C0AE497F83810B9B9EF2806D06F2833
:1053100004D0F72812D0772810D012E437F86C0F99
:10532000CD22401C388068486E21801CEEF762FE5A
:10533000B7F900104FF482701CE023E037F86C0FCF
:10534000CD22401E388060486E21801CEEF752FE50
:105350003888AF21401F02B25B480830EEF74AFEA2
:10536000B7F900104FF4827008F080F8B7F9061012
:105370004FF4837008F07AF807F83F6C06E497F86A
:10538000381049B140F6B8300090504B50A256A1A9
:105390005BA0ECF71CF832E4EF2806D06F2804D0AD
:1053A000F7281FD077281DD029E437F8720FC822BC
:1053B000401C3880444869210830EEF71BFE3888CD
:1053C000CD22401D01B24048801CEEF713FEB7F914
:1053D00000104FF4837008F049F837F9061C4FF4B9
:1053E00082700DE037F8720FC822401E38803648B0
:1053F00069210830EEF7FEFDB7F900104FF4837015
:1054000008F034F807F8456C52E40121884697F813
:10541000381000244FF496720029B3D1698B1829F3
:1054200007D0A1F59053FC3B06D12A243422032156
:105430000AE016241A220AE06E2902D0DC2905D0DF
:1054400005E0532471220521884600E0AF24EF28AF
:1054500007D06F2805D0F72811D077280FD027E480
:10546000FAE337F8740F2146401C388016480A309A
:10547000EEF7C0FDB7F900104FF484701DE037F867
:10548000740F2146401E38800F480A30EEF7B2FDF7
:105490003988A1EB080002B2A4EB080001B20A4867
:1054A0000C30EEF7A7FDB7F900104FF4847007F049
:1054B000DDFFB7F902104FF4857007F0D7FF07F84A
:1054C000476C05E494C107208AC0072028BA000071
:1054D0002020E7E0E1EBEEEAE8F0EEE2E0EDEE219D
:1054E0002121202000000000202020F0E0E1EEF249
:1054F000FB20F1E8F1F2E5ECFB20202000000000A9
:10550000C8E7ECE5EDE5EDE8E520EFE0F0E0ECE5FF
:10551000F2F0EEE2000000000122904697F83820F9
:1055200000214FF49674002A7FF42CAF6A8B182A5E
:1055300007D0A2F59053FC3B06D128213224032248
:105540000AE0142118240AE06E2A02D0DC2A05D0D1
:1055500005E050216E240522904600E0AA21EF28A4
:1055600006D06F2804D0F72820D077281ED01FE45B
:1055700037F8760F2246401C3880FF48EEF73AFD98
:1055800004EB0800398802B201EB080001B2FA48C6
:10559000801EEEF72FFDB7F900104FF4857007F06D
:1055A00065FF37F9021C4FF484700BE037F8760F73
:1055B0002246401E3880F048EEF71CFDB7F9001077
:1055C0004FF4857007F052FF07F8496CD9E5FE28C3
:1055D000CDD100231A46194688209FE0EF2806D037
:1055E0006F2804D0F72806D0772804D0C9E535F80D
:1055F000740F401C02E035F8740F401E2880DE480E
:10560000642201217E30EEF7F5FCB5F90010FE2092
:1056100013E105E06EE074E07AE084E002E10FE17E
:105620004FF4F07359004FF4B4574C008E007A00D9
:105630004FF0F00C4FF078084FF4807AEF2806D046
:105640006F2804D0F72842D0772840D099E5B5F9E3
:105650007600782809D0F0280AD0984223D08842D2
:1056600009D100BFA5F876401FE0A5F876C01CE080
:10567000A5F8763019E0A04203D100BFA5F8766006
:1056800013E0B04203D100BFA5F876700DE0B84238
:1056900003D100BFA5F8762007E0904203D100BFF8
:1056A000A5F8768001E0A5F87610B348782180301F
:1056B000EEF7A0FCB5F97610504607F0D7FEB5F925
:1056C000760000EB800040000AF073FF59E5B5F961
:1056D00076007828DED0F028E2D09842C5D0884203
:1056E000C6D0A042DFD0B042BCD0B842C6D09042B3
:1056F000D9D1C9E7FE28A9D100231A46194683202B
:105700000CE0FE28A2D100231A461946852005E0A8
:10571000FE289BD100231A4619467120EBF707FE9D
:105720005846FFF768B992F9021001290AD00229F8
:105730000AD003290AD004290AD005290AD006294B
:105740000BD00BE0012509E00A2507E0642505E000
:105750005D4603E042F2107500E0884D05EB8502DE
:10576000520092467E280BD1404639B3491E8170C3
:1057700006220121801CEEF727FC00BF87F82D4090
:1057800098F802000028A1D0DFF8EC8108F18A081F
:10579000D8F85C10B1FBFAF20AFB121090FBF5F09E
:1057A000009097F8281000FB05F4EF290AD06F2924
:1057B00008D0F72908D0772906D009E0062188F813
:1057C0000210DBE7401C00E0401E009087F82D60CF
:1057D000092200216846EEF72DFC0098D8F85C10ED
:1057E0006843091B0844C8F85C0097F82800454640
:1057F000EF2805D06F2803D0F72801D0772805D1EE
:105800005D485F4A0121E630EEF714FCE86D01B215
:105810004FF49F7007F02AFEE86D000C01B24FF4C0
:10582000A0700AE0B5F87E0010B1A5F87E4001E056
:10583000A5F87E60B5F97E10762007F017FE95E199
:10584000FE2844F0B58000231A4619461720EBF7CE
:105850006EFDEFF7DFFF322063E700BF4FF47A7091
:10586000EAF723FD99F828004C46FB2806D0FD28CE
:1058700009D07B2810D0FE2810D082E43E48FE30AC
:105880004178491C03E03C48FE304178491E417094
:10589000042254E3401CFEE30420FDE3364D4FF4A4
:1058A0009E76FE3595F9010030B1012846D00228D8
:1058B00069D0032868D014E1DC214FF4817007F02F
:1058C000D5FDFD214FF4867007F0D0FDBB214FF4CC
:1058D000877007F0CBFDBB214FF4827007F0C6FD47
:1058E000B6214FF4837007F0C1FD17214FF4847087
:1058F00007F0BCFD14214FF4857007F0B7FD1821A7
:10590000304607F0B3FDFD214FF48E7007F0AEFD79
:10591000BB214FF48F7007F0A9FDFD214FF490706B
:1059200007F0A4FDBB214FF4917007F09FFD1E21ED
:105930004FF4927007F09AFD1421CEE0DC214FF471
:10594000817007F093FDFD214FF4867007F08EFD06
:10595000BB214FF4877007F089FDBB214FF48270A3
:1059600007F084FDB6214FF4837007F07FFD2D21F1
:105970004FF4847009E0A8E396C00720A0860100D8
:105980003F420F0091E327E068E007F06FFD282118
:105990004FF4857007F06AFD41F2FC21304607F0B4
:1059A00065FDFD214FF48E7007F060FDBB214FF4C3
:1059B0008F7007F05BFDFD214FF4907007F056FDEE
:1059C000BB214FF4917007F051FD46214FF49270C6
:1059D00007F04CFD282180E0DC214FF4817007F0B6
:1059E00045FDFD214FF4867007F040FDBB214FF4CB
:1059F000877007F03BFDBB214FF4827007F036FD46
:105A0000B6214FF4837007F031FD64214FF48470A8
:105A100007F02CFD5A214FF4857007F027FD6E2109
:105A2000304607F023FDFD214FF48E7007F01EFD78
:105A3000BB214FF48F7007F019FDFD214FF49070DA
:105A400007F014FDBB214FF4917007F00FFD5A21B0
:105A50004FF4927007F00AFD96213EE0DC214FF4EE
:105A6000817007F003FDFD214FF4867007F0FEFC06
:105A7000BB214FF4877007F0F9FC4FF48277BB210C
:105A8000384607F0F3FCB621B81C07F0EFFCB42150
:105A9000381D07F0EBFCAA21B81D07F0E7FCDC215C
:105AA000304607F0E3FCFD214FF48E7007F0DEFC7A
:105AB000BB214FF48F7007F0D9FCFD214FF490709B
:105AC00007F0D4FCBB214FF4917007F0CFFC3946AE
:105AD0004FF4927007F0CAFCAA214FF4937007F0BC
:105AE000C5FC6878042803D100210846EBF70CFCBC
:105AF000687884F8300004E44F46EF2810D0F72887
:105B000011D0FE283EF4A0AA91B1012931D002297A
:105B10004DD0032964D004297ED005297DD02DE401
:105B20008EF801B001E08EF801A0052203F003BC5D
:105B3000FD4C94F828108DF80010FD2806D07D2823
:105B400004D0FB2805D07B2803D00FE0C8B2401C4E
:105B500001E0C8B2401E8DF80000172200216846FF
:105B6000EEF732FA9DF8000084F8280087F82D60DF
:105B700004E4ED4C94F824108DF80010FD2813D0A7
:105B80007D2811D0FB2801D07B28EFD1C8B2401E60
:105B90008DF800003B2200216846EEF715FA9DF8CB
:105BA000000084F82400E1E7C8B2401CF0E7DE4DB5
:105BB00095F820108DF80010FD2805D07D2803D021
:105BC000FB2801D07B28D1D18DF800403B22002159
:105BD0006846EEF7F9F99DF8000085F82000C5E762
:105BE000D14C94F82C108DF80010FD2816D07D288B
:105BF00014D0FB2801D07B28B8D1C8B2B0F1010085
:105C00008DF800001F2201216846EEF7DDF99DF8AE
:105C1000000084F82C00A9E703E021E0C8B2401C92
:105C2000EEE7C14C94F838108DF80010FD2814D020
:105C30007D2812D0FB2801D07B2897D1C8B2401E06
:105C40008DF800000C2201216846EEF7BDF99DF8A1
:105C5000000084F8380089E7B4E0C8B2401CEFE7E0
:105C6000B14CA18FFD2849B28DF8001011D07D28CC
:105C70000FD0FB2801D07B2895D1491E8DF800104C
:105C8000632200216846EEF79FF99DF90000A08786
:105C90006CE7491CF2E700BF4FF47A70EAF705FBA6
:105CA00099F828004C46FB2814D0FD282CD09F4B97
:105CB00093F90110C1B3012959D041F27A15AF1CF3
:105CC000AA1E41F27E184FF48C5A02296BD0042987
:105CD00077D0EFE3954C6078401C6070B5F87A009F
:105CE00058B105220021601CEEF779F994F9010002
:105CF00002281ED0032802D039E40122F2E7042052
:105D0000607084F8048032E4884C6078401E6070D3
:105D1000B5F87A0048B105220021601CEEF75FF962
:105D20006078032803D022E405E00122F4E7022092
:105D3000607020711BE44FF48974EF2806D06F283F
:105D400004D0F72806D0772804D010E435F87A0F6D
:105D5000401C02E035F87A0F401E28807348032269
:105D600000217A38EEF746F9B5F9001032E0B5F8BF
:105D70007A1039B36FF00B014FF48A74EF2806D014
:105D80006F2804D0F72806D0772804D01EE435F811
:105D90007C0F401C02E035F87C0F401E28806348D1
:105DA0000D227838DEE7FE280DD07E2816D093F934
:105DB0000210D1B1012925D0022942D003295FD098
:105DC00004E46CE085E11446104607F0A5FB0128C9
:105DD00002D00121204628E30021FBE79878032226
:105DE000401C98700021981C46E3EF2806D06F28CD
:105DF00004D0F72804D0772802D0FEE328462BE011
:105E000028462FE0EF2806D06F2804D0F72807D0C7
:105E1000772805D0F1E3384607F07EFB401C03E00D
:105E2000384607F079FB401EADF80000FF22002144
:105E30006846EEF7EAF8BDF90010384607F016FBA1
:105E4000DBE3EF2806D06F2804D0F72808D07728A6
:105E500006D0D2E34546404607F05EFB401C04E016
:105E60004546404607F058FB401EADF80000FF22B3
:105E700000216846EEF7C9F8BDF900102846DDE7B5
:105E8000EF2806D06F2804D0F72805D0772803D054
:105E9000B3E355465046DFE755465046E2E77E28D5
:105EA0008ED1104607F038FB214C012813D028462C
:105EB00007F032FB2070384607F02EFB607040463A
:105EC00007F02AFBA070504607F026FB84F8030079
:105ED00006F0D7F8D1E45820207093206070FE209F
:105EE000A070E620F2E700BF4FF47A70EAF7DDF920
:105EF00099F828104F46FB291CD0FD2922D07B2978
:105F000078D00A4890F9010020B34FF48B7A012829
:105F100039D04FF41777022861D003286BD00428BA
:105F20005FD0052868D0A8E40040024094C1072053
:105F300000350010FF484178491C06E00522C0E00A
:105F40000322BEE0FB484178491E4170298A00299E
:105F5000F6D1F3E7EF2906D06F2904D0F72905D051
:105F6000772903D089E4E888401C01E0E888401ED6
:105F7000E880F04821220021EE38EEF73BF8B5F931
:105F800006109A2059E4EF2906D06F2904D0F7298A
:105F900014D0772912D070E4B5F9100010B101289F
:105FA00002D008E02E8211E0688A012803D100BFE8
:105FB000A5F812800BE02C826C8208E0B5F9100085
:105FC00058B10128F7D1688A0328F4D16E82B5F957
:105FD0001010FC2007F04AFA24E02E82E8E7288A15
:105FE00058B1EF2922D06F2920D0F72921D0772965
:105FF0001FD042E4F7E329E0AAE0EF2906D06F2999
:1060000004D0F72905D0772903D036E4688A401CEC
:1060100001E0688A401E6882C64803220121E238F6
:10602000EDF7E8FFB5F912105046FEE16889401C13
:1060300001E06889401E6881BE4804220021EA38D8
:10604000EDF7D8FFB5F90A103846EEE1288A0028A6
:106050007ED14FF49570EF2906D06F2904D0F7292F
:1060600004D0772902D008E4314600E02146A98215
:10607000DBE16889C4B24FF47A70EAF716F999F84F
:106080002800FB2814D0FD2816D07B281CD0A94955
:1060900091F9012001E0B0E0A8E0002A17DBA2425C
:1060A00015DA4B78002201217420EBF740F922E544
:1060B000A0484178491C02E09E484178491E417041
:1060C00062B20021FFF7E6BB9A48447013E5A24292
:1060D0008FD1FE283DF4B8AF0DE500BF4FF47A70C4
:1060E000EAF7E3F8B5F92C2001202F4602B115207C
:1060F00099F828104D464FF00D0A4FF0110BFB296F
:106100002AD0FD297CD07B2970D040F2CE2840F2E5
:106110000E3A4FF4447B672969D0864C94F90130DC
:10612000F3B3012B7ED0022B7DD0042B7CD0062B29
:106130007BD0082B7AD0092B79D00A2B78D00B2B67
:1061400077D00D2B76D00F2B75D0112B74D000E0AB
:10615000F5E3132B71D0ACE1764B5978491C49B269
:10616000597002291DD003291FD0052922D00729E3
:1061700024D00A2924D00B2924D00C2924D00D297D
:1061800024D00E2924D00F2924D0102924D011295D
:1061900024D0122924D0132924D0142928D029E06E
:1061A00039E1197931BB1E710AE00421597083F875
:1061B000048005E006215970052114E0082159707A
:1061C0009C7017E00A210EE083F801A00C210AE080
:1061D0000F2159700E2106E083F801B0102102E072
:1061E0001321597012211971EAE709E044E046E0F1
:1061F0001521597042B20021581CEDF7F0FE7AE4E7
:106200004C4C42B2601C6178491E61700021EDF770
:10621000E6FE94F9010014281BD012281BD0102888
:106220001CD00BE008E115E193E103E278E298E28B
:10623000B8E225E3A3E3FCE3FCE3FCE30E280FD084
:106240000C2810D0072810D0052810D0032811D012
:1062500051E413200CE084F801B04CE40F2007E077
:1062600084F801A047E40B2002E0062000E00420AF
:10627000607040E40220FBE72E4948703BE40121B6
:106280004FF4337007F0F2F80021404607F0EEF8C3
:10629000C0214FF4347007F0E9F8A82140F2D22071
:1062A00007F0E4F801214FF4357007F0DFF8FB2127
:1062B00040F2D62007F0DAF8FF214FF4367007F0ED
:1062C000D5F8FF2140F2DA2007F0D0F8FF214FF493
:1062D000377007F0CBF8002140F2DE2007F0C6F857
:1062E000C0214FF4437007F0C1F8A821504607F0D1
:1062F000BDF80121584607F0B9F8FE2140F21230EE
:1063000007F0B4F8A1214FF4427007F0AFF8A221D2
:1063100040F20A3007F0AAF8312140F2DA3007F0F3
:10632000A5F832214FF4777007F0A0F8332140F23E
:10633000DE3001E094C1072007F098F800214FF407
:10634000787007F093F8002140F2E23007F08EF801
:10635000FF214FF4387007F089F8FF2140F2E22066
:1063600007F084F8FF214FF4397007F07FF8FF2120
:1063700040F2E62007F07AF8FF214FF43A7007F078
:1063800075F8FF2140F2EA2007F070F8FF214FF482
:106390003B7007F06BF8FF2140F2EE2007F066F843
:1063A000FF214FF43C7007F061F8FF2140F2F2202A
:1063B00007F05CF8FF214FF43D7007F057F8FF211C
:1063C00040F2F62007F052F8FF214FF43E7007F03C
:1063D0004DF8FF2140F2FA2007F048F8FF214FF472
:1063E0003F7007F043F8FF2140F2FE2007F03EF82F
:1063F000FF214FF4407007F039F8FF2140F20230DE
:1064000007F034F8FF214FF4417007F02FF8FF2117
:1064100040F2063009E0FE2904D0F72902D0EF2926
:1064200043F0C68222B1002103E007F01FF863E4C5
:1064300001214FF43370F8E7DAB3FE2903D0F729CE
:1064400001D0EF29F3D1F88D08B1002100E001213E
:106450004046EAE77E2909D094F9020078B1012884
:106460002CD0022843D003285AD045E4A078032238
:10647000401CA0700021A01CEDF7A6FD3CE4EF2914
:1064800006D06F2904D0F72905D0772903D012E070
:10649000388E401C01E0388E401E3886FF220021D5
:1064A000FE48EDF7B2FDB7F930104FF4347002F04A
:1064B000A9BFF4E3F6E385F82D601DE4EF2913D0BE
:1064C0006F2911D0F72901D07729F4D1788E401E99
:1064D0007886F248FF220021801CEDF796FDB7F97F
:1064E000321040F2D220E2E7788E401CF0E7EF292C
:1064F00013D06F2911D0F72901D07729DBD1B88EBD
:10650000401EB886E548FF220021001DEDF77DFD05
:10651000B7F934104FF43570C9E7B88E401CF0E776
:10652000EF2913D06F2911D0F72901D07729C2D1D3
:10653000F88E401EF886D948FF220021801DEDF715
:1065400064FDB7F9361040F2D620B0E7F88E401C53
:10655000F0E77E298AD094F9020030B101281DD0DD
:10656000022834D003284CD010E4EF2913D06F292F
:1065700011D0F72901D077299DD1388F401E388757
:10658000C648FF2200210830EDF73FFDB7F938106B
:106590004FF436708BE7388F401CF0E7EF2913D0AB
:1065A0006F2911D0F72901D0772984D1788F401E27
:1065B0007887BA48FF2200210A30EDF726FDB7F9A7
:1065C0003A1040F2DA2072E7788F401CF0E7EF29AA
:1065D00014D06F2912D0F72901D077298ED1B88F26
:1065E000401EB887AD48FF2200210C30EDF70DFDAD
:1065F000B7F93C104FF4377059E7F5E3B88F401CFA
:10660000EFE7EF2913D06F2911D0F72901D07729AF
:106610008DD1F88F401EF887A048FF2200210E3050
:10662000EDF7F3FCB7F93E1040F2DE203FE7F88FBC
:10663000401CF0E77E298DD094F9020030B101288A
:106640001FD0022837D003284FD043E4EF2914D0BD
:106650006F2912D0F72901D077298DD137F86C0F27
:10666000401E38808D48FF2200213C30EDF7CDFCE4
:10667000B7F900104FF4437019E737F86C0F401C5E
:10668000EFE7EF2913D06F2911D0F72901D077292F
:106690008BD137F86E0F401E38808048FF220021D2
:1066A0003E30EDF7B2FCB7F900105046FFE637F880
:1066B0006E0F401CF0E7EF2913D06F2911D0F72996
:1066C00001D077298AD137F8700F401E388073487F
:1066D000FF2200214030EDF798FCB7F90010584632
:1066E000E5E637F8700F401CF0E7EF2914D06F296A
:1066F00012D0F72901D077298AD137F8720F401EBE
:1067000038806648FF2200214230EDF77EFCB7F961
:10671000001040F21230CAE637F8720F401CEFE763
:10672000EF2906D06F2908D0F7290AD077290CD095
:1067300010E0B7F86800401C0AE0B7F86800801C59
:1067400006E0B7F86800401E02E0B7F86800801E57
:10675000A7F8680089F82D60B7F968104FF4427007
:1067600063E6EF2906D06F2908D0F7290AD07729E8
:106770000CD010E0B7F86A00401C0AE0B7F86A00D5
:10678000801C06E0B7F86A00401E02E0B7F86A0015
:10679000801EA7F86A0089F82D60B7F96A1040F2E8
:1067A0000A3042E67E2907D1A0780822401CA0705A
:1067B0000021A01CEDF708FC95F82800384F4FF099
:1067C0002008EF2801D06F282BD194F90210785CB3
:1067D000401CC0B27854202815D3A0F121020F2A02
:1067E00002D230200BE0FDE3A0F13A02072A01D2E9
:1067F000412004E0A0F15B02062A02D26120785415
:1068000004E07A2802D9404607F8018040F2DA32E3
:10681000C0B202EB41020146104606F027FE85F8A1
:106820002D6095F82800F72802D0772843F0C08023
:1068300094F902107A22785C401EC0B27854202865
:1068400015D3A0F121030F2B02D207F801800FE02E
:10685000A0F13A03072B01D2392004E0A0F15B0339
:10686000062B02D25A20785402E07A2800D97A54B2
:10687000785C40F2DA3202EB41020146104616E63D
:106880007E293FF4F3AD94F9020058B1012824D0D9
:1068900002283DD0032857D009E40000D0C00720CB
:1068A000D2600010EF2914D06F2912D0F72902D03E
:1068B00077297FF4ECAD37F8400F401E3880FF2277
:1068C0000021F748EDF7A1FBB7F900104FF438703D
:1068D000EDE537F8400F401CF0E7EF2914D06F29A1
:1068E00012D0F72901D07729E3D137F8420F401EA3
:1068F0003880EB48FF220021801CEDF786FBB7F9BA
:10690000001040F2E220D2E537F8420F401CEFE7DA
:10691000EF2915D06F2913D0F72901D07729C8D1D5
:1069200037F8440F401E3880DD48FF220021001D4B
:10693000EDF76BFBB7F900104FF43970B7E508E2DB
:1069400037F8440F401CEEE7EF2914D06F2912D01E
:10695000F72901D07729ACD137F8460F401E38808F
:10696000CF48FF220021801DEDF74FFBB7F9001043
:1069700040F2E6209BE537F8460F401CEFE77E2902
:106980003FF474AD94F9020030B101281FD0022801
:1069900038D0032854D032E4EF2914D06F2912D014
:1069A000F72901D0772984D137F8480F401E388065
:1069B000BB48FF2200210830EDF727FBB7F9001094
:1069C0004FF43A7073E537F8480F401CEFE7EF29B2
:1069D00014D06F2912D0F72901D0772984D137F844
:1069E0004A0F401E3880AE48FF2200210A30EDF7E2
:1069F0000CFBB7F9001040F2EA2058E537F84A0FCF
:106A0000401CEFE7EF2917D06F2915D0F72901D0E7
:106A1000772984D137F84C0F401E3880A048FF22D8
:106A200000210C30EDF7F1FAB7F900104FF43B708C
:106A30003DE520E098E00FE137F84C0F401CECE713
:106A4000EF2914D06F2912D0F72901D07729AAD1C4
:106A500037F84E0F401E38809148FF2200210E303B
:106A6000EDF7D3FAB7F9001040F2EE201FE537F842
:106A70004E0F401CEFE77E293FF4F8AC94F902007A
:106A800030B101281FD0022838D0032851D0CEE4DD
:106A9000EF2914D06F2912D0F72901D077299DD181
:106AA00037F8500F401E38807D48FF2200211030FB
:106AB000EDF7ABFAB7F900104FF43C70F7E437F894
:106AC000500F401CEFE7EF2914D06F2912D0F7299F
:106AD00001D077299DD137F8520F401E3880704879
:106AE000FF2200211230EDF790FAB7F9001040F2C2
:106AF000F220DCE437F8520F401CEFE7EF2914D006
:106B00006F2912D0F72901D07729A0D137F8540F77
:106B1000401E38806248FF2200211430EDF775FADC
:106B2000B7F900104FF43D70C1E437F8540F401C22
:106B3000EFE7EF2914D06F2912D0F72901D0772978
:106B400085D137F8560F401E38805548FF22002166
:106B50001630EDF75AFAB7F9001040F2F620A6E425
:106B600037F8560F401CEFE77E2985D094F90200D4
:106B700030B101281FD0022838D0032851D056E464
:106B8000EF2914D06F2912D0F72901D0772986D1A7
:106B900037F8580F401E38804148FF220021183036
:106BA000EDF733FAB7F900104FF43E707FE437F891
:106BB000580F401CEFE7EF2914D06F2912D0F729A6
:106BC00001D0772986D137F85A0F401E38803448D3
:106BD000FF2200211A30EDF718FAB7F9001040F241
:106BE000FA2064E437F85A0F401CEFE7EF2914D07D
:106BF0006F2912D0F72901D0772986D137F85C0F99
:106C0000401E38802648FF2200211C30EDF7FDF998
:106C1000B7F900104FF43F7049E437F85C0F401C9F
:106C2000EFE7EF2914D06F2912D0F72901D0772987
:106C300086D137F85E0F401E38801948FF220021A8
:106C40001E30EDF7E2F9B7F9001040F2FE202EE415
:106C500037F85E0F401CEFE77E2986D094F90200DA
:106C600030B1012823D002283BD0032854D005E4BA
:106C7000EF2918D06F2916D0F72901D0772986D1AE
:106C800037F8600F401E38800548FF220021203071
:106C9000EDF7BBF9B7F900104FF4407007E456E088
:106CA000E0C00720D8E237F8600F401CEBE7EF297F
:106CB00013D06F2911D0F72901D077299DD137F84A
:106CC000620F401E3880FF220021FA48EDF79DF93F
:106CD000B7F9001040F2023005E437F8620F401CAB
:106CE000F0E7EF2914D06F2912D0F72901D07729C6
:106CF0009ED137F8640F401E3880EE48FF220021F5
:106D0000801CEDF782F9B7F900104FF441701CE4D4
:106D100037F8640F401CEFE7EF2914D06F2912D029
:106D2000F72901D07729AAD137F8660F401E38809D
:106D3000E048FF220021001DEDF767F9B7F90010C8
:106D400040F2063026E437F8660F401CEFE7834236
:106D50008DD1FE293DF478A906E400BF4FF47A7086
:106D6000E9F7A3FA99F828004C46FB280BD0FD2838
:106D70000ED07B2814D0FE2816D0CE499231497807
:106D8000022934D061E4CB4892304178491C03E0B9
:106D9000C84892304178491E417099F8251095E015
:106DA00099F82500FFF768BAC24894F82510923088
:106DB00090F901008842CDD010B1012809D044E4F7
:106DC00099F82100012802D00121A020C8E4002167
:106DD000FBE794F821000128BED199F82200012890
:106DE00003D00121A220BBE40DE00021FAE794F8D2
:106DF00022100129B0D1EF2808D06F2806D0F7283B
:106E000007D0772805D084F82D601EE4E88A401C5E
:106E100001E0E88A401EADF8000018220121684612
:106E2000EDF7E8F8BDF90010A420FFF707B800BFA0
:106E30004FF47A70E9F739FA99F82800FD2804D060
:106E4000FB2807D0FE280CD026E59A4892304178DE
:106E5000491E03E0974892304178491C4170FFF782
:106E60006FB89448923090F9010038B101280AD0E7
:106E700002280DD003283DF403AB0DE500231A468C
:106E8000194676203BE000231A461946772036E063
:106E900000231A461946782031E000BF4FF47A707B
:106EA000E9F703FA99F82800FD2804D0FB2807D059
:106EB000FE280ED0F0E47F4892304178491E03E06E
:106EC0007C4892304178491C417069894AB2FFF789
:106ED000F8B87848B5F90A10923090F90100884264
:106EE000C9D030B1012806D002280CD003280CD01C
:106EF000D2E4002300E00123002211467520EAF7C6
:106F000016FAFDF7BFBA0223F6E70323F4E700BF42
:106F10004FF47A70E9F7C9F999F82800FB2819D0DD
:106F2000FD281CD07B2826D0624C6FF031059234AE
:106F300094F90110012920D002295CD0032976D0D0
:106F4000042975D0052974D0062973D007293FF488
:106F5000C0A8A1E4574892304178491C06E0554842
:106F6000923090F90110012903D0491E4170072287
:106F70003CE10471FBE7072014E74E4FC846A237F7
:106F8000FE2808D0EF2817D06F2815D0F72819D081
:106F9000772817D01DE0474994F902009C3131F859
:106FA0001020454931F910001AB1002106F05EFAAF
:106FB0000FE04FF0FF31F9E794F9020037F81010B5
:106FC000491C04E094F9020037F81010491E27F814
:106FD000101094F90200642207EB40002946EDF7F7
:106FE00009F800E0FBE394F90200344D3EE000BFF5
:106FF00088F82D6050E42F4FC846AE37FE2808D0E1
:10700000EF281BD06F2819D0F7281DD077281BD068
:1070100021E0284994F90200A83131F810202849CC
:1070200031F910003AB1002106F020FA13E02CE00B
:1070300035E04DE055E04FF0FF31F5E794F90200FF
:1070400037F81010491C04E094F9020037F81010CA
:10705000491E27F8101094F90200642207EB400043
:107060002946ECF7C7FF94F90200164D35F81000D9
:1070700006F052FA94F9022037F912108842B7D07C
:1070800035F9120006F0F2F9B2E7FE28B2D109494B
:1070900094F90200B43131F810200B49B7E0FE2812
:1070A000A8D1044994F90200BA3131F810200749F7
:1070B000ADE0000002C10720885402008E54020097
:1070C000945402009A540200A0540200A6540200F4
:1070D000FE288FD194F90200F84931F81020F849C0
:1070E00095E0FE2886D1F54994F90200891D31F812
:1070F0001020F4498BE000BF31F91000D1E000BF4F
:1071000031F91000CBE000BF4FF47A70E9F7CDF809
:1071100099F82800FB280ED0FD2817D07B283FF4D3
:107120002AAFE6492E3991F90120012A63D0032ABA
:107130003EF4CFAF2FE4E1482E384178491C49B2E4
:107140004170022911D180F801800EE0DB482E3811
:1071500090F90110012905D0491E49B24170022958
:1071600002D002E0047100E0467003223EE000BF5E
:1071700091F90200D149363131F810100029D24975
:10718000BED1B9E74FF47A70E9F78FF899F8280083
:10719000FB2810D0FD2819D07B282AD0C7492E39CA
:1071A00091F90120012A26D0032A27D0042A31D0C0
:1071B000052ABDD06BE4C1482E384178491C49B23C
:1071C0004170022911D180F801800EE0BB482E38B1
:1071D00090F90110012905D0491E49B241700229D8
:1071E00003D101E0047100E0467005220121FEF7A1
:1071F00051BB0520D6E5FE28BAD048E4FE2899D137
:1072000091F90200AD49463131F81020AF49002A0A
:10721000B6D171E7FE288DD191F90200A7494E3110
:1072200031F810100029AA49AAD165E74FF47A7005
:10723000E9F73BF899F82800FB28BCD0FD28C5D019
:107240007B280AD09D492E3991F90110012906D0D9
:1072500003290DD0042919D074E00721F4E3FE2896
:10726000A8D1964836300088002897480BD007E010
:10727000FE289FD191483E3000880028954802D0D2
:10728000B0F900000BE0B0F900000AE0FE2891D14F
:107290008A484E30008800288D48F4D0F0E700215D
:1072A00094E54FF0FF3191E54FF47A70E8F7FDFF78
:1072B00099F82800FB28C0D0FD2887D07B283FF410
:1072C0005AAE7E492E3991F90110012904D00329C3
:1072D0000BD0042917D035E0FE288ED17748363000
:1072E0004088002878480BD007E0FE2885D17348F5
:1072F0003E3040880028774802D0B0F90200CEE73F
:10730000B0F90200CDE7FE2885D16C484E304088A8
:1073100000286F48F4D0F0E74FF47A70E8F7C5FF23
:1073200099F82800FB2888D0FD2888D07B28C6D073
:1073300062492E3991F90110012907D003290ED095
:1073400004291AD005293EF4C4AE18E4FE28FCD165
:107350005A483630808800285B480BD007E0FE286A
:10736000F3D156483E30808800285A4802D0B0F900
:10737000040094E7B0F9040093E7FE28E5D14F48F4
:107380004E30808800285248F4D0F0E74FF47A74E9
:107390002046E8F78AFF99F82800FB2807D0FD2847
:1073A0000AD07B283EF478AAFE280CD018E0434887
:1073B0002E384178491C03E040482E384178491E58
:1073C0004170022283E53D492E3991F90120002ABE
:1073D000BBDB012A04DC00224B7811468420F8E351
:1073E00036492E394978022967D040E44FF47A7043
:1073F000E8F75BFF314C99F82800683CFB2815D072
:10740000FD282AD07B283ED004F13A0191F90120D1
:1074100082B3012A67D0022A73D0032A72D0042AC9
:1074200071D0062A70D0082A6FD0F8E023482E3891
:107430004178491C49B24170052904D0042907D07C
:10744000072908D019E0062141700521017114E0D7
:1074500080F8048011E008210EE018482E384178A9
:10746000491E49B24170072902D0052903D004E022
:10747000062101E00CE00421417008220021401C9B
:10748000ECF7ADFDCBE00D490B202E394870C6E07E
:10749000FE2804D0EF2809D0F7281DD0BFE091F9CD
:1074A000020034F8101081F00101A5E091F902000A
:1074B00034F8101041F001019EE052E1C2C10720F2
:1074C000AC540200B2540200B8540200C854020086
:1074D000D0540200C054020091F9020034F8101098
:1074E00021F0010188E0FE2804D0EF280ED0F72813
:1074F00013D094E091F9020034F8101081F00201E9
:107500007AE011E02CE047E062E07FE091F90200D0
:1075100034F8101041F002016EE091F9020034F8E5
:10752000101021F0020167E0FE2804D0EF2809D0F6
:10753000F7280ED073E091F9020034F8101081F0B2
:10754000040159E091F9020034F8101041F00401EF
:1075500052E091F9020034F8101021F004014BE0E0
:10756000FE2804D0EF2809D0F7280ED057E091F973
:10757000020034F8101081F008013DE091F902009A
:1075800034F8101041F0080136E091F9020034F8A7
:10759000101021F008012FE0FE2804D0EF2809D0B8
:1075A000F7280ED03BE091F9020034F8101081F07A
:1075B000100121E091F9020034F8101041F010019F
:1075C0001AE091F9020034F8101021F0100113E0D4
:1075D000FE2804D0EF2809D0F72810D01FE091F939
:1075E000020034F8101081F4004105E091F9020026
:1075F00034F8101041F4004124F810100FE091F914
:10760000020034F8101021F40041F5E7FE2806D1FD
:1076100000210846E9F778FE0020E8F746FEF94D1C
:10762000F94E95F9020036F8100005F075FF95F94E
:10763000022034F91210884277D036F912002FE672
:107640004FF47A70E8F731FE99F828004C46FB2891
:1076500014D0FD2816D07B281AD0EA4991F90110E0
:10766000C1B1012937D0022956D003297AD0042983
:1076700075D0052974D0062973D01BE4E148417800
:10768000491C02E0DF484178491E417006221EE491
:10769000062071E4EF2806D06F2804D0F72806D022
:1076A000772804D006E434F8780F401C02E034F860
:1076B000780F401E2080D3484FF496721421FC3876
:1076C000ECF798FCB4F900104FF48E7005F0CEFE84
:1076D00004F84B6C0CE4EF2806D06F2804D0F72890
:1076E00006D0772804D034E434F87A0F401C02E046
:1076F00034F87A0F401E2080C2484FF4967214214D
:10770000FA38ECF777FCB4F900104FF48F7005F0FD
:10771000ADFE04F84D6C1CE4EF2807D06F2805D0AF
:10772000F72807D0772805D013E468E234F87C0FF7
:10773000401C02E034F87C0F401E2080B1484FF41A
:1077400096721421F838ECF755FCB4F900104FF498
:10775000907005F08BFE04F84F6C4BE402E022E0E1
:107760003EE0F5E3EF2806D06F2804D0F72806D0D6
:10777000772804D03EE434F87E0F401C02E034F851
:107780007E0F401E20809F484FF496721421F638D9
:10779000ECF730FCB4F900104FF4917005F066FE80
:1077A00004F8516C26E4EF2806D06F2804D0F7289F
:1077B00005D0772803D01DE42888401C01E02888E4
:1077C000401E28808F484FF496721421F438ECF74D
:1077D00011FCB5F900104FF49270FEF72FBBE2E1F7
:1077E000EF2806D06F2804D0F72805D0772803D0DB
:1077F000A0E46888401C01E06888401E68808148D9
:107800004FF496721421F238ECF7F4FBB5F902103C
:107810004FF49370E1E700BF4FF47A7A5046E8F7EF
:1078200044FD99F82800FB2809D0FD2811D0C8464E
:107830007B2817D0B5F91020E2B101211BE0714877
:107840004178491C08E0EA8802B101220A44D21CAE
:10785000B8E56C484178491E4170298A0029F2D068
:107860000121F0E7288A00B10120E98801B1012156
:1078700008444FE30021B5F906300BB1012700E0C1
:1078800000270F445F49FF1C91F901108F422ED150
:1078900028214E46EF2806D06F2804D0F7281CD0A8
:1078A00077281AD00AE0B5F978000A2803D01E28F4
:1078B0001AD00A2000E01E20A5F87800514828229E
:1078C0000A217C38ECF796FBB5F978104FF48870F4
:1078D00005F0CCFD86F82D4091E1B5F978000A2835
:1078E00002D02828E5D1E6E7A5F87810E6E70AB146
:1078F000012400E000240BB1012700E000273C44F4
:107900008C4225D1422005F007FE00B2ADF81000F0
:1079100098F82820EF2A06D06F2A06D0F72A06D03A
:10792000772A06D008E0401C04E00A3002E0401E3E
:1079300000E00A38ADF8100088F82D604FF4487266
:10794000962104A8ECF756FBBDF910104220A7E4DD
:107950000AB1012400E000240BB1012700E0002758
:107960003C44641C8C421ED1A62005F0D5FD00B21B
:10797000ADF8100098F828104446EF2906D06F297A
:1079800006D0F72906D0772906D008E0401C04E08D
:10799000801C02E0401E00E0801EADF8100040F6A2
:1079A000B8325146F7E3FE2896D129B923B1002217
:1079B0000123114656201FE00BB1012000E00020FA
:1079C000814204D1012A02D1688A012802D033B150
:1079D000012005E000231A46194657200CE000203C
:1079E00081427CF44DAD012AFBD1688A0328F8D18D
:1079F00000231A4619465820E9F799FC5046FCF72F
:107A0000FABF000094C10720D85402004FF47A70E6
:107A1000E8F74BFC99F828004D46FB2808D0FD28D4
:107A20000AD07B2871D0FB4991F9011069B132E08D
:107A3000F8484178491C02E0F6484178491E4170F7
:107A400001220021401CF5E3F5E3202005F064FD50
:107A500000B2ADF8100095F82810EF2906D06F2974
:107A600006D0F72906D0772906D008E0401C04E0AC
:107A70000A3002E0401E00E00A38ADF8100085F838
:107A80002D604FF448720A2104A8ECF7B3FABDF94F
:107A90001010202004E4012973D0B0E00121FCF78C
:107AA000A6BF00BF4FF47A70E8F7FFFB99F82800F3
:107AB0004D46FB280ED0FD2810D07B2873D0D54929
:107AC00091F9011081B1012935D002295AD0032939
:107AD00057D094E0CF484178491C02E0CD48417826
:107AE000491E41700322ACE73C2005F015FD00B2B1
:107AF000ADF8100095F82810EF2907D06F2907D0AE
:107B0000F72907D0772907D009E0F7E3401C04E004
:107B10000A3002E0401E00E00A38ADF8100085F897
:107B20002D604FF44872962104A8ECF763FABDF972
:107B300010103C2083E53E2005F0EEFC00B2ADF8CD
:107B4000100095F82810EF2906D06F2906D0F729E4
:107B500006D0772906D008E0401C04E00A3002E095
:107B6000401E00E00A38ADF8100085F82D604FF493
:107B70004872962104A8ECF73DFABDF910103E209A
:107B80005DE5C4E2402005F0C7FC00B2ADF810008E
:107B900095F82810EF2907D06F2907D0F72907D0CB
:107BA000772907D009E035E0401C04E00A3002E004
:107BB000401E00E00A38ADF8100085F82D604FF443
:107BC0004872962104A8ECF715FABDF91010402070
:107BD00035E5AEE14FF47A70E8F767FB99F82810C5
:107BE0004D46FB290CD0FD290ED07B2912D08948A7
:107BF00090F9010090B1012836D0022879D0A6E191
:107C000084484178491C02E082484178491E41700D
:107C1000022216E77F4880F8018098E1262005F0CF
:107C20007BFC00B2ADF8100095F82810EF2906D0C3
:107C30006F2906D0F72906D0772906D008E0401C26
:107C400004E00A3002E0401E00E00A38ADF81000FF
:107C500085F82D6040F22622C82104A8ECF7CAF965
:107C6000BDF910102620EAE4282005F055FC00B2EA
:107C7000ADF8100095F82810EF2906D06F2906D02E
:107C8000F72906D0772906D008E0401C04E00A3026
:107C900002E0401E00E00A38ADF8100085F82D60C3
:107CA00040F22622C82104A8ECF7A4F9BDF910106F
:107CB0002820C4E44FF47A70E8F7F7FA99F828100E
:107CC0004D46FB2916D0FD2918D07B293FF4E0ACA6
:107CD000504890F90100B8B101283BD002285FD08C
:107CE000032870D004286FD005286ED0062800D055
:107CF0002DE1F8E347484178491C02E045484178C6
:107D0000491E417006229CE6302005F005FC00B2B9
:107D1000ADF8100095F82810EF2906D06F2906D08D
:107D2000F72906D0772906D008E0401C04E00A3085
:107D300002E0401E00E00A38ADF8100085F82D6022
:107D400040F22622C82104A8ECF754F9BDF910101E
:107D5000302074E4322005F0DFFB00B2ADF81000F3
:107D600095F82810EF2906D06F2906D0F72906D0FC
:107D7000772906D008E0401C04E00A3002E0401EEB
:107D800000E00A38ADF8100085F82D6040F2262298
:107D9000C82104A8ECF72EF9BDF9101032204EE4EA
:107DA000342005F0B9FB00B2ADF8100095F82810AA
:107DB000EF2906D06F2909D0F72909D0772909D0F2
:107DC0000BE0401C07E014E03BE060E00A3002E01A
:107DD000401E00E00A38ADF8100085F82D6040F232
:107DE0002622C82104A8ECF705F9BDF910103420AB
:107DF00025E4362005F090FB00B2ADF8100095F8B0
:107E00002810EF2908D06F2908D0F72908D0772942
:107E100008D00AE094C10720401C04E00A3002E0C8
:107E2000401E00E00A38ADF8100085F82D6040F2E1
:107E30002622C82104A8ECF7DDF8BDF91010362081
:107E400085E5382005F068FB00B2ADF8100095F824
:107E50002810EF2906D06F2906D0F72906D07729F8
:107E600006D008E0401C04E00A3002E0401E00E0BA
:107E70000A38ADF8100085F82D6040F22622C8219E
:107E800004A8ECF7B7F8BDF9101038205FE53A20E8
:107E900005F042FB00B2ADF8100095F82810EF296C
:107EA00006D06F2906D0F72906D0772906D008E03A
:107EB000401C04E00A3002E0401E00E00A38ADF841
:107EC000100085F82D6040F22622C82104A8ECF7A6
:107ED00091F8BDF910103A2039E500BF4FF47A74DB
:107EE0002046E8F7E2F999F82810FB2906D0FD2989
:107EF00008D07B290DD0FE290FD01EE0FE48417826
:107F0000491C02E0FC484178491E4170298AFEF76D
:107F1000DDBF288A401CFEF7AFB9B5F9100060B18B
:107F2000F54A92F90130834207DA5378002211466C
:107F30005720E9F7FCF9204661E5EF48B5F9102034
:107F400090F90100904202D1FE293CF499AA7AE20C
:107F5000CAE000BF4FF47A773846E8F7A6F999F8F7
:107F600028004E46FB2806D0FD2808D07B2820D0CC
:107F7000FE2820D039E0E04F7878401C02E0DE4F48
:107F80007878401E7870E888002142B2781CECF7BF
:107F900026F886F82440009401940294039497F9FB
:107FA00001007178084463231622014608F0B3F9F2
:107FB00049E2E888AEE7B5F90610B1B1CE4A92F9C8
:107FC00001308B4211DA5378002211465520E9F72F
:107FD000AEF904210094019402946323162208460A
:107FE000039408F098F9384609E5C349B5F9062025
:107FF00091F90110914277D025E200BF4FF47A70D9
:10800000E8F753F999F828004D46FB2816D0FD28CB
:1080100048D07B2869D0B84991F9012082B3032A5E
:108020006FD0062A6ED0092A6DD00C2A6CD00F2A88
:108030006BD0122A6AD0152A69D004E2AE48417882
:10804000491C49B2417001291BD0022919D00429C9
:108050001AD0052918D0072918D0082916D00A29BE
:1080600016D00B2914D00D2914D00E2912D01029A6
:1080700012D0112910D0132910D014290ED00FE0DE
:108080004EE080F801800BE0062108E0092106E0BF
:108090000C2104E00F2102E0122100E015214170C3
:1080A0001522CEE4944B5878401E40B258700128F7
:1080B0001CD002281AD004281AD0052818D0072866
:1080C00019D0082817D00A2817D00B2815D00D284A
:1080D00015D00E2813D010281AD0112818D0132824
:1080E00018D0142816D017E0FEE317E05C7013E0F8
:1080F00083F8018010E006200DE009200BE00C2041
:1081000009E049E084E0B5E0E4E016E145E10EE293
:108110000F2000E0122058701522BFE10920FAE676
:10812000E72812D0EF2819D06F2821D0F72828D0BF
:1081300077287EF4C0A90520CDE9000402940394B9
:1081400091F9020069780844EAE1CDE900640294FB
:10815000039491F9020069780844F4E10220CDE922
:1081600000040294039491F9020069780844F8E14C
:10817000CDE900840294039491F9020069780844DF
:10818000FCE10420CDE900040294039491F902007B
:108190006978084400E2F0E3FE2811D0EF2819D0F6
:1081A0006F2821D0F72829D07728C2D12520CDE902
:1081B00000040294039491F902006978084403E2F0
:1081C0002120CDE900040294039491F9020069781A
:1081D000084407E22220CDE900040294039491F9B7
:1081E00002006978084413E22320CDE900040294D8
:1081F000039491F902006978084417E22420CDE93C
:1082000000040294039491F90200697808441BE287
:10821000EF2811D06F2819D0F72821D0772888D1DE
:108220003520CDE900040294039491F902006978A5
:1082300008441FE234E1FEE33220CDE90004029459
:10824000039491F902006978084421E23320CDE9D2
:1082500000040294039491F902006978084425E22D
:108260003420CDE900040294039491F90200697866
:10827000084429E2EF280FD06F2817D0F7281FD025
:10828000772892D14520CDE900040294039491F916
:108290000200697808442DE24220CDE900040294EE
:1082A000039491F902006978084431E24320CDE952
:1082B00000040294039491F902006978084435E2BD
:1082C0004420CDE900040294039491F902006978F6
:1082D000084439E2EF2812D06F281AD0F72822D0AC
:1082E00077289CD15520CDE900040294039491F99C
:1082F0000200697808443DE294C10720F2E352206D
:10830000CDE900040294039491F9020069780844CD
:108310003EE25320CDE900040294039491F9020057
:108320006978084442E25420CDE9000402940394A1
:1083300091F902006978084446E2EF280FD06F28CF
:1083400017D0F7281FD077289BD16520CDE90004EE
:108350000294039491F90200697808444AE2622089
:10836000CDE900040294039491F90200697808446D
:108370004EE26320CDE900040294039491F90200D7
:108380006978084456E26420CDE90004029403941D
:1083900091F90200697808445AE2EF2812D06F2858
:1083A0001BD0F72824D077289BD17520CDE9000475
:1083B0000294039491F90200697875230844EE222F
:1083C0000146D8E37220CDE900040294039491F9A8
:1083D0000200697872230844F1E77320CDE90004B4
:1083E0000294039491F90200697873230844E6E744
:1083F0007420CDE900040294039491F90200697895
:1084000074230844DBE700BF4FF47A70E7F74DFFB1
:1084100099F828004D46FB2816D0FD2845D07B282A
:108420003FF47CAEFB4AFC4992F9013083B3032B45
:1084300078D0062B77D0092B76D00C2B75D00F2B4C
:1084400074D0122B73D03DE2F24B5878401C40B2EE
:10845000587001284AD0022848D0042812D0052894
:1084600010D0072810D008280ED00A280ED00B28CC
:108470000CD00D280DD00E280BD010280BD01128B1
:1084800009D00AE0062007E0092005E00C2003E0FF
:108490002FE00F2000E01220587012220021581CFB
:1084A000EBF79DFD85F824400CE2DA4B5878401E2E
:1084B00040B25870012817D0022815D0042815D0D2
:1084C000052813D00728DDD00828DBD00A28DBD008
:1084D0000B28D9D00D28D9D00E28D7D01028D8D025
:1084E0001128DAD1D5E7EFE35C70D6E783F8018095
:1084F000D3E7E7281CD0EF2827D06F2833D0F72800
:108500003ED077287DF4D7AF0520CDE90004029452
:10851000039492F90200C0EBC00001EB8000C07D23
:1085200005234CE73AE091E0D0E00FE14EE139E27B
:10853000CDE900640294039492F90200C0EBC000FC
:1085400001EB8000C07D012339E70220CDE9000462
:108550000294039492F90200C0EBC00001EB80008A
:10856000C07D02232BE7CDE900840294039492F9A5
:108570000200C0EBC00001EB8000C07D03231EE7BA
:108580000420CDE900040294039492F90200C0EBA8
:10859000C00001EB8000C07D042310E7FE2815D049
:1085A000EF2829D06F2835D0F72841D07728A9D1D6
:1085B0002520CDE900040294039492F90200C0EB57
:1085C000C00001EB8000C07D2523F8E62120CDE925
:1085D00000040294039492F90200C0EBC00001EB86
:1085E0008000C07D2123EE224FEA000107F093FEB8
:1085F00085F82460FDF75FBF2220CDE900040294D6
:10860000039492F90200C0EBC00001EB8000C07D32
:108610002223D4E62320CDE900040294039492F9A6
:108620000200C0EBC00001EB8000C07D2323C6E642
:108630002420CDE900040294039492F90200C0EBD7
:10864000C00001EB8000C07D2423B8E6EF2813D0E2
:108650006F281FD0F7282BD07728CBD13520CDE934
:1086600000040294039492F90200C0EBC00001EBF5
:108670008000C07D3523A2E63220CDE900040294BB
:10868000039492F90200C0EBC00001EB8000C07DB2
:10869000322394E63320CDE900040294039492F946
:1086A0000200C0EBC00001EB8000C07D332386E6F2
:1086B0003420CDE900040294039492F90200C0EB47
:1086C000C00001EB8000C07D342378E6EF2813D092
:1086D0006F281FD0F7282BD077288BD14520CDE9E4
:1086E00000040294039492F90200C0EBC00001EB75
:1086F0008000C07D452362E64220CDE9000402945B
:10870000039492F90200C0EBC00001EB8000C07D31
:10871000422354E64320CDE900040294039492F9E5
:108720000200C0EBC00001EB8000C07D432346E6A1
:108730004420CDE900040294039492F90200C0EBB6
:10874000C00001EB8000C07D442338E6EF2813D041
:108750006F281FD0F7282BD07728BED15520CDE920
:1087600000040294039492F90200C0EBC00001EBF4
:108770008000C07D552322E65220CDE900040294FA
:10878000039492F90200C0EBC00001EB8000C07DB1
:10879000522314E65320CDE900040294039492F985
:1087A0000200C0EBC00001EB8000C07D532306E651
:1087B0005420CDE900040294039492F90200C0EB26
:1087C000C00001EB8000C07D5423F8E5EF2813D0F2
:1087D0006F2823D0F7282FD07728BED16520CDE988
:1087E00000040294039492F90200C0EBC00001EB74
:1087F0008000C07D6523E2E56220CDE9000402949B
:10880000039492F90200C0EBC00001EB8000C07D30
:108810006223D4E594C10720A85B00106320CDE952
:1088200000040294039492F90200C0EBC00001EB33
:108830008000C07D6323C2E56420CDE9000402947A
:10884000039492F90200C0EBC00001EB8000C07DF0
:108850006423B4E54FF47A70E7F727FD99F8280010
:108860002A212D2227274D46FB282CD0FD287BD0FE
:108870007B287AD0FB4991F90110B1B3032975D057
:10888000062974D0092973D00C2972D00F2971D010
:10889000122970D015296FD018296FD01B296ED0DE
:1088A0001E296DD021296CD024296BD027296AD0AC
:1088B0002A2969D02D2968D0302967D0332970D072
:1088C00036296FD0DDE3E74843785B1C5BB2437029
:1088D000012B68D0022B66D0042B58D0052B56D024
:1088E000072B56D0082B01E0FCE3D3E051D00A2B34
:1088F00051D00B2B4FD00D2B4FD00E2B4DD0102B1A
:108900004DD0112B4BD0132B4ED0142B4CD0162BFB
:108910004CD0172B4AD0192B4AD01A2B48D01C2BDD
:1089200048D01D2B46D01F2B46D0202B44D0222BC5
:1089300044D0232B42D0252B7ED0262B7CD0282B35
:1089400026D0292B24D02B2B77D02C2B75D02E2B57
:1089500036D02F2B34D0312B34D0322B32D0342B95
:1089600032D0352B30D031E033E08FE0C2E0EFE0A1
:108970001EE14DE17FE1AFE1D2E1D2E3F4E117E2A4
:108980003AE25DE280E2A3E2C6E2E9E20CE306211C
:108990007AE0092178E00C2176E00F2174E01221C1
:1089A00072E025E381E368E015216DE018216BE0BA
:1089B0001B2169E01E2167E0212165E0242163E09D
:1089C000302161E033215FE036215DE03622FFF7A0
:1089D00038B8A44843785B1E5BB24370012B4AD081
:1089E000022B48D0042B48D0052B46D0072BCED0E5
:1089F000082BCCD00A2BCCD00B2BCAD00D2BCAD035
:108A00000E2BC8D0102BC8D0112BC6D0132BC6D01C
:108A1000142BC4D0162BC7D0172BC5D0192BC5D0FB
:108A20001A2BC3D01C2BC3D01D2BC1D01F2BC1D0E0
:108A3000202BBFD002E02AE022E023E0222BBBD093
:108A4000232BB9D0252BB9D0262BB7D0282B17D064
:108A5000292B15D02B2B17D02C2B15D02E2B11D02A
:108A60002F2B0FD0312BABD0322BA9D0342BA9D048
:108A7000352BABD1A6E74470A8E780F80180A5E7C5
:108A80004770A3E74270A1E741709FE7372175481F
:108A90004170F6E2E72812D0EF2816D06F281BD0DD
:108AA000F72820D077287FF4A5AD0520CDE9000474
:108AB000029403460394EE223D2108465BE0CDE993
:108AC0000064029401230394F5E70220CDE9000439
:108AD000029403460394EEE7CDE900840294032355
:108AE0000394E8E7CBE20420CDE9000402940346B6
:108AF0000394E0E7E72811D0EF2815D06F281AD0AB
:108B0000F7281ED07728CED10520CDE900040294A5
:108B100003460394EE223E2108462CE0CDE9006492
:108B2000029401230394F5E70220CDE900040294A6
:108B300003460394EEE7CDE90084029403230394F3
:108B4000E8E70420CDE90004029403460394E1E73A
:108B5000E72813D0EF2817D06F281CD0F72820D093
:108B60007728A0D10520CDE90004029403460394A0
:108B70003F21EE22084607F0CEFB3BE5CDE900643D
:108B8000029401230394F3E70220CDE90004029448
:108B900003460394ECE7CDE9008402940323039495
:108BA000E6E70420CDE90004029403460394DFE7DE
:108BB000FE280ED0EF2816D06F281BD0F72820D023
:108BC0007728DAD12520CDE90004029403460394E6
:108BD00071E72120CDE90004EE2203463D210294F5
:108BE0000846039402E52220CDE9000402940346DE
:108BF000039460E72320CDE9000402940346039424
:108C000059E72420CDE9000402940346039452E777
:108C1000FE280ED0EF2816D06F281BD0F72823D0BF
:108C20007728AAD12520CDE90004029403460394B5
:108C300070E72120CDE90004EE2203463E21029494
:108C400008460394D2E42220CDE9000402940346AE
:108C500003945FE72320CDE90004029403460394C4
:108C600058E7000094C107202420CDE900040294B5
:108C7000034603944EE7FE280ED0EF2816D06F2847
:108C80001BD0F72821D077289BD12520CDE90004DF
:108C90000294034603946BE72120CDE90004EE2201
:108CA00003463F210294084603949FE42220CDE925
:108CB00000040294034603945AE72320CDE90004FC
:108CC00002940346039453E77DE22420CDE9000497
:108CD0000294034603944BE7EF280CD06F2811D081
:108CE000F72816D077289CD13520CDE900040294CE
:108CF00003460394DFE63220CDE9000402940346E4
:108D00000394D8E63320CDE900040294034603948B
:108D1000D1E63420CDE90004029403460394CAE668
:108D2000EF280CD06F2811D0F72816D07728ABD1B8
:108D30003520CDE90004029403460394EAE632208C
:108D4000CDE90004029403460394E3E63320CDE921
:108D50000004029403460394DCE63420CDE90004C9
:108D6000029403460394D5E6EF280CD06F2811D067
:108D7000F72816D0772887D13520CDE90004029452
:108D800003460394F4E63220CDE90004029403463E
:108D90000394EDE63320CDE90004029403460394E6
:108DA000E6E63420CDE90004029403460394DFE6AE
:108DB000EF280CD06F2811D0F72816D0772892D141
:108DC0004520CDE9000402940346039473E6422053
:108DD000CDE900040294034603946CE64320CDE9F8
:108DE000000402940346039465E64420CDE90004A0
:108DF0000294034603945EE6EF280CD06F2811D04E
:108E0000F72816D0772892D14520CDE900040294A6
:108E1000034603947EE64220CDE900040294034613
:108E2000039477E64320CDE90004029403460394BB
:108E300070E64420CDE9000402940346039469E6F9
:108E4000EF280CD06F2811D0F72816D0772892D1B0
:108E50004520CDE9000402940346039488E64220AD
:108E6000CDE9000402940346039481E64320CDE952
:108E700000040294034603947AE64420CDE90004FA
:108E800002940346039473E6EF280CD06F2811D0A8
:108E9000F72816D0772892D15520CDE90004029406
:108EA0000346039407E65220CDE9000402940346EA
:108EB000039400E65320CDE9000402940346039492
:108EC000F9E55420CDE90004029403460394F2E549
:108ED000EF280CD06F2811D0F72816D0772892D120
:108EE0005520CDE9000402940346039412E6522073
:108EF000CDE900040294034603940BE65320CDE928
:108F0000000402940346039404E65420CDE90004CF
:108F1000029403460394FDE5EF280CD06F2811D08E
:108F2000F72816D0772892D15520CDE90004029475
:108F3000034603941CE65220CDE900040294034644
:108F4000039415E65320CDE90004029403460394EC
:108F50000EE65420CDE9000402940346039407E68C
:108F6000EF280CD06F2811D0F72816D0772892D18F
:108F70006520CDE900040294034603949BE562203A
:108F8000CDE9000402940346039494E56320CDE9FF
:108F900000040294034603948DE56420CDE90004A7
:108FA00002940346039486E5EF280CD06F2811D075
:108FB000F72816D0772892D16520CDE900040294D5
:108FC00003460394A6E56220CDE90004029403461B
:108FD00003949FE56320CDE90004029403460394C3
:108FE00098E56420CDE9000402940346039491E5DA
:108FF000EF280CD06F2811D0F72816D0772892D1FF
:109000006520CDE90004029403460394B0E5622094
:10901000CDE90004029403460394A9E56320CDE959
:109020000004029403460394A2E56420CDE9000401
:109030000294034603949BE54FF47A70E7F735F901
:1090400099F828004D46FB2819D0FD283DF43CA88E
:10905000F94991F9011000297EF41DAD242004F096
:109060005BFA00B2ADF8100095F82810EF2909D08E
:109070006F2909D0F72909D0772909D00BE0EE48EC
:10908000467060E1401C04E0801C02E0401E00E0ED
:10909000801EADF8100041F28832642104A8EAF77E
:1090A000A9FFBDF910102420ACE1FE283EF4F6AC77
:1090B00049E100BF4FF47A70E7F7F7F899F8281004
:1090C0004C46FB293DF4C6AEFD293DF4BEAEDA4860
:1090D00090F9010038B101282BD002284ED0032886
:1090E00072D030E1F3E3A62004F016FA00B2ADF836
:1090F000100094F82810EF2906D06F2906D0F72920
:1091000006D0772906D008E0401C04E0801C02E06D
:10911000401E00E0801EADF8100040F6B83240F26C
:109120006C7104A8EAF766FFBDF91010A620FCF7E1
:1091300085BEA82004F0F0F900B2ADF8100094F854
:109140002810EF2906D06F2906D0F72906D07729F5
:1091500006D008E0401C04E0801C02E0401E00E055
:10916000801EADF8100040F6B83240F26C7104A8D1
:10917000EAF740FFBDF91010A820D8E7AA2004F0B4
:10918000CBF900B2ADF8100094F82810EF2906D002
:109190006F2906D0F72906D0772906D008E0401CB1
:1091A00004E0801C02E0401E00E0801EADF81000CC
:1091B00040F6B83240F26C7104A8EAF71BFFBDF923
:1091C0001010AA20B3E7FFE7FE293EF467ACEFE3F7
:1091D0004FF47A70E7F769F899F828004C46FB28B5
:1091E0000AD0FD28944810D090F90100B8B10128A8
:1091F0003AD002285DD084E08F4B00215878401C83
:109200005870288942B2581C06E04178491E00F87F
:10921000011F29894AB20021EAF7E1FE71E0A62088
:1092200004F07AF900B2ADF8100094F82810EF2994
:1092300006D06F2906D0F72906D0772906D008E096
:10924000401C04E0801C02E0401E00E0801EADF8DF
:10925000100040F6B83240F26C7104A8EAF7CAFE7A
:10926000BDF91010A62048E0A82004F055F900B27E
:10927000ADF8100094F82810EF2906D06F2906D019
:10928000F72906D0772906D008E0401C04E0801CAE
:1092900002E0401E00E0801EADF8100040F6B8323B
:1092A00040F26C7104A8EAF7A5FEBDF91010A820E1
:1092B00023E0AA2004F030F900B2ADF8100094F8D1
:1092C0002810EF2906D06F2906D0F72906D0772974
:1092D00006D008E0401C04E0801C02E0401E00E0D4
:1092E000801EADF8100040F6B83240F26C7104A850
:1092F000EAF780FEBDF91010AA2004F0B7F884F850
:109300002D604D48B5F9081090F9010088421AD136
:1093100094F82800C9E64D46FB2806D0FD2807D062
:109320007B280DD0F7280FD015E08EF801B001E0B2
:109330008EF801A0062200210EF10100FCF75DBFAE
:1093400006208EF8010033E300293AF47DAE0329AC
:10935000FBD00429F9D0774679B1012928D0DFF86C
:10936000DCA0F0464FF4806B03294FD004295FD076
:1093700005295ED006295DD01AE3FE2817D1002208
:10938000BB7811465920E7F7D2FF2B4897F9021016
:10939000DC38405C552808D04FF47A60009028A350
:1093A0002DA233A138A0E8F712F8ECF733FAFFE268
:1093B000214C243CEF2806D06F2808D0F7280AD08B
:1093C00077280CD010E034F81C00401C0AE034F878
:1093D0001C000A3006E034F81C00401E02E034F89D
:1093E0001C000A3824F81C0004EB4C004FF4FA620D
:1093F0000021EAF7FFFD97F90200294A34F910101D
:1094000032F9100004F032F8FDF755B8FE2874D197
:10941000002540F6026004F07FF807B24FF4606068
:1094200004F07AF800B200903F2F60DC00265CE088
:1094300066E0A2E0E0E0000094C107202360001095
:10944000202020202020E4E0EDEDFBE5212121205B
:109450002020202000000000202020EFF0E5E4F88C
:10946000E5F1F2E2F3FEF9E8E5202020000000003B
:1094700020202020F3EDE8F7F2EEE6E8F220E2F11A
:10948000E5202020000000002020C2E2E5E4E5ED18
:10949000E8E520E1E0F2E0F0E5E82020000000004F
:1094A000685402000BEB401005A904F00EF99DF87A
:1094B0001400422810D19DF8151098F9020081423D
:1094C0000AD19DF816004B2806D16D1C2DB20AEB6F
:1094D0000501009801F8010C4FF0FF32402100987F
:1094E000E7F725F9761C36B20090BE42DADB00229F
:1094F00098F802301146672037E03DE0048157E2DA
:10950000FE2839D1002540F6026004F005F807B2C4
:109510004FF4606004F000F800B280463F2F1FDC7B
:1095200000261BE00BEB481005A904F0CEF89DF8CF
:109530001400422809D19DF816005A2805D16D1C47
:109540002DB20AEB050101F8018C4FF0FF324021EA
:109550004046E7F7ECF8761C804636B2BE42E1DBC7
:10956000FA480022114683786920E7F7E0FEF748C1
:1095700074383F2D0581C1DC1AE2FE284AD100254E
:1095800040F6026003F0C8FF07B24FF4606003F0DA
:10959000C3FF00B280463F2F28DC0026DFF8ACA3D3
:1095A00022E000BF0BEB481005A904F08EF89DF8EF
:1095B000140042280FD19DF815109AF9020081423B
:1095C00009D19DF81600572805D16D1CE0482DB231
:1095D000284400F8018C4FF0FF3240214046E7F765
:1095E000A6F8761C804636B2BE42DBDBD7480022A6
:1095F000114683786B20B8E7FE280BD1D348DC38BE
:1096000010F80C0055283AF41FAD6FF0030100204C
:10961000E7F77AFECCE1FD2814D0FE2803D00BE05A
:10962000FB280CD0F7E7B942EDD0C1E1FB2806D00A
:10963000FD2807D0FE2808D0F728E4D0B8E18CF840
:1096400001B078E68CF801A075E6B942DBD001DC08
:109650008EF80440ACE1FE2818D1BE4D029806FAFF
:1096600001F1884328600AD111E0491C48B27870A2
:10967000202804DB00210846E7F746FE2C6097F916
:1096800001102A6806FA01F01042EED090E10021A4
:109690000846E7F739FE2C608AE100BFAB4B99F82A
:1096A0002320F43B1B8D5F1C5B1EBFB29BB27AB3C1
:1096B000FD280AD0FB2810D0DFF890C2B1B1624675
:1096C00001294BD0042965D06AE0A049BAF1030F03
:1096D00081F801A064D1022006E09C49BBF1030F90
:1096E00081F801B05CD10420487059E0F72804D01B
:1096F000EF2816D0FE2814D01FE0012A2BD0022A12
:1097000019D0032A05D0062A22D00C2A03D004E05F
:1097100048E0022002E0062000E00C2089F8230047
:109720000BE0012AF5D0022A12D0032AF3D0062A30
:10973000F3D00C2A0FD089F8236099F82310BA20AF
:1097400003F094FE99F8230018B3E7F79BFF27E096
:1097500089F82380F1E789F82340EEE7EF2806D067
:109760006F2804D0F72806D0772804D006E089F8BF
:109770002D602F8502E089F82D602B857348182213
:109780000121CC38EAF736FC288D01B2AC2003F079
:109790006DFE05E0FE2803D1212010708CF80160D9
:1097A00004224CE0FD2807D0FB2809D061B1012933
:1097B00022D002293CD041E0644880F801A03DE07D
:1097C000624880F801B039E0F72804D0EF2806D0CD
:1097D000FE2804D005E00C2089F8230001E089F878
:1097E000236099F82310BA2003F040FE99F8230073
:1097F00020B3E7F747FF21E0EF2806D06F2804D019
:10980000F72806D0772804D006E089F82D602F8548
:1098100002E089F82D602B854C4814220121CC38B8
:10982000EAF7E8FB288D01B2AC2003F01FFE05E04B
:10983000FE2803D100210846E7F766FD0222002139
:109840004248FCF727B800BF4FF47A70E6F72DFDC9
:1098500099F828004F46FB2811D0FD2812D095F921
:109860000110C1B140F6C412012925D0022949D006
:10987000032974D004292AD005296FD098E068788C
:10988000401C01E06878401E687099F825000021AE
:1098900042B2681C52E5F87F012808D0022809D09E
:1098A00087F81F6099F81F10E820FCF7BEBD022062
:1098B000F877F7E7FC77F5E7F97F41B1EF2807D0B4
:1098C0006F2809D0F7280BD077280DD011E06CE075
:1098D000B7F86600401C0AE0B7F86600801C06E096
:1098E000B7F86600401E02E0B7F86600801EA7F8D1
:1098F000660064211848EAF77DFBB7F96610EC2092
:10990000FBF79BBFEF2806D06F2808D0F7280AD0B6
:1099100077280CD010E0B7F86800401C0AE0B7F8D0
:109920006800801C06E0B7F86800401E02E0B7F847
:109930006800801EA7F8680007486421801CEAF7C9
:1099400059FBB7F96810EE20DAE708E094C1072068
:10995000236000107C00001086C0072022E0EF2862
:1099600006D06F2808D0F7280AD077280CD010E04E
:10997000B7F86400401C0AE0B7F86400801C06E0F9
:10998000B7F86400401E02E0B7F86400801EA7F834
:1099900064003C220A21FF48EAF72CFBB7F9641067
:1099A000F020ADE799F8201011B9FE283AF468AD1F
:1099B000002089F82F0007B0BDE8F08F4FF47A70CF
:1099C000E6F773FC99F82800EFE7F349C805416012
:1099D0000021016103210170AA2101725521017248
:1099E0007047AA21480701725521017270472DE97D
:1099F000F041E84C0126643CE8482675A17F39B166
:109A0000016A41F080610162416B81F080614163D4
:109A1000B4F84A10491C09B2A4F84A1002297DDBA7
:109A200004F112040025258766704069C0F3C06107
:109A30002175627DD748A4F1120400F19C00914287
:109A400002D0828A521C828284F82710D449D54BD6
:109A5000D54F0A78B3F900309A4207DA02F10102D1
:109A6000D2B20A709A4204DB3E7002E001DD0D7052
:109A70003D70B4F84C10491C09B2A4F84C101429DC
:109A800002DBA4F84C50A675B4F84010491C09B28A
:109A9000A4F840100A295BDBA4F840506675C18A1F
:109AA000491C09B2C182B1F5FA7F03DBC582818A04
:109AB00041828582B4F8420042F21077401C00B225
:109AC000A4F842000A280ADBA4F84250E67503F025
:109AD0007FFAB4F93A00B84201DA401C6087B4F862
:109AE0004400401C00B2A4F84400142807DBA4F88A
:109AF00044502676207F08B1257700E02677B4F819
:109B00004600401C00B2A4F84600322808DBA4F846
:109B100046506676607F10B1657701E018E06677A1
:109B2000B4F84800401C00B2A4F8480064280FDBD9
:109B3000A4F84850A676B4F93C00B84201DA401CBB
:109B4000A087B4F94E00002802D0401EA4F84E00B1
:109B5000BDE8F08170471CB594A1DFF85882D1E9C7
:109B60000001CDE9000140F2D240A8F8000092487F
:109B70000068884901F19C01088503F0F7F88548E1
:109B8000012464384FF4FA6184778C480068B0FB94
:109B9000F1F14FF0E020491E4161072101617F4E44
:109BA000306820F000603060306C40F0800030643D
:109BB000306C40F480703064306E40F0007030667D
:109BC000B06F40F00070B06703F0CBFA7C48401EE5
:109BD000FDD1212003F0D6FA0D2003F0D3FA112095
:109BE00003F0D0FA442003F0CDFA764947F6FF702F
:109BF00048808880C880088148818881C88108821F
:109C000048828882C882088348838883C8834884BE
:109C10008884C884088548858885C88508864886DC
:109C20008886C886088748878887C88766490880E5
:109C3000488003F0F1FF04F01CFA03F0D2FF6349FF
:109C40001120087262480025624B0570A14662A28D
:109C500067A11846E7F77FFBEAF77DFAE7F73CFFD5
:109C6000306840F400603060B06940F40060B0617A
:109C70008621642003F0FAFB4FF41651002005F012
:109C800093FF03F082FC02F07DFA51480622183857
:109C900001788DF8051041788DF8041080788DF8E2
:109CA00003006946584809F05BFC40F2DA3003F0E3
:109CB00033FC564C20704FF4777003F02DFC10F0FD
:109CC000FF00607001D0202800D1657040F2DE30C6
:109CD00003F022FC10F0FF00A07001D0202800D17A
:109CE000A5704FF4787003F017FC10F0FF00E070DF
:109CF00001D0202800D1E57040F2E23003F00CFCE6
:109D000010F0FF00207101D0202800D125714FF400
:109D1000797003F001FC10F0FF00607101D0202881
:109D200000D1657140F2E63003F0F6FB10F0FF0061
:109D3000A07101D0202800D1A5714FF47A7003F0F2
:109D4000EBFB10F0FF00E07101D0202800D1E5719D
:109D500040F2EA3003F0E0FB10F0FF00207201D087
:109D6000202800D125724FF433776572384603F00E
:109D7000D3FB084CA8F800001C34A08DA8F8020002
:109D8000384603F0C9FB012850D1124B12A218A18A
:109D900018463DE084C0072080841E0000C00920D2
:109DA000E4E407205A3500105835001000730432DF
:109DB0003C4600008C60001080C10F40B4E40720D6
:109DC00080A903000A1308203A3500100040024021
:109DD00094C1072028BA00002020202020204574AC
:109DE0006865726E6574202020202020000000002D
:109DF00020202020C8EDE8F6E8E0EBE8E7E0F6E810
:109E0000FF2020200000000000C0072006C007201F
:109E1000E7F7A1FAEBF707FDBB4803F037FF09F0BE
:109E200081F9B94803F032FFEBF71DFAB7483A273A
:109E30004FF00208B0F90010B548022902D00129FC
:109E40002DD03FE0B34AB2F9001039B380F800805A
:109E50004FF03C0B91FBFBF0AF49924608804FF46A
:109E6000FF7003F059FBBAF90010411A91FBFBF0A7
:109E7000AA4908804FF4FF7003F04EFBBAF90010B6
:109E8000401AC0EB001080004FF46161B0FBF1F2AA
:109E900001FB1200A2490880A248058012E080F868
:109EA0000090A148A1490088C0B2087000EB4001B1
:109EB00001EB00109E4901EB80009F4985619D48A0
:109EC00000880870FFF781FD608BB0F5166F06D033
:109ED000B0F5965F03D0A0F5B851703905D1974918
:109EE0004FF4AF7008809649088006F082F9B4F903
:109EF000760000EB8000400006F05BFBB4F97610C2
:109F000040F6B83090FBF1F001B28E480229018092
:109F100002DA4146A0F8008089B2891C01808A4A91
:109F2000032100200BF0DAF88849087018B140F2DC
:109F3000E9310BF0F7F8864B0A22002101200AF0E4
:109F400017FD844C84F8390018B14FF4FB710AF006
:109F500053FD0F20A4F84E007548DFF8FCA198309F
:109F6000DFF8F8B1DFF8F88180F8FD53A57709F044
:109F7000C9FA9AF8001019B18AF8005006F0C6FC28
:109F80009BF8001019B18BF8005006F016F87548D0
:109F9000017811B1057005F0D1F8A07C00B1A5746D
:109FA000207D48B1B8F90010C82902DA491CA8F888
:109FB00000102575E7F7CEFDE07C20B1E57406F0D2
:109FC000CEF906F0CAFC607D30B16575E07808B95D
:109FD000F9F7C9FDF9F74DFEA07D10B1A575EBF7B6
:109FE000B2FBE07D30B30BF06BF85F49C1F84090F5
:109FF000E575E8F714F8EBF706FEEBF714FCE078EC
:10A0000010B9414803F042FEA8F80050E6F750F9B5
:10A01000E9F766FFE6F74CF9E9F78BFCE9F7E4F8B6
:10A02000E7F778FFE8F7B6FDE8F7CDF9E8F777FC52
:10A03000E8F7A7FC207EC0B12576E07828B903F0C8
:10A0400013F9E07808B902F09DF8306A40F08060BA
:10A050003062E7F7B9FBE7F75DFFE07808B9E9F7A9
:10A06000F3FFE9F736FD00F08DFC607E00B1657608
:10A07000A07EA8B3A576E07808B9FFF7B2FCE7F7B1
:10A080004DFBE7F78BFB02F0DFFFE7F7F9FAE7F7A5
:10A090000DFDE9F783FE94F831007F1C401CFFB2F0
:10A0A00084F831003C2F06D3002703F0B5FD03F000
:10A0B000E0FF03F096FDE9F771FEE9F776F994F811
:10A0C00032000A2802D2401C84F83200EBF7EEFA84
:10A0D00001F0F8FFE8F7F2FAEBF7D2FA03F001FA31
:10A0E000E07E00283FF442AFE57660790028F9D0A1
:10A0F0000A283FF63BAF401E10F0FF0060717FF46E
:10A1000035AF1420607131E7085C0010300000109A
:10A1100016000010600000105E00001014C0072040
:10A1200012C007205C000010320000101700001061
:10A13000383C001034000010180000100EC007203A
:10A1400010C007205A35001027BF0100E834001066
:10A150006907020020C0072058350010453500105F
:10A1600022000010DEE4072020C107202DE9F84F6F
:10A170009E460A9B202931D2CC1701EB5475EC1076
:10A1800026466FF03C077C4325F0070500EB4404AE
:10A190004D1BDFF8E8A704F5B774002A34D0A0B24D
:10A1A000C5F10701C9B24FF0010404FA01F40244F9
:10A1B000514611DC25E023B1012B05D0022B06D03E
:10A1C00008E00D5C254304E00D5C654001E00D5C9A
:10A1D00025400D54401C80B28242ECDCBDE8F88F73
:10A1E00023B1012B05D0022B06D008E00D5C2543DE
:10A1F00004E00D5C654001E00D5C25400D54401EFF
:10A2000080B28242ECDBE9E7BEF1000FE6D0B2B2E9
:10A2100001EB0E064FEAE67406EB5477ADB2A946A1
:10A2200027F00705C7F3CF04A6EB0505AFB277DD2E
:10A23000A24244D1C8463FE023B1012B13D0022BE8
:10A2400024D035E0C2F1030101EB4105C5EB8111DA
:10A2500000EB4106C8F1070C1AF80610012505FAB3
:10A260000CF529430FE0C2F1030101EB4105C5EBF9
:10A27000811100EB4106C8F1070C1AF80610012500
:10A2800005FA0CF569400AF8061011E0C2F1030165
:10A2900001EB4105C5EB811100EB4105C8F1070C4D
:10A2A0001AF80560012101FA0CF18E430AF80560E5
:10A2B00008F101081FFA88F8B845BDD38CE0CD1726
:10A2C00001EB557CCCF3CF05C5F1030505EB450645
:10A2D000C6EB851500EB45082CF007054E1BFF2546
:10A2E000F5407144CE1701EB56760096C6F3CF06C3
:10A2F000C6F1030606EB460CCCEB861600EB4606D1
:10A30000B346009E26F00706891B89B2C1F10806F4
:10A31000FF21B1402BB1012B0ED0022B19D023E02D
:10A320005EE01AF808C04CEA050C0AF808C01AF8F2
:10A330000BC04CEA010C09E01AF808C08CEA050CC5
:10A340000AF808C01AF80BC08CEA010C0AF80BC016
:10A350000AE01AF808C02CEA050C0AF808C01AF836
:10A360000B608E430AF80B60A11A01297FF74BAFEF
:10A37000511C1FFA81FC2DE023B1012B0DD0022BC3
:10A3800019D023E0CCF1030101EB4105C5EB8111AC
:10A3900000EB41054FF0FF360AE0CCF1030101EB81
:10A3A0004105C5EB811100EB41051AF80560F64344
:10A3B0000AF805600AE0CCF1030505EB4506C6EB9B
:10A3C000851500EB450600210AF806100CF1010C7A
:10A3D0001FFA8CFCA445CFD3BEF1000FBFF613AF1C
:10A3E000A24240D1A9F1010139E023B1012B12D0E1
:10A3F000022B22D032E0C2F1030404EB4405C5EB8A
:10A40000841400EB440CC1F107061AF80C40012536
:10A41000B5402C430EE0C2F1030404EB4405C5EB48
:10A42000841400EB440CC1F107061AF80C40012516
:10A43000B5406C400AF80C4010E0C2F1030404EB94
:10A440004405C5EB841400EB440CC1F107061AF86F
:10A450000C500124B440A5430AF80C50491E89B29F
:10A46000B942C2D2BAE623B1012B26D0022B43D087
:10A4700062E0C2F1030101EB4105C5EB811100EB84
:10A48000410CC9F108061AF80C504FF0FF0909FAFF
:10A4900006F10D430AF80C50C4F1030101EB41052C
:10A4A000C5EB811100EB410129FA07F91AF80150B7
:10A4B00045EA09050AF801503EE0C2F1030101EB4B
:10A4C0004105C5EB811100EB410CC9F108061AF8F2
:10A4D0000C50FF2101FA06F675400AF80C50C4F141
:10A4E000030505EB4506C6EB851500EB4505F94070
:10A4F0001AF805604E401DE0C2F1030101EB410571
:10A50000C5EB811100EB410CC9F108061AF80C509B
:10A51000FF2101FA06F6B5430AF80C50C4F1030511
:10A5200005EB4506C6EB851500EB4505F9401AF825
:10A5300005608E430AF80560111B012992DD521E49
:10A5400091B22BE023B1012B0DD0022B19D023E0C7
:10A55000C1F1030202EB4205C5EB821200EB42059A
:10A560004FF0FF360AE0C1F1030202EB4205C5EBF2
:10A57000821200EB42051AF80560F6430AF80560FE
:10A580000AE0C1F1030505EB4506C6EB851500EBB6
:10A59000450600220AF80620491E89B2A142D1D8F8
:10A5A0001CE62DE9F8470446DDE9090517468A4609
:10A5B0009946E61948B90CE04B4600225146204620
:10A5C0000095FFF7D3FD641C24B2A642F4DABDE87F
:10A5D000F887002220460095FFF7C8FD0AEB090026
:10A5E0008046401E01B200233A4620460095FFF700
:10A5F000BDFD761EC9F1000034B203B20FFA88F136
:10A60000002220460095FFF7B1FD784202B20023F8
:10A61000514620460095FFF7A9FDD8E72DE9F843FC
:10A6200081460E461D46002022B1022A1AD100247E
:10A6300080462CE00024804612E03719621B00237C
:10A6400039464846CDF80080FFF790FD2A1B0023CD
:10A6500039464846CDF80080FFF788FD641CE4B217
:10A66000AC42EAD3BDE8F883371B621B00233946AE
:10A670004846CDF80080FFF779FD2A1B00233946B4
:10A680004846CDF80080FFF771FD641CE4B2AC428F
:10A69000EAD3E7E72DE9F8474FF0FF35C3F1200390
:10A6A0009D4005EA020323FA01F200929DF8021090
:10A6B000DFF8C88289469DF80310099C8A4608EB9A
:10A6C00000019DF800709DF801C018F8002091F875
:10A6D0007A3091F8F45091F86E6184B17A4008F8BC
:10A6E000002083EA0C0381F87A3085EA090581F8B5
:10A6F000F45086EA0A0600BF81F86E6167E73A43C4
:10A7000008F8002043EA0C0381F87A3045EA09058D
:10A7100081F8F45046EA0A06EEE72DE9FC4F0746B9
:10A720000CA88A46B0E8100316469B4600251CE09C
:10A7300005FB0480611E5B46415C8DF80710A11E7D
:10A74000415C8DF80610E11E415C8DF80510211F5B
:10A75000405C8DF80400781900B2CDF800905146A5
:10A76000019AFFF797FF6D1C2DB2B542E0DBBDE803
:10A77000FC8F2DE9FF4F96B0814624A8DDF88C5060
:10A78000B0E8100C002020260DF1400808F8006009
:10A79000401C00B20A28F9DB002004E0115C08F834
:10A7A0000010401C00B29842F8DB2B27002D02DA83
:10A7B000684205B22D2700214FF00A0C0DF14C0024
:10A7C00095FBFCF20CFB12554554491C49B215B2DD
:10A7D0000A29F5DB01250021092200E045B110F826
:10A7E00002C0BCF1000F03D1A24201DD865405E096
:10A7F000855C303585540025491CC9B2521E52B2C1
:10A80000002AEBDA2D2F02D14754491CC9B26CB192
:10A810004AB205E0851815F8015C8554521E52B203
:10A82000A242F7DC2E22491C0255C9B2002207E0E1
:10A83000AAEB0204855C4444521C04F8015C52B249
:10A840008A42F5DB002001AC1BE000BF18F80010C5
:10A850004B4E01EB410200EB400116F8125004F898
:10A86000115006EB420204EB410155784D7095788A
:10A870008D70D578CD7015790D715279401C4A7163
:10A8800000B29842E2DB002503EB43060EE0605D78
:10A890008DF84F0009EB050000B20823CDF800B099
:10A8A000139A1799FFF7F6FE6D1C2DB2B5EB460F04
:10A8B000EDDB1AB0BDE8F08F2DE9F04796B0804689
:10A8C0008A460020DDF884901E9C202510A90D5496
:10A8D000401C00B20A28FADB002003E0155C0D548E
:10A8E000401C00B29842F9DB002C01DA604204B24D
:10A8F000002013AE5FF00A0294FBF2F502FB154450
:10A900003454401C40B22CB20A28F5DB002001ACC4
:10A9100019E00A5C1A4F02EB420200EB400517F8FF
:10A92000126004F8156007EB420204EB4505567807
:10A930006E709678AE70D678EE7016792E71527968
:10A94000401C6A7100B29842E3DB002503EB43062A
:10A950000EE0605D8DF84F0008EB050000B20823A3
:10A96000CDF800905146139AFFF794FE6D1C2DB25E
:10A97000B5EB460FEDDB16B0BDE8F087085C0010C4
:10A98000DC5402002DE9F05FFD48FE4C35210088C3
:10A990006081FD4804F180050088A081FB480088A3
:10A9A000E081FB4800882082FA480088608204F138
:10A9B000EA000170362180F88010F7480068E862EC
:10A9C00042F21070A862F5480088182806D0A0F559
:10A9D0009051FC3905D14BF680300AE045F6C05065
:10A9E00007E06E2802D0DC2802D003E0EC4800E04B
:10A9F000EC48A862EC48B0F90020EC48012AB0F914
:10AA0000000004D001280ED003280FD011E0A96A5D
:10AA10006431A962012802D0032802D010E00A3173
:10AA20000DE01E310BE0A96A0A3101E0A96A1E316E
:10AA3000A962DF490988012902D1A96A491CA962D2
:10AA4000DC490988A182DC490988E182DB4909687F
:10AA50002183DB4909886183DA4909886180A28002
:10AA6000E08040F6026002F057FD2081D648A946FA
:10AA700045F2555B0188A4F85C104188A4F85E108B
:10AA80008088A4F86000D148DFF854E30188A4F876
:10AA900062104188A4F864108088A4F86600CC484D
:10AAA0000168E964CB48B74D0088A4F86800B03568
:10AAB00001202880C8482B1D03F104084188198013
:10AAC0000189A8F8001003F1080A4289AAF80020B9
:10AAD000C24A03F10C01B2F900605E4501D1BEF833
:10AAE0000060DFF8A0C200F11E000E800CF1C40C63
:10AAF00030F80E6CACF800600CF10406C77F3780AC
:10AB00004FF002076F80058E5D80C38EA8F802307B
:10AB1000058FAAF80250B2F90220A0F11E005A4592
:10AB200001D1BEF802204A80B0F85C10DFF8B4A270
:10AB3000ACF802100AF1460790F889007080DFF83F
:10AB4000A882002007F1460C07F18C0B07F1D20E0A
:10AB500007F58C71C0EB001202EB4015431C08EBAB
:10AB600085022AF81030956927F81050D5692CF81D
:10AB70001050168E2BF81060156A2EF8105092F8AF
:10AB80003A5005F0F70521F8105092F85760012E61
:10AB900001D01EB106E045F4807501E025F4807512
:10ABA00021F8105092F83B50ED0731F8105002D0C8
:10ABB00045F4007501E025F400758C4E21F8105025
:10ABC000D56A26F810504636956A26F8105006F1D8
:10ABD0004605526A25F81020D8B22128BAD38449F4
:10ABE000A24604F11C004B88A3830C8844804A6869
:10ABF000828091F814C0A0F806C0B1F80880A0F8CF
:10AC000008804D8945817B4F4E7D86813F88C78175
:10AC1000038244828282A0F816C0A0F8188045837F
:10AC20008683CA8BC2838A8B02840A6A428491F823
:10AC3000302082848A8CC284CA8C028591F83120AB
:10AC400042854A8F82850A8FC285CA6B028691F837
:10AC50004C204286B1F840208286B1F84220C2865C
:10AC600091F84D10DFF81CC101870CF1D00C5F4D3D
:10AC70004FF0010060A18CF8000005F1F8050A68AA
:10AC8000C5F856204A68C5F85A20DFF874B109891A
:10AC9000A5F85E109BF800300CF104024FF00001A3
:10ACA000012B67D01170DFF85C81364BB8F800409B
:10ACB000D833002C5FD01970DFF84CE1314C9EF88E
:10ACC0000060DC34012E57D0217002268CF8016020
:10ACD0004EA63768C5F86A707768C5F86E70368911
:10ACE000A5F872609BF80160012E46D082F8011031
:10ACF000B8F80260002E41D083F801109EF8016080
:10AD0000012E3CD0617003268CF8026041A63768A2
:10AD1000C5F87E707768C5F882703689A5F88660B8
:10AD20009BF80250012D7FD082F80210B8F8045031
:10AD3000002D7AD083F802109EF80250012D75D0B4
:10AD4000A17004258CF80350344D35A63768C5F83A
:10AD500012707768C5F8167036896E839BF80350B9
:10AD6000012D64D082F80310B8F80620002A7ED0A6
:10AD7000D9705DE0DEE0DFE0E0E0E1E0E2E0E3E0CA
:10AD80002AC10720C8C3072032C107202CC10720D1
:10AD90002EC1072030C107207CC10720BAC0072080
:10ADA000B0AD0100605B0300B0C00720B2C0072057
:10ADB000B4C0072022C1072024C1072080C107207A
:10ADC0004CC10720A6C00720ECC10720F2C1072014
:10ADD00090C1072044C10720383C001078C10720EB
:10ADE00070C107209C0F0820D03C001040110820A3
:10ADF000A85B001026C1072053686F636B0000003A
:10AE000051C10720F8C1072055C10720536D6F6B52
:10AE100065000000446F6F7200000000B812082047
:10AE2000202020202000000090E091E092E093E0BC
:10AE30009EF80320012A7CD0E170FD4A1388A9F80E
:10AE40000C30FC4B4A461B88A9F80E30FA4B1B8885
:10AE5000A9F81030F94B1B88A9F81230F84B1B8861
:10AE6000A9F81430F74B1B88A9F8163000E075E0FC
:10AE7000F54BF94DF94E1B881383F44BDFF81C8416
:10AE80001B885383F24B1B889383F24B1B88D3831D
:10AE9000B5F900301384B5F902405484B5F9045073
:10AEA000958437880AF16E063780ED4F3F887780AA
:10AEB000EC4F3F88B780EC4F3F88F780EB4F3F88DF
:10AEC0003781EB4F3F887781EA4F3F88B781EA4F60
:10AED0003F88F781E94FEA4E3F88AAF87E703688AE
:10AEE0001680E84EEC4F36885680E74E36889680BE
:10AEF000E64E3688D680E64E36881681E54E4FF00F
:10AF000000023688A9F80A60814607F10C06501C39
:10AF1000B85418F802C0BCF1000F23D006F8029014
:10AF2000C2B20C2AF3D3DE48038044808580BDE89A
:10AF3000F09F15E01070B6E61870BDE62070C4E60C
:10AF40005070D5E65870D9E66070DCE69070EDE69A
:10AF50009870F1E6A070F4E6D07005E7D87008E7C5
:10AF6000E0706AE7B154DBE710B501280DD1CC4C95
:10AF70004FF49F70643CE16A02F062FCE16ABDE854
:10AF800010404FF4A27002F05BBC10BD70B50128F8
:10AF90000AD1C44D002404F56570295D02F01AFC45
:10AFA000641CE4B2402CF6D370BDBD480C38017867
:10AFB000BD48B0F9000019B15FF0000102F056BAC7
:10AFC0004FF0FF31FAE7B6480C384178B648B0F98F
:10AFD000020019B15FF0000102F048BA4FF0FF31F2
:10AFE000FAE7AF480C388178AF48B0F9040019B1DE
:10AFF0005FF0000102F03ABA4FF0FF31FAE7A848DB
:10B000000C38C178A848B0F9060019B15FF000010A
:10B0100002F02CBA4FF0FF31FAE77047012806D151
:10B020009F48E438B0F96E10862002F01FBA7047CE
:10B03000012806D19A48E438B0F97010802002F057
:10B0400015BA704710B5012813D198480078002828
:10B050000FD19348E622DC217238E8F7CBFF904805
:10B06000E438B0F97210BDE810404FF4817002F07E
:10B07000FDB910BD10B5012814D18C480078002806
:10B0800010D187484FF48772F0217038E8F7B2FF8B
:10B090008348E438B0F97410BDE810404FF486706E
:10B0A00002F0E4B910BD10B5012813D17F48007833
:10B0B00000280FD17A48C82200216E38E8F79AFF9D
:10B0C0007748E438B0F97610BDE810404FF4877047
:10B0D00002F0CCB910BD10B501281BD1734800781F
:10B0E000002817D16E48CD226E216C38E8F782FF18
:10B0F0006B4CCD22E43C04F17800B4F97A10491D80
:10B10000E8F778FFB4F97810BDE810404FF482708A
:10B1100002F0ACB910BD10B501281BD1634800780E
:10B12000002817D15E48C82269216A38E8F762FF13
:10B130005B4C6921E43C04F17A00B4F97820521F99
:10B14000E8F758FFB4F97A10BDE810404FF4837067
:10B1500002F08CB910BD10B5012810D150484FF441
:10B16000967214216438E8F745FF4D486438B0F909
:10B170000010BDE810404FF48E7002F077B910BD9A
:10B1800010B5012810D146484FF496721421623848
:10B19000E8F730FF42486438B0F90210BDE81040CB
:10B1A0004FF48F7002F062B910BD10B5012810D1B4
:10B1B0003B484FF4967214216038E8F71BFF38487B
:10B1C0006438B0F90410BDE810404FF4907002F0FC
:10B1D0004DB910BD10B5012810D131484FF4967209
:10B1E00014216038E8F706FF2D486438B0F90610DE
:10B1F000BDE810404FF4917002F038B910BD10B5A1
:10B20000012814D129480078002810D124484FF48F
:10B21000967214215C38E8F7EDFE21486438B0F9E5
:10B220000810BDE810404FF4927002F01FB910BD35
:10B2300038C1072076C00720C600001074C307205D
:10B24000C800001076C307207EC007207CC00720FE
:10B2500082C0072080C00720DAC1072072C0072003
:10B2600070C007208AC007208EC0072090C007202A
:10B270008CC0072092C0072094C0072096C00720EA
:10B2800098C007209AC007209CC007209EC00720B6
:10B29000A0C00720A2C007207612082080600010FE
:10B2A000ACC40720380F0820B854020058C007204B
:10B2B00010B50128BBD1FB4800780028B7D14FF466
:10B2C00096721421F848E8F795FEF7480A38B0F965
:10B2D0000A10BDE810404FF4937002F0C7B8A6E71B
:10B2E00010B50128A3D1EF48007800289FD1EF487E
:10B2F00000214FF496740088182806D0A0F59052CB
:10B30000FC3A05D12A2134240BE016211A2408E046
:10B310006E2802D0DC2803D003E05321712400E022
:10B32000AF21E14822460E38E8F764FE2246DE4CA3
:10B330008A3C04F17C00B4F97E10491DE8F75AFEFE
:10B34000B4F97C10BDE810404FF4847002F08EB860
:10B350006DE710B501282BD1D2480078002827D1FD
:10B36000D24800214FF496720088182806D0A0F524
:10B370009053FC3B05D1282132220BE014211822E6
:10B3800008E06E2802D0DC2803D003E050216E22B2
:10B3900000E0AA21C4480C38E8F72CFEC2488A38DD
:10B3A000B0F97E10BDE810404FF4857002F05EB831
:10B3B0003DE7704770477047704770477047704768
:10B3C00070477047704770477047704770477047C5
:10B3D000704710B5012813D1B34845F255518A384A
:10B3E0000346B0F96A40CA43E41EB3F96C30062C38
:10B3F00010D2DFE804F00609030F0303A0F86A1077
:10B4000015E75B1E172B02D8A0F86A200FE74EF64F
:10B41000EF61F3E74EF6EE61F0E72DE9F04385B01A
:10B420000446DDE90C890D4616461F461422A0A1EC
:10B43000684606F05DF80A20B4FBF0F100FB11420B
:10B4400030328DF8012030318DF800109F4901EB2A
:10B4500085010A88ADF8032089788DF80510B6FBC0
:10B46000F0F100FB116230318DF80710B7FBF0F1FD
:10B4700030328DF8082000FB117230318DF80B103E
:10B48000B8FBF0F130328DF80C2000FB1182303225
:10B490008DF80F2030318DF80E10B9FBF0F100FB64
:10B4A000119030308DF8120030318DF8111068464F
:10B4B00005B0BDE8F0832DE9F04707467A4890B023
:10B4C000603000EBC7144E228149204605F0CBFFC7
:10B4D0004FF4606002F020F87A424021E5F727F946
:10B4E000400100F5806005460DA902F0EEF80BA9B9
:10B4F000281D02F0EAF803A905F1080002F0E5F8BA
:10B5000004A905F10C0002F0E0F80CA905F1100007
:10B5100002F0DBF809A905F1140002F0D6F89DF855
:10B52000340004F1280555284FD020264FF040085C
:10B5300050286DD05C49603101EBC71101F129023F
:10B5400015319246894642287ED053287DD161A08C
:10B550000E22016821608088A0809DF8350060A1DE
:10B5600031306071E01D05F07EFF9DF812109DF8EE
:10B570001100CDE900019DF810309DF80C209DF8D8
:10B580000D109DF80E00FFF748FF014613224846B4
:10B5900005F069FF9DF836004C287DD054287CD0FA
:10B5A00055287BD075287AD051A00168C4F829109D
:10B5B0008088A4F82D00FF2084F82F005FF030056C
:10B5C0009DF8300041286BD06DE29DF8360052287E
:10B5D0003BD1322249A1204605F045FF9DF81210CB
:10B5E0009DF81100CDE900019DF810309DF80C2068
:10B5F0009DF80D109DF80E00FFF70FFF014604F1B6
:10B600001100142205F02FFF14224AA12846BDE0A4
:10B6100017224EA1204605F026FF9DF812109DF836
:10B620001100CDE900019DF810309DF80C209DF827
:10B630000D109DF80E00FFF7F0FE014604F1170013
:10B64000132205F010FF01E0A5E0A1E0164884F800
:10B650002A8060309DF8302000EBC7102B30412A43
:10B6600003D19DF8311041291BD03FA00168C4F8D7
:10B670002B104168C4F82F100089A4F8330084F817
:10B6800035609DF826109DF82500CDE900019DF854
:10B6900024309DF831106FE0E4E1EAE1F5E1F7E1F3
:10B6A000FDE171E058C0072052C40720BAC007204E
:10B6B00030302FFFEDE22F3030202030303A303064
:10B6C0003A3030202020202020200000DC5A0200C8
:10B6D000985C0200C1CFD120B9202020202020007A
:10B6E000202020C0E2E0F0E8FF21212140202000BE
:10B6F0004020F4E8E3EDFF2020000000C2EAEBFE6A
:10B70000F7E5EDE8E520C8C1DDCFE04020202020AE
:10B710002020202020202020202020202020202029
:10B720002020202020202020202020202020202019
:10B730002020000040202020202020202020202029
:10B74000202020202020202000000000C0E2E0F087
:10B75000E8FF20EFE8F2E0FEF9E5E920F1E5F2E8A4
:10B76000204020200000000020F3F1F2F0E0EDE5A1
:10B77000EDE02020200000009DF83200FFF74DFE94
:10B78000014604F13600A7E10D22FFA105F06BFE92
:10B7900010B0BDE8F0879DF83600002543284ED153
:10B7A0001522FDA1204605F05EFE9DF812109DF8C1
:10B7B0001100CDE900019DF810309DF80C209DF896
:10B7C0000D109DF80E00FFF728FE01461322484693
:10B7D00005F049FE84F828801622F5A1504605F0B0
:10B7E00042FEF9489DF8302000EBC7103F30412A57
:10B7F00003D19DF83110412926D0AFF294000168A1
:10B80000C4F83F104168C4F843100089A4F8470009
:10B8100084F849609DF826109DF82500CDE90001C7
:10B820004A259DF824309DF831109DF83200FFF72D
:10B83000F4FD014604F14A00132205F014FE9DF8C0
:10B8400036005A2806D04DE00D22CFA105F00BFEA0
:10B850004C25F4E760192022DCA105F004FE9DF8D8
:10B8600012109DF81100CDE900012035EDB29DF8D0
:10B8700010309DF80C209DF80D109DF80E00FFF77C
:10B88000CCFD01466019132205F0EDFD1335E8B239
:10B8900004F80080401C9DF83020C5B2412A03D135
:10B8A0009DF83100412849D06119D1A00B350368BA
:10B8B0000B6043684B60008908818E729DF82610EA
:10B8C0009DF82500CDE90001EDB29DF824309DF8EA
:10B8D00031109DF83200FFF7A0FD014660191322D8
:10B8E00005F0C1FD9DF836004B287FF451AF60197B
:10B8F0001D22C3A105F0B7FD9DF812109DF811009F
:10B90000CDE900011D35EDB29DF810309DF80C20F9
:10B910009DF80D109DF80E00FFF77FFD01466019A0
:10B92000132205F0A0FD1335E8B204F80080401C96
:10B930009DF83020C0B2412A08D00BE060190D22DA
:10B94000B7A105F090FD0D35EDB2CBE79DF83110B4
:10B95000412941D0A6A321181D680D605D684D6086
:10B960001B890B818E720B30C5B29DF826109DF895
:10B970002500CDE900019DF824309DF831109DF897
:10B980003200FFF74AFD01462C441322204605F001
:10B990006AFD2722A6A1204605F065FD9DF80F004F
:10B9A0009DF8131000EB012001B20A2091FBF0F288
:10B9B00000FB12113031A17212B292FBF0F100FBC8
:10B9C00011223032227209B251B191FBF0F200FB28
:10B9D00012113031E17104E020440D2290A1D5E62E
:10B9E000E6719DF82E109DF82F2001EB022109B27F
:10B9F00091FBF0F200FB12113031A17512B292FBF3
:10BA0000F0F100FB11223032227509B231B191FB05
:10BA1000F0F200FB12113031E17400E0E6749DF8A1
:10BA20002C109DF82D2001EB022109B291FBF0F2C0
:10BA300000FB1211303184F8231012B292FBF0F1A6
:10BA400000FB1122303284F8212009B239B191FB78
:10BA5000F0F200FB1210303084F8200098E684F8F1
:10BA6000206095E614227DA1284605F0FCFC4125C6
:10BA7000A6E581A033250168C4F829104168C4F8FF
:10BA80002D100089A4F831009AE510227EA101E072
:10BA9000102282A1504605F0E6FC392590E59DF87C
:10BAA000310041281AD060190D2281A105F0DBFC7C
:10BAB0009DF826109DF82500CDE900010D35EDB269
:10BAC0009DF824309DF830209DF831109DF832000B
:10BAD000FFF7A3FC01466019132257E660190F22F5
:10BAE00077A153E62DE9F041374C0027EA3CDFF817
:10BAF000E4C1277025780CF805706D1CEDB2257037
:10BB0000642DF7D3734DCC3501262F806670A8B114
:10BB10002E80277007E000BF0CF807E07F1CFFB203
:10BB20002770642F05D2FFB210F807E0BEF1000FB6
:10BB3000F2D1072025F81600761C66704FF6FF76C6
:10BB4000B1420AD02888401C2880A4F8561060789A
:10BB5000082125F81010401C6070B2420AD02888D5
:10BB60000921401C2880A4F85820607825F810107E
:10BB7000401C6070B34206D02888401C2880A4F87E
:10BB80005A300A21A8E0ACE020EDE520F3F1F2F014
:10BB9000E0EDE5EDE0202000C1E0F2E0F0E5FF2E71
:10BBA0002020C0E2E0F0E8FF2121212040202000F9
:10BBB000C1E0F2E0F0E5FF20EDE520EEE1EDE0F0A0
:10BBC000F3E6E5EDE02C2000B2C40720C1E0F2E08E
:10BBD000F0E5FF2E2020C2FBF0E0E2EDE8E2E0FE1F
:10BBE000F9E8E920E7E0F0FFE42040202000000031
:10BBF00020E7E0E2E5F0F8E5ED202020000000007D
:10BC0000C1E0F2E0F0E5FF2E2020CAEEEDF2F0EE0A
:10BC1000EBFC20E5ECEAEEF1F2E820402020000009
:10BC200020EDE520E7E0E2E5F0F8E5ED202000007A
:10BC30002C2055EDE0F72020202C20C22C2055EAA6
:10BC4000EEED2020202C20C22C2043E1E0F2202029
:10BC500020202C20C02AF7200000000040EEF2EA4D
:10BC6000EBFEF7E8EBF1FF20202020202020202011
:10BC700020202020000000004020EFE5F0E5E3F068
:10BC8000E5E22020200000004020E7E0E2FBF8E5AC
:10BC9000EDEE2055E2FBF52E202000004020E7E0ED
:10BCA000EDE8E6E5EDEE2055E2FBF52E2020000064
:10BCB0002C2020F3F1F2F0E0EDE5EDE02020200073
:10BCC0002C20EDE520F3F1F2F0E0EDE5EDE02020B1
:10BCD0000000000012120820607825F81010401CA7
:10BCE00060707A487A4CB0F90030FF2B18D0794850
:10BCF000B0F90000FF2813D07749B1F90010FF29EF
:10BD00000ED0764AB2F90020FF2A09D02370607065
:10BD1000A170E270724B03220621204608F05EFCFF
:10BD20007048B0F90030FF2B18D06F48B0F9000010
:10BD3000FF2813D06D49B1F90020FF2A0ED06C49BD
:10BD4000B1F90010FF2909D023706070A270E17072
:10BD5000634B032206215E4808F040FC6548B0F9B9
:10BD60000030FF2B18D06448B0F90000FF2813D032
:10BD70006249B1F90010FF290ED0614AB2F90020E2
:10BD8000FF2A09D023706070A170E270544B032227
:10BD900006214F4808F022FC5A48B0F90030FF2B2A
:10BDA00018D05948B0F90000FF2813D05749B1F90D
:10BDB0000020FF2A0ED05649B1F90010FF2909D002
:10BDC00023706070A270E170454B03220621404849
:10BDD00008F004FC4F48B0F90030FF2B1AD04E4851
:10BDE000B0F90000FF2815D04C49B1F90020FF2A16
:10BDF00010D04B49B1F90010FF290BD023706070AF
:10BE0000A270E170BDE8F0410322354B06213048B5
:10BE100008F0E4BBBDE8F081012806D12C48603869
:10BE2000B0F90E10D02001F021BB7047012806D1D7
:10BE300027486038B0F91010F42001F017BB7047A4
:10BE4000012806D122486038B0F91210F62001F01E
:10BE50000DBB7047012806D11D486038B0F9141099
:10BE6000F82001F003BB7047012806D1184860385C
:10BE7000B0F91610FA2001F0F9BA7047012806D17E
:10BE800013486038B0F91810D82001F0EFBA7047A5
:10BE9000012806D10E486038B0F91A10D62001F0FA
:10BEA000E5BA7047012806D109486038B0F91C107E
:10BEB000DC2001F0DBBA7047012806D10448603865
:10BEC000B0F91E10DA2001F0D1BA7047E0C00720A7
:10BED000A8C40720E2C00720E4C00720E6C007206E
:10BEE000DE120820E8C00720EAC00720ECC00720C7
:10BEF000EEC00720F0C00720F2C00720F4C00720E2
:10BF0000F6C00720F8C00720FAC00720FCC00720B1
:10BF1000FEC0072000C1072002C1072004C107207E
:10BF200006C1072070472DE9F04F93468B4A54888D
:10BF3000641C54801478A0427ED19488DFF820E2FB
:10BF4000641C94800D78AEF800504D78AEF8025025
:10BF50008D78AEF80450C978AEF80610AEF808B087
:10BF600013F8286FAEF80A605978AEF80C109D7877
:10BF7000AEF80E5041EA0621DB7845EA0125AEF81D
:10BF800010307949641C9480764843EA0523B1F95E
:10BF900000101818C1EB4113C3EB012100EB01188D
:10BFA00072484FF00006B8FBF0FCC2E90A860CF1BB
:10BFB0000101C2E908C1304656815489034600F2A6
:10BFC0006D10A50700D1401C814203D81846091AFC
:10BFD000D18004E0641CA3B25381642BEDD3D06202
:10BFE000168101209081D1885489614D8946A246ED
:10BFF0009389B0B2A70735F813600644B6B216812C
:10C0000003D1022B01D1761C1681B6B2B14203D8FE
:10C010001081081AD08104E05B1C98B290810D2831
:10C02000E6D3ACEB0C1000EB4000C0EB001008EBCB
:10C03000C0134FF4616400E021E0B3FBF4F081B27F
:10C0400004FB10343C25B4FBF5F0136383B205FB0D
:10C050001040118284B253829482AEF814905846F4
:10C06000BBF17B0F0BD14348017203710470A0F840
:10C070001CA091890176D1890173A0F12000BDE84F
:10C08000F08F38B5354C207800281AD0302009F0D0
:10C090001DF80346E32018700020587006209870A1
:10C0A000EC20D870312119734E20587399733420C5
:10C0B000D873302000907B2204F11801207809F019
:10C0C0006FF838BD70B5254CE08A08B1401EE0829B
:10C0D000294E3088002840D02848008800283CD0CD
:10C0E000E069002839D0401EE06136D10520E082A9
:10C0F00041F2781001F010FA184D183501281FD0C0
:10C1000041F27A1001F008FA287041F27C1001F037
:10C1100003FA687041F27E1001F0FEF9A8704FF446
:10C120008C5001F0F9F9E870FFF7ABFFB6F90000A9
:10C1300001280DD002280ED003280ED110480BE0A4
:10C140005820287093206870FE20A870E620EAE747
:10C150004FF4616000E00548E06170BDE834001014
:10C16000F2120820003EE8431CC107208051010064
:10C17000005D0200204002401AC10720CCC0072009
:10C18000803A09002DE9F05F102001F0C5F9FF4C5D
:10C190002080122001F0C0F960802C2001F0BCF951
:10C1A000FB4C20802E2001F0B7F96080142001F0B4
:10C1B000B3F9F84C2080162001F0AEF96080182009
:10C1C00001F0AAF9F44C20801A2001F0A5F9608052
:10C1D0001C2001F0A1F9F14C20801E2001F09CF9F7
:10C1E0006080202001F098F9ED490880242001F0BA
:10C1F00093F9EC490880262001F08EF9EA4C208062
:10C20000282001F089F960802A2001F085F9A080BA
:10C21000302001F081F9E54C2080322001F07CF9DA
:10C220006080342001F078F9A080362001F074F9A4
:10C23000DF4C2080382001F06FF960803A2001F057
:10C240006BF9A0803C2001F067F9DA4908803E20B4
:10C2500001F062F9D8490880402001F05DF9D74922
:10C260000880422001F058F9D5490880A62001F045
:10C2700053F9D44C2080A82001F04EF96080AA2008
:10C2800001F04AF9A080782001F046F9CE490880F3
:10C290007E2001F041F9CD490880C62001F03CF92B
:10C2A000CB490880C82001F037F9CA4908808220AC
:10C2B00001F032F9C8490880842001F02DF9C749FE
:10C2C0000880862001F028F9C5490880902001F0F7
:10C2D00023F9C4490880922001F01EF9C249088060
:10C2E000942001F019F9C1490880962001F014F951
:10C2F000BF4908809A2001F00FF9BE492122088029
:10C300000021BC48E7F776FE4FF4177001F004F9FE
:10C31000B94C208040F25E2001F0FEF8B74D288035
:10C3200040F2662001F0F8F8B54908804FF41A7021
:10C3300001F0F2F8B3490880208829880844B249FE
:10C340000880802001F0E8F8B0490880BC2001F0A6
:10C35000E3F8AF490870BE2001F0DEF8AD4908806F
:10C36000C42001F0D9F8AC490880CA2001F0D4F803
:10C37000AA490880CC2001F0CFF8A9490880CE2036
:10C3800001F0CAF8A74908804FF4197001F0C4F809
:10C39000A5490880D02001F0BFF8A4490880D22028
:10C3A00001F0BAF8A2490880D42001F0B5F8A149FB
:10C3B0000880D62001F0B0F89F490880D82001F00D
:10C3C000ABF89E490880DA2001F0A6F89C49088065
:10C3D000DC2001F0A1F89B490880EC2001F09CF8DA
:10C3E00099490880EE2001F097F898490880F020DC
:10C3F00001F092F896490880F22001F08DF89549F5
:10C400000880F42001F088F893490880F62001F0B4
:10C4100083F892490880F82001F07EF8904908805E
:10C42000FA2001F079F88F490880FC2001F074F8B7
:10C430008D4C00B24FF0000B20800B2801D3A4F8E4
:10C4400000B04FF48B7001F067F8DFF820A2AAF873
:10C4500000004FF4957001F05FF885490880FE20D8
:10C4600001F05AF8834908804FF4807001F054F8C5
:10C47000814908804FF4817001F04EF87F490880AF
:10C480004FF4827001F048F87D4908804FF48370C2
:10C4900001F042F87B4908804FF4847001F03CF8C9
:10C4A000794908804FF4857001F036F877490880A3
:10C4B0004FF4867001F030F8754908804FF48770AA
:10C4C00001F02AF8734908804FF4887001F024F8CD
:10C4D000714908804FF4897001F01EF86F49088097
:10C4E0004FF48A7001F018F86D4908804FF48E708F
:10C4F00001F012F86B4908804FF48F7001F00CF8CE
:10C50000694908804FF4907001F006F86749088087
:10C510004FF4917001F000F8654908804FF4927073
:10C5200000F0FAFF634908804FF4937000F0F4FFC5
:10C5300061490880762000F0EFFF604908804FF4E1
:10C54000D17000F0E9FF5E4908804FF4D27000F02E
:10C55000E3FF5C4D28804FF4D37000F0DDFF5A4EAE
:10C5600030804FF4D47000F0D7FFDFF86081A8F876
:10C5700000004FF4D87000F0CFFFDFF85491A9F815
:10C5800000004FF4D57000F0C7FFA3E09600001044
:10C5900048C307209A0000104CC307209E000010DB
:10C5A00050C30720A800001052C30720B4C30720BF
:10C5B000F600001058C30720AA0000105AC3072035
:10C5C000AC000010A20000105CC30720B0000010F7
:10C5D00060C30720BC000010B200001062C3072037
:10C5E00072C00720B600001066C30720B800001014
:10C5F00068C30720A6C00720AAC00720A8C007203C
:10C60000ACC00720AEC00720CA00001070C00720D1
:10C6100094C30720CAC007206AC307206CC3072041
:10C62000BE0000106EC30720C000001076C00720B7
:10C6300078C007207AC007207CC007207EC0072072
:10C6400080C0072082C0072086C0072088C007203E
:10C6500084C0072072C30720C600001074C30720DF
:10C66000C800001076C30720B0C00720B2C0072062
:10C67000B4C0072014C1072016C107208AC00720B4
:10C680008CC0072092C0072094C0072096C00720C6
:10C690008EC0072090C0072018C107201AC10720AC
:10C6A0001CC1072098C007209AC007209CC0072003
:10C6B0009EC00720A0C00720A2C007201EC10720DF
:10C6C00064C1072068C107206CC1072078C107201A
:10C6D00070C10720FF4F38804FF4E07000F01CFF5E
:10C6E000FD4948804FF4E17000F016FF68804FF478
:10C6F000E27000F011FF70804FF4E37000F00CFF67
:10C70000A8F802004FF4E87000F006FFA9F8020054
:10C710004FF4E47000F000FF7880A02000F0FCFEF1
:10C72000EE490870A22000F0F7FEED490870A42041
:10C7300000F0F2FEEB490880C02000F0EDFEEA496F
:10C740000880C22000F0E8FEE84908804FF49E709F
:10C7500000F0E2FEE64908804FF49F7000F070FFA1
:10C76000E44908604FF4A37000F0D6FEE249088067
:10C770004FF4A47000F0D0FEE04908804FF4A5709B
:10C7800000F0CAFEDE4908804FF4A67000F058FFA2
:10C79000DC4908604FF4A77000F052FFDA490860E6
:10C7A0004FF4A87000F0B8FED84908804FF4A97083
:10C7B00000F0B2FED64908804FF4AA7000F0ACFE3B
:10C7C000D44908804FF4AB7000F0A6FED24908802F
:10C7D0004FF4A07000F0A0FED04908804FF4A17083
:10C7E00000F09AFECE4908804FF4A27000F028FFB6
:10C7F000CC4908604FF4017000F08EFECA490880F1
:10C8000040F2062000F088FEC84908804FF402700C
:10C8100000F082FEC649088040F20A2000F07CFE4B
:10C82000C44908804FF4037000F076FEC2490880C6
:10C8300040F20E2000F070FEC04908804FF40470F2
:10C8400000F06AFEBE49088040F2122000F064FE4B
:10C85000BC4908804FF40D7000F05EFEBA4D288090
:10C8600040F2362000F058FEB84E30804FF40E7083
:10C8700000F052FEB64F388040F23A2000F04CFEF5
:10C88000DFF8D082A8F800004FF40F7000F044FEEB
:10C89000DFF8C492A9F8000040F23E2000F03CFE10
:10C8A00068804FF4107000F037FE708040F2422034
:10C8B00000F032FE78804FF4117000F02DFEA8F8E1
:10C8C000020040F2462000F027FEA9F802004FF4D3
:10C8D000127000F021FEA88040F24A2000F01CFEF9
:10C8E000B0804FF4137000F017FEB88040F24E2075
:10C8F00000F012FEA8F804004FF4147000F00CFED3
:10C90000A9F8040040F2522000F006FEE8804FF43F
:10C91000157000F001FEF08040F2562000F0FCFDA2
:10C92000F8804FF4167000F0F7FDA8F8060040F20A
:10C930005A2000F0F1FDA9F80600E02000F0ECFD1F
:10C9400086490880BA2000F0E7FD85490870AC20D0
:10C9500000F0E2FD83490880AE2000F0DDFD824951
:10C960000880B02000F0D8FD80490880B22000F097
:10C97000D3FD7F490880B42000F0CEFD7D490880BA
:10C98000B62000F0C9FD7C490004000C088001D0ED
:10C990000D2801D3A1F800B0B82000F0BDFD774903
:10C9A00008804FF4187000F0B7FD7549088040F218
:10C9B000622000F0B1FD734908804FF4337000F03D
:10C9C000ABFD7149088040F2CE2000F0A5FD6F4913
:10C9D00008804FF4347000F09FFD6D49088040F2EC
:10C9E000D22000F099FD6B4908804FF4357000F0BB
:10C9F00093FD6949088040F2D62000F08DFD67491B
:10CA000008804FF4367000F087FD6549088040F2D9
:10CA1000DA2000F081FD634908804FF4377000F0A0
:10CA20007BFD6149088040F2DE2000F075FD5F4922
:10CA300008804FF4437000F06FFD5D49088040F2BC
:10CA40000E3000F069FD5B4908804FF4447000F03F
:10CA500063FD5949088040F2123000F05DFD5749EE
:10CA600008804FF4387000F057FD5549088040F2B7
:10CA7000E22000F051FD534908804FF4397000F076
:10CA80004BFD5149088040F2E62000F045FD4F493A
:10CA900008804FF43A7000F03FFD4D49088040F2A5
:10CAA000EA2000F039FD4B4908804FF43B7000F05C
:10CAB00033FD4949088040F2EE2000F02DFD474942
:10CAC00008804FF43C7000F027FD4549088040F293
:10CAD000F22087E074C1072064C1072041C007200D
:10CAE00042C00720B6C0072074C00720BA0000105B
:10CAF000BAC007207CC1072078C30720CC000010F3
:10CB00007AC30720D000001084C30720D40000108F
:10CB100088C30720D60000108AC30720CE0000106B
:10CB20007CC3072080C307209EC10720A4C1072023
:10CB3000AAC10720B0C10720B6C10720BCC1072089
:10CB4000C2C10720C8C10720F8C1072000C20720C2
:10CB500008C2072010C207208CC3072096C30720F5
:10CB600043C00720C8C00720BCC00720BEC00720A4
:10CB7000C0C00720C2C00720C4C00720C6C007200D
:10CB800040C10720D8000010CCC00720CEC007202D
:10CB9000D0C00720D2C00720D4C00720D6C00720AD
:10CBA000D8C00720DAC00720DCC00720DEC007207D
:10CBB0000CC107200EC1072010C1072012C1072099
:10CBC000E0C00720E2C00720E4C00720E6C007203D
:10CBD000E8C00720EAC00720ECC00720EEC007200D
:10CBE000F0C0072000F098FC4C4908804FF43D70DD
:10CBF00000F092FC4A49088040F2F62000F08CFCDC
:10CC0000484908804FF43E7000F086FC4649088091
:10CC100040F2FA2000F080FC444908804FF43F7055
:10CC200000F07AFC4249088040F2FE2000F074FCDB
:10CC3000404908804FF4407000F06EFC3E49088087
:10CC400040F2023000F068FC3C4908804FF441702B
:10CC500000F062FC3A49088040F2063000F05CFCCB
:10CC6000384908804FF4427000F056FC364908807D
:10CC700040F20A3000F050FC344908804FF48C70C8
:10CC800000F04AFC324D28804FF48D7000F044FCD7
:10CC90006880304E002500BF05F5657000F095FCFA
:10CCA00070556D1CEDB2402DF6D32B4F002540F290
:10CCB000DA3600BF06EB450000F087FC78556D1CA6
:10CCC000EDB20A2DF6D34FF4F97000F025FC23499C
:10CCD00008804FF4F87000F01FFC214908804FF4E1
:10CCE000FA7000F019FC1F4908804FF4FB7000F047
:10CCF00013FC1D490880B4F90000062801D3052063
:10CD00002080BAF90010032906D0022904D0012995
:10CD100002D00121AAF80010BDE8F09FF2C0072060
:10CD2000F4C00720F6C00720F8C00720FAC007208B
:10CD3000FCC00720FEC0072000C1072002C1072059
:10CD400004C1072006C1072008C107200AC1072027
:10CD50005AC10720380F0820D26000106000001070
:10CD600030000010320000103400001030B54E4882
:10CD70002021C0F8A01100BFD0F8A0114906FBD5B2
:10CD800000F180000322C0F884204FF40031C0F885
:10CD900028114FF00001C0F82C114FF00103C0F82A
:10CDA0008C30424C446003604FF0AA03C3604FF0E4
:10CDB0005504C460A0F18000D0F888506D01FBD507
:10CDC00040F8802FC360C460C0F88810384A4264BD
:10CDD000C0F848118168A0F180006FEA11618A07EC
:10CDE0003449D0F80C2102F0030207D092B3012A93
:10CDF00046D0022A4AD0032A51D13BE02AB1012A67
:10CE000011D0022A27D0032A49D150F8882FC2F323
:10CE10000E02521C53000268C2F30742521CB3FBBD
:10CE2000F2F2254B0CE050F8882FC2F30E02521C90
:10CE300053000268C2F30742521CB3FBF2F21F4BCD
:10CE40005A43C36FA0F18800DBB203F10103B2FBC8
:10CE5000F3F223E00EE050F8882FC2F30E02521CCA
:10CE600053000268C2F30742521CB3FBF2F24FF4C4
:10CE7000FA43E5E7D0F804210F4BD2B2521C0BE085
:10CE8000D0F804210D4BD2B2521C05E0D0F8042199
:10CE90004FF4FA43D2B2521CB3FBF2F20A6043F2EF
:10CEA0003A01016030BD000000C00F404F00030098
:10CEB0004AF10040B4E4072000093D008096980044
:10CEC00070B542F22734614300220223FF24042577
:10CED000012660B1012809D139484360C2608161EF
:10CEE0000460456146604168C907FCD170BD4FF0E0
:10CEF00040204360C26081610460456146604168D2
:10CF0000C907FCD170BD4FF04021012008602D48B9
:10CF10000168491C01602C49002008702B480168F9
:10CF200021F0FF01091D0160016841F0807101607D
:10CF3000704723490120086022484168491C41602C
:10CF40007047012110B11E48416070474FF04020EA
:10CF5000FAE7002110B11A48416070474FF04020B5
:10CF6000FAE728B11648416841F002014160704774
:10CF70004FF04020F7E710B50022124C032318B100
:10CF8000012808D0002010BD22604FF040208161B0
:10CF90004361012004E0626009488161436102202D
:10CFA00000F002F8012010BD00F01F0201219140A5
:10CFB00040094FF0E02202EB8000C0F800117047FA
:10CFC000008000401C3500100100001000400340AC
:10CFD0004E48016A41F0004101624D494A68D30759
:10CFE00009D04C4B1B8833B1836B43F00043836300
:10CFF0000620887003E0C36B43F00043C36350080E
:10D0000048604878401E10F0FF00487003D120208F
:10D01000487088684860704710B53D4A0023202456
:10D020004F2908D0412909D052290BD0532908D1C2
:10D030005360936004E0C2E9010301E05060906036
:10D04000547010BD906010BDF0B5314C00252078B3
:10D05000401CC0B22070092800D925702E482F49E5
:10D0600000680978084303D052214FF0333041E083
:10D070002C492B48DFF8B0C0B1F900102B4AB0F9A9
:10D08000023001EB81061278DCF80010B3EB460F9A
:10D0900001DA552A1DD0254BB0F94E705B78B7EBFD
:10D0A000460F01DA552B14D0214EB0F90870B6F9AD
:10D0B00000607642B74201DA552A0FD0B0F9542009
:10D0C000B24201DA552B09D090F83F2092070ED1D9
:10D0D00009E0C1B952214FF001300BE099B952215A
:10D0E0004FF0011006E090F88B00800705D051B991
:10D0F00052210520FFF790FF05E053210020FFF7A4
:10D100008BFFCCF80050E570F0BD000000C0092096
:10D110002435001072C007207C00001026C00720B4
:10D12000383C0010B200001084C10720B8C00720AE
:10D13000B40000109148016841F04041016041682D
:10D1400021F003014160416841F00C0141604168F8
:10D1500041F0300141608A481421C16038210160EA
:10D1600070478848016C41F400510164C16D41F47D
:10D170000051C1658449491EFDD1416D41F4005102
:10D180004165704710B57F4C0246206840F400604E
:10D190002060606940F400606061FFF7CBFF002110
:10D1A000606920F400606061491CC9B20529F7D3A9
:10D1B000104600F0EFF80020616921F40061616120
:10D1C000401CC0B20528F7D30020616941F400611A
:10D1D0006161401CC0B20528F7D3BDE8104000F0E3
:10D1E000E1B870B5674C0246206840F400602060EA
:10D1F000606940F400606061FFF79CFF0021606996
:10D2000020F400606061491CC9B20529F7D35F4D65
:10D210000020012AE88002D0022A05D00EE000207A
:10D2200000F0B8F8E88009E0002000F0B3F8574DAE
:10D23000AD1D6870002000F0ADF828700020616915
:10D2400021F400616161401CC0B20528F7D30020C1
:10D25000616941F400616161401CC0B20528F7D3E7
:10D26000BDE8704000F09EB82DE9F0410820FFF7BE
:10D2700089FF0120FFF7B5FF444CE088C00751D17A
:10D2800020783830C0B2FFF77DFF0220FFF7A9FFFA
:10D2900020893F4B401C2081207888B16078E1884C
:10D2A00003EB400200251184401CA180C0B2257010
:10D2B0006070102801D328466570C00708D02DE0A3
:10D2C0006178E08823F8110060800120207016E06A
:10D2D000DFF8B8C00CF10A0C0022114603EB40162F
:10D2E00036F81170491CC9B23A441029F8D3110913
:10D2F0002CF81010401CC0B20228EDD375B12120CB
:10D30000FFF740FF0D20FFF73DFF207840B11120CF
:10D31000FFF738FFBDE8F041442033E72020EFE776
:10D320001020F5E7BDE8F08110B5184C2078401CBE
:10D3300000F0010020702030FFF724FF0D20FFF7E0
:10D3400021FF20781030C0B2FFF71CFF4420FFF708
:10D3500019FF0820FFF716FF0120FFF742FFE088C2
:10D36000C007F6D120783830C0B2FFF70BFF02209B
:10D37000FFF737FF2089401C208110BD00C002400C
:10D380000000024000C00920C0D401003035001068
:10D390000A130820FC49886048680006FCD58868A4
:10D3A000C0B27047F948016821F04041016041680E
:10D3B00021F003014160416821F00C0141604168A6
:10D3C00021F030014160F049002008607047EF48CB
:10D3D000016841F040410160416821F00301416072
:10D3E000416841F00C014160416841F03001416009
:10D3F000E5482021C1600160704700B5FFF7E7FFF5
:10D40000E34A106840F480101060D06940F4801046
:10D41000D0610620FFF7BEFF106840F48010106056
:10D42000906940F4801090615DF804EBBAE700B5B4
:10D43000FFF7CDFFD64A106840F480101060D06925
:10D4400040F48010D0610520FFF7A4FFFF20FFF714
:10D45000A1FF0346106840F480101060906940F40A
:10D4600080109061FFF79EFF184600BD2DE9034034
:10D47000FFF7DDFFC007FBD1FFF7BFFFFFF7A7FFF7
:10D48000C34A106840F480101060D06940F48010E6
:10D49000D0610220FFF77EFF9DF80100FFF77AFFC1
:10D4A0009DF80000FFF776FF9DF80400FFF772FF7C
:10D4B0009DF805301846FFF76DFF106840F48010A6
:10D4C0001060906940F480109061106840F4801002
:10D4D0001060906940F480109061FFF763FF184678
:10D4E0000CBD10B5AB4CB4F900000A2801DA401CA1
:10D4F0002080B4F9020045F2AA5188420BD020885E
:10D50000032802D10220FFF7B1FF2088042802D1AE
:10D51000A1490120087010BD2DE90140FFF787FFE8
:10D52000C007FBD1FFF753FF994A106840F4801001
:10D530001060D06940F48010D0610320FFF72AFF0B
:10D540009DF80100FFF726FF9DF80000FFF722FF7E
:10D55000FF20FFF71FFF0346FF20FFF71BFF03EB32
:10D560000023106840F480101060906940F480102F
:10D570009061106840F480101060906940F4801051
:10D580009061FFF70FFF184608BD00B50220FFF7B6
:10D59000C3FF804948800020088000BD7B480168A7
:10D5A00041F040410160416821F003014160416860
:10D5B00041F00C014160416841F030014160724826
:10D5C0002021C16038210160704701B5FFF72FFFAE
:10D5D000C007FBD1FFF7FBFE6D4A106840F48010D6
:10D5E0001060D06940F48010D061106840F4801061
:10D5F0001060D06940F48010D0610320FFF7CAFEAC
:10D600009DF80100FFF7C6FE9DF80000FFF7C2FE7F
:10D61000FF20FFF7BFFE0346106840F48010106043
:10D62000906940F480109061106840F480101060A0
:10D63000906940F480109061FFF7B4FE184608BD71
:10D640002DE93140FFF7F3FEC007FBD1FFF7BFFE26
:10D650004F4A106840F480101060D06940F4801088
:10D66000D0610320FFF796FE9DF80100FFF792FEC0
:10D670009DF80000FFF78EFEFF20FFF78BFE0346AC
:10D68000FF20FFF787FE0446FF20FFF783FE0546D5
:10D69000FF20FFF77FFE05EB002004EB002003EBEB
:10D6A0000023106840F480101060906940F48010EE
:10D6B0009061106840F480101060906940F4801010
:10D6C0009061FFF76FFE184638BD13B54FEA0104AD
:10D6D000FFF7ADFEC007FBD1FFF779FE2C4A1068BB
:10D6E00040F480101060D06940F48010D0610320B5
:10D6F000FFF750FE9DF80100FFF74CFE9DF800007B
:10D70000FFF748FEFF20FFF745FE2070FF20FFF7E0
:10D7100041FE6070FF20FFF73DFEA070FF20FFF785
:10D7200039FEE070106840F480101060906940F499
:10D7300080109061106840F480101060906940F48F
:10D7400080109061BDE81C402CE677B50D4616466A
:10D75000FFF76DFEC007FBD1FFF739FE0C4B1868D1
:10D7600040F480101860D86940F48010D86103201C
:10D77000FFF710FE9DF80100FFF70CFE9DF800007A
:10D78000FFF708FE002410E00000024000C0024045
:10D7900000C009203E35001023C00720FF20FFF7FE
:10D7A000F9FD641C05F8010BE4B2B442F6D3186825
:10D7B00040F480101860986940F4801098611868EF
:10D7C00040F480101860986940F480109861BDE8BA
:10D7D0007E40E7E513B50C46FFF729FEC007FBD1F5
:10D7E000FFF70BFEFFF7F3FD574A106840F4801077
:10D7F0001060D06940F48010D0610220FFF7CAFDAC
:10D800009DF80100FFF7C6FD9DF80000FFF7C2FD7F
:10D810002046FFF7BFFD0346106840F480101060FB
:10D82000906940F480109061106840F4801010609E
:10D83000906940F480109061FFF7B4FD18461CBD5C
:10D840002DE90340FFF7F3FDC007FBD1FFF7D5FD3E
:10D85000FFF7BDFD3C4A106840F480101060D069AD
:10D8600040F48010D0610220FFF794FD9DF8010084
:10D87000FFF790FD9DF80000FFF78CFD9DF8040078
:10D88000FFF788FD9DF80500FFF784FD9DF8060071
:10D89000FFF780FD9DF807301846FFF77BFD106805
:10D8A00040F480101060906940F48010906110681E
:10D8B00040F480101060906940F480109061FFF790
:10D8C00071FD18460CBD13B54FEA0104FFF7AFFD1B
:10D8D000C007FBD1FFF791FDFFF779FD1A4A1068E9
:10D8E00040F480101060D06940F48010D0610220B4
:10D8F000FFF750FD9DF80100FFF74CFD9DF800007B
:10D90000FFF748FD2078FFF745FD6078FFF742FDFF
:10D91000A078FFF73FFDE3781846FFF73BFD10685E
:10D9200040F480101060906940F48010906110689D
:10D9300040F480101060906940F480109061FFF70F
:10D9400031FD18461CBD000000C009202DE9F84F2C
:10D95000E7F769FFFF4BDFF800A40020C1018E4606
:10D9600000247A21414300910099002501EBC40174
:10D9700009B28B460EEB051121440EB200219955D8
:10D98000DFF8D8C3594607221AF80170B946FF07D5
:10D9900005D09F5D1CF8028047EA08079F554FEAB3
:10D9A00059080AF80180491C521E52B209B2002AD5
:10D9B000EADA6D1CEDB2082DDCD3641C64B20F2CC6
:10D9C000D2DB401CC0B20428C8D3BDE8F88FE449BC
:10D9D0000A6842F480720A608A6942F480728A613D
:10D9E00000EB4000800000E0401E0028FCD1C86928
:10D9F00040F48070C8617047D9490A6842F4807267
:10DA00000A608A6942F480728A6142F6E062504399
:10DA100000E0401E0028FCD1C86940F48070C86155
:10DA20007047CF48016A21F07F510162816B41F458
:10DA30000011816300BF00BF00BF00BF00BF00BF77
:10DA400000BF00BF00BF00BFC16B41F48021C163B4
:10DA500000BF00BF00BF00BF00BF00BF00BF00BFCE
:10DA600000BF00BF816B41F4002181634FF00C01C6
:10DA7000491EFDD1416B8900FCD47047B84A00B5FE
:10DA80000346106A40F440201062106A40F400100F
:10DA90001062FFF7C6FF00BF00BF00BF00BF00BF9E
:10DAA00000BF00BF00BF00BF00BF906B40F48020EC
:10DAB000906300BF00BF00BF00BF00BF00BF00BF3A
:10DAC00000BF00BF00BFD06B40F40010D06300BFA8
:10DAD00000BF00BF00BF00BF00BF00BF00BF00BF4E
:10DAE00000BF106A40F07F501062906B40EA835094
:10DAF0009063D06B6FEA0301C9B240EA8150D063F2
:10DB000000BF00BF00BF00BF00BF00BF00BF00BF1D
:10DB100000BF00BFD06B40F40020D06300BF00BF47
:10DB200000BF00BF00BF00BF00BF00BF00BF00BFFD
:10DB3000184600BD8A4A00B50346106A40F430100A
:10DB40001062FFF76EFF00BF00BF00BF00BF00BF45
:10DB500000BF00BF00BF00BF00BFD06B40F48020FB
:10DB6000D06300BF00BF00BF00BF00BF00BF00BF49
:10DB700000BF00BF00BFD06B40F40010D06300BFF7
:10DB800000BF00BF00BF00BF00BF00BF00BF00BF9D
:10DB900000BF106A40F07F501062906B40EA8350E3
:10DBA0009063D06B6FEA0301C9B240EA8150D06341
:10DBB00000BF00BF00BF00BF00BF00BF00BF00BF6D
:10DBC00000BF00BFD06B40F40020D06300BF00BF97
:10DBD00000BF00BF00BF00BF00BF00BF00BF00BF4D
:10DBE00000BD30B55FF0000404F18000C0B2FFF763
:10DBF000A1FF8020FFF79EFF00250020FFF73EFFDA
:10DC00000020FFF73BFF6D1CEDB2082DF5D3641C1F
:10DC1000E4B2202CE8D330BD70B55248401EFDD18F
:10DC20004F48016A41F07F510162016A41F470116D
:10DC30000162016841F0C0410160C16941F0804169
:10DC4000C1614FF416742146491EFDD1816941F02E
:10DC5000804181612046401EFDD13F20FFF76AFFD1
:10DC60004FF4E16635466D1EFDD13F20FFF762FFA0
:10DC7000641EFDD10C20FFF75DFF761EFDD170BD47
:10DC800000B5FFF7C9FF5DF804EBAAE72DE9F04105
:10DC9000FFF75CFE3448017809B1002100E0012162
:10DCA000002601704FEA060404F18000C0B2FFF7BD
:10DCB00041FF8020FFF73EFF0025264F00E015B909
:10DCC0000120FFF784FEB85D761C36B2FFF7D6FE62
:10DCD0006D1CEDB2102DF2D3641CE4B2202CE3D302
:10DCE000BDE8F08110B51F48401EFDD11FA325A23D
:10DCF0002AA130A0E3F72FFB00227B212320E2F7AB
:10DD0000E4FCBDE810400020C0E71548016A21F09E
:10DD10007F510162816B41F40011816300BF00BF3C
:10DD200000BF00BF00BF00BF00BF00BF00BF00BFFB
:10DD3000C16B41F48021C16300BF00BF00BF00BFC1
:10DD400000BF00BF00BF00BF00BF00BF816B41F438
:10DD500080113BE0DC600010085C00101A5D0200DE
:10DD600000C00920804F12004235001035362020B7
:10DD7000C8EDE8F6E8E0EBE8E7E0F6E8FF20203859
:10DD80000000000035202020EDE520EFEEE4EAEB76
:10DD9000FEF7E5EDE02020360000000033202020D3
:10DDA00020C1E0F2E0F0E5FF20B92320202020345C
:10DDB0000000000031202020202020C0C2C0D0C898
:10DDC000DF21202020202032000000008163416BF1
:10DDD0008900FCD47047A94A00B50346106A40F494
:10DDE00080201062106A40F440101062FFF78DFF2F
:10DDF00000BF00BF00BF00BF00BF00BF00BF00BF2B
:10DE000000BF00BFD06B40F48020D06300BF00BFD4
:10DE100000BF00BF00BF00BF00BF00BF00BF00BF0A
:10DE2000D06B40F40010D06300BF00BF00BF00BF44
:10DE300000BF00BF00BF00BF00BF00BF106A40F0BE
:10DE40007F501062906B40EA83509063D06B6FEA12
:10DE50000301C9B240EA8150D06300BF00BF00BFD8
:10DE600000BF00BF00BF00BF00BF00BF00BFD06B3E
:10DE700040F48010D06300BF00BF00BF00BF00BFF0
:10DE800000BF00BF00BF00BF00BF00BD7B4A00B5A0
:10DE90000346106A40F480201062106A40F440107B
:10DEA0001062FFF732FF00BF00BF00BF00BF00BF1E
:10DEB00000BF00BF00BF00BF00BF906B40F48020D8
:10DEC000906300BF00BF00BF00BF00BF00BF00BF26
:10DED00000BF00BF00BFD06B40F40010D06300BF94
:10DEE00000BF00BF00BF00BF00BF00BF00BF00BF3A
:10DEF00000BF106A40F07F501062906B40EA835080
:10DF00009063D06B6FEA0301C9B240EA8150D063DD
:10DF100000BF00BF00BF00BF00BF00BF00BF00BF09
:10DF200000BF00BFD06B40F48010D06300BF00BFC3
:10DF300000BF00BF00BF00BF00BF00BF00BF00BFE9
:10DF400000BD40F0B800F5E5F4E540F0C000F1E5B3
:10DF50004A484FF48021C1634FF4001181634FF4AC
:10DF60000021816300BF00BF00BF00BF426B920071
:10DF7000F9D4C16370474FF0000000BF401C00B2ED
:10DF80006428FADB704730B50346FFF7E1FF3B49F1
:10DF90004FF400108863C210CA6382108A63441071
:10DFA0008C638D6B45EA83558D63CD6BDB43DBB2B0
:10DFB00045EA8353CB63CA63CC63C86330BD304842
:10DFC000416821F040514160816821F03001816059
:10DFD000816821F0C0018160816821F44071816015
:10DFE000816821F440618160416821F440514160C1
:10DFF000416821F440414160416821F44031416071
:10E00000416821F440214160416821F440114160A0
:10E01000416821F440014160416821F04071416054
:10E02000416821F0406141601448016A154A11437A
:10E030000162016841F4701101600021C26B42F07D
:10E040008042C263491C0A29F8DB4FF000014FF4FB
:10E05000FA7200BF491C9142FBDB00214CF25032A6
:10E06000836B43F080438363491C9142F8DBE220D9
:10E0700089E7AF205EE5AE205CE5000000C0092026
:10E0800000C002400000C07F30B5FF4B0122FF4CB2
:10E09000587800F01F011878491D04E09D5C205C51
:10E0A0006840521CD2B28A42F8D3002800D1FF2027
:10E0B00030BD30B5F44B0122F54C587800F01F010B
:10E0C0001878491D04E09D5C205C6840521CD2B267
:10E0D0008A42F8D3002800D1FF2030BDEA4B30B58A
:10E0E000283301225878E94C00F01F011878491DA7
:10E0F00004E09D5C205C6840521CD2B28A42F8D396
:10E10000002800D1FF2030BDDF4B30B5283301227D
:10E110005878DF4C00F01F011878491D04E09D5C21
:10E12000205C6840521CD2B28A42F8D3002800D149
:10E13000FF2030BD2DE9F04FDFF858A3D64D002663
:10E14000BAF9102005F5807B531C1BB2994605F5E2
:10E15000C07E4FF09E0C0EEB82030BEB820408296D
:10E1600024D84FF4702707EA014145F8221005F141
:10E170008001D04641F822C007780BF82270417820
:10E1800061708178A170C178E17004790EF8224045
:10E190004179597081799970C079D870A8F8109038
:10E1A000B9F1080F01DBAAF8106099E14FF40027DC
:10E1B000102956D8DFF8E0C245F822709E270CF1EE
:10E1C000800CB9F1080F4CF8227090F800800BF821
:10E1D000228090F8018084F8018090F8028084F811
:10E1E000028090F8038084F8038090F804800EF891
:10E1F000228042795A7082799A70C279DA705F46C9
:10E2000074465346AAF8109000DB1E8208394FF47A
:10E21000702202EA0142BAF910100BEB810345F8B3
:10E2200021209E224CF82120027A07F82120427AF0
:10E230005A70827A9A70C27ADA70027B04F82120CE
:10E240000EEB8102437B5370837B9370C07BD07055
:10E25000491C08B25146AAF810000828A5DB0E8216
:10E260003EE118297ED8DFF8308245F8227008F1A7
:10E2700080084FF09E0C48F822C090F800800BF800
:10E28000228090F801C084F801C090F802C084F8A0
:10E2900002C090F803C084F803C090F804C00EF8E0
:10E2A00022C042795A7082799A70C279DA707446C3
:10E2B0005346AAF81090B9F1080F00DB1E82BAF994
:10E2C0001020DFF8D4910BEB820345F8227009F19E
:10E2D00080099E2749F8227090F808C00BF822C0E8
:10E2E00090F809C083F801C090F80AC083F802C012
:10E2F00090F80BC083F803C0037B04F8223004EBD2
:10E30000820C437B8CF80130837B8CF80230C37B1A
:10E31000521CD0468CF8033012B24346A8F81020A5
:10E32000082A00DB1E8210394FF4702202EA0143F2
:10E33000B8F91010424645F8213049F82170077CA1
:10E340000BF821700BEB8103477C5F70877C9F701B
:10E35000C77CDF70037D04F821300EEB8104437D20
:10E36000637000E007E0837DA370C07DE070491C0E
:10E3700008B21082B0E020297DD8DFF81C8145F872
:10E38000227008F180084FF09E0C48F822C090F8E7
:10E3900000800BF8228090F801C084F801C090F84A
:10E3A00002C084F802C090F803C084F803C090F85B
:10E3B00004C00EF822C042795A7082799A70C279EC
:10E3C000DA705346AAF81090B9F1080F00DB1E82EC
:10E3D000BAF91020304B4FF09E0C803345F8227074
:10E3E00043F822C0047A0BF822400BEB8203447AF4
:10E3F0005C70847A9C70C47ADC70047B0EF82240D6
:10E400000EEB8203447B5C70847B9C70C47B521C4B
:10E41000D046DC7012B2D9464346A8F81020082A2C
:10E4200000DB1E82B8F910201B4B45F822708033A8
:10E430000EEB820743F822C0047C09F8224009EB66
:10E440008203447C5C70847C9C70C47CDC70047DA2
:10E450000EF82240447D7C70847DBC70C47D521CCB
:10E46000FC7012B273464446A8F81020082A00DB5C
:10E470002682183900E033E04FF4702202EA0142AC
:10E480004446B8F9101009E080650010225D0200D2
:10E49000225E0200B8E40720DC62001045F821206B
:10E4A000FF4A42F821C0077E09F8217009EB81027A
:10E4B000477E5770877E9770C77ED770027F03F8BC
:10E4C00021200EEB8103427F5A70827F9A70C07FB9
:10E4D000D870491C08B22082082801DBA8F8106017
:10E4E0009AF800105046002919D0B0F91210ED4AE0
:10E4F00055F821301363EA4B53F8213053635BF82E
:10E50000213093635EF82130D36321235360491C8B
:10E5100009B24182082900DB46828AF80060BDE822
:10E52000F08F2DE9F04FDFF880A3E04D00269AF838
:10E53000032005F1400B531CDBB2994605F1600E38
:10E540004FF09E0C0EEB82030BEB8204082924D8BB
:10E550004FF4702707EA014145F8221005F1200128
:10E56000D04641F822C007780BF8227041786170DC
:10E570008178A170C178E17004790EF82240417968
:10E58000597081799970C079D87088F80390B9F181
:10E59000080F01D38AF8036098E14FF4002710298F
:10E5A00056D8DFF808C345F822709E270CF1200CDE
:10E5B000B9F1080F4CF8227090F800800BF8228017
:10E5C00090F8018084F8018090F8028084F802803D
:10E5D00090F8038084F8038090F804800EF822807D
:10E5E00042795A7082799A70C279DA705F467446BD
:10E5F00053468AF8039000D3DE7008394FF4702236
:10E6000002EA01429AF803100BEB810345F821203E
:10E610009E224CF82120027A07F82120427A5A7073
:10E62000827A9A70C27ADA70027B04F821200EEBAB
:10E630008102437B5370837B9370C07BD070491CF5
:10E64000C8B251468AF803000828A5D3CE703DE130
:10E6500018297ED8DFF8548245F8227008F1200886
:10E660004FF09E0C48F822C090F800800BF82280F2
:10E6700090F801C084F801C090F802C084F802C08C
:10E6800090F803C084F803C090F804C00EF822C0CC
:10E6900042795A7082799A70C279DA707446534618
:10E6A0008AF80390B9F1080F00D3DE709AF80320BE
:10E6B000DFF8F8910BEB820345F8227009F120098D
:10E6C0009E2749F8227090F808C00BF822C090F8F5
:10E6D00009C083F801C090F80AC083F802C090F81E
:10E6E0000BC083F803C0037B04F8223004EB820CD8
:10E6F000437B8CF80130837B8CF80230C37B521C47
:10E70000D0468CF80330D2B2434688F80320082A5A
:10E7100000D3DE7010394FF4702202EA014398F8FA
:10E720000310424645F8213049F82170077C0BF868
:10E7300021700BEB8103477C5F70877C9F70C77CE7
:10E74000DF70037D04F821300EEB8104437D63709C
:10E7500000E007E0837DA370C07DE070491CC8B273
:10E76000D070AFE020297DD8DFF8408145F82270D5
:10E7700008F120084FF09E0C48F822C090F8008065
:10E780000BF8228090F801C084F801C090F802C014
:10E7900084F802C090F803C084F803C090F804C065
:10E7A0000EF822C042795A7082799A70C279DA7072
:10E7B00053468AF80390B9F1080F00D3DE709AF837
:10E7C00003203A4B4FF09E0C203345F8227043F85B
:10E7D00022C0047A0BF822400BEB8203447A5C706F
:10E7E000847A9C70C47ADC70047B0EF822400EEBB5
:10E7F0008203447B5C70847B9C70C47B521CD0463B
:10E80000DC70D2B2D946434688F80320082A00D3E8
:10E81000DE7098F80320254B45F8227020330EEB6C
:10E82000820743F822C0047C09F8224009EB8203E6
:10E83000447C5C70847C9C70C47CDC70047D0EF82D
:10E840002240447D7C70847DBC70C47D521CFC7071
:10E85000D2B27346444688F80320082A00D3E670F3
:10E86000183900E032E04FF4702202EA014298F8D1
:10E870000310444645F821200C4A203242F821C0BA
:10E88000077E09F8217009EB8102477E5770877E69
:10E890009770C77ED770027F03F82120427F07E080
:10E8A0005C63001000400440B8E40720DC64001002
:10E8B0000EEB8103491C5A70827F9A70C07FD8701A
:10E8C000C8B2E070082801D388F803609AF80110F4
:10E8D0005046002918D0017955F82130FF4A1363BA
:10E8E000FF4B53F8213053635BF8213093635EF89C
:10E8F0002130D36321235360491CC9B20171082917
:10E9000000D306718AF8016009E670B50022072479
:10E9100020E000BFB2FBF4F56B18A5EBC50515446C
:10E92000DBB215F0FF0F01D10025C554C55C6D06A3
:10E930002D0EC554865CF60702D045F0010501E0B6
:10E9400005F0FE05C554835C5B0843F080038354E7
:10E95000521CD2B28A42DDD3B1FBF4F20A44521CFB
:10E9600005E0435C43F080034354491CC9B28A422A
:10E97000F7D870BD2DE9F04F09ACDA4FB4E8004D7F
:10E98000D94C4FF4002607F18009B4F910504FF02C
:10E990009E0C47F8256007F5807649F825C006F8F3
:10E9A000250006EB850041708270C37006F180007F
:10E9B00000EB850200F8258082F801A082F802B001
:10E9C00082F803E06D1C29B200222182202900DB9D
:10E9D00022822178002917D0B4F91210C34B57F8BE
:10E9E00021501D6359F821505D6356F821509D63F5
:10E9F00050F82100D86321205860491C08B2608279
:10EA0000202800DB6282227089E52DE9F04F09ACF5
:10EA1000B34FB4E8004DB44C203F4FF40026E578E6
:10EA2000DFF8BC924FF4C77C47F8256007F1400639
:10EA300049F825C006F8250006EB85004170827074
:10EA4000C37006F1200000EB850200F8258082F8F3
:10EA500001A082F802B082F803E06D1CE9B2002246
:10EA6000E170082900D3E2706178002916D021797D
:10EA70009A4B57F821501D6359F821505D6356F8A1
:10EA800021509D6350F82100D86321205860491C13
:10EA9000C8B22071082800D3227162703FE5904807
:10EAA000843000F12801C2788A708278CA700279B5
:10EAB000130943EA02120A714079020942EA00107E
:10EAC000487170472DE9F84FDFF81CA29AF806004C
:10EAD00000287ED0DFF808C20CF1DE0C9CF80100A3
:10EAE000401C8CF80100ACF15A000178302970D13B
:10EAF000ACF13209A9F12803407819795A79012437
:10EB000003259B7900F0A0064FF00E0B4FF0020892
:10EB1000B4EB901F07D1BBEB111F04D1B8EB121F50
:10EB200001D1012B1FD0B4EB901F07D1BBEB111FFC
:10EB300004D1B8EB121F01D1B02B2CD0684E843613
:10EB4000777807F0A0070E3707F0FF0CF779B4EBE2
:10EB5000901F7FD1BBEB111F7CD1B8EB121F79D175
:10EB6000B12B75D076E0302089F80000361D4F4675
:10EB700089F80160FFF793FFBC71FD7105203872C1
:10EB8000FFF7ACFA7872FFF7BFFAB8720B208AF879
:10EB900008000146B9E29CF802000D36401C8CF8D2
:10EBA0000200302089F800004D4689F80160FFF727
:10EBB00076FFB020A8714E48B0F90000FE2800DBB7
:10EBC000FF20E8714B48B0F90000B0F5C87F03DAC8
:10EBD00000E03BE22C7208E040F28E21884201DD29
:10EBE000FF2001E0A0F28F10287243482C460178E4
:10EBF00069724078A87241480178E97240494078CA
:10EC000028730988CC2001F0030140EA01106873E1
:10EC10008020A8733B480068C00701D08120A07302
:10EC20003948008818B1A07B40F04000A07319203B
:10EC3000E0730A21A81DFFF768FEFFF74FFAA074E2
:10EC4000FFF762FAE07414218AF808105DE2FFE72A
:10EC5000012F0BD0B4EB901F78D1BBEB111F75D1F6
:10EC6000B8EB121F72D1B12B6ED06FE0302089F853
:10EC700000004D4689F801C0FFF711FFB120A871CF
:10EC80002248EC710078552801D0FF2006E020488A
:10EC900090F83D0008B1F72000E0F02028721D48F0
:10ECA0000078012846D0022846D0F0206872184823
:10ECB0000A212C46B0F9082092FBF1F342F21072BF
:10ECC0001A44ADF800208278AA72C278EA729DF8E0
:10ECD00000202A739DF801206A731DE00080044023
:10ECE000FC640010DC620010B8E40720004004401F
:10ECF0002AC1072032C1072022C1072024C10720D2
:10ED0000A4C00720780000106CC30720B8C00720FB
:10ED1000383C0010160000104289AA73008AE8737C
:10ED2000FE48B0F90000A0F5AA42553A06D1FC48C9
:10ED3000008805E0F920B9E7F820B7E790FBF1F08B
:10ED400020740B21A81D62E0022F11D0F54E7678B9
:10ED500006F0A0060B36F6B2B4EB901F66D1BBEB03
:10ED6000111F63D1B8EB121F60D1B22B5CD05DE0F4
:10ED7000302089F800004C4689F801C0FFF78FFE6B
:10ED8000B120A071E84884F807804078552801D068
:10ED9000FF2006E0E54890F8890008B1F72000E080
:10EDA000F0202072E2480078012827D0022827D0DE
:10EDB000F0206072DD480A214E30B0F9062092FB47
:10EDC000F1F342F210721A44ADF800200278A272F8
:10EDD0004278E2729DF8002022739DF80120627350
:10EDE0000289A273C089E073CC48B0F90200A0F593
:10EDF000AA42553A06D1CA48408805E0F920D8E72A
:10EE0000F820D6E790FBF1F020740B21A01DFFF74E
:10EE10007CFDFFF763F9E074FFF776F920751520A4
:10EE20008AF80800014670E1012F0BD0B4EB901F67
:10EE300020D1BBEB111F1DD1B8EB121F1AD1B22B81
:10EE400016D017E0302089F800004D4689F801609F
:10EE5000FFF725FEB220A871EC710821A81DFFF76D
:10EE600054FDFFF73BF92874FFF74EF968741AE078
:10EE7000022F0BD0B4EB901F1CD1BBEB111F19D18B
:10EE8000B8EB121F16D1B22B12D013E0302089F844
:10EE900000004C4689F80160FFF701FEB220A07126
:10EEA00084F8078039E012208AF8080001462CE136
:10EEB000032F0CD00124B4EB901F16D1BBEB111F14
:10EEC00013D1B8EB121F10D1B22B0CD00DE03020B3
:10EED00089F800004C4689F80160FFF7E0FDB22098
:10EEE000A071E57119E0042F0BD0B5EB501F2DD1A7
:10EEF000BBEB111F2AD1B8EB121F27D1032B17D060
:10EF000024E0302089F800004C4689F80160FFF7C2
:10EF1000C6FDB220A0710420E0710821A01DFFF7FA
:10EF2000F4FCFFF7DBF82074FFF7EEF86074BAE743
:10EF300067B1192F0AD2302089F8000023204C46EF
:10EF400089F80100FFF7ABFDA5714CE0784CB5EBFB
:10EF5000501F247807D1BBEB111F04D1B8EB121F4F
:10EF600001D1082B0BD0B5EB501F1AD1BBEB111FF1
:10EF700017D1B8EB121F14D1042B10D011E06C483C
:10EF8000022C01D100210170302089F800002220DC
:10EF90004C4689F80100FFF782FD0820AAE0012F06
:10EFA0000BD0B5EB501F30D1BBEB111F2DD1B8EBFF
:10EFB000121F2AD1042B26D027E00020E2F79AFA6C
:10EFC0005C48007864281CD05FF0010089F80700D5
:10EFD000302089F8000023204C4689F80100FFF713
:10EFE0005EFD0420A071012084F80700FFF776F889
:10EFF0002072FFF789F860720A208AF8080001463B
:10F0000083E0FF20E2E7022F21D0B5EB501F07D1AC
:10F01000BBEB111F04D1B8EB121F01D1072B31D06C
:10F02000B5EB501F07D1BBEB111F04D1B8EB121F7A
:10F0300001D10A2B36D0B5EB501F6AD1BBEB111FA3
:10F0400067D1B8EB121F64D10B2B43D061E00120D4
:10F05000E2F750FA37480078642811D05FF00100D9
:10F0600089F80700302089F8000023204C4689F8F1
:10F070000100FFF714FD0420A07184F80780B5E7B4
:10F08000FF20EDE72A48012C01D10021017030203A
:10F0900089F8000022204C4689F80100FFF7FFFCA8
:10F0A000072027E0244801210180CA20FEF7DEF96D
:10F0B000302089F8000022204C4689F80100FFF733
:10F0C000EEFC0A20A071FFF709F8E071FFF71CF8C9
:10F0D000207219E0184800210180CA20FEF7C6F905
:10F0E000302089F8000022204C4689F80100FFF703
:10F0F000D6FC0B20A071FEF7F1FFE071FFF704F8DA
:10F10000207209208AF80800092106482830FFF7F4
:10F1100008FA00208AF80600BDE8F88F78C10720B9
:10F1200070C1072080650010B8C00720383C00106F
:10F1300016000010190000106CC307202DE9F047DD
:10F14000F7490024A1F150094878F74D401C487058
:10F15000F44999F8000091F90220904215D199F8EC
:10F1600001204846912A10D18278DD2A22D199F8CF
:10F170000300DD28FAD148780628F7D10A230022B7
:10F18000D921D720E4F7C8FEAC7099F80120E74EEA
:10F19000E74BDFF8A0C3012049464FF00A08DD2AFB
:10F1A00009D0DE2A29D0DA2A4ED0E34BD82A7ED0E5
:10F1B000D92A7DD004E10A7802F03F02142AF9D35B
:10F1C000B6F900601436B242F4DA1B78D21AD2B221
:10F1D000C2EB021606EB42128B780CF822300CEBD5
:10F1E0008202CB7853700B7993704B79D3708B7903
:10F1F000137199F8071051711FE00A7802F03F026D
:10F20000142AD7D3B6F900601436B242D2DA1B788A
:10F21000D21AD2B2C2EB021606EB42120CEB8202F9
:10F220008B789371CB78D3710B7913724B795372BE
:10F230008B79937299F80710D172D47582F8338064
:10F2400082F84C00AC70BBE099F8001001F03F026E
:10F25000142A2BD3B6F9006049461436B24225DA97
:10F260001B788E78D31ADBB2C3EB031707EB431777
:10F270000CEB87031E73CE785E730E799E734E7906
:10F28000DE738E791E7499F807105974DC7583F853
:10F29000338083F84C00502E07D883F86A606B23C4
:10F2A00006EB0C0003EB8703C154AC7001E012E0E5
:10F2B0004FE048463D2A0DD101794A079F4905D4C0
:10F2C00099F9050000F5FA70088000E00C809C496F
:10F2D0001420088074E00A7802F03F063D2E19D011
:10F2E0003E2E17D03F2E15D0DE758A78CE7802EBF1
:10F2F00006221A800A794E7912EB06225A608E791C
:10F3000099F8071006EB012159809C75187657D59E
:10F310005C6055E0C6EBC60203EB8202A2F2AC626F
:10F32000D6758B78CE7803EB062313800B794E7954
:10F3300013EB062353608E7999F8071006EB012131
:10F34000518094751076A2F6541239D5C2F85849F6
:10F3500036E00A7802F03F08C446B8F13D0F37D0D6
:10F36000BCF13E0F34D0BCF13F0F31D08A781A7512
:10F37000CA785A750A794E7902EB06221A818A797F
:10F38000CE7902EB06225A819C751876B8F13D0FB2
:10F3900035D0B8F13E0F32D0B8F13F0F2FD08A7878
:10F3A0001A75CA785A750A794E7902EB06221A81C3
:10F3B0008A7999F8071002EB012159819C7518761A
:10F3C00099F80010484601F01F0108292FD043E0AA
:10F3D000C8EBC80203EB8202A2F2A4628E78167315
:10F3E000CE7856730E794F7906EB072616808E7904
:10F3F000CF7906EB0726568094731074C6E7CCEBE2
:10F40000CC0203EB8202A2F2A4628E781673CB7850
:10F4100053730B794E7903EB062313808B7999F89C
:10F42000071003EB0121518094731074C8E74278F0
:10F43000DE2A11D1434A4388434E13808388538088
:10F44000C38893803233962B03D8938833803F4B05
:10F450001C7092883280AC7009290DD14278DE2A66
:10F460000AD13B4B82781A803A4BC2781A700A2A2A
:10F4700001D2394A1470AC700A290AD14178DE29C8
:10F4800007D1364A418811803549D9F8040008600F
:10F49000AC70EC71BDE8F08770B52148314C743820
:10F4A0000188491C0180216A2F4A114235D14188C7
:10F4B000491C4180206A226AC0F3090000EB400128
:10F4C0001748683800EB8101284B1A40284B1A4333
:10F4D000636AC3F30A031343A26A4A60E26A8A605A
:10F4E00043F040720A604168CAB20F49302A09D01D
:10F4F0004A79521C4A7102C8094BC1F303420021E8
:10F50000503B06E00022F5E710F8015B5D54491C12
:10F51000C9B29142F8D3FFF711FE0420606070BDBC
:10F52000D065001094C10720B8E40720A6C00720CA
:10F5300021C00720D03C0010A85B0010040100107F
:10F54000C4C30720E0C1072042C1072052C00720E2
:10F55000F4000010B2C307209200001044C107203D
:10F5600090C1072000400440000400C000000FC00C
:10F57000002000012DE9F041EE4C206AEE490842DE
:10F580007ED1206AED49C0F3090000EB4000A26A79
:10F5900001EB8003EA4D01F18600E97A4254491CEF
:10F5A000A26AC9B2120A4254491CA26AC9B2120C18
:10F5B0004254491CA26AC9B2120E4254491CE26A62
:10F5C000C9B24254491CE26AC9B2120A4254491CE7
:10F5D000E26AC9B2120C4254491CE26AC9B2120E64
:10F5E0004254491CE972216AD6480140D648014379
:10F5F000606AC0F30A000843A16A5960E16A40F0FA
:10F60000407099601860A06ACC4EC0B2183630289D
:10F6100008D06879401C10F0FF00687104D0012800
:10F6200019D030E000206871A06A3070A06A000A2A
:10F630007070A06A000CB070A06A000EF070E06AF2
:10F640003071E06A000A7071E06A000CB071E06A23
:10F65000000EF07117E0A06A3072A06A000A7072A2
:10F66000A06A000CB072A06A000EF072E06A3073FB
:10F67000E06A000A7073E06A000CB073E06A00E0B0
:10F6800016E0000EF073707800F01F073F1DFEF7C4
:10F69000FBFC3E44717888420AD1FEF70AFDB1783E
:10F6A000884205D1687918B10120A871FFF70AFADC
:10F6B00004206060BDE8F081A14A507A401C50727D
:10F6C0009E480C384189491C4181B2F91030B2F989
:10F6D00012009E4983421BD09D4B53F820300B6390
:10F6E0009B4B803353F820304B639A4B53F82030B8
:10F6F0008B63984B803353F82030CB6321234B60CE
:10F70000401C00B25082082804DB0020508201E037
:10F7100001201070C8687047894A8649908B401C48
:10F720009083D378107983421DD0844B8C3B53F85F
:10F7300020300B63814B6C3B53F820304B637F4B85
:10F740004C3B53F820308B637C4B2C3B53F82030E0
:10F75000CB6321234B60401CC0B21071082804D336
:10F760000020107101E001205070C86870477A498C
:10F7700010B50A6842F400520A6078490A6822F01B
:10F780000F020A600A6842F005020A606C4A4FF0F4
:10F790000001D181724B4FF001021A606B4C226064
:10F7A0002161A160606121604FF0190000F0B6F89E
:10F7B00003202061012010BD674910B50A6842F49A
:10F7C00080420A6065498A6822F470328A600A6958
:10F7D00042F4A0320A615A4A4FF00001D181604BD5
:10F7E0004FF001021A60534C22602161A1606061F8
:10F7F00021604FF0190000F091F8032020610120F2
:10F8000010BDF0B5564C012222604D4BDD894B4AAC
:10F8100015B943F2FF751560B3F90E50022D01DBE7
:10F820000020F0BDC1F30A0141EA4035002007E0A5
:10F8300000EB400152F8211089B2A94204D8401CC3
:10F84000B3F90E108842F3D300EB400652F82610AD
:10F8500042F82650DD896D1CDD8107E0401C00EB7D
:10F86000400652F8265042F826102946B3F90E50A9
:10F87000A842F3D3002060603A4D01460DE000BF7E
:10F8800001EB410752F8376002EBC707FF68001D24
:10F89000BFB207EB064640C5491CB3F90E60761CA3
:10F8A00006EBD676B1EB660FEAD3A060E06020618C
:10F8B0006061002020600120F0BD244810B5C068C0
:10F8C0001F4C2062206AC00705D0FFF7E5FDA08A23
:10F8D00000F10100A082206A800704D5FFF7ECFE4A
:10F8E000E08A401CE0821348C0682062207B401CF4
:10F8F0002073206AC00708D0FFF73CFE208B00F180
:10F90000010020834FF00000A072206A800704D518
:10F91000FFF702FF608B401C608310BD00F01F02E8
:10F920000121914040094FF0E02202EB8000C0F835
:10F930000011704700800440000400C0686500109A
:10F94000B8E4072000000FC0002000010040044080
:10F95000DC620010DC630010C4C00F4000C0024035
:10F9600000C003400080034030B503780122FF4C03
:10F9700006E000BF10F8015FE35C6B40521CD2B29E
:10F980008A42F7D3184630BD30B503780122F84CCF
:10F9900006E000BF10F8015FE35C6B40521CD2B27E
:10F9A0008A42F7D3184630BD30B5F2494FF480642F
:10F9B000CA89A242FDD032B9EF4B1D7D15F0600F10
:10F9C00001D0187030BDED4D4B89E8545B1C98B2E6
:10F9D0004881A04201D100204881521CCA8130BD1B
:10F9E000FFB509ADD0CD8DF800108DF801208DF850
:10F9F000023000258DF803408DF804608DF8057005
:10FA000029466C4603E0625C5540491CC9B28142FC
:10FA1000F9D380EA05012218205451700A210025EB
:10FA20009170C61C04E0605DFFF7BEFF6D1CEDB277
:10FA3000B542F8D3FFBD70B58FB0002213466C46B7
:10FA400004E0C55CE5546A405B1CDBB28B42F8D332
:10FA5000C8208DF80A00601861544A4042700A229A
:10FA600000258270CE1C04E0605DFFF79DFF6D1CD9
:10FA7000EDB2B542F8D30FB070BDF7B59AB00E46EF
:10FA800015466421684601F065FD1620FFF78CFFDE
:10FA90000A20FFF789FF9DF8680080F01C04FFF73B
:10FAA00083FF9DF869004440FFF77EFF9DF86A00E0
:10FAB0004440FFF779FF9DF86B004440FFF774FF67
:10FAC000002704E0F05D4440FFF76EFF7F1CAF426B
:10FAD000F8D3AD1DE8B24440FFF766FF2046FFF7BC
:10FAE00063FF0A20FFF760FF1DB0F0BD00B58FB0C7
:10FAF0001E216846FFF79FFF0FB000BD00B5A0486C
:10FB00008FB022210068ADF800009E480078ADF863
:10FB100002009D480088ADF804009C480088ADF8BC
:10FB200006009B480088ADF808009A480088ADF8A8
:10FB30000A0099480088ADF80C0098480088ADF894
:10FB40000E0097480088ADF810006846FFF773FF75
:10FB5000D2E700B58A488FB034210068ADF80000C4
:10FB600088480078ADF8020087480088ADF80400A6
:10FB700086480088ADF8060085480088ADF8080082
:10FB800084480088ADF80A0083480088ADF80C006E
:10FB900082480088ADF80E0081480088ADF810005A
:10FBA0006846FFF748FFA7E72DE9F0477F4A7D4EFB
:10FBB0007D4F12684FF00309930854084FF0830CEF
:10FBC0004FF00708D50820B1012828D00020BDE853
:10FBD000F087306820F0F0003060306840F050006E
:10FBE0003060D7F8A801C0F38110012808D002289E
:10FBF00003D0032803D01A4602E0224600E02A463A
:10FC00005D4E86F80CC01009B0FBF1F0010A3171AD
:10FC1000307086F80C9086F80880052024E0306962
:10FC200020F00F003061306940F00A003061D7F8F1
:10FC3000A801C0F30120012808D0022803D003281E
:10FC400003D01A4602E0224600E02A46584E86F8C3
:10FC50000CC01009B0FBF1F0010A3171307086F868
:10FC60000C9086F80880062000F0EFF9C6F80480B2
:10FC70000120ACE73F490A89002AFDD04D48CB88D6
:10FC8000C05C5B1C9BB2CB80B3F5806F01D10023BD
:10FC9000CB80521E0A8170472DE9F043DFF8D8C0AF
:10FCA000DCF80800DFF80C81C0F342043148002280
:10FCB0004FF4806981880B46491C8DB20189491C2B
:10FCC0008EB20121032C1CD0022C25D0062C33D05F
:10FCD000012C14D19CF814309B0632D50170C189D7
:10FCE00000290CD0491EC181244B81895B5C8CF8B2
:10FCF0000030491C89B28181494500D18281BDE82B
:10FD0000F0839CF8144014F09E0F03D004619CF81B
:10FD10000000F4E7E407F2D09CF8004008F8034044
:10FD2000417085804D4505D006814E45E7D1028161
:10FD30008170E4E78280F7E7016941F48071016135
:10FD4000DDE70270DBE7F0B51A4C7225643C6526EE
:10FD5000207889B072287DD1607865287BD1A07821
:10FD6000612878D1E078642875D125E0225D020011
:10FD7000225E02004435001000C00040666A001098
:10FD8000780000101600001022C1072024C10720AF
:10FD90002CC107202EC1072030C10720A0C3072097
:10FDA000DAC1072000C0024000C00F40B4E40720C1
:10FDB000000001406666001006212046FFF7D4FDD2
:10FDC000A17988425AD106212046FFF7DDFDE1796D
:10FDD000884253D12079617900EB012080B2ADF8DF
:10FDE00014000746FDF72CFC0790381DFDF728FC92
:10FDF00006908DF800508DF8016061208DF80200AA
:10FE000064208DF803009DF814008DF804009DF81F
:10FE100015008DF805009DF81C008DF806009DF872
:10FE20001D008DF807009DF81E008DF808009DF854
:10FE30001F008DF809009DF818008DF80A009DF844
:10FE400019008DF80B009DF81A008DF80C009DF834
:10FE50001B0001E012E07AE08DF80D000E216846EB
:10FE6000FFF782FD8DF80E000E216846FFF78CFD2E
:10FE70008DF80F0010216846FFF7DDFD2078772808
:10FE800065D16078722862D1A07869285FD1E07866
:10FE900074285CD12079652859D10F217148FFF76A
:10FEA00063FDE17B884252D10F216E48FFF76CFD64
:10FEB000217C88424BD16079A17900EB012087B287
:10FEC000ADF81870E0798DF81C00207A8DF81D00CF
:10FED000607A8DF81E00A07A8DF81F00E07A8DF808
:10FEE0002000207B8DF82100607B8DF82200A07B14
:10FEF0008DF8230038460799FDF7A2FC381D0899B4
:10FF0000FDF79EFC77208DF800008DF801506920E8
:10FF10008DF8020074208DF803008DF804609DF8C0
:10FF200018008DF805009DF819008DF806000721CE
:10FF30006846FFF719FD8DF8070007216846FFF7AF
:10FF400023FD8DF8080009216846FFF774FD09B00C
:10FF5000F0BD084400B2B0F5806F02DBA0F5806010
:10FF600000B2002802DA00F5806000B2704770B578
:10FF70003C4B064664330022985D0A281BD1911E33
:10FF80003046FFF7E6FF1D5C002408E0511B891E88
:10FF90003046FFF7DEFF185C4440521CD2B2AA4242
:10FFA000F4D94FF0FF313046FFF7D3FF185CA04281
:10FFB00001D1012070BD002070BD2DE9F0412A4C17
:10FFC0000025A07828B1A580E5802581A570BDE831
:10FFD000F08120890028FAD0A0884FF0FF32114626
:10FFE00000B2FFF7B6FF1F4F6437385C0A28EED126
:10FFF000A0886FF0020100B2FFF7ABFF3E5C642EF9
:020000040002F8
:10000000E5D2A088114600B2FFF7A3FFFFF7AFFFCC
:100010000028DCD0F01C4142A08800B2FFF799FF15
:10002000E08000220F4B08E0E088114600B2FFF7A5
:1000300090FF385C9854521CD2B2B242F4D3A088DC
:10004000E0802581BDE8F0417DE600F01F0201213E
:10005000914040094FF0E02202EB8000C0F800110F
:1000600070470000026600104435001010B5FDF71F
:1000700095FAE54C206840F002002060E06940F00D
:100080000200E061C020FDF785F9206840F0020021
:100090002060A06940F00200A06110BD70B5064666
:1000A0000D46FDF77BFAD84C206840F00200206036
:1000B000E06940F00200E0610220FDF76BF9304694
:1000C000FDF768F92846FDF765F9206840F0020061
:1000D0002060A06940F00200A061284670BD70B5A4
:1000E0000546FDF75BFAC84C206840F0020020602E
:1000F000E06940F00200E0617821491EFDD1032053
:10010000FDF748F92846FDF745F95520FDF742F976
:10011000216841F002012160A16941F00201A16161
:1001200070BD2DE9F04107460D461646FDF736FA3B
:10013000B54C206840F002002060E06940F0020009
:10014000E0610520FDF726F93846FDF723F928463A
:10015000FDF720F93046FDF71DF9206840F0020058
:100160002060A06940F00200A061BDE8F08110B5F8
:10017000FDF714FAA44C206840F002002060E0690A
:1001800040F00200E0610C20401EFDD1A020FDF7F0
:1001900001F95520FDF7FEF8216841F002012160C8
:1001A000A16941F00201A16110BD70B50446FDF7DF
:1001B000F5F9954D286840F002002860E86940F0A4
:1001C0000200E86124B1012C04D0022C04D004E028
:1001D000812402E0822400E084242046FDF7DAF83E
:1001E000286840F002002860A86940F00200A86179
:1001F00070BD10B5FFF73AFF0E20FFF770FF042126
:10020000B1EB501F04D08022E0210F20FFF789FFBF
:100210007820401EFDD1C0212A20FFF73FFFFE219C
:100220002920FFF73BFF03212820FFF737FF20217C
:100230006020FFF733FF20217020FFF72FFF734866
:10024000401EFDD1FF212020FFF728FFFF212120A4
:10025000FFF724FFFF210020FFF720FFFF210120EF
:10026000FFF71CFFFF210420FFF718FFFF210520E7
:10027000FFF714FFFF212420FFF710FFE0212520C6
:10028000FFF70CFF31210820FFF708FFC0210920EC
:10029000FFF704FF00211020FFF700FF00211120CD
:1002A000FFF7FCFE00211420FFF7F8FE00211520C7
:1002B000FFF7F4FE00211820FFF7F0FE00211920BF
:1002C000FFF7ECFE13215120FFF7E8FEC02152207A
:1002D000FFF7E4FE13214120FFF7E0FEC02142209A
:1002E000FFF7DCFE13213120FFF7D8FEC0213220BA
:1002F000FFF7D4FE0522E7210F20FFF712FF0621AA
:100300002B20FFF7CBFE4248401EFDD10021BDE867
:1003100010400C20C2E62DE9F04709AC0026B4E8F5
:1003200000073C4CDDF820C0E578082D00D3E670CE
:10033000394FE578785578196D1C0172027403768F
:1003400080F820C080F8288080F8309080F838A0AD
:10035000E8B2E070072800D9E670BDE8F08770B514
:10036000FFF705FF2B4C207060701C20FFF7B7FED5
:1003700060711D20FFF7B3FEA0712D20FFF7AFFEC7
:10038000E0712078810713D5244E002505F1760011
:10039000C0B2FFF7A4FE70556D1CEDB2082DF5D369
:1003A000002202212C20FFF7BCFE0120A07070BDAE
:1003B00010F0540FFBD100221C212C20FFF7B1FEBE
:1003C0002079E1788842F2D0134E0025217906EB9E
:1003D000C500415C05F13600C0B2FFF75FFE6D1C41
:1003E000EDB2082DF2D308213520FFF757FE00208B
:1003F000FFF7DBFE2079401CC0B220710728D6D958
:100400000020207170BD000000C00920C0D4010090
:10041000804F1200DCE40720666E0010806500103B
:1004200070B504464FF6FF7000224AF201050DE058
:10043000A35C58400823C6074FEA500000D068402C
:100440005B1E1BB2002BF6D1521C12B28A42EFDBAC
:1004500070BD0000B848016821F003010160016827
:1004600041F040410160416821F003014160416871
:1004700041F00C014160416841F030014160AF48FA
:100480001421C1602021016070472DE9F04102462E
:100490000E46FFF7DFFF1821491EFDD1A84D286841
:1004A00040F001002860E86940F00100E8611007B1
:1004B000400EFCF76FFF0024A24F04E0385DFCF70C
:1004C00069FF641C24B2B442F8DB286840F00100E4
:1004D0002860A86940F00100A861BDE8F08170B50E
:1004E00002460D46FFF7B6FF1820401EFDD1944C82
:1004F000206840F001002060E06940F00100E06108
:100500001007400EFCF746FF2846FCF743FF206823
:1005100040F001002060A06940F00100A06170BDC2
:1005200010B50246FFF796FF1821491EFDD1844CF5
:10053000206840F001002060E06940F00100E061C7
:1005400002F00F00802141EAC000FCF723FFFF20EA
:10055000FCF720FF216841F001012160A16941F011
:100560000101A16110BD10B580210320FFF7B7FF85
:1005700041210020FFF7B3FF00210120FFF7AFFF6B
:10058000BF210320FFF7ABFF10210220FFF7A7FFD9
:1005900003210846FFF7A3FF06210220FFF79FFF74
:1005A00001210220FFF79BFF3021BDE810400F2002
:1005B00095E7654970B5B1FBF0F1C1F30724CDB201
:1005C0006249B1F90010282902D01E2902D007E0A3
:1005D0005F4900E05F49B1FBF0F0C0F30724C5B20A
:1005E00080210320FFF77BFF29460020FFF777FFDC
:1005F00021460120FFF773FFBF210320FFF76FFFA4
:1006000010210220FFF76BFF03210846FFF767FF69
:1006100006210220FFF763FF01210220FFF75FFFA1
:10062000BDE8704030210F2059E74B4A454B917887
:100630005854491CC8B29070202801D100209070F5
:100640007047FFB509ADD0CD8DF800108DF80120B1
:100650008DF8023000258DF803408DF804608DF888
:10066000057029466C4603E0625C5540491CC9B2DE
:100670008142F9D380EA05012218205451700A21E1
:1006800000259170C61C04E0605DFFF7CEFF6D1C75
:10069000EDB2B542F8D3FFBD2DE9F0470920FFF7D1
:1006A0003FFF2D4C00262070A0B10025DFF8AC8064
:1006B0002B4FDFF8B09008E0A07900284FF0000041
:1006C00011D0FFF72DFF6D1CEDB22078854201D2CD
:1006D000052DF1D30820FFF723FF01226070402889
:1006E0000BD0267111E0FFF71BFF397808F80100E5
:1006F000491C397089F80060E5E72079052801D2A6
:10070000401C2071C0B2052814D06671A17849B18F
:10071000E078814206D0607920B1A2710020FFF715
:10072000B4FEA6700520FFF7FBFE400600D5A671BB
:10073000BDE8F0876271E9E700C0024000000240B6
:1007400000C00920A66E00106889090018C10720A2
:10075000A0252600389C1C005C3500104A13082098
:10076000E5E40720E4E407202DE9F041574E144664
:100770003278904245D1564A1078401C10700029BA
:100780007ED0544801297CD04FF00008022979D04E
:10079000052936D1A2F11400217841706178817069
:1007A000A178C170E178017121794171617981711C
:1007B000A179C171E1790172217A4172617A817204
:1007C000A17A454DC172E1792970A2796A70607A87
:1007D000237A00EB032000B2A880E37AA77A03EB28
:1007E00007233E4F1BB2EB80B7F90070BA4263D1CA
:1007F0004000A8605806000EA870042902D00629FF
:100800002CD059E0093004F0ABF807462078387056
:1008100060787870A078B870E078F870A9780A46A7
:10082000C91C080A387179716878B8712878F8712C
:100830003A7200F0FDF90020294908E0AA683B1847
:100840000244401C51F82220C0B212785A723A7AFF
:100850008242F3D8AA78394609322AE00C2004F003
:100860007FF801462078087060784870A07888701A
:10087000E078C87081F8048006204871687802E04A
:1008800022E01CE01EE088712878C871B5F90420C8
:10089000D01702EB10631812087210464872B5F9AF
:1008A0000620D01702EB1063181288721046C87227
:1008B0000C22307804F072FA0020BDE8F0810121AA
:1008C000017001E080F800800120F6E759C00720A0
:1008D00090130820C0C30720ECE4072014C10720B0
:1008E000245F0200C84910B50A894AF20103424058
:1008F0000A81082092B2D4074FEA520200D05A402F
:10090000401E00B20A810028F4D110BD10B5BF48C6
:10091000BD4CC178827801EB0221A1804179027936
:1009200001EB022189B2E18040782070042811D1C6
:10093000491E7E290ED800F07BF9A0884100E160B5
:10094000E0884006000E607001440020B1F5003FD1
:1009500001D8A07010BD607010BD2DE9F05F0920B6
:10096000FFF7DEFDAA4DAB4F0026287088B10024AA
:10097000DFF89882DFF8A09206E03878E8B300202C
:10098000FFF7CEFD641CE4B22878844201D2052C26
:10099000F3D3DFF8748298F8010000287ED0082095
:1009A000FFF7BEFD9D4D00282870F7D0002498F871
:1009B0000220DFF86C92DFF86CA201214FF46F7B0C
:1009C000F2B33970FFF746FD1820401EFDD1D9F86B
:1009D000001041F00101C9F80010D9F81C1041F0D5
:1009E0000101C9F81C10FCF7D5FC98F8021098F822
:1009F0000100814270D20024C5E0FFE75FF00100F2
:100A000008EB000118F80020401CC0B201F8012CCE
:100A10000828F5D30020FFF783FD88F8070099F830
:100A200000004146082801D189F800607E480A7814
:100A3000B0F900008242A5D14878032805D000E033
:100A400015E0042801D006289CD106216F48FFF745
:100A5000E7FC98F8062098F8071002EB012188427D
:100A600090D172480821067089F800108AE7402862
:100A700014D139704FF6FF704446A8F80800FFF70C
:100A8000E9FC1820401EFDD1D9F80010C84641F0FD
:100A90000101C9F80010D9F81C1000E0ABE041F0EA
:100AA0000101C9F81C10FCF775FC5F4D2888C0B225
:100AB000FCF770FC288880B2FFF714FF2078FCF761
:100AC00069FC2078FFF70EFF6078FCF763FC607824
:100AD000FFF708FF002518E05FE000218946E16884
:100AE00008442178042905D1584503D25AF820003A
:100AF000007881464846FCF74DFC4846FFF7F2FE79
:100B0000A078401C6D1CA070EDB2A078617888427E
:100B100001D23D2DE1D3C0B2C9B288420AD13D2DE8
:100B200008D22089C0B2FCF735FCA078401C6D1CAF
:100B3000A070EDB26178C0B2884206D93D2D04D2D2
:100B40002089000AFCF726FC667040464BE0002234
:100B50009246C26898F800001144042806D159450D
:100B600004D2304850F82100007882465046FCF705
:100B700011FC5046FFF7B6FE98F80210491C641CA1
:100B800088F80210E4B298F8021098F80120404664
:100B9000914202D22A789442D9D398F8021098F858
:100BA000010081420ED1287884420BD2B8F80800A7
:100BB000C0B2FCF7EFFB98F80200401C641C88F8F8
:100BC0000200E4B298F8020098F80110884209D9AE
:100BD0002878844206D2B8F80800000AFCF7DAFB4D
:100BE00088F801604846016841F0010101608169AF
:100BF00041F0010181610520FFF792FC400600D51C
:100C00003E70BDE8F09F0000643500104A130820D4
:100C10005C35001062350010E5E407205D350010FA
:100C200000C00920245F020014C10720E4E407206B
:100C3000F0B53B483B490022008848B13A48038858
:100C40008B804388CB8043680B81007D488109E01D
:100C500036480088888036480088C8803548006853
:100C600008814A81344D354F0020A5F1210300BF92
:100C7000C0EB001404EB401407EB840494F83A60D2
:100C800006F0F7062E541A5494F8576016B142F045
:100C9000010601E022F001061E5494F83B40E407EF
:100CA000F4B202D044F0020401E024F002041C5427
:100CB000401CC0B22128DBD321480A7001240378EC
:100CC000012B00D10C701F4B1D78012D03D10D7825
:100CD00045F002050D704A704578012D00D14C7029
:100CE0005D78012D03D14D7845F002054D708A7075
:100CF0008578012D00D18C709D78012D03D18D78E0
:100D000045F002058D70CA70C078012800D1CC7002
:100D1000D878012803D1C87840F00200C870F0BD2F
:100D2000B0C0072074350010A85B001024C1072054
:100D300022C1072080C10720E76E0010D03C0010C0
:100D400051C1072055C10720C1F12002904010B5C4
:100D5000FC4A4FF4007453150EE0002801DA946544
:100D600000E0D46500BF00BF00BF936500BF00BFB7
:100D700000BFD3654000491E0029EED110BD70B5FB
:100D80000546F1480078012813D04FF0A04045F403
:100D9000807181620121416200210213436BDB07F4
:100DA00002D0491C9142F9D300214162056BA8B2DF
:100DB00070BDE44C206C40F40070206420214FF0A2
:100DC000FF30FFF7C1FF04210620FFF7BDFF05211B
:100DD0000120FFF7B9FF05212846FFF7B5FF00F016
:100DE000CBF94FF0000528464FF480714FEA4505D6
:100DF000A16500BF00BF00BFE165626D920501D52E
:100E000045F00105401C1028F0D300F0B5F9CEE7FD
:100E100070B50546CC480C46007801280ED04FF03E
:100E2000A04245F480709062D46200201113536B8D
:100E3000DB0702D0401C8842F9D370BDC148016C69
:100E400041F40071016420214FF0FF30FFF77CFF77
:100E500004210520FFF778FF05210120FFF774FF2B
:100E600005212846FFF770FF02210846FFF76CFFB7
:100E700010212046FFF768FFBDE8704000F07CB904
:100E80002DE9FC47B04C00253620257000906946BE
:100E900062680846904701982521B1EB106F01D197
:100EA00001202070A948016841F080410160A948F3
:100EB000A74981602178002960D0016921F470215F
:100EC0000161A048016C41F4807101644FF0A044BD
:100ED0004FF44F4020607820C4F800016420401E89
:100EE000FDD14FF00208C4F800803020606040015E
:100EF000606143F20F7020611227E7607801C4F847
:100F000000014FF40060A0616426761EFDD1A5614A
:100F10004FF400410020FFF77BFF4FF480190020C1
:100F2000FFF72DFF10F4084F02D0761C4E45F6D384
:100F30000220FFF724FF06460320FFF720FF4FF6AD
:100F4000F0710840844940EA064088420DD14FF4D0
:100F500040510020FFF75CFF00260120FFF70FFF44
:100F6000800602D4761C4E45F7D300264FF4803914
:100F70001020FFF704FFC10709D105E0C16821F087
:100F80000F01491DC160A1E7761C4E45F0D3410712
:100F90000CD5616841F001016160D4F8001141F4A1
:100FA0008061C4F800111521A16000E0A7608007EE
:100FB00001D5A56102E04FF48070A0616748818887
:100FC0002164418861640088A064654B654EA3F18B
:100FD0006401002001F1200200EB400703EB4727EA
:100FE00041F8307001EBC0077E6042F8305002EBF0
:100FF000C007401C7D600428EED3C4F80811C4F873
:101000000C210320C4F81001C4F8185154490020E1
:10101000554E243901F1180200EB400306EB43233F
:1010200041F8303001EBC0035D6042F82050401CB5
:101030000328F1D304F1AC0421676267C4F8788017
:10104000E5674FF02600C4F854014FF08800C4F85B
:10105000380F4FF6FF70C4F83C0F606D40F003008E
:10106000606554F8AC0D40F001002060BDE8FC87DD
:101070003E484FF08051016070473D484FF080512D
:1010800001607047F0B54FF0A045D5F82811344EF7
:101090000388243E021D56F83140DB1C9B0803D018
:1010A00080CA5B1E80C4FBD1008806EBC102401ED3
:1010B00040F04040491C5060032900D10021C5F890
:1010C0002811F0BD70B54FF0A04533E0C5F8E80F2A
:1010D00000072FD5D5F8184128E02148443850F8AA
:1010E000340041001CD5C0F30A06F61E40F2EA5156
:1010F0008E4215D81F49084212D146F0004000F038
:10110000A5FC68B1164A011D643AF61C52F8342059
:10111000B30803D040CA5B1E40C1FBD102F01AFEE7
:10112000641C042C00D10024C5F81841D5F8140122
:10113000A042D2D1D5F8E00FD5F8E41F0840C5D1C0
:1011400070BD000000C0092080350010C4C00F40F1
:101150000501155000C00240905C002000C007202F
:101160000C140820FF0500800C2C082000E100E092
:1011700080E100E00000901B0748016C21F4007141
:1011800001644FF48071816500BF00BF00BFC1657D
:1011900000BF00BF00BF704700C009200FB41CB5DE
:1011A000084B06AA7B4469460090059800F09BFA1C
:1011B00004460020694600F0A9FA20461CBC5DF8F0
:1011C00014FB00006505000070B5044685690068E1
:1011D0003026C10600D42026C00708D070BDD4E94F
:1011E000012130469047206A00F1010020626D1E07
:1011F000F5D570BD70B5044685690068C00708D193
:1012000070BDD4E9012120209047206A00F101003F
:1012100020626D1EF5D570BD70B505460C46012ADD
:1012200005D02868800600D5EA69002302E0012382
:1012300005E05B1C934202D2E05C0028F9D1A8696A
:10124000E618C01AA861286A184428622846FFF7E1
:10125000BBFF04E0D5E9012114F8010B9047B4422B
:10126000F8D32846FFF7C6FF70BD00002DE9F04116
:101270000746002510687529394616A411D0AFF32A
:101280000080002803DAC0F1000013A407E03968E9
:101290008A0701D511A402E0490704D510A401254D
:1012A00001E0AFF3008000210A2307F1240607E0E4
:1012B000B0FBF3F203FB1200303070541046491CAF
:1012C0000028F5D12B4622463846BDE8F04100F013
:1012D000A9B90000000000002D0000002B00000054
:1012E000200000002DE9F05F044689464FF0000A17
:1012F000DFF830B1FB44C0F820A02046E168884701
:1013000000287ED0252806D0D4E901219047206A04
:10131000401C2062F1E700255F462046E1688847CF
:101320002028064609DB312E07D207EB060010F80D
:10133000200C10B128430546EFE7A80701D525F09A
:101340000405C4F81CA00027C4F818A02A2E09D050
:10135000304600F0FDFA50B304EB8700303E804683
:1013600086611CE0D9F8001004EB870209F1040043
:10137000916181462046E1688847012F064618D1D1
:10138000E069002820DA25F020051DE0D8F81800D3
:1013900000EB800006EB40003038C8F8180020460B
:1013A000E1688847064600F0D3FA0028EED1012F05
:1013B0000AD02E2E08D12046E16888477F1C0646B9
:1013C000022F45F02005C1DBA069002803DA404266
:1013D00045F00105A061E80701D025F0100586B1B0
:1013E000A6F14100192802D8203645F400654A4686
:1013F0003146204625604D46DEF7C2FE60B1012829
:1014000000E00BE005D0ED1D25F007000830814617
:1014100073E72D1DA94670E7304675E7206ABDE8E1
:10142000F09F0000785F000010B5431C02E010F848
:10143000011B71B18107FAD14FF0013202C88C1A39
:101440008C4314EAC211F9D0C01A0A0603D0C01E98
:1014500010BDC01A10BD0A0401D0801E10BD0902C3
:10146000FCD0401E10BD032A40F2308010F0030C67
:1014700000F0158011F8013BBCF1020F624498BFE7
:1014800011F801CB00F8013B38BF11F8013BA2F184
:10149000040298BF00F801CB38BF00F8013B11F0FF
:1014A000030300F02580083AC0F0088051F8043B9F
:1014B000083A51F804CBA0E80810F5E7121D5CBF0C
:1014C00051F8043B40F8043BAFF30080D20724BF3F
:1014D00011F8013B11F801CB48BF11F8012B24BFD3
:1014E00000F8013B00F801CB48BF00F8012B704722
:1014F00010B5203AC0F00B80B1E81850203AA0E8AF
:101500001850B1E81850A0E81850BFF4F5AF5FEAE2
:10151000027C24BFB1E81850A0E8185044BF18C995
:1015200018C0BDE810405FEA827C24BF51F8043B3C
:1015300040F8043B08BF7047D20728BF31F8023B90
:1015400048BF11F8012B28BF20F8023B48BF00F824
:10155000012B70474FF0000200B5134694469646A3
:10156000203922BFA0E80C50A0E80C50B1F12001B6
:10157000BFF4F7AF090728BFA0E80C5048BF0CC064
:101580005DF804EB890028BF40F8042B08BF7047C2
:1015900048BF20F8022B11F0804F18BF00F8012B34
:1015A000704700004FF0013C50F8042B51F8043B09
:1015B0009A4221D1A2EB0C03934313EACC1317D127
:1015C00050F8042B51F8043B9A4215D1A2EB0C03BE
:1015D000934313EACC130BD150F8042B51F8043B7E
:1015E0009A4209D1A2EB0C03934313EACC13DBD04C
:1015F0004FF00000704700BFD01A01BAB1FA81F174
:1016000001F0180122FA01F0CB40C1F12001DBB258
:10161000C0B2C01A2CFA01F3D11A914311EAC311D6
:10162000E6D170472DE9F04704460D4692469946AB
:1016300000F1240080462168880604D5E06921F085
:101640001001216000E001200027A84201DDA0EB8D
:101650000507A16907EB050202EB0300A1EB0000FF
:10166000A0612068C00602D42046FFF7ADFD002629
:1016700008E0D4E901211AF806009047206A401CCE
:10168000761C20624E45F4DB2068C0060AD5204651
:10169000FFF79AFD06E0D4E9012130209047206A47
:1016A000401C2062381EA7F10107F4DC07E0D4E9F2
:1016B000012118F805009047206A401C2062281E6E
:1016C000A5F10105F3DC2046FFF794FD2168022017
:1016D000090600D40120BDE8F087000001694A1C1A
:1016E00002610878704700B58FB0CDE90131002163
:1016F000059105497944CDE9031011466846FFF785
:10170000F1FD0FB000BD0000E5FFFFFF0A6802F821
:10171000010B0A60704710B5436913B1AFF3008045
:1017200001E0FFF779FD012010BD126800F12401EE
:101730000A7000224A700122EDE711684FF0FF3273
:10174000E9E72DE9F0470F4691468046044600261A
:1017500014F8015B2DB100F031F80068405DC0075E
:10176000F6D12B2D02D02D2D18D0641E4A463946B5
:10177000204600F02BF827B13968A14201D1C7F803
:1017800000804FF0020471050BD54042002803DDB4
:10179000DEF7B0FD0460A007BDE8F08746F4806680
:1017A000E4E70028F8DADEF7A5FD04606FF00040FA
:1017B000F2E7000000487047C83E082010B500F06E
:1017C00079F8001D10BD00BFD93B00002DE9F05F86
:1017D000824604468B461546641C0027B9460078AD
:1017E000302801D09DB113E014F8010B01277828AF
:1017F00003D0582801D045B10AE00DB1102D07D112
:10180000002714F8010B102502E0082500E00A2546
:101810000026B0460FE005FB080005FB06F1012796
:1018200001EB104680B2B6F5803F804601D301201F
:10183000814614F8010B294600F040F80028EADA46
:10184000BBF1000F04D0641E07B95446CBF800402A
:10185000B9F1000F06D0DEF74DFD02210160C81E70
:10186000BDE8F09F48EA0640FAE77546FFF7A2FF99
:10187000AE4605006946534620F00700854618B07D
:1018800020B5DEF7AFFCBDE820404FF000064FF07A
:1018900000074FF000084FF0000B21F00701AC46A5
:1018A000ACE8C009ACE8C009ACE8C009ACE8C009C4
:1018B0008D46704700487047E83E08203A2800D21D
:1018C000303820F02002412A01D3A2F137004FF036
:1018D000FF32884200D20246104670470446AFF3FA
:1018E00000802046DEF76CFC00487047CC3E0820A4
:1018F00001491820ABBEFEE726000200704700B584
:10190000002200F007F8C04380B2010241EA102033
:1019100080B200BD05E000BF30F8023B891E5BBA13
:101920001A440129F8DC11B1007802EB002290B2D0
:1019300000EB124000EB104080B27047084400EB0F
:10194000104080B27047010241EA102080B2704717
:101950000146012030390A2900D3002070470000D9
:1019600070B50D4609890E18374902EB420001EBAC
:10197000C004302030706078A11C001D70700620FB
:10198000B0706078F0706278301D01F0E9FD607829
:10199000001DA880811CE980217801F07F01297059
:1019A00031542878402813D006DC022818D00428A7
:1019B00009D0062827D10BE0412833D0422831D066
:1019C000432820D12EE02069FFF72EFD82B200E0EF
:1019D000E27B6A80E8882169304401F0C1FD12E0B1
:1019E000E07B0022012802D0022821D103E02069F7
:1019F00090F9002002E02069B0F900202946304625
:101A000002F042FC6880AA88701C698811547078C2
:101A1000698808447070E88869882A8908441044F5
:101A2000288170BDE07B0022012806D0022807D063
:101A30000428E3D120690268E0E720690278DDE745
:101A400020690288DAE70000100100102DE9F04754
:101A50000027DFF8909000280CDA2349D9F80020FD
:101A600020F000400968024401EB4101B2EB910F04
:101A700018D8012705460F3020F003060FB9FFF7ED
:101A8000FCFA1A4CD4E90002011B891AB1420CD2AB
:101A9000044600680028F5D127B9FFF7E9FA0020CD
:101AA000DEF7B0FB0020BDE8F08772B110192168A5
:101AB0000160206000F10808C0F80460D9F8001047
:101AC0003144C9F8001027B105E004F10808666048
:101AD000F4E7FFF7CDFAA8F800500020A8F80200BC
:101AE0004046E0E790350010185402002CE507202E
:101AF0002DE9F0470746894690460026284C294D97
:101B00000BE0207838B10422394604F10A0001F0D4
:101B100017FD012835D00E34761C28888642F0DB6C
:101B20002149384601F0C6FCD0B91F4804220021E3
:101B3000001D01F02BFD10B10020BDE8F08700264C
:101B4000174C0AE0207830B106224946201D01F0EA
:101B5000F7FC01281AD00E34761C28888642F1DB67
:101B6000404600F027F80028E7D00D49C0EBC00040
:101B700001EB40040E3C0422394604F10A0001F056
:101B8000EFFC06224946201D01F0EAFC07480088C8
:101B9000E07007480078A070032020700120CCE797
:101BA0009C3500101E5402008C3E08202054020078
:101BB00022540200F0B50546012116480E46164A89
:101BC00003E0037853B10E30491C13889942F8DDC5
:101BD0001248104B0488002001210DE0067045706A
:101BE0000846F0BD5F78012F04D1DF78A74201D805
:101BF0003C4608460E33491C1788B942F2DD0028DE
:101C0000EFD0044AC0EBC00102EB410101F80E6DB8
:101C10004D70F0BD9C3500101E540200205402008F
:101C20002DE9F04781460F4600253D4C3D4E0BE027
:101C3000207838B10422494604F10A0001F080FC02
:101C4000012815D00E346D1C30888542F0DB3649F2
:101C5000484601F02FFCDFF8C880334D01284FF0D3
:101C6000040209D00021281D01F090FCE8BB1DE012
:101C7000207803284ED350E04946281D01F060FC2F
:101C8000012806D104220021281D01F07FFC00B9A3
:101C900000273846FFF78EFF06003CD0C6EBC60192
:101CA00008EB41040E3C042249461DE000271C4C71
:101CB0000BE0207838B10422291D04F10A0001F05C
:101CC0003FFC0128D4D00E347F1C30888742F0DBE3
:101CD0000020FFF76FFF06001DD0C6EBC60108EB22
:101CE00041040E3C0422291D00E013E004F10A0027
:101CF00001F036FC06220D49201D01F031FC0C4894
:101D00000078A0700B480078E070304600F012F9BF
:101D1000022020700020BDE8F0872046FBE700008D
:101D20009C3500101E5402008C3E0820F66E020006
:101D300022540200235402002DE9F0470026DFF868
:101D4000D480DFF8D490B246344F5DE0B9F800504B
:101D5000691C89B2A9F800103A88914201D3A9F808
:101D600000A02F49C5EBC50001EB40042078C8B3A3
:101D7000E07820B1401E10F0FF00E07043D16078A1
:101D800001280AD10422274904F10A0001F0D8FBF6
:101D9000012806D06078012818D010F0FF0F02D07B
:101DA00031E084F801A004221F4904F10A0001F087
:101DB000C7FB012817D02078032818D0A07800B3DB
:101DC000401E10F0FF00A0701BD012E02078032806
:101DD00017D0A078A8B1401E10F0FF00A07010D05E
:101DE000022005E00FE011480088E0700BE00420BD
:101DF000207098F80000E070681CBDE8F04700F023
:101E000099B884F800A0761C388886429EDBBDE82D
:101E1000F08700002354020010E507201E54020042
:101E20009C350010903E0820FC6E020020540200F9
:101E30002DE9F04106460025134C00F10E08134F22
:101E40000DE0207848B1012807D0042204F10A01EE
:101E5000404601F075FB012806D00E346D1C388811
:101E60008542EEDBBDE8F081062206F10801201D67
:101E700001F076FB06480088E07006480078A07004
:101E800003202070EEE700009C3500101E54020075
:101E900020540200225402002DE9F04105460E466E
:101EA0002A20FFF7D3FD044605F1080106220F465C
:101EB000001D01F055FB06221C4904F10A0001F047
:101EC0004FFB4FF4C16020824FF480706082082085
:101ED000A0820620A0750420E075268304F124006A
:101EE00006223946064601F03BFB05F10E0104F1DE
:101EF0002A000422054601F033FB06220B4904F1B7
:101F00001A0001F02DFB0422094904F1200001F020
:101F100027FB012231462846FFF7EAFD2046FFF75E
:101F2000B1F82046BDE8F04100F022BA00C0072019
:101F30008C3E082070B505462A20FFF787FD044631
:101F400006222349001D01F00BFB0622214904F162
:101F50000A0001F005FB4FF4C16020824FF480714C
:101F600061820820A0820620A0750420E0752183EC
:101F70000622184904F11A0001F0F2FA0422164967
:101F800004F1200001F0ECFA4FF0060265B10021E7
:101F900004F1240001F0F2FA1049C5EBC50001EB91
:101FA00040010422091F06E0094904F1240001F060
:101FB000D7FA0949042204F12A0001F0D1FA204697
:101FC000FFF760F82046BDE8704000F0D1B900008E
:101FD000F66E020000C007208C3E08209C350010E1
:101FE000F0B500231D461C4600268A5DA2F141077C
:101FF000192F01D83A4618E0A2F16107192F01D82C
:10200000473A12E0A2F13007092F01D8121D0CE067
:102010002B2A04D02F2A04D03D2A04D013E03E22DC
:1020200003E03F2201E000226D1C761C42EA83138C
:10203000042EDAD31A0C02701A0A42708370E41C60
:10204000C01C091D15B1641B15B103E0392CCBD39D
:10205000002101702046F0BD10B58A880C89134616
:10206000E31A9BB2921E4B80802B02D284186370BD
:1020700011E0FF2B06D8521E812483185C704C8817
:102080009C7008E0921E831882245C704C88240A9D
:102090009C704C88DC700B7883548A8010BD70B5BE
:1020A000054608780C4602281646104613D003F061
:1020B000FDF8A188091AE180891E89B2A1802278E1
:1020C0006A54A288691C5054324621462846BDE80D
:1020D000704002F0D9B801F01FF8EAE7002070471D
:1020E00070477047002070472DE9F04705460846C5
:1020F0006979072978D200EB0208040075D04FF007
:1021000000094CA100F0CCF8012806D04DA12046D2
:1021100000F0C6F801286AD072E00E344EA12046C5
:1021200002F0A2FB012809D054A1204602F09CFB3A
:102130000128264621D0A8F101073CE0687940F04B
:1021400001005CE052A102F08FFB012815D1342080
:10215000FFF77CFC342206F10901686200F079FF88
:102160006A6A801E02F80090E880687940F00100F9
:102170006871688840F4007034E04146304600F0F1
:1021800053F90600DED13BE030783B2808D00D281B
:1021900036D00A2834D02F2806D02B2804D009E0C6
:1021A000707820282CD005E03CA1701C02F05CFB6C
:1021B000012803D0761CBE42E6D321E04020FFF781
:1021C00045FC40222146686200F043FF6A6A801E97
:1021D00002F80090E880687940F001006871688832
:1021E00040F4006068800BE021E01FE0FFE710345E
:1021F0002046DEF76FF8A860687940F00200687149
:102200004146204600F0FCF808B1044679E7207802
:102210000D280BD160780A2808D1687940F00400B5
:102220006871072802D1A01C404500D30020BDE8FA
:10223000F0870000436F6E74656E742D547970657D
:102240003A200000436F6E74656E742D4C656E67A6
:1022500074683A20000000006170706C69636174FA
:10226000696F6E2F782D7777772D666F726D2D756C
:10227000726C656E636F6465640000006D756C74EC
:1022800069706172742F666F726D2D646174610084
:10229000626F756E646172793D000000786D6C004C
:1022A00010B5DF220BE004785C40144201D000201E
:1022B00010BDFF222D2B00D1DF22401C491C0B78C2
:1022C000002BF0D1012010BD06220249001D01F0B3
:1022D00037B9000000C0072070B5044600F12205A0
:1022E000204E04222049284601F02AF938BB042256
:1022F000002104F11E0001F049F908B1002070BD71
:1023000028780E21B1EB101F0ED101202071002082
:1023100060715E20A071687800F07F00E071A8789D
:102320002072E87860720FE0284601F0D5F830B9E5
:1023300001212846FFF774FC0028E0D0061D062284
:102340003146201D01F00CF90622084904F10A006B
:1023500001F006F9082020822046FEF793FE0120B6
:1023600070BD0000F66E0200FC6E020000C0072087
:1023700070B500282AD0A0F10806154C0025FEF7FC
:102380007CFE09E0254624682068800703D0FEF71C
:102390006FFE022010E064B1B442F3D10D486168D1
:1023A0000B4B0268511A01609C4209D10020606009
:1023B00008E0FEF75DFE0120BDE87040DDF722BFBA
:1023C00020682860BDE87040FEF752BE70BD000076
:1023D0002CE507209035001010B50346074C084641
:1023E00000224FEA036301464FEA4000594000D5FE
:1023F00060405B00521C082AF5D310BDB71DC10414
:102400000246491E06E003780D2B02D143780A2BC1
:1024100002D0401C8842F6D3904201D0884201D1BC
:1024200000207047801C70470246491E07E0037871
:102430003B2B0CD00D2B08D00A2B06D0401C884219
:10244000F5D3904201D0884205D1002070474378EF
:10245000202BF6D0F2E7801C7047017842780906FD
:1024600041EA02418278C07841EA0221084370477C
:1024700010B50246CB880C7800201344022C03D1FF
:102480001A78120600D5401E0022498803E09C5CA1
:10249000521C44EA00209142F9DC10BD0120704733
:1024A0002DE9F041067907460D46102E23D2DFE8CC
:1024B00006F008080A0C12121416181A1C220E1E16
:1024C000200824A418E026A416E028A414E0FFF7AE
:1024D00009FE040010D12CA40EE02EA40CE030A4C0
:1024E0000AE033A408E035A406E037A404E03AA4E7
:1024F00002E041A400E046A44CA1284602F09CF969
:102500008046284454A102F097F9804405EB080066
:10251000214602F091F900EB0804012E15D00C2E93
:1025200013D0F86948B128194FA102F085F9044485
:102530002919F86902F0C4FE044428194EA102F0DA
:102540007BF9204480B2BDE8F081281950A102F047
:1025500073F9F1E7746578742F68746D6C0D0A0077
:10256000746578742F6373730D0A00006170706C6A
:1025700069636174696F6E2F782D6A617661736328
:10258000726970740D0A0000746578742F786D6C30
:102590000D0A0000696D6167652F6769660D0A00A5
:1025A000696D6167652F6A7065670D0A000000003C
:1025B000696D6167652F626D700D0A00696D6167F5
:1025C000652F706E670D0A00696D6167652F782D44
:1025D00069636F6E0D0A00006170706C69636174ED
:1025E000696F6E2F782D73696C7665726C69676898
:1025F000742D6170700D0A006170706C6963617494
:10260000696F6E2F78616D6C2B786D6C0D0A000010
:102610006170706C69636174696F6E2F6F6374654C
:10262000742D73747265616D0D0A00004854545026
:102630002F312E3120323030204F4B0D0A5365722E
:102640007665723A204B65696C2D455745422F32AD
:102650002E310D0A00000000436F6E74656E742DFC
:10266000547970653A2000004C6173742D4D6F648D
:1026700069666965643A2000436F6E6E65637469CC
:102680006F6E3A20636C6F73650D0A0D0A000000CF
:1026900043616368652D436F6E74726F6C3A206E90
:1026A0006F2D63616368650D0A0000002DE9F0413C
:1026B0004FF4987704460E46B94233D0A6F58070A1
:1026C000913831D0032831D027A1204602F0B4F848
:1026D000054620442CA102F0AFF80544BE4217D0B5
:1026E00060192FA102F0A8F80544A6F58070913872
:1026F0000ED1601931A102F09FF8054460193849E4
:1027000002F09AF80544601936A102F095F80544E4
:10271000601935A102F090F80544BE4208D1A8B274
:10272000BDE8F08136A1D0E73CA1CEE742A1CCE7DD
:102730006019484902F080F8A6F580760544913E7C
:102740000DD0032E0DD04449601902F075F80544F0
:102750006019424902F070F8284480B2E0E740492D
:10276000F2E74049F0E70000485454502F312E3131
:1027700020353031204E6F7420496D706C656D6569
:102780006E7465640D0A00005365727665723A20B6
:102790004B65696C2D455745422F322E310D0A008D
:1027A000436F6E74656E742D747970653A2074652C
:1027B00078742F68746D6C0D0A0000005757572D00
:1027C00041757468656E7469636174653A2042612D
:1027D000736963207265616C6D3D2022000000000A
:1027E00038540200220D0A00436F6E6E65637469EF
:1027F0006F6E3A20636C6F73650D0A0D0A0000005E
:10280000485454502F312E3120333034204E6F74C1
:10281000204D6F6469666965640D0A004854545020
:102820002F312E312034303120556E617574686F30
:1028300072697A65640D0A00485454502F312E3164
:1028400020343034204E6F7420466F756E640D0A4C
:10285000000000000C700200B96F02004770020017
:10286000006F02005E6F020070470020704700009A
:1028700070B504460078202804D1002070BD641C87
:102880002E2805D0207830F02001F8D10B2070BD23
:102890000A4E002505EB450006EB4001204601F0FD
:1028A000E3FF012803D06D1C102DF3D3EEE705EBF9
:1028B000450006EB4000407970BD0000966E0200B6
:1028C00000207047002070470020704770B5002539
:1028D000044605704088400602D5E06AFFF7C4FF51
:1028E0006088000602D5A06AFFF7BEFF6088C005B9
:1028F00004D5002211460320FFF7F2FB6088000593
:1029000004D5002211460420FFF7EAFB206A10B12B
:10291000FFF72EFD2562606A10B1FFF729FD6562A1
:10292000E5602561A582658070BD00002DE9F05F3E
:10293000044615461E4600208246884A884B17E00A
:1029400000EB400702EB071700F101007F78A74278
:102950000ED110F0FF0736D007EB470002EB001452
:10296000303C06292FD2DFE801F007161212181F9B
:102970001F78B842E4DB26E0207808B902202070F6
:1029800031462846FFF78AFD00281DD0E3E02046A7
:10299000FFF79CFFDFE003204CE0A18A2069084498
:1029A0002061A4F814A0D6E0052E0CD92078DFF819
:1029B000B4914FF0090B05EB0608032806D0082850
:1029C0007ED009287DD00020BDE8F09F66A1284672
:1029D00001F04AFF01280DD065A1284601F044FF0F
:1029E000012829D064A1284601F03EFF012845D0E6
:1029F0000A201FE06088324640F4806060802946EB
:102A0000204600F059F92078072814D020223F21D1
:102A1000A81D00F011FB08B180F800A0AD1D2846EC
:102A2000FFF726FF20712946204600F0A9F8012073
:102A3000E06065E020708EE032462946204600F0D6
:102A40003BF92078072876D020223F21681D00F02E
:102A5000F3FA060008D089F80070701CC9F80480E9
:102A6000FFF73FFB86F800A06D1D2846FFF700FF2B
:102A700020712946204600F083F835E03246294689
:102A8000204600F019F92078072864D084F805A0C2
:102A9000324629462046FFF727FB06004FF0080A7A
:102AA0000BD0608880050AD489F800703146204632
:102AB000C9F8048000F048FA08B984F800A001E0E1
:102AC00020E039E0A81DFFF7D3FE2071A91D2046A4
:102AD00000F056F8207808283DD06088800503D59E
:102AE00084F800B03EB328E06088C00708D07820A2
:102AF000FEF7ACFF2062204601F042F9052099E77D
:102B0000042097E7324629462046FFF7EDFA0600F3
:102B100021D06088800502D584F800B00DE089F8E6
:102B2000007031462046C9F8048000F00DFA0028F4
:102B30003FF44AAFD8E70EE02E4689F80070A8EBC4
:102B40000601C9F80480A9F802103146204600F0B9
:102B50004FF90028C8D1012036E70000F80D082001
:102B600033540200FCE4072048454144202F000074
:102B7000474554202F000000504F5354202F000091
:102B80002DE9F0410446087800270D46202801D1A0
:102B900041A501277820FEF759FFDFF80881064696
:102BA0000020295C3154295C31B1202904D00D2941
:102BB00002D0401C7728F4D3002131543046FFF76F
:102BC00081FE10B36188CA0704D12279012A0BD093
:102BD0000C2A09D041F040016180E0624FF00040D2
:102BE000E060C80704D04CE041F08101618036E02C
:102BF0003046FFF765FE30B1E169814203D161885B
:102C000041F010016180E0613BE0304601F01FFEC1
:102C100002460020414602E0934205D0401C51F894
:102C20003030002BF8D126E02BB36188CA0704D1DD
:102C30002279012A0DD00C2A0BD008EBC000CB075B
:102C40004268E262C2684068A2EB0000E06008D01F
:102C500017E041F0010108EBC00061804068A0620C
:102C60000FE01148E26903689A4202D141F0100175
:102C700061800068C7E7012F08D0608840F0040039
:102C800060803046BDE8F041FFF772BB012007A528
:102C90002071002784E70000696E6465782E6874EF
:102CA0006D00000060720200D0700200696E646501
:102CB000782E6367690000002DE9F04706464088DA
:102CC000072592460F46400500D501253548007876
:102CD00008B925F001054FF000080C464FF0070930
:102CE000C6F81C8055E0E80705D02FA12046FFF765
:102CF000D7FA012810D0A80705D531A12046FFF743
:102D0000CFFA012825D068073DD532A12046FFF72C
:102D1000C7FA012830D036E0153425F001052146E8
:102D20002046FFF75DF93049204601F09DFD01285E
:102D30000CD12D48FEF778FB044420783A2805D1C1
:102D4000601C04462949FEF72DFCE0B186F800908E
:102D500019E0113425F0020500203218215C91752C
:102D6000215C2C2904D00D2902D0401C0528F4D365
:102D7000304480F8168006E0133425F00405204620
:102D800000F076F9F06107EB0A012046FFF738FB07
:102D900004460CB1002DA6D1E80701D086F80090BA
:102DA000BDE8F08734540200417574686F72697A27
:102DB0006174696F6E3A204261736963200000009C
:102DC0004163636570742D4C616E67756167653A28
:102DD0002000000049662D4D6F6469666965642DA9
:102DE00053696E63653A20004C54020018E50720D1
:102DF0002DE9F04105464079494E0C46C00652D4B3
:102E00007088E988884279D9421A2146686A01F0B7
:102E10000DFA002870D0E988001D0C187ED041A161
:102E20002046FFF73DFA01280FD1153427460AE066
:102E300042A1384601F018FD01280DD038467168CE
:102E4000FFF7F2FA0746002FF2D120467168FFF72C
:102E5000D7FAD0B10446E2E70A370A2222213846DF
:102E600000F0EAF80028F0D000210170C01B82B207
:102E700039460120FFF734F9688840F48070688093
:102E8000687940F020006871DFE720780D2845D18F
:102E900060780A2842D16879A41C40F0100068715B
:102EA0007068A0423AD96979C1F30110032835D17D
:102EB0007088AA684906A2EB0001A9600FD4E988CE
:102EC00088421CD9421A2146686A01F0AFF9B0B1B4
:102ED000801E001B82B221460220FFF701F9A8687C
:102EE00004281BD2002211460320FFF7F9F8688856
:102EF00020F4807068800120BDE8F0810EE0EA884F
:102F0000A968706802F108039942E2D2511A401A86
:102F10006979083841F040016971DAE70020EBE790
:102F2000FCE40720436F6E74656E742D4469737002
:102F30006F736974696F6E3A2000000066696C6592
:102F40006E616D653D2200002DE9F041384D04466B
:102F50000F4668684FF00006A0EB010082B26A805D
:102F60006188607909051CD5010706D4A1689142E2
:102F70000ED940F00800607126612069104420617C
:102F8000A168884204D239460520FFF7A9F840E03D
:102F900039460420FFF7A4F8608820F400606080C0
:102FA00043E000071FD4A068904204D839460020AF
:102FB000FFF796F83AE01F4980B2E0800A68B0EB6C
:102FC000920F01D99008E08080B2FEF73FFD606269
:102FD0006A88394600F0C4FA68882061607940F058
:102FE0000800607115E0E088216981420AD2401A28
:102FF000824200D21046626A531802463946184689
:1030000000F0AEFA6988206908442061A16888420E
:1030100002D20020BDE8F081E2880020616AFFF75B
:103020005FF8606AFFF7A4F9666226610120F1E7A4
:10303000FCE407201854020005E0934207D00D2B52
:1030400005D023B1401C03788B42F6D17047002095
:10305000704710B5002307E00C783CB15B1C04708E
:103060000A2C03D0401C491C9342F5D398B210BDE2
:103070002DE9F04704460C30DDF72CF9A0F2B275CB
:10308000872D29D840F26D106843691CDFF88480D1
:1030900000EB9107002604F1080900BF08EB860148
:1030A000484601F0E1FB012802D0761C0C2EF5D336
:1030B0000C2E11D017484C30012E30F81600074462
:1030C00004D9A807B0F1004000D17F1C601DDDF7D6
:1030D00001F9401E1E2802D90020BDE8F0873D18E6
:1030E00004F11100DDF7F6F805EB450100EBC10531
:1030F00004F11400DDF7EEF8C5EB051100EB8105D6
:1031000004F11700DDF7E6F8C5EB051100EB8100CF
:10311000E3E70000326E0200002800DAC0434000FE
:1031200002F0C4B810B5FDF7A8FF00F06DF807482D
:1031300000213C22818006490988C1800549064852
:1031400000F00EFABDE81040DDF75DB894350010D0
:103150001C540200DA5302008C3E082030B50021D6
:1031600006480B460124064A03E0037044700E3003
:10317000491C1588A942F8DB30BD00009C350010C1
:103180001E54020010B5FDF778FFFDF779FEFFF73A
:10319000E5FF0448002101604160BDE81040FDF7F3
:1031A00067BF000008E507202DE9F0410126114C1A
:1031B0000025114F19E0E5602561A5826580104862
:1031C0002562656202880D4B0021052001F0D0FBCD
:1031D00060700121217030B10A49098801F00CFCAE
:1031E000012800D125703034761C38788642E2DD23
:1031F000BDE8F081F80D0820335402002D290200AB
:103200003054020036540200064905480968421845
:10321000121F002102601160416003480160704785
:103220002CE50720185402009035001070B5104CA2
:103230001048002565700178C90701D0012161702F
:1032400000780D494008A0700948093001F0F4FAEF
:1032500020720A4A0321002001F040FF207018B1BB
:103260000749098801F05EFF0648056070BD00004F
:10327000086F00105654020006C00720C142020029
:103280005254020004E50720034802782C204243F0
:103290000021024800F072B92554020028360010BF
:1032A0000448007800EB400082000021024800F052
:1032B00065B9000024540200BC0D0820F8B504468E
:1032C0000F46808AFEF73FFB054621880E3081427B
:1032D00045D3A07C0421B1EB101F40D1264907EB58
:1032E000870001EB800104F122000422064600F071
:1032F00027F958BB04222149304600F021F928BBA8
:103300006FBB31780E223046B2EB111F04D1DCF7CF
:103310009DFF012815D00EE004223146684600F0DA
:103320001FF915480099026880684A40024202D19C
:103330000843401C05D02046FEF7C6FF78B1E07E6A
:1033400002E0E07E022801D0112808D104F1120029
:1033500000F016F818B9208B30F0C00001D0002022
:10336000F8BDA07C0007800E00F10E016180281AD4
:1033700020800120F8BD00008C3E0820FC6E020079
:1033800001780907890EFEF7BABA00002DE9F0416D
:10339000214C8046214F2078C0070AD02049404662
:1033A00000F088F840BB0422FF21404600F0EEF810
:1033B00010BB1B4D20781435800704D529464046A4
:1033C00000F078F800BB164E20782836400704D568
:1033D0003146404600F06EF8D0B92078800702D51B
:1033E0002078000710D42078400702D52078C00646
:1033F0000ED42078C00704D0002038700848BDE8FB
:10340000F0812078800703D5012038702846F6E740
:10341000022038703046F2E71654020012E5072009
:103420008C3E08202DE9F0410446DDF818800F4657
:103430001646012A08D0022E06D0062E04D0112EE0
:1034400002D00020BDE8F081194D45216888401C5C
:1034500068802088A174143080B2E374FEF773FA98
:10346000A0826888FEF76FFAE0820020208384F84B
:103470001A80E676A0833846FFF788FF01460422CB
:1034800004F11E0000F06CF80422394604F1220019
:1034900000F066F804F11200FFF772FFA0832088A5
:1034A0002230208029782046BDE8F041DCF7C9BEF3
:1034B00012E5072018B50C4601460422684600F0C4
:1034C0004FF8206800994840A168084201D00020C8
:1034D00018BD012018BD000038B50446014604227D
:1034E000684600F03DF80648826800980243521C86
:1034F00001D0002038BD02492046FFF7DBFF38BD70
:103500008C3E08200C4800218278012A04D00170EA
:1035100080F80110DCF786BE817081880122491C89
:103520008BB28380C1888B4204D1044B1B88194421
:10353000C18042700270EDE7943500101C54020007
:1035400010B508E003780C78A34201D0002010BD2C
:10355000401C491C521E002AF4D1012010BD00005D
:1035600030B5134606E000BF054611F8014B401C7C
:103570002C705B1E002BF7D1104630BD03E000BF5E
:1035800000F8011B521E002AFAD170473AB10378A5
:103590008B4201D000207047401C521EF6E70120EC
:1035A000704700002DE9F04781460D461A4C002671
:1035B0001A4FDFF86C8029E06A886078824223D84D
:1035C000E988A01C4944FFF7BBFFE8B198F8030065
:1035D0006178A128688802D0884215D30DE088421E
:1035E00004D13968761C8E4213D018346178814238
:1035F00003D9081AA9890844A881A889E17B08444D
:10360000A8813046BDE8F0871834761C38688642B9
:10361000D2DB4FF0FF30F5E710010010F05C020044
:10362000086F001070B51E4B02EB420203EBC204A0
:103630000A78412A0BD006DC022A08D0042A1DD0C1
:10364000402A2AD116E0422A01D0432A25D1FEF78A
:103650000FFFE17B012904D0022905D004291CD1E8
:1036600005E02169087016E02169088013E02169EE
:10367000086010E04A88042A07D00EE04A88E37BFD
:103680009A420AD825690023AB544A88C988014464
:103690002069FFF765FF012070BD002070BD0000AC
:1036A0001001001070B50A898A8002EB000302F154
:1036B00002001D7886B20D70CE80587802060FD5B4
:1036C00000F07F04042C1FDC3019C8800020024663
:1036D00004E006029818521C80783043A242F8DBBE
:1036E000CB884C891A18A2420EDC48800B81302D01
:1036F00006D0A02D04D0A12D02D0A32D00D00A8188
:10370000487818B1A84201D0002070BD012070BDDA
:103710007047000070B501882A2941D3418A4FF4CF
:10372000807399423CD1818A082939D1817D06294B
:1037300036D1C17D042933D1028B00F11204B2F5D8
:10374000806F2DD00ADC4FF4007500F12A009A42F8
:1037500017D0AA4224D10422124909E024304FF4A0
:103760001065B2F5006F0FD0AA4219D106220E499A
:10377000FFF7E6FE002813D02046BDE87040FEF7B4
:1037800057BB0422074901E006220749FFF7D8FE8C
:10379000002805D029462046BDE87040FEF77CBBD6
:1037A00070BD00008C3E082000C0072070472DE946
:1037B000F84304464188001D0E18258830462946E6
:1037C000FEF79DF828B9307848B3082801D1707801
:1037D00010B10020BDE8F88305F12200FEF736F9AC
:1037E00000F12607002139707970018580462A1F73
:1037F000311D381DFFF7B4FE29463846FEF77FF825
:103800007880A8F8005080230093404600230122CE
:1038100004F11E01FFF706FE4046FEF7A9FD012058
:10382000D8E700002DE9F05F428800F1040B02EBBD
:103830000B050646287B6FF0030101EA900014286F
:103840007ED3318881427BD30244081A1FFA80F864
:10385000728006F11201284601F00CF95FEA000AB5
:1038600006F11E076DD000220421381DFEF752F824
:10387000024604213846FEF74DF80146F07EFEF779
:103880005DF801463088FEF759F80246318828462F
:10389000FEF740F8C0430004000C51D10AEB4A0186
:1038A00001EBCA00F9494FF0100901EB800414F84C
:1038B0002C0D0B2879D2DFE800F04444C4F9F7F668
:1038C000F5F4F3F20600687B410704D5A07840F0D8
:1038D0000800A070CEE1810713D5C00630D5281DA1
:1038E000FEF7BBFDA169401C884229D105F1080003
:1038F000FEF7B3FD6169884222D100BF84F82290AF
:10390000B0E1D4E9041291423FD0C00618D505F1C8
:1039100008000746FEF7A1FD01466069814215D106
:1039200020610021204601F087FBA078221D40F095
:103930000800A070A76A238904215046B84701E017
:103940007DE0CCE0A07820F008001DE0A0784007E2
:103950001BD53846FEF781FD01466069001F814294
:1039600013D12061676A042238883918363107F18B
:103970003A00FFF7F5FD3A21384600F051FA0420ED
:103980003880A07820F00400A070281DFEF765FDA7
:10399000A16988420AD0281DFEF75FFDA169401C7D
:1039A0008842ABD1A08BE083A8E76AE1A178B8F1A7
:1039B000000F41F00800A0700DD0E08958B1718867
:1039C000A66A01EB0B02434605215046B047A169A8
:1039D00001EB0800A061687BC00717D0D4E904019F
:1039E000884213D1221DA56A238902215046A84787
:1039F000A069401CA0616069401C6061112084F8CE
:103A00002200504601F04CFA08211BE1A178B8F1E0
:103A1000000F21F00800A0700FD084F82290607889
:103A2000000707D5E089404502D9A0EB080000E077
:103A30000020E081504601F033FAA08BE083BDE81E
:103A4000F09F687B410701D50221FBE0C10601D44C
:103A5000800704D43946284601F0AEFAF4E7221D67
:103A6000A66A238900215046B047C0B32946504674
:103A700001F05CF900F0B6FF2061401C6061281D78
:103A8000FEF7EBFC401CA061122084F82200504697
:103A900001F006FAA07820F00100A07053E0E6E003
:103AA000BDE0A3E08FE062E036E0FFE7687B41071E
:103AB0007AD4C10714D005F10800FEF7CEFC616985
:103AC0008842BCD1281DFEF7C8FC401CA06160697B
:103AD000206184F82290504601F0E2F911E040E0C4
:103AE000C10616D505F10800FEF7B7FC61698842EA
:103AF000A5D1281DFEF7B1FCA16988429FD160695C
:103B00002061221DA56A238901215046A8470A2168
:103B100098E0800793D424E0687B410744D41226C0
:103B200036EA000111D080071BD52946504601F026
:103B3000FDF8281DFEF791FC401CA06184F822606E
:103B4000504601F0ADF903217CE005F10800FEF7D5
:103B500084FC61698842B4D12946504601F0E6F8F8
:103B6000B0E739462846BDE8F05F01F025BA687B2A
:103B700041077FD4C10718D005F108000646FEF7BB
:103B80006CFC6169884205D03046FEF766FC21690D
:103B9000884296D1281DFEF760FC404400F10100E8
:103BA000A061606920611AE064E0C0067FF547AF5C
:103BB00005F10800FEF751FC01466069814297D18A
:103BC000062120613EE0687B410753D4C0073FF4E3
:103BD00036AF281DFEF741FC4044401CA06184F82C
:103BE0002290504601F05CF909212BE0687B4107E7
:103BF00040D4C10609D505F10800FEF72EFC0146A8
:103C000060698142A7D12061EEE7C007DFD0281D9F
:103C1000FEF723FC404400F10100A0616EE6687BE2
:103C2000410727D4C10612D505F10800FEF715FC9F
:103C30000146606981428ED1206160780221C0070F
:103C400000D101212046BDE8F05F01F0FFB9C007B7
:103C5000BDD0281DFEF701FC4044401CA06111208E
:103C600084F822005046BDE8F05F01F019B9687B86
:103C70004107CAD5221DA56A238903215046A847BA
:103C8000DBE7BDE8F05F0520DCF7BCBA28360010A2
:103C90002DE9F84305464188001D0C18A088FDF762
:103CA00052FE082848D30127284EDFF8A48047E0B9
:103CB0003078022842D16088FDF745FE718888423D
:103CC0003CD117F0FF0737D0717905F11E0989073C
:103CD00024D5E08810B30022042105F12200FDF76D
:103CE00019FE024604214846FDF714FE0146E87E0F
:103CF000FDF724FE8046A088FDF725FE4146FDF72E
:103D00001DFE8046A088FDF71EFE01464246204665
:103D1000FDF700FEC0430004000C0DD12088FDF724
:103D200012FE024628884946083883B20093B568D7
:103D300004F108033846A847BDE8F8830C367F1C19
:103D400098F800008742B3DDF6E70000BC0D0820BC
:103D500024540200084A30B4D2E90034591C01F05E
:103D60001F01A14205D0054C44F82300116030BC6E
:103D7000704730BCFEF7FCBA08E507200C3E08206F
:103D800070B5044640882E260025000623D57822EB
:103D9000216AA06AFEF769FD0028206A0ED000782B
:103DA0002328F4D020790C2814D1206AFDF73CFB9D
:103DB000216A421E8A5C0A2A04D00AE00670206A40
:103DC0004570EFE70246921E401E8A5C0D2A00D124
:103DD000401E0D5470BDA06A226A0178012905D0E9
:103DE000022905D0032905D0167070BD742102E0A8
:103DF000632100E069211170236A20220221401C06
:103E00005A700278042A06D3236A4E1C401C5A5466
:103E10003146772EF5D3226A5554A06270BD00005A
:103E200070B50180A0F108040F31606821F003052E
:103E3000A8420CD9FDF721F96068411B04480268CB
:103E4000511A01606560BDE87040FDF711B970BDA1
:103E50009035001070B5FFF75BFC2748007801280B
:103E600001D1FDF769FF2549D1E90020824241D007
:103E7000234A52F82040401C00F01F004860208A6E
:103E8000082806D0B0F5C16F2FD12046FFF742FCBD
:103E90002BE000212046FFF711FA10B304F11E00B9
:103EA000042200210546FFF771FB28B9012204F125
:103EB0000A012846FDF71CFEE07E012806D00228F4
:103EC00008D006280ED011280FD107E02046FFF7B2
:103ED0006EFC0AE02046FFF769FC06E02046DCF7AE
:103EE000ACF902E02046DCF7AAF92046BDE87040B4
:103EF000FEF73EBA70BD00009535001008E50720BA
:103F00000C3E08202DE9F05F002505274FF0010B3E
:103F1000A946DFF8D882B64E3DE198F80010327815
:103F20004046914202D9594680F800B0C9B2B14822
:103F300001EB410100EB011414F8300D0B2811D2F4
:103F4000DFE800F0061006101180FEFD1010FC00E6
:103F5000607800F031FD0228F1D2A7496078098825
:103F600000F04AFD11E16088410702D54FF4CA759F
:103F700028E1C10602D54FF4987523E1A18A0029F2
:103F8000F0D1D4E903128A4216D3C1070DD04106FD
:103F900005D520F040006080E06AFEF765FC204611
:103FA000FFF7EEFE2770BDE8F09F607800F096FC0A
:103FB0002046FEF78BFCD2E0607800F0ABFD0546B2
:103FC00000F0CEFC82466088002681070AD440F0CB
:103FD0000200608051462046FEF762FA064660887D
:103FE00040057ED461880AEB0600A5EB060549066C
:103FF00015D5E36A0146AAB21846FEF765FC0746E6
:10400000A8420AD2E06AFEF72FFC608820F0400048
:104010006080C4F80CB0C4F82C90B8B20AE0D4E9BF
:104020000321521AAA4200D92A46E36A1944FFF72B
:1040300097FA80B2A082304482B26078514600F094
:10404000ADFE8CE0206A0078632815D004DC2328BC
:1040500077D02E2804D1A8E7692873D074280BD014
:10406000607800F00FFC2046FEF730FC98F8000066
:10407000401C88F8000096E7607800F04BFD06468B
:1040800000F06EFC074660880025810717D440F0D9
:104090000200608039462046FEF702FA05460EE02F
:1040A000701B216A82B2891C7819FEF7D2FF054481
:1040B00005F17800B0424AD82046FFF761FE206A39
:1040C00000787428ECD0632837D1DFF820A104F100
:1040D000080B0AF1040A6088000701D4C4F80890AC
:1040E00000E079E098F800108AF80010701B82B2A6
:1040F000206A7919801C5B46FDF7F0FFC0F30D01C3
:104100000D440104618802D541F0080101E021F06D
:104110000801618040041AD405F1F000B04216D8BD
:104120000807E3D42046FFF72BFE206A00786328B7
:10413000D1D0206A00787428B2D004E040E03CE09E
:1041400021E01CE011E0608840F020006080AAB20D
:10415000A2826078394600F021FE0620207098F88F
:104160000010491C88F800101DE7216A2046891CB0
:10417000FEF706FD0420C4F81090207013E72046D7
:10418000FFF7FEFD5EE7A08A50B198F80010491CC9
:1041900088F800106D1C30788542FFF4BEAE02E74F
:1041A0002770608810F0280F02D12046FFF7E8FD45
:1041B000608820F020006080F5E640F2911501E073
:1041C00040F2F515607800F0A5FC00F0C9FB8246CE
:1041D0002946FEF76BFA06466078B2B2514600F007
:1041E000DDFD607800F07AFB3DE70000F8E4072091
:1041F00033540200F80D08203654020008480078B5
:1042000001280BD10748084A817813680B441360D2
:104210004278D20702D081F001018170704700001E
:1042200094350010086F001004E5072070B50600F3
:104230000C4615461CD019E060782D2814D1207842
:104240002D2803D0A0782D2808D00DE03146A01CE1
:1042500000F00AFB012807D1204670BD3146E01C62
:1042600000F002FB012805D0A41CAD1E012DE3D8EF
:10427000002070BD601C70BD0A0E02700A0C4270F6
:104280000A0A8270C170704770B5054608780E46FC
:104290000228144610460FD001F008F8F1880246B3
:1042A00004202944904202DC230E01F8013B240241
:1042B000401EF7D1104670BDFEF72EFFEEE700005E
:1042C0002DE9FF4FC34D8FB098462A781C99824242
:1042D00044D1172942D30027ADF80C70ADF80E1069
:1042E0004FF0300AADF810708DF805A001A91846FE
:1042F000FFF7D8F990B302268DF8056001A9404672
:10430000FFF7D0F950B301A94046FEF7B1F828BB3A
:1043100004208DF8050001A94046FFF7C3F9E8B174
:10432000BDF80620287A824218D1BDF80A1001EBA8
:10433000080005F10901FFF703F978B18DF8057060
:1043400001A94046FFF7AEF940B19DF80400E870BE
:10435000A02807D0A12805D0A32803D0002013B09F
:10436000BDE8F08FBDF8080001A960F31F44814645
:1043700002208DF805004046FFF794F90028EDD0A3
:1043800001A94046FEF774F8686001A94046FFF7AE
:1043900089F90028E2D001A94046FEF769F8002813
:1043A000DCD1BDF80AB001A94046FFF77BF900282F
:1043B000D4D001A94046FEF75BF80028CED1BDF865
:1043C0000A608DF805A001A94046FFF76BF90028A7
:1043D000C4D0002060F3070460F30F243DE000BF69
:1043E000C4F30720401CC0B260F30F2400901428CF
:1043F00048D88DF805A001A94046FFF753F90028D9
:10440000ACD006208DF8050001A94046FFF74AF917
:104410000028A3D001A94046FFF7C4F8071E01DA1F
:1044200002206FE0009805A901EB400001A920F8E7
:10443000027C00208DF805004046FFF733F9002884
:104440008CD0E878A3283BD0634807EB470100EB0A
:10445000C100416909B100208847BDF80C00BDF8D2
:104460000E108842BCD35B48C078A3280DD0BDF89D
:10447000100089B20844801D80B2ADF81000B0F57C
:10448000B86F42D9012060F30704002060F30F24C5
:10449000BDF80E0000F01AFE0746BDF80E2041469A
:1044A000FFF75EF8A22007F8090007F80B40C4F3F5
:1044B0000720B855BDF80E30009328783B4682E0BF
:1044C000454907EB4700009011F830009DF80420A3
:1044D00000F07F039A4201D0032013E0000601D5CB
:1044E00004200FE03A4601A94046FFF79BF840B18F
:1044F0003948009900EBC10041690029ADD0012085
:10450000AAE7052060F30704C2E700F0DFFD0546D7
:1045100006F109001FFA80FBADF80CB00027C4F3C8
:10452000072407E005A801A930F817202846FDF761
:1045300017FA7F1CBC42F5DC57468DF804A0ADF895
:1045400008B001A92846FDF787FD224C6068FEF7F8
:10455000E3FD00F10802BDF80800B31A801A80B22A
:10456000ADF8080003EB0801491C2844FEF7F8FFEA
:10457000A2208DF8040001A92846FDF76DFD227ADE
:10458000BDF80800521D801A80B2ADF80800A9EBF2
:10459000020303EB08012844FEF7E2FF8DF80470E4
:1045A00001A92846FDF758FDBDF80C10BDF808001C
:1045B0000E1A20B1411932462846FEF7D1FFB3B298
:1045C000009320782B46DDE9101200F0E9FD012070
:1045D000C5E60000086F0010100100102DE9FF4F24
:1045E00085B081461D468B4E00248B4F08E0092282
:1045F000711C8AA0FEF7A4FF012804D01836641CA1
:1046000038688442F3DB3868844250D00698062824
:104610004DD802D24FF00000079000261DB135F8AA
:10462000026B142E43DC002006E000BF35F81010AA
:104630003A6891423BDA401CB042F7DBB9F1000F17
:1046400001D1DFF8E4910020ADF810000746DFF853
:10465000C48113E035F8170000EB400108EBC100FE
:10466000BDF810104278C37B11449B1D1944ADF86E
:104670001010416909B1002088477F1CB742E9DB6F
:10468000DFF8A8A104EB440208EBC2089AF808106E
:1046900098F80F0008442530BDF81010ADF80E0052
:1046A000084480B2ADF81000B0F5B86F03D900200F
:1046B00009B0BDE8F08F00F009FD0446BDF80E001A
:1046C000ADF80C00002706E035F8172001A92046B8
:1046D000FDF746F97F1CB742F6DBBDF80E004FF040
:1046E000300BADF808008DF804B001A92046FDF7A5
:1046F000B3FC43208DF804004D4801A90268204610
:10470000FDF7CDFC02208DF8040001A92046079A90
:10471000FDF7C5FC01A92046069AFDF7C0FCBDF8CF
:1047200008004021801F80B2ADF808002154BDF878
:104730000810671C0426CE554846FEF727FE0146A2
:10474000BDF80820A01C10440422FEF709FF98F8C9
:104750000F00BDF80810ADF80600081AADF80A0001
:10476000801E80B2ADF8080006212154BDF8081063
:10477000BDF80600C855BDF80A00BDF80620204463
:10478000D8F81010FEF7ECFEA4208DF8040001A963
:104790002046FDF761FCBDF808009AF80810554660
:1047A000401AADF80A00801E80B2ADF80800265409
:1047B000BDF808109AF80800C855BDF80A001B4952
:1047C0009AF8082020440931FEF7CAFE02208DF82D
:1047D0000400002201A92046FDF761FC8DF804B019
:1047E00001A92046FDF738FCBDF80C10BDF8080003
:1047F0000E1A20B1011932462046FEF7B1FEB3B2BF
:1048000000930C49287823460A88494600F0C8FCE2
:1048100001204DE710010010F05C0200082B06019A
:10482000020101020000000057540200086F00104E
:1048300004E507205454020000220B7803700B7823
:104840001BB1401C491C521CF7E71046704710B5BD
:104850000446002004E001461046FDF7BDFD641C3F
:104860002278002AF7D110BD06E00378934201D0E8
:1048700000207047401C491C0A78002AF5D101200D
:104880007047000010B510B31249097888421ED84D
:1048900000EB4001104A01EBC00102EB810414F867
:1048A0002C1D0B2913D2DFE801F0120A060C0C0CA8
:1048B0000C0C0C060C000121204600F0C7FB012067
:1048C00010BD042184F8221000F0EAFAF3E700207A
:1048D00010BD0000255402002836001010B578B332
:1048E0001D490978884234D800EB40011B4A01EB8E
:1048F000C00102EB8104112114F82C2D921E092A0B
:1049000027D2DFE802F01105111B1B1B1B1B130034
:1049100084F822102169491C21616169491C13E056
:10492000204600F093FB09E00121F9E7D4E90423D4
:104930009A4206D0A07840F00100A070012010BD7E
:1049400007E084F82210591C616100F0A9FA0521E2
:10495000E6E70020F3E700002554020028360010A7
:1049600010B53630FDF772F8362141803A3010BD6F
:104970002DE9F0410F2804D81BB101250C4C0D4E38
:1049800006E00020BDE8F081277847B12C346D1C8B
:104990003778BD42F8DD0420DBF734FCF1E701266F
:1049A00026706070E170A362A283E8B2EAE70000BB
:1049B000283600102554020018B1084909788842A9
:1049C00001D9FF20704700EB400101EBC000044912
:1049D00001EB800010F82C0C7047000025540200F9
:1049E0002836001003484FF6FF71008801EB0040A5
:1049F000704700009835001010B5C0B11B4A1278FE
:104A0000904214D899B100EB400202EBC000184A62
:104A100002EB80002C384278D20708D0826A32B18B
:104A20000278012A05D0022A03D0092A01D00020E9
:104A300010BD02220270002282700281418140F288
:104A4000B451818141F21C11C181511EC0E9042180
:104A5000826180F8222080F8232042620422002113
:104A6000001DFEF78BFD012010BD00002554020043
:104A7000283600102DE9F04105460127234C01F1AD
:104A80000C08234E17E02078022812D02888FCF763
:104A90005AFF218988420CD16888FCF754FF61894C
:104AA000884206D104224146201DFEF749FD012817
:104AB00009D02C347F1C30788742E4DD687B10F00D
:104AC000150F20D102E0F8B2BDE8F08180071AD5B9
:104AD00001270E4C14E0207802280FD16888FCF7DB
:104AE00032FF6189884209D104224146201DFEF728
:104AF00037FD2888FCF727FF2081E4E72C347F1C52
:104B000030788742E7DD0020DEE70000283600101D
:104B10002554020000EB400101EBC000054901EB08
:104B2000800040F2B45130F8200C884200D9084689
:104B300080B27047283600102DE9F0477448754B55
:104B4000007898B1754A0021734814780BE0028C04
:104B50000AB1521E0284012C03D1C28B0AB1521E2B
:104B6000C2832C30491C1A789142F0DB00264FF0AA
:104B700011084FF0020A6A4F6A4D9946A8E0297859
:104B800099F80000814201D90120287028786249F3
:104B900000EB400202EBC00001EB800414F82C0D86
:104BA0000B2877D2DFE800F09090905959778677FC
:104BB000776C0600D4E90420A178A0EB0200C907B5
:104BC00000D038B1E18B91B100287DD0208C002835
:104BD0007AD120E0A07820F00100A07084F8228033
:104BE0006069401C6061287800F05AF911E084F88F
:104BF00022806069401C6061287800F051F9A0783B
:104C0000221D40F00800A070A66A2389022128789E
:104C1000B047052175E094F82300A8B104F11C0405
:104C2000401EE0714FF01800A071A1684FF0000322
:104C300028780A88164600F045F9A068068038886A
:104C4000A080208860805FE00021204600F0F4F919
:104C5000A07840F00800A07042E0208CD0B994F811
:104C60002300E0B3401E84F82300287800F018F9F0
:104C700021783888032901D02B480088208443E01C
:104C8000208C38B960785146C00700D101212046F8
:104C900000F0DCF918E0208CB0B994F82300F0B1F2
:104CA000401E84F8230084F82280287800F0F8F869
:104CB0003888E3E7208C38B994F8230078B1401E97
:104CC00084F82300388820842878401C2870761CBB
:104CD00099F800108E42FFF452AFBDE8F087FFE76D
:104CE000042084F82200287800F0DAF8221DA66A51
:104CF000238903212878B04760785146C00700D146
:104D00000121204600F0A2F92878401C2870E4E731
:104D100094350010255402002836001095350010F7
:104D200028540200883500102C540200F0B50A7B8C
:104D30006FF0030303EA9204143C2BD014310022D9
:104D400040F2B45324E08D5C002D23D0012D02D01D
:104D5000022D18D101E0521C1AE08E187578042D2E
:104D600011D100EB40050C4F05EBC005768807EB31
:104D700085052C3D76BA9E4200D91E46AE81AE789E
:104D800046F00206AE708D186D78002D02D02A44D0
:104D9000A242D8D3F0BD0000283600102DE9F0471C
:104DA000A1F13A06074670881546362802D0002041
:104DB000BDE8F087F7B33648007887424CD807EB58
:104DC0004700344900EBC70001EB800414F82C0DB8
:104DD0000A2841D1D4E9041081423DD155B3A189BB
:104DE000A94200D20D462844606105F136013046E3
:104DF000FFF716F83146204600F01EF960784FF0B4
:104E0000180A40072CD5042D2AD9A07840F00400B8
:104E1000A0703A20FCF71AFE804671193631042240
:104E20003A30FEF79DFB102084F822000023281F53
:104E300082B200E010E091463146384600F042F878
:104E400084F822A04B4604224146384600F03AF846
:104E50004046FDF78DFA0FE03046FDF789FAA6E7E8
:104E6000A078002320F00400A07084F822A02A4635
:104E70003146384600F026F80748358000882084FF
:104E80000648007884F82300A08BE08301208FE798
:104E9000255402002836001028540200265402002F
:104EA00070B505463A20FCF7D1FD044600230146C3
:104EB0001A46284600F006F82046BDE87040FDF787
:104EC00057BA00002DE9F8430D461746984678B1C9
:104ED00037490978491C88420AD800EB400101EBA8
:104EE000C000344901EB80042C3CA089B84202D2B6
:104EF0000020BDE8F88305F126066089FCF723FD54
:104F000030802089FCF71FFD70802169301D4144ED
:104F1000FFF7B2F906F10800A169FFF7ADF95020DB
:104F2000307394F822007073E089FCF70CFDF08177
:104F3000002030827082A07881070ED520F0020018
:104F4000A07040F20240688705F13A07A089FCF79B
:104F5000FAFC7880602030730427201DFEF716FAD3
:104F600000220421FCF7D6FC02460421201DFCF798
:104F7000D1FC01460620FCF7E1FC01461437B8B22B
:104F80008046FCF7DBFC024639463046FCF7C2FCA3
:104F9000C04380B2FCF7D7FC3082A5F800808023A4
:104FA0000093E3780622211D2846FEF73BFAA0E78E
:104FB000255402002836001070B51D4E05461D4BC5
:104FC0003278407B02EB420404EBC20203EB820422
:104FD00040072CD40422201DFEF7C2FA2888FCF7D3
:104FE000B2FC20816888FCF7AEFC60810020E07094
:104FF000697BC9060BD505F10800FDF72EFA206183
:10500000042084F82200281DFDF727FA07E020611C
:10501000142084F82200281DFDF71FFA401CA0610F
:105020003078BDE87040401CC0B2FFF739BF70BD9A
:10503000255402002836001070B50446406A0D461B
:1050400008B1FDF795F9656270BD000070B50446C2
:105050000170164D00200B291BD2DFE801F01C1C4B
:105060001C200C15151515061200114909882184FC
:1050700084F823000DE00F490F4A09882184117834
:1050800005E0A08BE0830AE02A880121228484F8CD
:105090002310E08370BD00212046FFF7CDFF0749B4
:1050A00028882084087884F8230070BD28540200E2
:1050B0002A5402002E5402003254020026540200E8
:1050C00001490120887070479435001010B52A30CE
:1050D000FCF7BCFC2A2141802E3010BD70B51AB1FE
:1050E00001240E4B0E4D05E0002070BD1E7846B128
:1050F0000C33641C2E78B442F8DD0320DBF782F811
:10510000F2E701251D705D7001F0030159711871FE
:1051100000205880E0B29A6070BD0000BC0D0820ED
:1051200024540200F0B518B11A4A1378984201D9F4
:105130000020F0BD184B00EB400003EB80040C3C5A
:1051400019BB164800254FF4806C4FF47C4E018843
:10515000491C89B20180614501D2A0F800C000213C
:105160000D4B068807E05F88B74202D11F78012FF8
:1051700004D80C33491C1778B942F4DB13789942F0
:1051800002D06D1C7545E2DBB1B261800220207057
:105190000120F0BD24540200BC0D08208C35001005
:1051A0002DE9F843A3F12E0405466088089F89463F
:1051B00090462A2802D00020BDE8F883002D52D066
:1051C0003848007885424ED8042200214846FEF730
:1051D000DDF9F0BBB8F1000F45D04FF4B86087425D
:1051E00000D90746304905EB450001EB800616F86B
:1051F0000C0D022837D1708858B304F12605FCF74E
:10520000A2FB28804046FCF79EFB688007F1080857
:105210001FFA88F00746FCF796FBA8800020E8807C
:105220007079C00728D04846FEF7B0F80022042164
:10523000FCF770FB024604214846FCF76BFB014675
:105240001120FCF77BFB01463846FCF777FB024652
:1052500000E008E041462846FCF75CFBC043000440
:10526000000C04D005E02046FDF782F8A3E74FF6D6
:10527000FF70FCF768FBE880278099F80000802326
:105280000E21B1EB101F00D17378009333791122F6
:1052900049462046FEF7C6F805462046FDF768F861
:1052A000284689E724540200BC0D082040F0010183
:1052B0000420820501E00902401E9142FBD37047A1
:1052C0002DE9FC473C23B0FBF3F28A46B2FBF3F135
:1052D00003FB120903FB11281822B1FBF2F002FBB9
:1052E0001015C11C0722B1FBF2F302FB131640F2AA
:1052F000B551B0FBF1F301FB13019A0000241D48E6
:1053000001E0C91A641C30F814308B42F9D9194FE6
:1053100013190C2017F1520707EB4002022832F84C
:10532000022C02D9022C00D1521C914201D2401E03
:10533000F2E7891A0F4A03F2B273921D02EB800260
:10534000121F0C48CDE90023491C363000EB8602C1
:105350000B4609A15046FBF721FF04465044434643
:105360002A4609A1CDF80090FBF718FF2044BDE8BC
:10537000FC8700002C6E020025732C20253032643F
:10538000202573202564000020253032643A253022
:1053900032643A2530326420474D540D0A00000033
:1053A00010B500290AD00878002807D005487844AD
:1053B000FCF7F8F8002801D0002010BD024878441E
:1053C00010BD00009A1F0000921F000010B5FCF7EE
:1053D0008BFA4FF00001016010BDC0A8016CC0A89D
:1053E00001FEFFFFFF00C2190281C2190282000004
:1053F00000000000000000000000000000000000AD
:10540000000000000000000000000000000000009C
:105410000000000000003900902800000A000A0087
:1054200096000402050705006400020014000A004B
:105430001400070600005000456D626564646564F1
:1054400020574542205365727665720061646D692C
:105450006E00A100A20014C0A801090B0D0F0E00E0
:10546000AC01CA01AE01CC01B001D001A601C4015A
:10547000A001BE01A201C001A401C201AA01C8018C
:10548000A801C60114001600040214022402060238
:10549000160226020802180228020A021A022A022A
:1054A0000C021C022C020E021E022E02100220020E
:1054B000300212022202320234023E02480252023A
:1054C000360240024A025402380242024C0256029C
:1054D0003A0244024E02580218011A01000000006C
:1054E0000000007F3E1C080000080C0E0C087F49DD
:1054F0005149457F7F414141417F0000000000004C
:10550000000000000000000000000000000000009B
:10551000000000000000000000000000000000008B
:10552000000000000000000000000000000000007B
:10553000000000000000000000000000000000006B
:10554000000000000000000000000000000000005B
:10555000000000000000000000000000000000004B
:10556000000000000000000000000000000000003B
:10557000000000000000000000000000000000002B
:10558000000000000000000000000000000000001B
:10559000000000000000000000000000000000000B
:1055A00000000000005F0000000000000000001488
:1055B0003E143E1400242A7F2A120023130864623A
:1055C00000364955225000000000060000003E4110
:1055D0000000000000413E000014083E08140008CE
:1055E000083E0808000050300000000808080808BD
:1055F000000000606000004020100804003E514997
:10560000453E0000427F4000004261514946002172
:1056100041454B31001814127F100027454545398C
:10562000003C4A49493000017109050300364949E7
:10563000493600064949291E0000363600000000A0
:10564000563600000000081422000014141414142C
:1056500000002214080000020151090600324979B5
:10566000413E007E1111117E007F49494936003EBE
:1056700041414122007F4141221C007F494949416B
:10568000007F09090901003E41415172007F08086D
:10569000087F0000417F4100002040413F01007F22
:1056A00008142241007F40404040007F020C027FEE
:1056B000007F0408107F003E4141413E007F090900
:1056C0000906003E4151215E007F09192946004626
:1056D000494949310001017F0101003F4040403FFD
:1056E000001F2040201F003F4038403F0063140847
:1056F0001463000708700807006151494543000022
:105700007F410000000408102040000000417F009D
:10571000000402010204004040404040000000003C
:105720000000002054545478007F48444438003826
:105730004444442000304848507E003854545418A3
:1057400000087E09010200085454543C007F1008F0
:1057500008700000447D4000002040443D00007E71
:10576000102844000000417F4000007C04180478A9
:10577000007C08040478003844444438007C141445
:10578000140800081414147C007C08040408004861
:105790005454542000043F444020003C4040207CAE
:1057A000001C2040201C003C4030403C004428109D
:1057B0002844000C5050503C004464544C440000B9
:1057C000083641000000007F00000000413608005C
:1057D00000000000000000000000000000000000C9
:1057E00000000000000000000000000000000000B9
:1057F00000000000000000000000000000000000A9
:10580000000406070604000000000000000000007D
:105810000000000000000000000000000000000088
:105820000000000000000000000000000000000078
:105830000000000000000000000000000000000068
:105840000000000000000000000000000000000058
:105850000000000000000000000000000000000048
:105860000000000000000000000000000000000038
:10587000000000000000000000081C3E7F00000047
:1058800000000000007F3E1C0800081838180800BF
:105890000000000000000000000000000000000008
:1058A00000000000000000000000000000000000F8
:1058B00000000000001C3E3E3E1C000000000000F6
:1058C000000000000000000000000000007C5554B3
:1058D0004500000000000000000000000000000083
:1058E00000000000000000000000000000000000B8
:1058F0000000000000000000000000000000060999
:1059000009060000242E2400000000000000000012
:105910000000000000000000000000000000000087
:105920000000000000000000000000000038555496
:105930005518007C10207B0B0000000000000000C8
:105940000000000000000000000000000000000057
:10595000000000000000203038302000007E1111CF
:10596000117E007F49494931007F49494936007F0E
:105970000101010300603E21217F007F4949494127
:105980000077087F0877004149494936007F201099
:10599000087F007F2011087F007F0814224100400B
:1059A0007E01017F007F020C027F007F0808087FD4
:1059B000003E4141413E007F0101017F007F090916
:1059C0000906003E414141220001017F01010047DB
:1059D00028100807001C227F221C0063140814638F
:1059E000007F404040FF00070808087F007F407F9D
:1059F000407F007F407F40FF00017F484870007F6C
:105A00004438007F007F4848483000224149493EE1
:105A1000007F083E413E00462919097F002054546A
:105A20005478003C4A4A4931007C54542800007C98
:105A30000404040C00603824247C003854545418A6
:105A4000006C107C106C004444545428007C2010DE
:105A5000087C007C2012087C007C10284400004058
:105A60003804047C007C0810087C007C1010107C3A
:105A7000003844444438007C0404047C007C141442
:105A800014080038444444000004047C0404000C5E
:105A90005050503C0018247E2418004428102844FC
:105AA000007C404040FC00001C10107C007C407CCE
:105AB000407C007C407C40FC00047C505020007CFA
:105AC0005020007C007C5050502000284454543812
:105AD000007C1038443800085434147C2020200006
:105AE000FFEDE200F4E5E200ECE0F000E0EFF000B2
:105AF000ECE0E900E8FEED00E8FEEB00E0E2E300A8
:105B0000F1E5ED00EEEAF200EDEEFF00E4E5EA007B
:105B10002020202020202020202020202020202085
:105B2000202020200020C2FBF5EEE42020202020B1
:105B3000202020202020202020002030253A305E08
:105B40003A302620303C2F3E20202F307B20000092
:105B500061626364656600000000303132333435C1
:105B600036373839414243444546000000000000C2
:105B70000000000000000000000000000000000025
:105B8000C00006E0000770800730C00730E0063034
:105B90007006303806701C06E00F06C007060000CD
:105BA00000000000C00006E0000770800730C0075A
:105BB00030E006307006303806701C06E00F06C074
:105BC0000706000000000000C0FF01E0FF037000B6
:105BD000073000063000063000063000067000076F
:105BE000E0FF03C0FF010000000000000000000013
:105BF00000000000000000000000000000000000A5
:105C0000000000000600600600600C00300C003050
:105C100018001818001830000C30000C30000C6010
:105C20000006600006C00003C0000380810180817F
:105C30000100810000C30000C30000660000660090
:105C4000003C00003C000018000018000018000094
:105C50003C00003C0000640000660000C20000C37D
:105C60000000C300808101808101800003C0000327
:105C700040000660000660000430000C30000C1884
:105C800000181800180C00300C00300600600600E8
:105C900060000000000000002020202020202020A4
:105CA00020202020202020202020202020202020F4
:105CB00020202020202020202020202020202020E4
:105CC00020202020202020202020202020202020D4
:105CD00020202020202020202020202020202020C4
:105CE0002020202020202020004FDC00023900004E
:105CF000290200000A000C001703E8070400010055
:105D000000001F001C001F001E001F001E001F00BF
:105D10001F001E001F001E001F00010204081020AB
:105D20004080000E1C123836242A707E6C62484671
:105D3000545AE0EEFCF2D8D6C4CA909E8C82A8A633
:105D4000B4BACEC0D2DCF6F8EAE4BEB0A2AC868823
:105D50009A942E20323C16180A045E50424C666813
:105D60007A74929C8E80AAA4B6B8E2ECFEF0DAD4E3
:105D7000C6C8727C6E604A445658020C1E103A34F3
:105D800026285C52404E646A78762C22303E141AE3
:105D90000806BCB2A0AE848A9896CCC2D0DEF4FAD3
:105DA000E8E62A243638121C0E005A544648626C23
:105DB0007E70CAC4D6D8F2FCEEE0BAB4A6A8828C33
:105DC0009E90E4EAF8F6DCD2C0CE949A8886ACA223
:105DD000B0BE040A18163C32202E747A68664C4213
:105DE000505EB8B6A4AA808E9C92C8C6D4DAF0FEE3
:105DF000ECE25856444A606E7C722826343A101EF3
:105E00000C0276786A644E40525C06081A143E30E2
:105E1000222C96988A84AEA0B2BCE6E8FAF4DED0D2
:105E2000C2CC002A547EA882FCD67A502E04D2F826
:105E300086ACF4DEA08A5C7608228EA4DAF0260C0A
:105E40007258C2E896BC6A403E14B892ECC6103A4A
:105E5000446E361C62489EB4CAE04C661832E4CEEA
:105E6000B09AAE84FAD0062C5278D4FE80AA7C5622
:105E700028025A700E24F2D8A68C200A745E88A2DA
:105E8000DCF66C463812C4EE90BA163C4268BE94FA
:105E9000EAC098B2CCE6301A644EE2C8B69C4A60BA
:105EA0001E34765C2208DEF48AA00C265872A48E7A
:105EB000F0DA82A8D6FC2A007E54F8D2AC86507A5A
:105EC000042EB49EE0CA1C364862CEE49AB0664CFA
:105ED0003218406A143EE8C2BC963A106E4492B83A
:105EE000C6ECD8F28CA6705A240EA288F6DC0A20E2
:105EF0005E742C06785284AED0FA567C0228FED40A
:105F0000AA801A304E64B298E6CC604A341EC8E2C9
:105F10009CB6EEC4BA90466C123894BEC0EA3C16E9
:105F200068420000633500106335001079350010B9
:105F3000783500107B3500107A3500107D35001063
:105F40007C3500107F3500107E350010DBC1072046
:105F5000DAC10720B1C00720B0C00720A7C00720C2
:105F6000A6C00720633500100900001027C10720D4
:105F700026C10720B15B0010B05B0010E93C0010A7
:105F8000E83C0010ED3C0010EC3C0010F13C00102F
:105F9000F03C0010013D0010003D0010F93C0010E5
:105FA000F83C0010F53C0010F43C0010C66E0010E8
:105FB000E76E0010FD3C0010FC3C00106335001043
:105FC000633500106335001063350010A53D0010E7
:105FD000A43D0010A93D0010A83D0010AD3D0010EB
:105FE000AC3D0010BD3D0010BC3D0010B53D0010A3
:105FF000B43D0010B13D0010B03D0010C76E001060
:10600000E86E0010B93D0010B83D00106335001077
:10601000633500106335001063350010613E0010D9
:10602000603E0010653E0010643E0010693E0010A6
:10603000683E0010793E0010783E0010713E00105E
:10604000703E00106D3E00106C3E0010C86E0010D7
:10605000E96E0010753E0010743E001063350010AC
:106060006335001063350010633500101D3F0010CC
:106070001C3F0010213F0010203F0010253F001062
:10608000243F0010353F0010343F00102D3F00101A
:106090002C3F0010293F0010283F0010C96E00104F
:1060A000EA6E0010313F0010303F001063350010E1
:1060B000633500106335001063350010D93F0010C0
:1060C000D83F0010DD3F0010DC3F0010E13F001022
:1060D000E03F0010F13F0010F03F0010E93F0010DA
:1060E000E83F0010E53F0010E43F0010CA6E0010CA
:1060F000EB6E0010ED3F0010EC3F00106335001018
:1061000063350010633500106335001095400010B2
:106110009440001099400010984000109D400010DD
:106120009C400010AD400010AC400010A540001095
:10613000A4400010A1400010A0400010CB6E001041
:10614000EC6E0010A9400010A8400010633500104C
:1061500063350010633500106335001051410010A5
:106160005041001055410010544100105941001099
:106170005841001069410010684100106141001051
:10618000604100105D4100105C410010CC6E0010B9
:10619000ED6E001065410010644100106335001081
:1061A0006335001063350010633500100D42001098
:1061B0000C42001011420010104200101542001055
:1061C0001442001025420010244200101D4200100D
:1061D0001C4200101942001018420010CD6E001031
:1061E000EE6E0010214200102042001063350010B6
:1061F000633500106335001063350010C94200108C
:10620000C8420010CD420010CC420010D142001014
:10621000D0420010E1420010E0420010D9420010CC
:10622000D8420010D5420010D4420010CE6E0010AB
:10623000EF6E0010DD420010DC42001063350010EC
:10624000633500106335001063350010854300107E
:106250008443001089430010884300108D430010D0
:106260008C4300109D4300109C4300109543001088
:10627000944300109143001090430010CF6E001023
:10628000F06E001099430010984300106335001021
:106290006335001063350010633500104144001071
:1062A000404400104544001044440010494400108C
:1062B0004844001059440010584400105144001044
:1062C000504400104D4400104C440010D06E00109B
:1062D000F16E001055440010544400106335001056
:1062E000633500106335001063350010FD44001065
:1062F000FC44001001450010004500100545001049
:106300000445001015450010144500100D450010FF
:106310000C4500100945001008450010D16E001012
:10632000F26E00101145001010450010633500108A
:10633000633500106335001063350010B945001057
:10634000B8450010BD450010BC450010C145001007
:10635000C0450010D1450010D0450010C9450010BF
:10636000C8450010C5450010C4450010D26E00108D
:10637000F36E0010CD450010CC45001063350010C1
:10638000633500106335001063350010754600104A
:106390007446001079460010784600107D460010C3
:1063A0007C4600108D4600108C460010854600107B
:1063B000844600108146001080460010D36E001005
:1063C000F46E0010894600108846001063350010F6
:1063D000633500106335001063350010314700103D
:1063E000304700103547001034470010394700107F
:1063F0003847001049470010484700104147001037
:10640000404700103D4700103C470010D46E00107C
:10641000F56E00104547001044470010633500102A
:10642000633500106335001063350010ED47001030
:10643000EC470010F1470010F0470010F54700103E
:10644000F44700100548001004480010FD470010F4
:10645000FC470010F9470010F8470010D56E0010F7
:10646000F66E00100148001000480010633500105F
:10647000633500106335001063350010A948001023
:10648000A8480010AD480010AC480010B1480010FA
:10649000B0480010C1480010C0480010B9480010B2
:1064A000B8480010B5480010B4480010D66E00106F
:1064B000F76E0010BD480010BC4800106335001096
:1064C0006335001063350010633500106549001016
:1064D0006449001069490010684900106D490010B6
:1064E0006C4900107D4900107C490010754900106E
:1064F000744900107149001070490010D76E0010E7
:10650000F86E0010794900107849001063350010CA
:10651000633500106335001063350010214A001008
:10652000204A0010254A0010244A0010294A001071
:10653000284A0010394A0010384A0010314A001029
:10654000304A00102D4A00102C4A0010D86E00105E
:10655000F96E0010354A0010344A001063350010FF
:10656000633500106335001063350010DD4A0010FC
:10657000DC4A0010E14A0010E04A0010E54A001031
:10658000E44A0010F54A0010F44A0010ED4A0010E9
:10659000EC4A0010E94A0010E84A0010D96E0010D9
:1065A000FA6E0010F14A0010F04A00106335001036
:1065B000633500106335001063350010994B0010EF
:1065C000984B00109D4B00109C4B0010A14B0010ED
:1065D000A04B0010B14B0010B04B0010A94B0010A5
:1065E000A84B0010A54B0010A44B0010DA6E001051
:1065F000FB6E0010AD4B0010AC4B0010633500106B
:10660000633500106335001063350010554C0010E1
:10661000544C0010594C0010584C00105D4C0010A8
:106620005C4C00106D4C00106C4C0010654C001060
:10663000644C0010614C0010604C0010DB6E0010C8
:10664000FC6E0010694C0010684C0010633500109F
:10665000633500106335001063350010114D0010D4
:10666000104D0010154D0010144D0010194D001064
:10667000184D0010294D0010284D0010214D00101C
:10668000204D00101D4D00101C4D0010DC6E001040
:10669000FD6E0010254D0010244D001063350010D4
:1066A000633500106335001063350010CD4D0010C8
:1066B000CC4D0010D14D0010D04D0010D54D001024
:1066C000D44D0010E54D0010E44D0010DD4D0010DC
:1066D000DC4D0010D94D0010D84D0010DD6E0010BB
:1066E000FE6E0010E14D0010E04D0010633500100B
:1066F000633500106335001063350010894E0010BB
:10670000884E00108D4E00108C4E0010914E0010DF
:10671000904E0010A14E0010A04E0010994E001097
:10672000984E0010954E0010944E0010DE6E001032
:10673000FF6E00109D4E00109C4E0010633500103F
:10674000633500106335001063350010454F0010AD
:10675000444F0010494F0010484F00104D4F00109B
:106760004C4F00105D4F00105C4F0010554F001053
:10677000544F0010514F0010504F0010DF6E0010AA
:10678000006F0010594F0010584F00106335001073
:1067900063350010633500106335001001500010A0
:1067A0000050001005500010045000100950001057
:1067B000085000101950001018500010115000100F
:1067C000105000100D5000100C500010E06E001022
:1067D000016F0010155000101450001063350010A8
:1067E000633500106335001063350010BD50001094
:1067F000BC500010C1500010C0500010C550001017
:10680000C4500010D5500010D4500010CD500010CE
:10681000CC500010C9500010C8500010E16E00109C
:10682000026F0010D1500010D050001063350010DE
:106830006335001063350010633500107951001086
:10684000785100107D5100107C51001081510010D2
:10685000805100109151001090510010895100108A
:10686000885100108551001084510010E26E001014
:10687000036F00108D5100108C5100106335001013
:106880006335001063350010633500103552001079
:106890003452001039520010385200103D5200108E
:1068A0003C5200104D5200104C5200104552001046
:1068B000445200104152001040520010E36E00108C
:1068C000046F001049520010485200106335001048
:1068D000633500106335001063350010F15200106D
:1068E000F0520010F5520010F4520010F95200104E
:1068F000F852001009530010085300100153001003
:1069000000530010FD520010FC520010E46E001005
:10691000056F00100553001004530010633500107C
:10692000633500106335001063350010AD5300105F
:10693000AC530010B1530010B0530010B553001009
:10694000B4530010C5530010C4530010BD530010C1
:10695000BC530010B9530010B8530010E56E00107E
:10696000066F0010C1530010C053001063350010B3
:106970006335001063350010633500106954001052
:10698000685400106D5400106C54001071540010C5
:10699000705400108154001080540010795400107D
:1069A000785400107554001074540010E66E0010F6
:1069B000076F00107D5400107C54001063350010E8
:1069C0006335001063350010633500106335001027
:1069D0006335001063350010633500106335001017
:1069E0006335001063350010633500106335001007
:1069F00063350010633500106335001063350010F7
:106A000063350010633500106335001063350010E6
:106A100063350010633500106335001063350010D6
:106A200063350010633500106335001063350010C6
:106A300063350010633500106335001063350010B6
:106A400063350010633500106335001063350010A6
:106A50006335001063350010633500106335001096
:106A60006335001063350010633500106335001086
:106A70006335001063350010633500106335001076
:106A80006335001063350010633500106335001066
:106A90006335001063350010633500106335001056
:106AA0006335001063350010633500106335001046
:106AB0006335001063350010633500106335001036
:106AC0006335001063350010633500106335001026
:106AD0006335001063350010633500106335001016
:106AE0006335001063350010633500106335001006
:106AF00063350010633500106335001063350010F6
:106B000063350010633500106335001063350010E5
:106B100063350010633500106335001063350010D5
:106B200063350010633500106335001063350010C5
:106B300063350010633500106335001063350010B5
:106B400063350010633500106335001063350010A5
:106B50006335001063350010633500106335001095
:106B60006335001063350010633500106335001085
:106B70006335001063350010633500106335001075
:106B80006335001063350010633500106335001065
:106B90006335001063350010633500106335001055
:106BA000633500104DC107204CC10720AB5B0010BE
:106BB000AA5B0010C75B0010C65B0010E35B00100F
:106BC000E25B0010A95B0010A85B0010C55B001021
:106BD000C45B0010E15B0010E05B0010AD5B0010D7
:106BE000AC5B0010C95B0010C85B0010E55B0010D7
:106BF000E45B001063350010BC5B001063350010CF
:106C0000D85B001063350010F45B0010B15B00101E
:106C1000B05B0010CD5B0010CC5B0010E95B001096
:106C2000E85B0010B35B0010B25B0010CF5B00109C
:106C3000CE5B0010EB5B0010EA5B001063350010C8
:106C4000BD5B001063350010D95B00106335001088
:106C5000F55B0010633500106335001063350010DC
:106C60006335001063350010633500106335001084
:106C70006335001063350010633500106335001074
:106C80006335001063350010633500106335001064
:106C900063350010CFC10720CEC10720D5C1072022
:106CA000D4C10720FD5B0010FC5B0010FF5B0010EF
:106CB000FE5B0010D1C10720D0C10720D7C107203B
:106CC000D6C10720015C0010005C0010035C0010BE
:106CD000025C0010D3C10720D2C10720D9C1072010
:106CE000D8C10720055C0010045C0010075C001090
:106CF000065C00106335001063350010633500102A
:106D000063350010633500106335001063350010E3
:106D100063350010633500106335001063350010D3
:106D200063350010633500106335001063350010C3
:106D300063350010633500106335001063350010B3
:106D40007435001063350010753500106335001080
:106D5000763500106335001077350010E90000101B
:106D6000E800001063350010633500106335001033
:106D70006335001063350010633500106335001073
:106D800063350010CFC10720CEC10720D5C1072031
:106D9000D4C10720FD5B0010FC5B0010FF5B0010FE
:106DA000FE5B0010D1C10720D0C10720D7C107204A
:106DB000D6C10720015C0010005C0010035C0010CD
:106DC000025C00106335001063350010633500105D
:106DD00063350010F55C0200F45C0200F75C020011
:106DE000F65C0200F95C0200F85C0200FB5C020049
:106DF000FA5C0200FD5C0200FC5C0200FF5C020029
:106E0000FE5C02007DC107207CC107207FC10720F6
:106E10007EC1072063350010633500106335001014
:106E20006335001063350010633500106D016D018E
:106E30006E014A616E00466562004D6172004170EC
:106E400072004D6179004A756E004A756C0041759B
:106E50006700536570004F6374004E6F76004465A1
:106E600063004D6F6E00547565005765640054688B
:106E70007500467269005361740053756E0000001E
:106E80001F003B005A0078009700B500D400F300C3
:106E9000110130014E0168746D00000063677800D5
:106EA000000C6367690000016373730000026A737A
:106EB00000000003786D6C00000478736C0000051E
:106EC0006769660000066A70670000076A70656798
:106ED0000007626D70000008706E6700000969634A
:106EE0006F00000A78617000000D78616D6C000E13
:106EF00070687000000FFFFFFFFFFFFFFFFFFFFF45
:106F00003C68323E4854545020312E3020343031C9
:106F1000204572726F722E20556E617574686F72A3
:106F2000697A6564204163636573733C2F68323E00
:106F3000596F7520617265206E6F74206175746879
:106F40006F72697A656420746F206163636573731F
:106F50002074686973207365727665722E003C68D0
:106F6000323E4854545020312E30203430342045A5
:106F700072726F722E2046696C65204E6F742046C7
:106F80006F756E643C2F68323E546865207265717F
:106F90007565737465642055524C20776173206E5B
:106FA0006F7420666F756E64206F6E2074686973ED
:106FB000207365727665722E003C68323E485454E8
:106FC0005020312E3020353031204572726F722EB4
:106FD000204E6F7420496D706C656D656E746564CC
:106FE0003C2F68323E546865207265717565737414
:106FF0006564204D6574686F64206973206E6F74DA
:1070000020737570706F727465642E003C686561E2
:10701000643E3C7469746C653E4B65696C20456DDB
:1070200062656464656420574542205365727665E5
:10703000723C2F7469746C653E3C2F686561643ED8
:107040003C626F64793E003C68723E3C62723E3C3A
:10705000693E4B65696C20456D62656464656420BA
:10706000574542205365727665722056322E303075
:107070002C20323031303C62723E3C6120687265B7
:10708000663D687474703A2F2F7777772E6B656939
:107090006C2E636F6D3E207777772E6B65696C2E53
:1070A000636F6D3C2F613E202D20456D62656464E9
:1070B000656420446576656C6F706D656E742054F0
:1070C0006F6F6C733C2F693E3C2F626F64793E009A
:1070D000B76E174C3C686561643E3C7469746C65BE
:1070E0003E4B65696C20456D62656464656420573C
:1070F0004542205365727665723C2F7469746C65E5
:107100003E3C2F686561643E3C626F647920737415
:10711000796C653D226261636B67726F756E642D79
:10712000636F6C6F723A2023623765346666223E65
:107130003C68323E456D6265646465642057454233
:10714000205365727665723C2F68323E3C703E5427
:107150006869732069732074686520646566617569
:107160006C7420706167652E205468652048545403
:107170005020536572766572206973203C623E6EC2
:107180006F7420636F6E666967757265642E3C2F3D
:10719000623E3C62723E506C65617365207265614F
:1071A000642074686520646F63756D656E746174C6
:1071B000696F6E20686F7720746F20636F6E6669E9
:1071C0006775726520746865204854545020536573
:1071D000727665722E203C2F703E3C68723E3C6990
:1071E0003E4B65696C20456D62656464656420573B
:1071F0004542205365727665722056322E30302C0F
:107200002032303039203C62723E3C612068726529
:10721000663D687474703A2F2F7777772E6B6569A7
:107220006C2E636F6D3E207777772E6B65696C2EC1
:10723000636F6D3C2F613E202D20456D6265646457
:10724000656420446576656C6F706D656E7420545E
:107250006F6F6C733C2F693E3C2F626F64793E0008
:107260005DDDC191D4700200000000005F72020079
:1072700004000008000000000000000200010000FF
:10728000102B0601040182831F19010050726F76D2
:1072900065726B6120737669617A692E20CFF0EE9A
:1072A000E2E5F0EAE020F1E2FFE7E82E00554B5579
:1072B0003230334C414E00536B7970653A64616EE5
:1072C000696C6F765F6161004E6F766F736962699A
:1072D00072736B2C20527573736961004669727307
:1072E000742041524D20534E4D50206167656E749D
:1072F00020666F722053696250726F6D4175746FB2
:107300006D6174696B610000587402000000001028
:107310009C350000080100009082020000C0072098
:107320001825000008010000908202009C35001022
:107330008C49000064010000E083020018E507208A
:10734000105A00006401000010010000430000001A
:10735000F8FFFFFF00404040404040404040414176
:10736000414141404040404040404040404040401A
:1073700040404040400502020202020202020202B4
:1073800002020202022020202020202020202002B1
:107390000202020202029090909090901010101041
:1073A00010101010101010101010101010101010DD
:1073B0000202020202028888888888880808080871
:1073C000080808080808080808080808080808083D
:1073D0000202020240000000000000000000000065
:1073E000000000000000000000000000000000009D
:1073F000000000000000000000000000000000008D
:10740000000000000000000000000000000000007C
:10741000000000000000000000000000000000006C
:10742000000000000000000000000000000000005C
:10743000000000000000000000000000000000004C
:10744000000000000000000000000000000000003C
:1074500000000000000000000195027A0A600A8422
:10746000082B060102010101552ADC72025A861816
:10747000490E115B0A81185AC3186203AE0404E571
:1074800007204862045B10B73069186205DB09AD5C
:107490001862065B13C8185A821862075C01E95C1F
:1074A000301A0C181808040182831F19064C3D631A
:1074B000121208789A8218194C4C021EC490A9180E
:1074C000194C0B110220181A08180A1022181B0157
:1074D00001D80A117018198A5B0474189A04181AD2
:1074E0000390B808380F08208DAF01301A04600BE4
:1074F00010CAC34819C00B1102CC1829C00A10CEFB
:10750000181A02900B1102D21819900B1102D418FC
:10751000199014020601EA101829900B10B2E430F9
:1075200029900A11D64829900A11D8181A07180A62
:1075300010DA182A03A80A11DC1829A80A11DE1883
:1075400029A80A11E01829A86AE2187A0D18080972
:107550001104010101029C0F08180C1302029E186D
:107560000C130302A0180C130402A2180C1305023A
:10757000A4180C130602A6180C130702A8180C1363
:107580000802AA180C130902AC180C130A02AE1850
:107590000C130B02B0180C130C02B2180C130D02D2
:1075A000B4180C130E02B6180C130F02B8180C13F3
:1075B0001002BA180C131102BC180C131202BE18D8
:1075C0000C131302C0180C131402C2180C1315026A
:1075D000C4180C131602C6180C131702C8180C1383
:1075E0001802CA180C131902CC180C131A02CE1860
:1075F0000C131B02D0180C131C02D2180C131D0202
:10760000D4180C131E02D6180C131F02D8180C1312
:107610002002DA180C122102DC180D13020102E21A
:10762000180C130202E4180C130302E6180C1304DE
:1076300002E8180C130502EA180C130602EC180CE9
:10764000130702EE180C130802F0180C130902F2CB
:10765000180C130A02F4180C130B02F6180C130C76
:1076600002F8180C130D02FA180C130E02FC180C79
:10767000130F02FE181310020A1210180C13110235
:1076800002180C13120204180C13130206180C1320
:10769000140208180C1315020A180C1316020C1801
:1076A0000C1317020E180C13180210180C131902E1
:1076B00012180C131A0214180C131B0216180C13B0
:1076C0001C0218180C131D021A180C131E021C1889
:1076D0000C131F021E180C13200220180C1221027A
:1076E00022180D1303010228180C1302022A180C89
:1076F0001303022C180C1304022E180C130502306D
:10770000180C13060232180C13070234180C130855
:107710000236180C13090238180C130A023A180C16
:10772000130B023C180C130C023E180C130D0240F4
:10773000180C130E0242180C130F0244180C1310ED
:107740000246180C13110248180C1312024A180CA6
:107750001313024C180C1314024E180C131502507C
:10776000180C13160252180C13170254180C131885
:107770000256180C13190258180C131A025A180C36
:10778000131B025C180C131C025E180C131D026004
:10779000180C131E0262180C131F0264180C13201D
:1077A0000266180C12210268180D130401026E18EB
:1077B0000C13020270180C13030272180C1304024B
:1077C00074180C13050276180C13060278180C13A3
:1077D00007027A180C1308027C180C1309027E1891
:1077E0000C130A0280180C130B0282180C130C02E3
:1077F00084180C130D0286180C130E0288180C1333
:107800000F028A180C1310028C180C1311028E1818
:107810000C13120290180C13130292180C1314027A
:1078200094180C13150296180C13160298180C13C2
:1078300017029A180C1318029C180C1319029E18A0
:107840000C131A02A0180C131B02A2180C131C0212
:10785000A4180C131D02A6180C131E02A8180C1352
:107860001F02AA180C132002AC180C122102AE1829
:107870000D13050102B4180C130202B6180C130301
:1078800002B8180C130402BA180C130502BC180C29
:10789000130602BE180C130702C0180C130802C20C
:1078A000180C130902C4180C130A02C6180C130B87
:1078B00002C8180C130C02CA180C130D02CC180CB9
:1078C000130E02CE180C130F02D0180C131002D294
:1078D000180C131102D4180C131202D6180C13131F
:1078E00002D8180C131402DA180C131502DC180C49
:1078F000131602DE180C131702E0180C131802E21C
:10790000180C131902E4180C131A02E6180C131BB6
:1079100002E8180C131C02EA180C131D02EC180CD8
:10792000131E02EE180C131F02F0180C132002F2A3
:10793000180C122102F4180D13060102FA180C1388
:107940000202FC180C130302FE181304020A12119F
:10795000180C13050202180C13060204180C130766
:107960000206180C13080208180C1309020A180C56
:10797000130A020C180C130B020E180C130C021035
:10798000180C130D0212180C130E0214180C130FFE
:107990000216180C13100218180C1311021A180CE6
:1079A0001312021C180C1313021E180C13140220BD
:1079B000180C13150222180C13160224180C131796
:1079C0000226180C13180228180C1319022A180C76
:1079D000131A022C180C131B022E180C131C023045
:1079E000180C131D0232180C131E0234180C131F2E
:1079F0000236180C13200238180C1221023A180D06
:107A00001307010240180C13020242180C13030260
:107A100044180C13040246180C13050248180C13E2
:107A200006024A180C1307024C180C1308024E18D1
:107A30000C13090250180C130A0252180C130B02F3
:107A400054180C130C0256180C130D0258180C1372
:107A50000E025A180C130F025C180C1310025E1859
:107A60000C13110260180C13120262180C1313028B
:107A700064180C13140266180C13150268180C1302
:107A800016026A180C1317026C180C1318026E18E1
:107A90000C13190270180C131A0272180C131B0223
:107AA00074180C131C0276180C131D0278180C1392
:107AB0001E027A180C131F027C180C1320027E1869
:107AC0000C12210280180D1308010286180C1302F3
:107AD0000288180C1303028A180C1304028C180C69
:107AE0001305028E180C13060290180C130702924D
:107AF000180C13080294180C13090296180C130A98
:107B00000298180C130B029A180C130C029C180CF8
:107B1000130D029E180C130E02A0180C130F02A2D4
:107B2000180C131002A4180C131102A6180C13122F
:107B300002A8180C131302AA180C131402AC180C88
:107B4000131502AE180C131602B0180C131702B25C
:107B5000180C131802B4180C131902B6180C131AC7
:107B600002B8180C131B02BA180C131C02BC180C18
:107B7000131D02BE180C131E02C0180C131F02C2E4
:107B8000180C132002C4180C122102C6180D130978
:107B90000102CC180C130202CE180C130302D018E9
:107BA0000C130402D2180C130502D4180C1306028D
:107BB000D6180C130702D8180C130802DA180C1385
:107BC0000902DC180C130A02DE180C130B02E01871
:107BD0000C130C02E2180C130D02E4180C130E0225
:107BE000E6180C130F02E8180C131002EA180C1315
:107BF0001102EC180C131202EE180C131302F018F9
:107C00000C131402F2180C131502F4180C131602BC
:107C1000F6180C131702F8180C131802FA180C13A4
:107C20001902FC180C131A02FE18131B020A121276
:107C3000180C131C0202180C131D0204180C131E3E
:107C40000206180C131F0208180C1320020A186CE5
:107C500021020C187A0C18231201FD0222C1071808
:107C60001A02180A11241822030B110480181A048E
:107C7000300A11CE181A05180A11D4181A0648131A
:107C8000FC5BEA10181A07300A11D0301A08180ADB
:107C900011D6181A0948110A105C481A0A300A113C
:107CA000D2301A0B180A11D8181A0C480A110448B5
:107CB0000A150DD80A150ED80A150FD8191109136F
:107CC000D80A1511D80A1412D81B130130FBE4C3CB
:107CD000301B1302180A11E6181A03180A11E818C3
:107CE0001A04180A11EA181A05180A11EC181A06CB
:107CF000180A11EE181A07180A11F0181A08180AAB
:107D000011F2181A09180A11F4181A0A180A11F6A9
:107D1000181A0B180A11F8181A0C180A11FA181A5E
:107D20000D180A11FC181A0E180A11FE181A0F184D
:107D30000B1002C4181A10180A1104181A11180A84
:107D40001106181A12180A1108181A13180A110A1B
:107D5000181A14180A110C181A15180A1110181AE2
:107D600016180A1112181A17180A1114181A1818C6
:107D70000A1116181A19180A1118181A1A180A11BD
:107D80001A181A1B18FBE2C3181B14011822E83A30
:107D900010187A0D186F05010101027848B9180C06
:107DA0001202027A180D130201027C180C12020250
:107DB0007E180D1303010280180C12020282180DA6
:107DC0001304010284180C1202028618197A0A138D
:107DD00088180C1202028A180D130601028C180C66
:107DE0001202028E180D1307010290185C02029213
:107DF000187B020C181B08010F1A3218BCD3B301F0
:107E0000181A02180A1034481B0B01010C117612C3
:107E100008180C13020177180C13030178180C13BF
:107E2000040179180C1305017A180C1306017B184C
:107E30000C1307017C180C1308017D180C130901A1
:107E40007E180C130A017F180C130B0180180C12FA
:107E50000C0181180D1302010182180C1302018319
:107E6000180C13030184180C13040185180C130556
:107E70000186180C13060187180C13070188180CCB
:107E800013080189180C1309018A180C130A018BB5
:107E9000180C130B018C186C0C018D187A0C18231C
:107EA0000C01FD0224C407181A02180A1126181A18
:107EB00003180A1128181A04180A112A181A051882
:107EC0000A112C181A06180A112E1822070B110471
:107ED00094181A08306A301879D815010204014C38
:107EE00002A4C0189A84181307041C13C872C63160
:107EF000AA021812054C01EC5C18893058081909BF
:107F000001010103B260C9180D12020332C5180C39
:107F1000130303B2180D12040332C6180C13050321
:107F2000B2180D12060332C7180C130703B2180D4E
:107F300012080332C8180C130903B2180D120A03F1
:107F400032C9180C130B03B2180D120C0332CA18E5
:107F50000C130D03B2180D120E0332CB180C130FB5
:107F600003B2180D12100332CC180C131103B218FF
:107F70000D12120332CD180C131303B2180D121484
:107F80000332CE180C131503B2180D12160332CF9C
:107F9000180C131703B2180D12180332D0180C1353
:107FA0001903B2180D121A0332D1180C131B03B2A5
:107FB000180D121C0332D2180C131D03B2180D1227
:107FC0001E0332D3180C131F03B2180D12200332F4
:107FD000D4180C132103B2180D12220332D5180C39
:107FE000132303B2180D12240332D6180C132503E1
:107FF000B2180D12260332D7180C132703B2180D2E
:1080000012280332D8180C132903B2180D122A03B0
:1080100032D9180C132B03B2180D122C0332DA18B4
:108020000C132D03B2180D122E0332DB180C132F74
:1080300003B2180D12300332DC180C133103B218DE
:108040000D12320332DD180C133303B2180D123443
:108050000332DE180C133503B2180D12360332DF6B
:10806000180C133703B2180D12380332E0180C1332
:108070003903B2180D123A0332E1180C133B03B264
:10808000180D123C0332E2180C133D03B2180D1206
:108090003E0332E3180C133F03B2184D400332E4A1
:1080A000187B020C181B0A010FB80836C407201DE4
:1080B000B001181A02181A3818DA31181A05181AE5
:1080C0003A18DA45181A06181A3C18DA75181A07F9
:1080D000181A3E18DAA7181A08181A4018DAD7180A
:1080E0001A09181A4218CB17B1181A0A181A441884
:1080F000CBE1B2181A0B181A4618CB53B3181A0C46
:10810000181A4818DA57481A0D181A4A18DA811836
:108110001A0E181A4C18DAAB181A0F181A4E18DA69
:10812000D5181A10181A5018DAFF181A11181A52FE
:10813000181AB1A87B820D181B0F01011A9818415B
:10814000C9180C13020199180C1303019A180C1288
:1081500004019B180D130201019C180C1302019DD0
:10816000180C1303019E185C04019F18AA02181D25
:10817000030101A0181BABAFF0B9181C0201A11834
:10818000FAC7181C0301A218FAE3181C0401A3186B
:108190001AFF18B9780D12040101A4900D130402FE
:1081A00001A5180C130301A6180C100401A7181B35
:1081B0001101011308010A1010180C13020109180B
:1081C0000C1203010A180D12020102AC600D130219
:1081D0000202AE180C120302B0180D120301010BBB
:1081E000600D130302010C185C03010D187A0218CC
:1081F0002B0402D80D1028400240180C1202023C39
:1082000018191A0A13241809153019A80A13201866
:108210000C120201381857040102EA5C02C9180A5C
:108220001402A80A1505300D12050201E9180A15F5
:1082300006300A1506300A1507300D12070201ED47
:10824000180A1508300A1508300A1509300A1509E8
:10825000300A150A300A150A300A150B300A150BB8
:10826000300A150C300A150C300A150D308A0D3005
:108270007A041815010207044C208C7218011806A4
:108280003F5893FEE63C023F010D12F11FFF1F44D1
:108290002501020304277075626C6963E558025872
:1082A000021403143203FF14160135120102BB023B
:1082B000000CFF48656C6C6F20576F726C64012571
:1082C00002FF0A016B18133031406162636440653C
:1082D00066676840696A6B6C40125A2001096280C7
:1082E000FA32800A6B3280FA33800A6B3380FA34B8
:1082F000800A6B3480FA35800A6B3580FA36800A42
:108300006B3680FA37800A6B3780FA38800A6B3810
:1083100080FA39800A6A3980EB3130801912096A93
:1083200080FA31800A6B3180FA32800A6B3280FA2F
:1083300033800A6B3380FA34800A6B3480FA3580DC
:108340000A6B3580FA36800A6B3680FA37800A6B02
:108350003780FA38800A6B3880FA39800A6A3980A7
:10836000EB3230801912096A80FA31800A6B318051
:10837000FA32800A6B3280FA33800A6B3380FA3427
:10838000800A6B3480FA35800A6B3580FA36800AB1
:108390006B3680FA37800A6B3780FA38800A6B3880
:1083A00080FA39800A6A3980EB3330801912096902
:1083B0008001FF01FF01FF01FF01FF01FF01FF013C
:1083C000FF01FF01FF01FF01FF01FF01FF01FF01AD
:1083D000FF01FF011413093D033E0101091E3F0087
:04000005000000CD2A
:00000001FF
